# Blender 5.1.0
# www.blender.org
mtllib 106mmRR.mtl
o RR106
v 0.169498 -1.204024 0.092761
v 0.169498 -1.204024 0.099652
v 0.162341 -1.204024 0.099652
v -0.001826 0.894971 0.031349
v -0.007750 0.894972 0.045694
v -0.014200 0.894972 0.041972
v -0.008260 0.894972 0.027635
v 0.006440 0.894971 0.020578
v 0.001186 0.894971 0.015324
v 0.017212 0.894971 0.012312
v 0.013497 0.894971 0.005877
v 0.029757 0.894971 0.007116
v 0.027833 0.894970 -0.000062
v 0.043218 0.894972 0.005343
v 0.043218 0.894972 -0.002087
v 0.056680 0.894971 0.007116
v 0.058603 0.894971 -0.000062
v 0.070943 0.894971 0.012312
v 0.074658 0.894972 0.005877
v 0.085498 0.894971 0.020578
v 0.090752 0.894970 0.015324
v 0.097528 0.894971 0.033363
v 0.103542 0.894971 0.027635
v 0.124047 0.850636 0.092651
v 0.124047 0.850636 0.097905
v 0.124047 0.894971 0.092651
v 0.124047 0.894971 0.097905
v 0.120018 0.850638 0.043414
v 0.118512 0.850638 0.049037
v 0.118511 0.894971 0.049037
v 0.120018 0.894972 0.043414
v 0.120018 0.850638 0.033362
v 0.120018 0.894972 0.033362
v 0.120018 0.850637 0.027635
v 0.120018 0.894972 0.027635
v 0.070943 0.850637 0.012312
v 0.056680 0.850637 0.007116
v 0.056680 0.894971 0.007116
v 0.070943 0.894971 0.012312
v 0.085497 0.850638 0.020578
v 0.085498 0.894971 0.020578
v 0.097529 0.850637 0.033363
v 0.097528 0.894971 0.033363
v 0.097529 0.850637 0.043414
v 0.097528 0.894971 0.043414
v 0.099036 0.850637 0.049037
v 0.099035 0.894970 0.049037
v 0.103151 0.850638 0.053153
v 0.103151 0.894971 0.053153
v 0.108774 0.850637 0.054659
v 0.108774 0.894971 0.054659
v 0.114395 0.850637 0.053153
v 0.114396 0.894971 0.053153
v -0.004027 0.850641 0.059588
v -0.007751 0.850639 0.066037
v -0.007750 0.894972 0.066037
v -0.004028 0.894974 0.059588
v -0.004027 0.850641 0.052143
v -0.004028 0.894974 0.052143
v -0.007751 0.850639 0.045694
v -0.007750 0.894972 0.045694
v -0.001826 0.850638 0.031349
v -0.001826 0.894971 0.031349
v 0.006441 0.850638 0.020578
v 0.006440 0.894971 0.020578
v 0.017211 0.850638 0.012312
v 0.017212 0.894971 0.012312
v 0.029757 0.850638 0.007116
v 0.029757 0.894971 0.007116
v 0.043218 0.850637 0.005343
v 0.043218 0.894972 0.005343
v 0.085497 0.850638 0.092651
v 0.124047 0.850636 0.092651
v 0.124047 0.894971 0.092651
v 0.085498 0.894971 0.092651
v 0.070943 0.850637 0.102401
v 0.070943 0.894971 0.102401
v 0.056680 0.850637 0.107596
v 0.056680 0.894971 0.107596
v 0.043218 0.850637 0.109369
v 0.043218 0.894972 0.109369
v 0.029757 0.850638 0.107596
v 0.029757 0.894971 0.107596
v 0.017211 0.850638 0.102401
v 0.017212 0.894971 0.102401
v 0.006441 0.850638 0.094135
v 0.006440 0.894971 0.094135
v -0.001826 0.850638 0.083362
v -0.001826 0.894971 0.083362
v -0.021645 0.894975 0.069760
v -0.014200 0.894972 0.069760
v -0.014199 0.850639 0.069761
v -0.021645 0.850641 0.069760
v -0.028094 0.894974 0.066037
v -0.028093 0.850641 0.066037
v -0.031817 0.894974 0.059588
v -0.031817 0.850641 0.059588
v -0.031817 0.894974 0.052143
v -0.031817 0.850641 0.052143
v -0.028094 0.894974 0.045694
v -0.028093 0.850641 0.045694
v -0.021645 0.894975 0.041972
v -0.021645 0.850641 0.041972
v -0.014200 0.894972 0.041972
v -0.014199 0.850639 0.041972
v 0.090752 0.894970 0.097905
v 0.124047 0.894971 0.097905
v 0.124047 0.850636 0.097905
v 0.090751 0.850637 0.097905
v 0.074658 0.894972 0.108835
v 0.074658 0.850637 0.108835
v 0.058603 0.894971 0.114773
v 0.058604 0.850638 0.114773
v 0.043218 0.894972 0.116799
v 0.043218 0.850638 0.116799
v 0.027833 0.894970 0.114773
v 0.027834 0.850637 0.114773
v 0.013497 0.894971 0.108835
v 0.013496 0.850637 0.108835
v 0.001186 0.894971 0.099389
v 0.001185 0.850637 0.099389
v -0.008260 0.894972 0.087078
v -0.008261 0.850638 0.087078
v -0.028093 0.850641 0.066037
v -0.021645 0.850641 0.069760
v -0.031817 0.850641 0.059588
v -0.031817 0.850641 0.052143
v -0.028093 0.850641 0.045694
v -0.021645 0.850641 0.041972
v -0.014199 0.850639 0.041972
v -0.007751 0.850639 0.045694
v -0.004027 0.850641 0.052143
v -0.004027 0.850641 0.059588
v -0.007751 0.850639 0.066037
v -0.014199 0.850639 0.069761
v 0.124047 0.894971 0.097905
v 0.090752 0.894970 0.097905
v 0.124047 0.894971 0.092651
v 0.085498 0.894971 0.092651
v 0.074658 0.894972 0.108835
v 0.070943 0.894971 0.102401
v 0.058603 0.894971 0.114773
v 0.056680 0.894971 0.107596
v 0.043218 0.894972 0.109369
v 0.043218 0.894972 0.116799
v 0.029757 0.894971 0.107596
v 0.027833 0.894970 0.114773
v 0.017212 0.894971 0.102401
v 0.013497 0.894971 0.108835
v 0.006440 0.894971 0.094135
v 0.001186 0.894971 0.099389
v -0.001826 0.894971 0.083362
v -0.008260 0.894972 0.087078
v -0.014200 0.894972 0.069760
v -0.007750 0.894972 0.066037
v -0.001826 0.850638 0.083362
v -0.007751 0.850639 0.066037
v -0.014199 0.850639 0.069761
v -0.008261 0.850638 0.087078
v 0.006441 0.850638 0.094135
v 0.001185 0.850637 0.099389
v 0.017211 0.850638 0.102401
v 0.013496 0.850637 0.108835
v 0.029757 0.850638 0.107596
v 0.027834 0.850637 0.114773
v 0.043218 0.850637 0.109369
v 0.043218 0.850638 0.116799
v 0.056680 0.850637 0.107596
v 0.058604 0.850638 0.114773
v 0.070943 0.850637 0.102401
v 0.074658 0.850637 0.108835
v 0.085497 0.850638 0.092651
v 0.090751 0.850637 0.097905
v 0.124047 0.850636 0.092651
v 0.124047 0.850636 0.097905
v 0.078392 0.860391 -0.041166
v 0.078391 0.885217 -0.041166
v 0.013832 0.860391 -0.041166
v 0.013832 0.885217 -0.041166
v 0.162341 -1.204024 0.013513
v 0.169498 -1.204024 0.092761
v 0.162341 -1.204024 0.099652
v -0.044438 -1.019493 0.225748
v -0.043486 -1.018542 0.216852
v -0.038147 -1.034679 0.225748
v -0.048213 -1.023268 0.232991
v -0.043486 -1.034679 0.232991
v -0.050721 -1.034680 0.237803
v -0.053329 -1.040975 0.237803
v -0.048213 -1.046091 0.232991
v -0.044437 -1.049867 0.225748
v -0.036802 -1.034679 0.216852
v -0.038424 -1.034679 0.207606
v -0.048213 -1.046092 0.200715
v -0.059625 -1.050818 0.200715
v -0.059625 -1.055880 0.207606
v -0.059624 -1.034679 0.197105
v -0.043486 -1.034679 0.200715
v -0.048213 -1.023268 0.200715
v -0.044634 -1.019689 0.207606
v -0.059624 -1.011857 0.216852
v -0.059624 -1.013202 0.225748
v -0.059624 -1.018541 0.232991
v -0.053329 -1.028384 0.237803
v -0.059624 -1.034679 0.239675
v -0.059624 -1.043583 0.237803
v -0.059624 -1.025776 0.237803
v -0.059624 -1.018541 0.200715
v -0.059624 -1.013479 0.207606
v -0.059625 -1.050818 0.232991
v -0.059624 -1.056157 0.225748
v -0.043486 -1.050817 0.216852
v -0.044633 -1.049671 0.207606
v -0.059624 -1.057502 0.216852
v 0.162341 -1.214113 0.013513
v 0.162341 -1.204024 0.013513
v 0.162341 -1.204024 0.099652
v -0.074811 -1.049866 0.225748
v -0.075762 -1.050818 0.216852
v -0.081101 -1.034679 0.225748
v -0.071036 -1.046091 0.232991
v -0.075762 -1.034679 0.232991
v -0.068527 -1.034679 0.237803
v -0.065920 -1.028384 0.237803
v -0.071036 -1.023268 0.232991
v -0.074811 -1.019493 0.225748
v -0.082446 -1.034679 0.216852
v -0.080825 -1.034679 0.207606
v -0.071036 -1.023268 0.200715
v -0.059624 -1.018541 0.200715
v -0.059624 -1.013479 0.207606
v -0.059624 -1.034679 0.197105
v -0.075762 -1.034679 0.200715
v -0.071035 -1.046091 0.200715
v -0.074615 -1.049670 0.207606
v -0.059624 -1.057502 0.216852
v -0.059624 -1.056157 0.225748
v -0.059625 -1.050818 0.232991
v -0.065920 -1.040975 0.237803
v -0.059624 -1.034679 0.239675
v -0.059624 -1.025776 0.237803
v -0.059624 -1.043583 0.237803
v -0.059625 -1.050818 0.200715
v -0.059625 -1.055880 0.207606
v -0.059624 -1.018541 0.232991
v -0.059624 -1.013202 0.225748
v -0.075762 -1.018541 0.216852
v -0.074615 -1.019688 0.207606
v -0.059624 -1.011857 0.216852
v 0.162341 -1.214113 0.013513
v 0.162341 -1.204024 0.099652
v 0.162341 -1.214113 0.099652
v -0.059624 -1.220843 0.129368
v -0.059624 -1.216407 0.131944
v -0.064165 -1.222171 0.131034
v -0.059624 -1.226333 0.123486
v -0.064166 -1.228175 0.124602
v -0.059624 -1.228900 0.118270
v -0.064165 -1.231008 0.118630
v -0.064166 -1.046238 0.173414
v -0.064166 -1.217190 0.133926
v -0.064166 -1.227895 0.138214
v -0.064166 -1.236112 0.129409
v -0.064165 -1.240090 0.119715
v -0.059624 -1.237954 0.130524
v -0.059624 -1.242198 0.119715
v -0.055083 -1.240090 0.119715
v -0.055083 -1.236112 0.129409
v -0.055082 -1.231007 0.118630
v -0.055082 -1.228175 0.124602
v -0.059624 -1.228900 0.118270
v -0.059624 -1.226333 0.123486
v -0.055082 -1.222171 0.131034
v -0.059624 -1.220843 0.129368
v -0.055082 -1.217191 0.133926
v -0.059624 -1.229223 0.139880
v -0.055083 -1.227894 0.138214
v -0.055083 -1.220568 0.142468
v -0.055082 -1.048870 0.182128
v -0.059624 -1.049481 0.184150
v -0.059624 -1.043254 0.187078
v -0.064165 -1.048870 0.182128
v -0.064166 -1.220568 0.142468
v -0.059624 -1.221350 0.144451
v -0.055083 -1.046238 0.173414
v -0.055083 -1.041804 0.185546
v -0.055083 -1.035555 0.178942
v -0.059624 -1.216407 0.131944
v -0.059624 -1.045627 0.171391
v -0.059625 -1.034104 0.177409
v -0.055082 -1.030021 0.188678
v -0.055083 -1.039104 0.190196
v -0.059624 -1.041212 0.190549
v -0.064166 -1.041804 0.185546
v -0.064166 -1.039104 0.190196
v -0.064165 -1.030021 0.188678
v -0.064166 -1.035555 0.178942
v -0.059624 -1.027913 0.188325
v -0.059624 -1.027913 0.200007
v -0.055082 -1.030021 0.200007
v -0.055083 -1.039104 0.200007
v -0.059624 -1.041212 0.200007
v -0.064166 -1.039104 0.200007
v -0.064165 -1.030021 0.200007
v -0.059624 -1.027913 0.200007
v -0.059624 -1.027913 0.188325
v -0.059625 -1.034104 0.177409
v -0.059624 -1.045627 0.171391
v -0.059624 -1.226935 0.086370
v -0.072258 -1.234229 0.086370
v -0.066918 -1.228889 0.086370
v -0.052330 -1.228889 0.086370
v -0.046990 -1.234228 0.086370
v -0.074288 -1.241805 0.086370
v -0.044960 -1.241806 0.086370
v -0.059624 -1.224712 0.086370
v -0.068030 -1.226964 0.086370
v -0.051219 -1.226964 0.086370
v -0.045065 -1.233117 0.086370
v -0.042813 -1.241522 0.086370
v -0.042814 -1.251394 0.086370
v -0.044960 -1.251393 0.086370
v -0.074289 -1.251394 0.086370
v -0.076436 -1.251394 0.086370
v -0.076435 -1.241522 0.086370
v -0.074183 -1.233118 0.086370
v 0.100148 -1.065526 0.026520
v 0.201497 -1.065527 0.043998
v 0.196239 -1.065527 0.039585
v 0.095658 -1.065527 0.009020
v 0.090601 -1.065526 0.014077
v 0.078158 -1.065526 0.004529
v 0.081734 -1.065527 -0.001664
v 0.063668 -1.065526 -0.001473
v 0.065519 -1.065528 -0.008381
v 0.048118 -1.065527 -0.003521
v 0.048118 -1.065528 -0.010672
v 0.032569 -1.065526 -0.001473
v 0.030718 -1.065527 -0.008381
v 0.018078 -1.065526 0.004529
v 0.014503 -1.065527 -0.001664
v 0.005635 -1.065526 0.014077
v 0.000580 -1.065528 0.009020
v -0.003912 -1.065525 0.026520
v -0.100003 -1.065526 0.039585
v -0.105260 -1.065527 0.043998
v -0.009914 -1.065527 0.041010
v -0.108693 -1.065527 0.049942
v -0.011961 -1.065526 0.056559
v -0.109885 -1.065527 0.056701
v -0.108693 -1.065527 0.063460
v -0.009914 -1.065527 0.072109
v -0.105260 -1.065527 0.069405
v -0.003912 -1.065526 0.086599
v -0.100003 -1.065527 0.073816
v 0.000580 -1.065527 0.104098
v 0.005635 -1.065526 0.099042
v 0.018078 -1.065526 0.108590
v 0.014503 -1.065527 0.114783
v 0.032569 -1.065526 0.114592
v 0.030718 -1.065527 0.121499
v 0.048118 -1.065526 0.116639
v 0.048118 -1.065528 0.123790
v 0.063668 -1.065526 0.114592
v 0.065519 -1.065528 0.121499
v 0.078158 -1.065526 0.108590
v 0.081734 -1.065527 0.114783
v 0.090601 -1.065526 0.099042
v 0.095658 -1.065527 0.104098
v 0.100148 -1.065526 0.086599
v 0.196239 -1.065527 0.073816
v 0.201497 -1.065527 0.069405
v 0.106150 -1.065526 0.072109
v 0.204929 -1.065527 0.063460
v 0.108198 -1.065526 0.056559
v 0.206122 -1.065526 0.056701
v 0.204929 -1.065527 0.049942
v 0.106150 -1.065526 0.041010
v 0.037224 -1.313918 0.056576
v 0.043943 -1.312111 0.049858
v 0.037224 -1.312111 0.046739
v 0.030505 -1.312110 0.049858
v 0.027387 -1.312110 0.056576
v 0.030505 -1.312110 0.063295
v 0.037224 -1.312111 0.066414
v 0.043943 -1.312111 0.063295
v 0.047061 -1.312111 0.056576
v -0.074183 -1.233117 0.042720
v -0.076435 -1.241523 0.042720
v -0.072258 -1.234229 0.042720
v -0.068030 -1.226964 0.042720
v -0.066918 -1.228889 0.042720
v -0.059624 -1.224712 0.042720
v -0.059624 -1.226935 0.042720
v -0.051219 -1.226964 0.042720
v -0.052330 -1.228889 0.042720
v -0.045065 -1.233117 0.042720
v -0.046990 -1.234228 0.042720
v -0.042813 -1.241523 0.042720
v -0.044960 -1.241806 0.042720
v -0.042814 -1.251393 0.042720
v -0.044960 -1.251394 0.042720
v -0.074289 -1.251394 0.042720
v -0.074288 -1.241805 0.042720
v -0.076436 -1.251394 0.042720
v -0.084605 -1.153649 0.058897
v -0.082526 -1.120603 0.059455
v -0.085194 -1.153649 0.052308
v -0.084605 -1.087557 0.058897
v -0.088410 -1.087557 0.064309
v -0.083264 -1.120603 0.051194
v -0.090049 -1.120603 0.046425
v -0.090606 -1.153650 0.048504
v -0.090049 -1.175681 0.046425
v -0.083264 -1.175680 0.051194
v -0.082526 -1.175681 0.059455
v -0.088410 -1.153650 0.064309
v -0.087296 -1.120603 0.066240
v -0.095556 -1.120603 0.066978
v -0.094999 -1.153650 0.064898
v -0.095557 -1.175681 0.066978
v -0.100412 -1.153650 0.061094
v -0.102341 -1.175681 0.062209
v -0.103079 -1.175681 0.053947
v -0.102342 -1.120603 0.062209
v -0.087295 -1.175681 0.066240
v -0.098310 -1.175681 0.047162
v -0.090049 -1.175681 0.046425
v -0.097195 -1.153649 0.049092
v -0.101000 -1.153650 0.054505
v -0.103080 -1.120603 0.053947
v -0.100412 -1.087557 0.061094
v -0.094999 -1.087557 0.064898
v -0.095556 -1.065527 0.066978
v -0.087295 -1.065526 0.066240
v -0.082526 -1.065527 0.059455
v -0.085194 -1.087557 0.052308
v -0.102342 -1.065526 0.062209
v -0.103079 -1.065526 0.053947
v -0.090606 -1.087557 0.048504
v -0.090049 -1.065527 0.046425
v -0.083264 -1.065526 0.051194
v -0.098310 -1.120603 0.047162
v -0.090049 -1.120603 0.046425
v -0.097196 -1.087557 0.049092
v -0.090606 -1.087557 0.048504
v -0.090049 -1.065527 0.046425
v -0.098310 -1.065526 0.047162
v -0.101000 -1.087557 0.054505
v -0.090606 -1.153650 0.048504
v 0.037484 -1.251276 0.096246
v 0.036559 -1.247332 0.099701
v 0.048117 -1.251276 0.097647
v 0.083697 -1.251276 0.036019
v 0.027461 -1.251276 0.092339
v 0.025663 -1.247330 0.095455
v 0.016536 -1.247330 0.088142
v 0.019066 -1.251276 0.085613
v 0.027574 -1.251277 0.020981
v 0.037484 -1.251276 0.016877
v 0.048117 -1.251276 0.015477
v 0.058751 -1.251276 0.016877
v 0.068660 -1.251277 0.020981
v 0.077169 -1.251276 0.027511
v 0.025786 -1.247330 0.017883
v 0.016536 -1.247330 0.024980
v 0.019066 -1.251276 0.027511
v 0.012537 -1.251276 0.036019
v 0.009439 -1.247331 0.034230
v 0.004977 -1.247330 0.045001
v 0.008432 -1.251276 0.045928
v 0.007032 -1.251276 0.056562
v 0.036558 -1.247331 0.013420
v 0.048117 -1.247330 0.011899
v 0.059677 -1.247330 0.013420
v 0.070448 -1.247331 0.017883
v 0.002837 -1.247331 -0.021872
v -0.015919 -1.247331 -0.007479
v -0.030312 -1.247331 0.011278
v -0.039360 -1.247331 0.033120
v 0.003455 -1.247330 0.056561
v 0.008432 -1.251276 0.067195
v 0.012537 -1.251276 0.077104
v 0.009439 -1.247331 0.078892
v -0.030312 -1.247330 0.101842
v -0.015919 -1.247331 0.120598
v 0.002837 -1.247331 0.134990
v -0.042445 -1.247331 0.056560
v 0.004977 -1.247330 0.068120
v -0.039360 -1.247331 0.079999
v 0.092780 -1.247330 0.056561
v 0.138683 -1.247331 0.056560
v 0.091258 -1.247330 0.045001
v 0.135597 -1.247331 0.033120
v 0.086797 -1.247331 0.034230
v 0.126549 -1.247330 0.011278
v 0.079699 -1.247330 0.024980
v 0.112156 -1.247331 -0.007479
v 0.093400 -1.247331 -0.021872
v 0.071558 -1.247331 -0.030919
v 0.048118 -1.247330 -0.034004
v 0.024678 -1.247331 -0.030919
v 0.087802 -1.251276 0.045928
v 0.089203 -1.251276 0.056562
v 0.091258 -1.247330 0.068120
v 0.087802 -1.251276 0.067195
v 0.086797 -1.247331 0.078892
v 0.083697 -1.251276 0.077104
v 0.079699 -1.247330 0.088142
v 0.077169 -1.251276 0.085613
v 0.024679 -1.247331 0.144037
v 0.048117 -1.247331 0.101224
v 0.058751 -1.251276 0.096246
v 0.068660 -1.251277 0.092142
v 0.070448 -1.247331 0.095240
v 0.093400 -1.247331 0.134990
v 0.112156 -1.247330 0.120598
v 0.126550 -1.247331 0.101842
v 0.135597 -1.247331 0.079999
v 0.048118 -1.247331 0.147124
v 0.059677 -1.247330 0.099701
v 0.071558 -1.247332 0.144037
v 0.009179 -0.444111 0.108902
v 0.030027 -0.444111 0.126590
v 0.017950 -0.444111 0.126590
v 0.012421 -0.444111 0.131488
v 0.048119 -0.444111 0.126590
v 0.032562 -0.444110 0.132876
v 0.021175 -0.444111 0.144264
v 0.017006 -0.444111 0.159820
v 0.012754 -0.444111 0.159820
v 0.017493 -0.444111 0.177502
v 0.021174 -0.444110 0.175376
v 0.030437 -0.444111 0.190447
v 0.032562 -0.444110 0.186765
v 0.048119 -0.444111 0.195184
v 0.048119 -0.444111 0.190933
v 0.065801 -0.444111 0.190447
v 0.063675 -0.444111 0.186765
v 0.078744 -0.444110 0.177502
v 0.075063 -0.444111 0.175376
v 0.083483 -0.444111 0.159820
v 0.063675 -0.444111 0.132876
v 0.048119 -0.444111 0.128708
v 0.079231 -0.444111 0.159820
v 0.083816 -0.444112 0.131488
v 0.075063 -0.444111 0.144264
v 0.078287 -0.444112 0.126590
v 0.066211 -0.444111 0.126590
v 0.087058 -0.444111 0.108902
v 0.001639 -0.444111 0.029724
v -0.005552 -0.444111 0.056560
v -0.003723 -0.444111 0.042668
v 0.010168 -0.444111 0.018609
v 0.021283 -0.444112 0.010079
v 0.034228 -0.444111 0.004718
v 0.048119 -0.444112 0.002889
v 0.062009 -0.444111 0.004718
v 0.074954 -0.444111 0.010079
v 0.086069 -0.444111 0.018609
v 0.094599 -0.444112 0.029724
v 0.099961 -0.444111 0.042668
v 0.101790 -0.444111 0.056560
v -0.003723 -0.444111 0.070451
v 0.099961 -0.444111 0.070451
v 0.094599 -0.444112 0.083395
v 0.001639 -0.444111 0.083395
v 0.010168 -0.475260 0.018609
v 0.101789 -0.475260 0.056560
v 0.021283 -0.475260 0.010079
v 0.034227 -0.475260 0.004718
v 0.048119 -0.475260 0.002889
v 0.062010 -0.475260 0.004718
v 0.074954 -0.475260 0.010079
v 0.086069 -0.475260 0.018609
v 0.094599 -0.475260 0.029724
v 0.099960 -0.475260 0.042668
v 0.030436 -0.475260 0.190447
v 0.012754 -0.475260 0.159820
v 0.017492 -0.475260 0.177502
v 0.048119 -0.475260 0.195185
v 0.065801 -0.475260 0.190447
v 0.078745 -0.475260 0.177502
v 0.083482 -0.475259 0.159820
v 0.083816 -0.475260 0.131488
v 0.012421 -0.475260 0.131488
v 0.087058 -0.475259 0.108902
v 0.009179 -0.475260 0.108902
v 0.001639 -0.475261 0.083395
v 0.094599 -0.475260 0.083395
v 0.099960 -0.475260 0.070451
v -0.003723 -0.475259 0.070451
v -0.005552 -0.475259 0.056560
v -0.003723 -0.475259 0.042668
v 0.001639 -0.475261 0.029724
v 0.032562 -0.454876 0.186765
v 0.021174 -0.454875 0.175376
v 0.048118 -0.454876 0.190933
v 0.063675 -0.454876 0.186765
v 0.075063 -0.454875 0.175376
v 0.079231 -0.454875 0.159820
v 0.017006 -0.454876 0.159820
v 0.075063 -0.454876 0.144264
v 0.063675 -0.454876 0.132876
v 0.048118 -0.454876 0.128708
v 0.032562 -0.454876 0.132876
v 0.021174 -0.454875 0.144264
v 0.039164 -0.508994 0.193225
v 0.078072 -0.508993 0.177109
v 0.048117 -0.508994 0.194404
v 0.057069 -0.508993 0.193225
v 0.065412 -0.508993 0.189769
v 0.072576 -0.508994 0.184273
v 0.078072 -0.508993 0.142518
v 0.081528 -0.508994 0.150860
v 0.072576 -0.508994 0.135354
v 0.065412 -0.508993 0.129857
v 0.057069 -0.508993 0.126402
v 0.048117 -0.508994 0.125223
v 0.039164 -0.508994 0.126402
v 0.030821 -0.508994 0.129857
v 0.082707 -0.508994 0.159814
v 0.023657 -0.508994 0.135354
v 0.018161 -0.508994 0.142518
v 0.014705 -0.508994 0.150860
v 0.013526 -0.508994 0.159814
v 0.014705 -0.508994 0.168766
v 0.018161 -0.508994 0.177109
v 0.023657 -0.508994 0.184273
v 0.081528 -0.508994 0.168766
v 0.030725 -0.508993 0.189935
v -0.009498 -0.580328 0.135354
v 0.023658 -0.580328 0.135354
v 0.018160 -0.580328 0.142519
v 0.014706 -0.580328 0.150860
v 0.013526 -0.580328 0.159814
v -0.009498 -0.580328 0.184273
v 0.014706 -0.580328 0.168766
v 0.018160 -0.580328 0.177109
v 0.023658 -0.580328 0.184273
v 0.062010 0.031404 0.004718
v 0.048119 0.031405 0.002889
v 0.048118 0.000255 0.002889
v 0.062009 0.000256 0.004718
v 0.074954 0.031405 0.010079
v 0.074954 0.000255 0.010079
v 0.086070 0.031404 0.018608
v 0.086070 0.000256 0.018609
v 0.094599 0.031405 0.029724
v 0.094598 0.000256 0.029724
v 0.099960 0.031405 0.042668
v 0.099961 0.000256 0.042668
v 0.101789 0.031405 0.056560
v 0.101789 0.000256 0.056560
v 0.099960 0.031405 0.070451
v 0.099961 0.000256 0.070451
v 0.094599 0.031405 0.083395
v 0.094598 0.000256 0.083395
v 0.079956 0.025645 0.159916
v 0.079957 0.006014 0.159916
v 0.079957 0.000256 0.159916
v 0.079957 0.031405 0.159916
v 0.075691 0.025645 0.175835
v 0.075691 0.006014 0.175835
v 0.064037 0.025645 0.187489
v 0.064037 0.006014 0.187489
v 0.048119 0.025645 0.191754
v 0.048119 0.006014 0.191754
v 0.032200 0.025645 0.187489
v 0.032200 0.006014 0.187489
v 0.020546 0.025646 0.175835
v 0.020546 0.006014 0.175835
v 0.016280 0.025646 0.159916
v 0.016280 0.006014 0.159916
v 0.001639 0.031404 0.083395
v 0.001639 0.000256 0.083395
v -0.003723 0.031405 0.070451
v -0.003723 0.000255 0.070451
v -0.005552 0.031405 0.056560
v -0.005552 0.000255 0.056560
v 0.016281 0.031405 0.159916
v 0.016281 0.000256 0.159916
v -0.003723 0.031405 0.042668
v -0.003723 0.000255 0.042668
v 0.001639 0.031404 0.029724
v 0.001639 0.000256 0.029724
v 0.010168 0.031404 0.018609
v 0.010168 0.000256 0.018609
v 0.021283 0.031405 0.010079
v 0.021284 0.000256 0.010079
v 0.034227 0.031405 0.004718
v 0.034227 0.000256 0.004718
v 0.048119 0.031405 0.002889
v 0.048118 0.000255 0.002889
v 0.081371 -0.596064 0.172402
v 0.081372 -0.601463 0.174023
v 0.081371 -0.591961 0.168537
v 0.081371 -0.607076 0.173776
v 0.081372 -0.612060 0.171183
v 0.081371 -0.615855 0.167040
v 0.081371 -0.617546 0.161682
v 0.081372 -0.617300 0.156068
v 0.081371 -0.614707 0.151084
v 0.081372 -0.589368 0.163553
v 0.081372 -0.589122 0.157939
v 0.081371 -0.590812 0.152581
v 0.081371 -0.594608 0.148438
v 0.081372 -0.599592 0.145844
v 0.081371 -0.605205 0.145597
v 0.081371 -0.610564 0.147289
v 0.084909 -0.596064 0.172402
v 0.084909 -0.591961 0.168537
v 0.084909 -0.601463 0.174023
v 0.084910 -0.589368 0.163553
v 0.084910 -0.589122 0.157939
v 0.084910 -0.590813 0.152581
v 0.084910 -0.594607 0.148438
v 0.084909 -0.599593 0.145844
v 0.084909 -0.605205 0.145597
v 0.084909 -0.610564 0.147289
v 0.084910 -0.614707 0.151084
v 0.084909 -0.617300 0.156068
v 0.084910 -0.617546 0.161682
v 0.084909 -0.607076 0.173776
v 0.084909 -0.612061 0.171183
v 0.084909 -0.615856 0.167040
v 0.001639 0.031404 0.029724
v 0.010168 0.031404 0.094511
v -0.003723 0.031405 0.042668
v -0.005552 0.031405 0.056560
v -0.003723 0.031405 0.070451
v 0.001639 0.031404 0.083395
v 0.034227 0.031405 0.108402
v 0.021283 0.031405 0.103039
v 0.048119 0.031405 0.110230
v 0.062010 0.031404 0.108402
v 0.074954 0.031405 0.103039
v 0.086070 0.031405 0.094511
v 0.094599 0.031405 0.083395
v 0.099960 0.031405 0.070451
v 0.101789 0.031405 0.056560
v 0.099960 0.031405 0.042668
v 0.094599 0.031405 0.029724
v 0.086070 0.031404 0.018608
v 0.074954 0.031405 0.010079
v 0.062010 0.031404 0.004718
v 0.048119 0.031405 0.002889
v 0.034227 0.031405 0.004718
v 0.021283 0.031405 0.010079
v 0.010168 0.031404 0.018609
v 0.025403 0.025645 0.173031
v 0.021889 0.025644 0.159916
v 0.021889 0.006014 0.159916
v 0.025403 0.006014 0.173031
v 0.035003 0.025645 0.182632
v 0.035004 0.006013 0.182632
v 0.048119 0.025645 0.186146
v 0.048119 0.006013 0.186146
v 0.061234 0.025645 0.182632
v 0.061233 0.006014 0.182632
v 0.070835 0.025645 0.173031
v 0.070834 0.006013 0.173031
v 0.074348 0.025645 0.159916
v 0.074349 0.006013 0.159916
v 0.086070 0.031405 0.094511
v 0.086070 0.000256 0.094511
v 0.074349 0.000255 0.159916
v 0.074348 0.031405 0.159916
v 0.010168 0.000256 0.094511
v 0.021890 0.000256 0.159916
v 0.010168 0.031404 0.094511
v 0.021889 0.031405 0.159916
v 0.099961 0.000256 0.042668
v 0.074954 0.000255 0.103039
v 0.101789 0.000256 0.056560
v 0.099961 0.000256 0.070451
v 0.094598 0.000256 0.083395
v 0.086070 0.000256 0.094511
v 0.048118 0.000255 0.110230
v 0.062009 0.000256 0.108402
v 0.034227 0.000256 0.108402
v 0.021284 0.000256 0.103039
v 0.010168 0.000256 0.094511
v 0.001639 0.000256 0.083395
v -0.003723 0.000255 0.070451
v -0.005552 0.000255 0.056560
v -0.003723 0.000255 0.042668
v 0.001639 0.000256 0.029724
v 0.010168 0.000256 0.018609
v 0.021284 0.000256 0.010079
v 0.034227 0.000256 0.004718
v 0.048118 0.000255 0.002889
v 0.062009 0.000256 0.004718
v 0.074954 0.000255 0.010079
v 0.086070 0.000256 0.018609
v 0.094598 0.000256 0.029724
v -0.096444 -1.265800 0.086370
v -0.096444 -1.251277 0.086370
v 0.147817 -1.251276 0.086370
v 0.162342 -1.265801 0.086370
v 0.162341 -1.251276 0.086370
v 0.069564 -0.826795 0.143231
v 0.069564 -0.826795 0.138476
v 0.067187 -0.826795 0.147349
v 0.063069 -0.826795 0.149726
v 0.067187 -0.826795 0.134359
v 0.058331 -0.826795 0.149730
v 0.054186 -0.826795 0.147337
v 0.051821 -0.826795 0.143231
v 0.051821 -0.826795 0.138476
v 0.054197 -0.826794 0.134359
v 0.058315 -0.826795 0.131982
v 0.063069 -0.826795 0.131982
v 0.069564 -0.826795 0.181481
v 0.069564 -0.826795 0.176725
v 0.067187 -0.826795 0.185597
v 0.063069 -0.826795 0.187975
v 0.067187 -0.826795 0.172607
v 0.058331 -0.826795 0.187978
v 0.054186 -0.826795 0.185585
v 0.051821 -0.826795 0.181481
v 0.051821 -0.826795 0.176725
v 0.054197 -0.826794 0.172607
v 0.058315 -0.826795 0.170230
v 0.063069 -0.826795 0.170230
v -0.009498 -0.580328 0.184273
v -0.009498 -0.744118 0.184273
v -0.009498 -0.580328 0.135354
v -0.009498 -0.744118 0.135355
v 0.072575 -0.809538 0.135354
v 0.072576 -0.508994 0.135354
v 0.065412 -0.809538 0.129857
v 0.065412 -0.508993 0.129857
v 0.057069 -0.809538 0.126402
v 0.057069 -0.508993 0.126402
v 0.048117 -0.809538 0.125223
v 0.048117 -0.508994 0.125223
v 0.081528 -0.508994 0.168766
v 0.082707 -0.508994 0.159814
v 0.078073 -0.580328 0.159814
v 0.081528 -0.508994 0.150860
v 0.078073 -0.580328 0.150860
v 0.078072 -0.508993 0.142518
v 0.078073 -0.580328 0.142519
v 0.078073 -0.694476 0.142519
v 0.078072 -0.809537 0.142519
v 0.078073 -0.744118 0.150860
v 0.081528 -0.809538 0.150860
v 0.078073 -0.744118 0.159814
v 0.082706 -0.809538 0.159814
v 0.081528 -0.809538 0.168766
v 0.078073 -0.744118 0.168766
v 0.078072 -0.809537 0.177109
v 0.078073 -0.694476 0.177109
v 0.072575 -0.809538 0.184273
v 0.078073 -0.694476 0.150860
v 0.078073 -0.694476 0.168766
v 0.023658 -0.580328 0.184273
v 0.023657 -0.508994 0.184273
v 0.030725 -0.508993 0.189935
v 0.030725 -0.809538 0.189935
v 0.039164 -0.809537 0.193225
v 0.039164 -0.508994 0.193225
v 0.048117 -0.809538 0.194404
v 0.048117 -0.508994 0.194404
v 0.057069 -0.809538 0.193225
v 0.057069 -0.508993 0.193225
v 0.065412 -0.809538 0.189769
v 0.065412 -0.508993 0.189769
v 0.072576 -0.508994 0.184273
v 0.078073 -0.580328 0.177109
v 0.078072 -0.508993 0.177109
v 0.078073 -0.580328 0.168766
v 0.048117 -0.809538 0.125223
v 0.048117 -0.508994 0.125223
v 0.039164 -0.809537 0.126402
v 0.039164 -0.508994 0.126402
v 0.030821 -0.809538 0.129857
v 0.030821 -0.508994 0.129857
v 0.023658 -0.580328 0.135354
v 0.023657 -0.508994 0.135354
v 0.018160 -0.580328 0.142519
v 0.018161 -0.508994 0.142518
v 0.014706 -0.580328 0.150860
v 0.014705 -0.508994 0.150860
v 0.013526 -0.580328 0.159814
v 0.013526 -0.508994 0.159814
v 0.014706 -0.580328 0.168766
v 0.014705 -0.508994 0.168766
v 0.018160 -0.580328 0.177109
v 0.018161 -0.508994 0.177109
v 0.023657 -0.744118 0.135355
v 0.023658 -0.809537 0.135355
v 0.018160 -0.809538 0.142519
v 0.018161 -0.744119 0.142519
v 0.014705 -0.809538 0.150860
v 0.014705 -0.744118 0.150860
v 0.013526 -0.809538 0.159814
v 0.013527 -0.744119 0.159814
v 0.014705 -0.809538 0.168766
v 0.014705 -0.744118 0.168766
v 0.018160 -0.809538 0.177109
v 0.018161 -0.744119 0.177109
v 0.023658 -0.809537 0.184273
v 0.023658 -0.744118 0.184273
v 0.169498 -1.214113 0.099652
v 0.169498 -1.214113 0.092761
v 0.162341 -1.214113 0.099652
v 0.162341 -1.214113 0.013513
v 0.169498 -1.214113 0.020404
v 0.176654 -1.214113 0.033617
v 0.176654 -1.214113 0.020404
v 0.169498 -1.214113 0.013513
v 0.176653 -1.214113 0.079729
v 0.176654 -1.214113 0.092761
v 0.196240 -1.214113 0.073816
v 0.196240 -1.214113 0.039585
v 0.201497 -1.214114 0.069405
v 0.204929 -1.214113 0.063460
v 0.201497 -1.214114 0.043998
v 0.204929 -1.214113 0.049942
v 0.206121 -1.214113 0.056701
v 0.018597 -0.822718 0.130294
v 0.068989 -0.822719 0.123660
v 0.027243 -0.822718 0.123660
v 0.037312 -0.822719 0.119490
v 0.048116 -0.822718 0.118067
v 0.058921 -0.822719 0.119490
v 0.089863 -0.822718 0.159814
v 0.088440 -0.822719 0.149008
v 0.088440 -0.822719 0.170618
v 0.084270 -0.822719 0.180686
v 0.077636 -0.822718 0.189332
v 0.068989 -0.822719 0.195967
v 0.058922 -0.822718 0.200137
v 0.048116 -0.822718 0.201560
v 0.084270 -0.822719 0.138940
v 0.037384 -0.822719 0.200156
v 0.027147 -0.822718 0.196133
v 0.018544 -0.822719 0.189279
v 0.077636 -0.822718 0.130294
v 0.011963 -0.822718 0.180686
v 0.007792 -0.822719 0.170618
v 0.006370 -0.822718 0.159814
v 0.007792 -0.822719 0.149008
v 0.011963 -0.822718 0.138940
v -0.042813 -1.233892 0.027963
v -0.042813 -1.251276 0.027963
v -0.042813 -1.251276 0.042720
v -0.042813 -1.233892 0.042720
v -0.045066 -1.225486 0.027963
v -0.045066 -1.225486 0.042720
v -0.045065 -1.198121 0.027963
v -0.045065 -1.198121 0.042720
v 0.055110 0.080399 0.157436
v 0.055364 0.080399 0.161255
v 0.052981 0.080398 0.154257
v 0.049547 0.080398 0.152568
v 0.045729 0.080399 0.152823
v 0.042550 0.080398 0.154952
v 0.053676 0.080399 0.164689
v 0.040861 0.080399 0.158386
v 0.050496 0.080399 0.166818
v 0.041115 0.080398 0.162204
v 0.043245 0.080398 0.165383
v 0.046678 0.080398 0.167072
v 0.020104 -1.265787 0.056576
v 0.028536 -1.265787 0.041987
v 0.028526 -1.265790 0.071180
v 0.045392 -1.265789 0.071186
v 0.053822 -1.265787 0.056576
v 0.045387 -1.265786 0.041978
v 0.053425 -1.293963 0.056576
v 0.044991 -1.293962 0.041979
v 0.044995 -1.293964 0.071186
v 0.028139 -1.293963 0.041984
v 0.028129 -1.293965 0.071178
v 0.019707 -1.293964 0.056576
v -0.116885 -1.194782 0.028253
v -0.086026 -1.194782 0.042661
v -0.086026 -1.194782 0.028253
v -0.071672 -1.194782 0.042661
v -0.071672 -1.194782 0.086375
v -0.086026 -1.194781 0.086375
v -0.116886 -1.194782 0.101063
v -0.086026 -1.194781 0.101063
v -0.086027 -1.219984 0.028253
v -0.071673 -1.219985 0.028253
v -0.086026 -1.194782 0.028253
v -0.071672 -1.175680 0.028253
v -0.116885 -1.175679 0.028253
v -0.116885 -1.194782 0.028253
v -0.042813 -1.233892 0.042720
v -0.042813 -1.251276 0.042720
v -0.076435 -1.251277 0.042720
v -0.076436 -1.233892 0.042720
v -0.074183 -1.225487 0.042720
v -0.045066 -1.225486 0.042720
v -0.045065 -1.198121 0.042720
v -0.074183 -1.198121 0.042720
v 0.169498 -1.204024 0.092761
v 0.176653 -1.204023 0.079729
v 0.176653 -1.204024 0.092761
v 0.169498 -1.204024 0.013513
v 0.169498 -1.204024 0.020404
v 0.162341 -1.204024 0.013513
v 0.176653 -1.204023 0.033617
v 0.196240 -1.204023 0.039585
v 0.196240 -1.204023 0.073816
v 0.201497 -1.204023 0.043998
v 0.204930 -1.204023 0.049942
v 0.201497 -1.204023 0.069405
v 0.204929 -1.204023 0.063460
v 0.206122 -1.204023 0.056701
v 0.176653 -1.204024 0.020404
v -0.074183 -1.198121 0.042720
v -0.074183 -1.198121 0.027963
v -0.045065 -1.198121 0.042720
v -0.045065 -1.198121 0.027963
v -0.035498 -1.265782 0.086370
v -0.035498 -1.265782 0.101127
v -0.035499 -1.253993 0.086370
v -0.035499 -1.253993 0.101127
v -0.039564 -1.253993 0.101127
v -0.039564 -1.253993 0.086370
v -0.042037 -1.253226 0.086370
v -0.042037 -1.253226 0.101127
v -0.042813 -1.251276 0.086370
v -0.042813 -1.251276 0.101127
v -0.042813 -1.233892 0.086370
v -0.042813 -1.233892 0.101127
v -0.045066 -1.225486 0.086370
v -0.045066 -1.225486 0.101127
v -0.045065 -1.198121 0.086370
v -0.045065 -1.198121 0.101128
v -0.035499 -1.253993 0.101127
v -0.035498 -1.265782 0.101127
v -0.039564 -1.253993 0.101127
v -0.049092 -1.265782 0.101127
v -0.042037 -1.253226 0.101127
v -0.067076 -1.261250 0.101127
v -0.042813 -1.251276 0.101127
v -0.076435 -1.251276 0.101127
v -0.042813 -1.233892 0.101127
v -0.076435 -1.233892 0.101127
v -0.074184 -1.225486 0.101127
v -0.045066 -1.225486 0.101127
v -0.045065 -1.198121 0.101128
v -0.074183 -1.198121 0.101128
v -0.035498 -1.265782 0.086370
v -0.049091 -1.265783 0.086370
v -0.035498 -1.265782 0.101127
v -0.049092 -1.265782 0.101127
v -0.067076 -1.261250 0.101127
v -0.067076 -1.261250 0.086370
v -0.076435 -1.251276 0.101127
v -0.076435 -1.251276 0.086370
v -0.076435 -1.233892 0.101127
v -0.076435 -1.233892 0.086370
v -0.074184 -1.225486 0.101127
v -0.074184 -1.225486 0.086370
v -0.074183 -1.198121 0.101128
v -0.074183 -1.198121 0.086370
v -0.035499 -1.253993 0.086370
v -0.039564 -1.253993 0.086370
v -0.035498 -1.265782 0.086370
v -0.049091 -1.265783 0.086370
v -0.042037 -1.253226 0.086370
v -0.067076 -1.261250 0.086370
v -0.042813 -1.251276 0.086370
v -0.076435 -1.251276 0.086370
v -0.076435 -1.233892 0.086370
v -0.042813 -1.233892 0.086370
v -0.045066 -1.225486 0.086370
v -0.074184 -1.225486 0.086370
v -0.074183 -1.198121 0.086370
v -0.045065 -1.198121 0.086370
v -0.048645 -1.228096 0.101127
v -0.048644 -1.252197 0.101127
v -0.048644 -1.228097 0.109279
v -0.048644 -1.252197 0.109279
v -0.048645 -1.229711 0.115304
v -0.048645 -1.250581 0.115305
v -0.048644 -1.234121 0.119715
v -0.048644 -1.240147 0.121329
v -0.048644 -1.246171 0.119715
v -0.070603 -1.228096 0.101127
v -0.070603 -1.228097 0.109279
v -0.070603 -1.252197 0.101127
v -0.070603 -1.252197 0.109279
v -0.070604 -1.250582 0.115304
v -0.070604 -1.246171 0.119715
v -0.070604 -1.240147 0.121329
v -0.070603 -1.234121 0.119715
v -0.070604 -1.229711 0.115304
v -0.074183 -1.198121 0.086370
v -0.045065 -1.198121 0.086370
v -0.074183 -1.198121 0.101128
v -0.045065 -1.198121 0.101128
v 0.147816 -1.251275 0.026795
v 0.147817 -1.251276 0.086370
v -0.096444 -1.251277 0.026795
v -0.096444 -1.251277 0.086370
v -0.096444 -1.265800 0.026795
v -0.096444 -1.251277 0.026795
v -0.096444 -1.265800 0.086370
v -0.096444 -1.251277 0.086370
v -0.096444 -1.265800 0.026795
v -0.096444 -1.265800 0.086370
v 0.162342 -1.265801 0.026795
v 0.162342 -1.265801 0.086370
v -0.071673 -1.219985 0.086375
v -0.071672 -1.194782 0.086375
v -0.086027 -1.219984 0.086375
v -0.086026 -1.194781 0.086375
v -0.086027 -1.219984 0.042661
v -0.086026 -1.194782 0.042661
v -0.071673 -1.219985 0.042661
v -0.071672 -1.194782 0.042661
v -0.086026 -1.194781 0.101063
v -0.086027 -1.219984 0.101063
v -0.086026 -1.194781 0.086375
v -0.086027 -1.219984 0.086375
v -0.086027 -1.219984 0.028253
v -0.086026 -1.194782 0.028253
v -0.086027 -1.219984 0.042661
v -0.086026 -1.194782 0.042661
v -0.086027 -1.219984 0.028253
v -0.086027 -1.219984 0.042661
v -0.071673 -1.219985 0.028253
v -0.071673 -1.219985 0.042661
v -0.071673 -1.219985 0.101063
v -0.071673 -1.219985 0.086375
v -0.086027 -1.219984 0.101063
v -0.086027 -1.219984 0.086375
v -0.030312 -1.247330 0.101842
v -0.039360 -1.247331 0.079999
v -0.039359 -1.166844 0.079999
v 0.024678 -1.247331 -0.030919
v 0.048118 -1.247330 -0.034004
v 0.048119 -1.166846 -0.034004
v 0.024679 -1.166846 -0.030919
v 0.002837 -1.247331 -0.021872
v 0.002836 -1.166845 -0.021872
v -0.015919 -1.247331 -0.007479
v -0.015920 -1.166845 -0.007479
v -0.030312 -1.247331 0.011278
v -0.030313 -1.166845 0.011278
v -0.039360 -1.247331 0.033120
v -0.039359 -1.166845 0.033120
v -0.042445 -1.247331 0.056560
v -0.042446 -1.166845 0.056560
v -0.035290 -1.166846 0.056560
v -0.032447 -1.166845 0.078148
v -0.025714 -1.135129 0.076343
v -0.018079 -1.135129 0.094778
v -0.028319 -1.135129 0.056560
v -0.032447 -1.166845 0.034972
v -0.024115 -1.166845 0.014855
v -0.025714 -1.135128 0.036776
v 0.048119 -1.166845 -0.026849
v 0.026531 -1.166846 -0.024006
v 0.006415 -1.166845 -0.015674
v -0.010860 -1.166845 -0.002419
v -0.018079 -1.135129 0.018341
v -0.011034 -1.096432 0.040710
v -0.013121 -1.096432 0.056560
v -0.011034 -1.096432 0.072409
v -0.004916 -1.096432 0.087179
v -0.004916 -1.096432 0.025940
v 0.004816 -1.096432 0.013257
v -0.005931 -1.135128 0.002509
v 0.017499 -1.096432 0.003525
v 0.009899 -1.135128 -0.009638
v 0.032269 -1.096432 -0.002594
v 0.028335 -1.135129 -0.017274
v 0.048119 -1.096432 -0.004680
v 0.048118 -1.135129 -0.019878
v -0.005931 -1.135128 0.110609
v 0.004816 -1.096432 0.099862
v 0.009899 -1.135129 0.122757
v 0.017499 -1.096432 0.109595
v 0.028335 -1.135129 0.130393
v 0.032269 -1.096433 0.115712
v 0.048118 -1.135129 0.132997
v 0.048119 -1.096432 0.117798
v 0.067901 -1.135128 0.130393
v 0.063969 -1.096432 0.115712
v 0.086338 -1.135128 0.122757
v 0.078738 -1.096432 0.109595
v 0.102168 -1.135129 0.110609
v 0.091421 -1.096432 0.099862
v 0.114316 -1.135129 0.094778
v 0.101153 -1.096432 0.087179
v 0.121951 -1.135128 0.076343
v 0.102168 -1.135128 0.002509
v 0.086338 -1.135128 -0.009638
v 0.107097 -1.166846 -0.002420
v 0.120351 -1.166845 0.014855
v 0.114316 -1.135129 0.018341
v 0.128685 -1.166845 0.034972
v 0.121951 -1.135128 0.036776
v 0.131527 -1.166845 0.056560
v 0.124556 -1.135128 0.056560
v 0.128685 -1.166845 0.078148
v 0.120351 -1.166845 0.098264
v 0.107097 -1.166845 0.115538
v 0.089823 -1.166845 0.128793
v 0.069706 -1.166845 0.137126
v 0.048119 -1.166846 0.139968
v 0.112157 -1.166846 -0.007479
v 0.126550 -1.166845 0.011277
v 0.135596 -1.166845 0.033120
v 0.138682 -1.166844 0.056560
v 0.135596 -1.166845 0.079999
v 0.126550 -1.166845 0.101842
v 0.112157 -1.166846 0.120598
v 0.093401 -1.166845 0.134990
v 0.071558 -1.166844 0.144037
v 0.048119 -1.166846 0.147124
v 0.024679 -1.166845 0.144037
v 0.024679 -1.247331 0.144037
v 0.002836 -1.166846 0.134990
v 0.048118 -1.247331 0.147124
v 0.071558 -1.247332 0.144037
v 0.093400 -1.247331 0.134990
v 0.112156 -1.247330 0.120598
v 0.126550 -1.247331 0.101842
v 0.135597 -1.247331 0.079999
v 0.138683 -1.247331 0.056560
v 0.135597 -1.247331 0.033120
v 0.126549 -1.247330 0.011278
v 0.026531 -1.166846 0.137126
v 0.006415 -1.166845 0.128793
v -0.010860 -1.166845 0.115538
v -0.015920 -1.166845 0.120598
v -0.030312 -1.166846 0.101842
v -0.024115 -1.166845 0.098264
v -0.015919 -1.247331 0.120598
v 0.002837 -1.247331 0.134990
v -0.076436 -1.233892 0.042720
v -0.076435 -1.251277 0.042720
v -0.076435 -1.251276 0.027963
v -0.076435 -1.233892 0.027963
v -0.074183 -1.225487 0.042720
v -0.074184 -1.225486 0.027963
v -0.074183 -1.198121 0.042720
v -0.074183 -1.198121 0.027963
v 0.058089 0.033533 0.156422
v 0.058452 0.033533 0.161866
v 0.058452 0.091517 0.161866
v 0.058089 0.091517 0.156422
v 0.055053 0.033532 0.151889
v 0.055054 0.091517 0.151889
v 0.050158 0.033533 0.149481
v 0.050158 0.091517 0.149481
v 0.044715 0.033532 0.149844
v 0.050158 0.033533 0.149481
v 0.050158 0.091517 0.149481
v 0.044715 0.091517 0.149843
v 0.040182 0.033532 0.152879
v 0.040182 0.091518 0.152879
v 0.037774 0.033532 0.157774
v 0.037774 0.091518 0.157774
v 0.038137 0.033532 0.163218
v 0.038136 0.091518 0.163218
v 0.041172 0.033533 0.167751
v 0.041171 0.091518 0.167751
v 0.046067 0.033532 0.170159
v 0.046067 0.091517 0.170159
v 0.051511 0.033533 0.169797
v 0.051511 0.091518 0.169797
v 0.056044 0.033533 0.166761
v 0.056044 0.091517 0.166761
v -0.076435 -1.233892 0.027963
v -0.076435 -1.251276 0.027963
v -0.042813 -1.251276 0.027963
v -0.042813 -1.233892 0.027963
v -0.045066 -1.225486 0.027963
v -0.074184 -1.225486 0.027963
v -0.074183 -1.198121 0.027963
v -0.045065 -1.198121 0.027963
v 0.040861 0.080399 0.158386
v 0.041115 0.080398 0.162204
v 0.041115 0.091517 0.162204
v 0.040861 0.091517 0.158386
v 0.042550 0.080398 0.154952
v 0.042550 0.091517 0.154952
v 0.045729 0.080399 0.152823
v 0.045729 0.091517 0.152823
v 0.049547 0.080398 0.152568
v 0.045729 0.080399 0.152823
v 0.045729 0.091517 0.152823
v 0.049547 0.091517 0.152569
v 0.052981 0.080398 0.154257
v 0.052981 0.091517 0.154257
v 0.055110 0.080399 0.157436
v 0.055110 0.091518 0.157436
v 0.055364 0.080399 0.161255
v 0.055364 0.091517 0.161255
v 0.053676 0.080399 0.164689
v 0.053675 0.091518 0.164688
v 0.050496 0.080399 0.166818
v 0.050496 0.091517 0.166818
v 0.046678 0.080398 0.167072
v 0.046678 0.091518 0.167072
v 0.043245 0.080398 0.165383
v 0.043245 0.091517 0.165383
v -0.070603 -1.228097 0.109279
v -0.070603 -1.228096 0.101127
v -0.048645 -1.228096 0.101127
v -0.048644 -1.228097 0.109279
v -0.070604 -1.229711 0.115304
v -0.048645 -1.229711 0.115304
v -0.070603 -1.234121 0.119715
v -0.048644 -1.234121 0.119715
v -0.070604 -1.240147 0.121329
v -0.048644 -1.240147 0.121329
v -0.070604 -1.246171 0.119715
v -0.048644 -1.246171 0.119715
v -0.070604 -1.250582 0.115304
v -0.048645 -1.250581 0.115305
v -0.070603 -1.252197 0.109279
v -0.048644 -1.252197 0.109279
v -0.070603 -1.252197 0.101127
v -0.048644 -1.252197 0.101127
v 0.055564 0.025646 0.152366
v 0.050838 0.025645 0.149639
v 0.050838 -0.388641 0.149639
v 0.056044 -0.410928 0.166761
v 0.065032 -0.454875 0.174627
v 0.051511 -0.410928 0.169797
v 0.070168 -0.454876 0.164184
v 0.058452 -0.410928 0.161866
v 0.069395 -0.454875 0.152572
v 0.058089 -0.410928 0.156422
v 0.062919 -0.454876 0.142901
v 0.055054 -0.410929 0.151889
v 0.052477 -0.454876 0.137764
v 0.050158 -0.410928 0.149481
v 0.057387 -0.408557 0.149225
v 0.050847 -0.408557 0.146009
v 0.057387 -0.391012 0.149225
v 0.050848 -0.391012 0.146009
v 0.055563 -0.388641 0.152366
v 0.058292 0.025645 0.157091
v 0.058292 -0.388641 0.157090
v 0.058708 -0.391012 0.169092
v 0.055567 -0.388641 0.167271
v 0.058293 -0.388641 0.162546
v 0.061925 -0.391012 0.162553
v 0.061442 -0.391012 0.155281
v 0.061442 -0.408557 0.155281
v 0.061926 -0.408557 0.162553
v 0.058709 -0.408557 0.169092
v 0.052653 -0.408557 0.173147
v 0.045381 -0.408557 0.173632
v 0.046067 -0.410928 0.170159
v 0.038842 -0.408557 0.170414
v 0.038842 -0.391012 0.170414
v 0.045381 -0.391012 0.173632
v 0.052653 -0.391012 0.173147
v 0.050838 0.025645 0.149639
v 0.045383 0.025646 0.149641
v 0.045382 -0.388641 0.149641
v 0.050838 -0.388641 0.149639
v 0.050848 -0.391012 0.146009
v 0.043575 -0.391012 0.146492
v 0.040658 -0.388641 0.152369
v 0.037520 -0.391012 0.150547
v 0.037931 -0.388641 0.157095
v 0.034303 -0.391012 0.157087
v 0.037933 -0.388642 0.162550
v 0.034787 -0.391012 0.164359
v 0.040661 -0.388641 0.167275
v 0.045387 -0.388641 0.170001
v 0.050843 -0.388641 0.170000
v 0.058294 0.025646 0.162546
v 0.055567 0.025646 0.167271
v 0.050843 0.025646 0.170000
v 0.045387 0.025646 0.170001
v 0.040662 0.025645 0.167275
v 0.037933 0.025646 0.162550
v 0.037932 0.025645 0.157095
v 0.040658 0.025645 0.152369
v 0.040864 -0.454875 0.138538
v 0.052477 -0.454876 0.137764
v 0.050158 -0.410928 0.149481
v 0.043576 -0.408557 0.146493
v 0.050847 -0.408557 0.146009
v 0.044714 -0.410928 0.149844
v 0.031194 -0.454875 0.145013
v 0.040182 -0.410928 0.152879
v 0.026057 -0.454876 0.155457
v 0.037774 -0.410928 0.157774
v 0.026830 -0.454875 0.167069
v 0.038136 -0.410928 0.163218
v 0.033306 -0.454876 0.176739
v 0.041172 -0.410928 0.167751
v 0.043749 -0.454876 0.181876
v 0.055361 -0.454875 0.181103
v 0.034787 -0.408557 0.164359
v 0.034304 -0.408557 0.157087
v 0.037520 -0.408557 0.150547
v 0.017006 -0.454876 0.159820
v 0.017006 -0.444111 0.159820
v 0.021174 -0.454875 0.144264
v 0.021175 -0.444111 0.144264
v 0.032562 -0.454876 0.132876
v 0.032562 -0.444110 0.132876
v 0.048118 -0.454876 0.128708
v 0.048119 -0.444111 0.128708
v 0.048118 -0.454876 0.128708
v 0.048119 -0.444111 0.128708
v 0.063675 -0.454876 0.132876
v 0.063675 -0.444111 0.132876
v 0.075063 -0.454876 0.144264
v 0.075063 -0.444111 0.144264
v 0.079231 -0.454875 0.159820
v 0.079231 -0.444111 0.159820
v 0.075063 -0.454875 0.175376
v 0.075063 -0.444111 0.175376
v 0.063675 -0.454876 0.186765
v 0.063675 -0.444111 0.186765
v 0.048118 -0.454876 0.190933
v 0.048119 -0.444111 0.190933
v 0.032562 -0.454876 0.186765
v 0.032562 -0.444110 0.186765
v 0.021174 -0.454875 0.175376
v 0.021174 -0.444110 0.175376
v 0.087058 -0.475259 0.108902
v 0.087058 -0.444111 0.108902
v 0.094599 -0.475260 0.083395
v 0.094599 -0.444112 0.083395
v 0.099960 -0.475260 0.070451
v 0.099961 -0.444111 0.070451
v 0.101789 -0.475260 0.056560
v 0.101790 -0.444111 0.056560
v 0.099960 -0.475260 0.042668
v 0.099961 -0.444111 0.042668
v 0.094599 -0.475260 0.029724
v 0.094599 -0.444112 0.029724
v 0.086069 -0.475260 0.018609
v 0.086069 -0.444111 0.018609
v 0.074954 -0.475260 0.010079
v 0.074954 -0.444111 0.010079
v 0.062010 -0.475260 0.004718
v 0.062009 -0.444111 0.004718
v 0.048119 -0.475260 0.002889
v 0.048119 -0.444112 0.002889
v 0.034227 -0.475260 0.004718
v 0.034228 -0.444111 0.004718
v 0.012421 -0.475260 0.131488
v 0.012421 -0.444111 0.131488
v 0.012754 -0.475260 0.159820
v 0.012754 -0.444111 0.159820
v 0.017492 -0.475260 0.177502
v 0.017493 -0.444111 0.177502
v 0.030436 -0.475260 0.190447
v 0.030437 -0.444111 0.190447
v 0.048119 -0.475260 0.195185
v 0.048119 -0.444111 0.195184
v 0.065801 -0.475260 0.190447
v 0.065801 -0.444111 0.190447
v 0.078745 -0.475260 0.177502
v 0.078744 -0.444110 0.177502
v 0.083482 -0.475259 0.159820
v 0.083483 -0.444111 0.159820
v 0.083816 -0.475260 0.131488
v 0.083816 -0.444112 0.131488
v 0.034227 -0.475260 0.004718
v 0.034228 -0.444111 0.004718
v 0.021283 -0.475260 0.010079
v 0.021283 -0.444112 0.010079
v 0.010168 -0.475260 0.018609
v 0.010168 -0.444111 0.018609
v 0.001639 -0.475261 0.029724
v 0.001639 -0.444111 0.029724
v -0.003723 -0.475259 0.042668
v -0.003723 -0.444111 0.042668
v -0.005552 -0.475259 0.056560
v -0.005552 -0.444111 0.056560
v -0.003723 -0.475259 0.070451
v -0.003723 -0.444111 0.070451
v 0.001639 -0.475261 0.083395
v 0.001639 -0.444111 0.083395
v 0.009179 -0.475260 0.108902
v 0.009179 -0.444111 0.108902
v 0.019351 0.011011 0.145751
v 0.076886 0.011011 0.145751
v 0.015443 0.011011 0.123949
v 0.080794 0.011011 0.123949
v 0.015444 0.020648 0.123949
v 0.080794 0.020648 0.123949
v 0.019350 0.020648 0.145751
v 0.076887 0.020648 0.145751
v 0.019350 0.020648 0.145751
v 0.076887 0.020648 0.145751
v 0.019351 0.011011 0.145751
v 0.076886 0.011011 0.145751
v 0.080794 0.011011 0.123949
v 0.080794 0.020648 0.123949
v 0.015443 0.011011 0.123949
v 0.015444 0.020648 0.123949
v 0.094598 0.000256 0.083395
v 0.086070 0.000256 0.094511
v 0.079957 0.000256 0.159916
v 0.074349 0.000255 0.159916
v 0.074348 0.031405 0.159916
v 0.086070 0.031405 0.094511
v 0.079957 0.031405 0.159916
v 0.094599 0.031405 0.083395
v 0.021890 0.000256 0.159916
v 0.010168 0.000256 0.094511
v 0.016281 0.000256 0.159916
v 0.001639 0.000256 0.083395
v 0.001639 0.031404 0.083395
v 0.010168 0.031404 0.094511
v 0.016281 0.031405 0.159916
v 0.021889 0.031405 0.159916
v 0.079957 0.006014 0.159916
v 0.079957 0.000256 0.159916
v 0.074349 0.006013 0.159916
v 0.074349 0.000255 0.159916
v 0.074348 0.025645 0.159916
v 0.074348 0.031405 0.159916
v 0.079956 0.025645 0.159916
v 0.079957 0.031405 0.159916
v 0.016280 0.025646 0.159916
v 0.021889 0.025644 0.159916
v 0.020546 0.025646 0.175835
v 0.025403 0.025645 0.173031
v 0.032200 0.025645 0.187489
v 0.035003 0.025645 0.182632
v 0.048119 0.025645 0.191754
v 0.048119 0.025645 0.186146
v 0.064037 0.025645 0.187489
v 0.061234 0.025645 0.182632
v 0.075691 0.025645 0.175835
v 0.070835 0.025645 0.173031
v 0.079956 0.025645 0.159916
v 0.074348 0.025645 0.159916
v 0.010168 0.000256 0.094511
v 0.010168 0.031404 0.094511
v 0.021284 0.000256 0.103039
v 0.021283 0.031405 0.103039
v 0.034227 0.000256 0.108402
v 0.034227 0.031405 0.108402
v 0.048118 0.000255 0.110230
v 0.048119 0.031405 0.110230
v 0.062009 0.000256 0.108402
v 0.062010 0.031404 0.108402
v 0.074954 0.000255 0.103039
v 0.074954 0.031405 0.103039
v 0.086070 0.000256 0.094511
v 0.086070 0.031405 0.094511
v 0.021889 0.006014 0.159916
v 0.021890 0.000256 0.159916
v 0.016280 0.006014 0.159916
v 0.016281 0.000256 0.159916
v 0.016280 0.025646 0.159916
v 0.016281 0.031405 0.159916
v 0.021889 0.025644 0.159916
v 0.021889 0.031405 0.159916
v 0.033857 1.283271 0.003335
v 0.048119 1.283272 0.001457
v 0.048119 1.310340 0.001457
v 0.033857 1.310339 0.003335
v 0.020569 1.283272 0.008840
v 0.020568 1.310340 0.008840
v 0.009156 1.283271 0.017596
v 0.009156 1.310339 0.017596
v 0.012698 1.279693 0.021139
v 0.023072 1.279693 0.013179
v 0.035154 1.279693 0.008174
v 0.048119 1.279693 0.006467
v 0.035154 -0.562421 0.008174
v 0.048118 -0.562421 0.006467
v 0.023072 -0.562421 0.013178
v 0.012698 -0.562422 0.021139
v 0.004737 -0.562422 0.031513
v 0.004738 1.279693 0.031513
v 0.000400 1.283271 0.029009
v 0.000399 1.310339 0.029009
v -0.005105 1.310339 0.042298
v -0.005105 1.283271 0.042298
v -0.006982 1.283272 0.056560
v -0.001974 1.279693 0.056560
v -0.000266 1.279693 0.069524
v -0.000266 -0.562421 0.069524
v -0.001974 -0.562422 0.056560
v -0.000266 1.279693 0.043595
v -0.000266 -0.562421 0.043594
v -0.006982 1.310339 0.056560
v -0.005105 1.283271 0.070822
v 0.000400 1.283271 0.084110
v 0.004738 1.279693 0.081606
v 0.012698 1.279693 0.091980
v 0.009156 1.283271 0.095522
v 0.023072 1.279693 0.099941
v 0.020569 1.283272 0.104279
v 0.035154 1.279693 0.104945
v 0.033857 1.283271 0.109784
v 0.048119 1.279693 0.106652
v 0.048119 1.283272 0.111662
v 0.061083 1.279693 0.104945
v 0.062381 1.283272 0.109784
v 0.073165 1.279693 0.099941
v 0.075670 1.283271 0.104279
v 0.083540 1.279693 0.091980
v 0.062381 1.310340 0.109783
v 0.048119 1.310340 0.111662
v 0.033858 1.310339 0.109783
v 0.020568 1.310340 0.104279
v 0.009156 1.310339 0.095522
v 0.000399 1.310339 0.084110
v -0.005105 1.310339 0.070822
v 0.004737 -0.562422 0.081606
v 0.012698 -0.562421 0.091980
v 0.023072 -0.562421 0.099941
v 0.035154 -0.562421 0.104945
v 0.048118 -0.562421 0.106652
v 0.061084 -0.562421 0.104945
v 0.073165 -0.562421 0.099941
v 0.083539 -0.562422 0.091980
v 0.091500 -0.562422 0.081606
v 0.091500 1.279693 0.081606
v 0.087082 1.283272 0.095522
v 0.095838 1.283271 0.084110
v 0.096505 1.279693 0.069524
v 0.101343 1.283271 0.070820
v 0.098211 1.279693 0.056560
v 0.103220 1.283271 0.056560
v 0.096505 1.279693 0.043595
v 0.101343 1.283271 0.042298
v 0.091500 1.279693 0.031513
v 0.095838 1.283271 0.029009
v 0.083540 1.279693 0.021139
v 0.087082 1.283272 0.017596
v 0.073165 1.279693 0.013179
v 0.075670 1.283271 0.008840
v 0.061083 1.279693 0.008174
v 0.062381 1.283272 0.003335
v 0.075670 1.310340 0.008840
v 0.062381 1.310340 0.003335
v 0.096504 -0.562422 0.069524
v 0.098211 -0.562422 0.056560
v 0.096504 -0.562422 0.043594
v 0.091500 -0.562422 0.031513
v 0.083539 -0.562422 0.021139
v 0.073165 -0.562421 0.013178
v 0.061084 -0.562421 0.008174
v 0.048118 -0.562421 0.006467
v 0.048119 1.279693 0.006467
v 0.048119 1.283272 0.001457
v 0.048119 1.310340 0.001457
v -0.031817 0.894974 0.059588
v -0.031817 0.894974 0.052143
v -0.028094 0.894974 0.066037
v -0.021645 0.894975 0.069760
v -0.014200 0.894972 0.069760
v -0.007750 0.894972 0.066037
v -0.004028 0.894974 0.059588
v -0.004028 0.894974 0.052143
v -0.007750 0.894972 0.045694
v -0.014200 0.894972 0.041972
v -0.021645 0.894975 0.041972
v -0.028094 0.894974 0.045694
v 0.013832 0.860391 -0.041166
v 0.013832 0.885217 -0.041166
v 0.013832 0.860391 -0.065766
v 0.013832 0.885217 -0.065766
v 0.013833 0.883573 -0.071366
v 0.013833 0.862114 -0.071366
v 0.013833 0.866650 -0.076269
v 0.013833 0.872844 -0.077620
v 0.013833 0.879038 -0.076270
v 0.078391 0.885217 -0.041166
v 0.078392 0.860391 -0.041166
v 0.078391 0.885217 -0.065765
v 0.078392 0.860391 -0.065766
v 0.078391 0.862114 -0.071366
v 0.078391 0.866650 -0.076270
v 0.078392 0.872844 -0.077620
v 0.078391 0.883573 -0.071366
v 0.078392 0.879038 -0.076269
v 0.116049 0.876451 0.085753
v 0.112440 0.877948 0.085753
v 0.115131 0.876950 0.082746
v 0.107281 0.872790 0.092651
v 0.107281 0.872790 0.085753
v 0.108800 0.876451 0.092651
v 0.108800 0.876451 0.085753
v 0.112440 0.877948 0.092651
v 0.116049 0.876451 0.092651
v 0.117568 0.872790 0.092651
v 0.117568 0.872790 0.085753
v 0.121525 0.874055 0.081416
v 0.121524 0.871558 0.081416
v 0.127095 0.873689 0.071035
v 0.127095 0.871925 0.071035
v 0.124721 0.873689 0.061507
v 0.124721 0.871925 0.061507
v 0.115004 0.873689 0.055843
v 0.115005 0.871925 0.055843
v 0.106649 0.873688 0.056317
v 0.106649 0.871925 0.056317
v 0.121809 0.875919 0.073123
v 0.120764 0.875919 0.065908
v 0.114466 0.875919 0.060906
v 0.107250 0.875919 0.060621
v 0.100287 0.873688 0.060210
v 0.102502 0.875919 0.063629
v 0.096615 0.873689 0.066857
v 0.099874 0.875919 0.068217
v 0.096726 0.873688 0.072586
v 0.098972 0.875220 0.073219
v 0.098166 0.873855 0.076542
v 0.098957 0.874287 0.077302
v 0.099717 0.874886 0.077017
v 0.100287 0.871925 0.060210
v 0.096615 0.871925 0.066857
v 0.096725 0.871925 0.072586
v 0.098166 0.871759 0.076542
v 0.098957 0.871326 0.077302
v 0.101220 0.875951 0.073883
v 0.103135 0.876983 0.069547
v 0.104718 0.876983 0.067015
v 0.107851 0.876983 0.064958
v 0.113928 0.876983 0.065844
v 0.116808 0.876651 0.070275
v 0.116491 0.876351 0.075181
v 0.108705 0.876251 0.084075
v 0.106649 0.871925 0.056317
v 0.100287 0.871925 0.060210
v 0.107250 0.869662 0.060621
v 0.114466 0.869662 0.060906
v 0.115005 0.871925 0.055843
v 0.124721 0.871925 0.061507
v 0.120765 0.869662 0.065908
v 0.127095 0.871925 0.071035
v 0.121809 0.869662 0.073123
v 0.121524 0.871558 0.081416
v 0.117568 0.872790 0.092651
v 0.117568 0.872790 0.085753
v 0.116048 0.869163 0.092651
v 0.116048 0.869163 0.085753
v 0.115131 0.868664 0.082746
v 0.116492 0.869263 0.075181
v 0.116809 0.868964 0.070275
v 0.113928 0.868630 0.065844
v 0.107851 0.868630 0.064958
v 0.102502 0.869662 0.063629
v 0.096615 0.871925 0.066857
v 0.099875 0.869662 0.068217
v 0.096725 0.871925 0.072586
v 0.098973 0.870395 0.073219
v 0.108706 0.869362 0.084075
v 0.098166 0.871759 0.076542
v 0.098957 0.871326 0.077302
v 0.099717 0.870694 0.077017
v 0.101220 0.869662 0.073883
v 0.103135 0.868630 0.069547
v 0.104718 0.868630 0.067015
v 0.112441 0.867665 0.092651
v 0.112441 0.867665 0.085753
v 0.108801 0.869163 0.092651
v 0.108801 0.869163 0.085753
v 0.107281 0.872790 0.092651
v 0.107281 0.872790 0.085753
v -0.042813 -1.241523 0.042720
v -0.042814 -1.251393 0.042720
v -0.042814 -1.251394 0.086370
v -0.042813 -1.241522 0.086370
v -0.045065 -1.233117 0.042720
v -0.045065 -1.233117 0.086370
v -0.051219 -1.226964 0.042720
v -0.051219 -1.226964 0.086370
v -0.059624 -1.224712 0.042720
v -0.059624 -1.224712 0.086370
v -0.068030 -1.226964 0.042720
v -0.068030 -1.226964 0.086370
v -0.074183 -1.233117 0.042720
v -0.074183 -1.233118 0.086370
v -0.076435 -1.241523 0.042720
v -0.076435 -1.241522 0.086370
v -0.076436 -1.251394 0.042720
v -0.076436 -1.251394 0.086370
v 0.027402 1.169386 0.092442
v 0.077416 1.169385 0.085857
v 0.037395 1.169386 0.096581
v 0.048119 1.169385 0.097993
v 0.058843 1.169385 0.096581
v 0.068836 1.169386 0.092442
v 0.089552 1.169386 0.056560
v 0.088141 1.169386 0.067283
v 0.088141 1.169386 0.045835
v 0.084001 1.169385 0.035843
v 0.077416 1.169385 0.027262
v 0.068836 1.169386 0.020677
v 0.058843 1.169385 0.016538
v 0.048119 1.169385 0.015126
v 0.037395 1.169386 0.016538
v 0.027402 1.169386 0.020677
v 0.018821 1.169385 0.027262
v 0.012237 1.169385 0.035843
v 0.084001 1.169385 0.077277
v 0.008097 1.169386 0.045835
v 0.006686 1.169386 0.056560
v 0.008097 1.169386 0.067283
v 0.012237 1.169385 0.077277
v 0.018821 1.169385 0.085857
v 0.028139 -1.293963 0.041984
v 0.028536 -1.265787 0.041987
v 0.020104 -1.265787 0.056576
v 0.019707 -1.293964 0.056576
v 0.028129 -1.293965 0.071178
v 0.028526 -1.265790 0.071180
v 0.044995 -1.293964 0.071186
v 0.045392 -1.265789 0.071186
v 0.053425 -1.293963 0.056576
v 0.053822 -1.265787 0.056576
v 0.045387 -1.265786 0.041978
v 0.044991 -1.293962 0.041979
v 0.028536 -1.265787 0.041987
v 0.028139 -1.293963 0.041984
v -0.071672 -1.194782 0.086375
v -0.071673 -1.219985 0.086375
v -0.071673 -1.219985 0.101063
v -0.071672 -1.175679 0.101063
v -0.071672 -1.175680 0.028253
v -0.071672 -1.194782 0.042661
v -0.071673 -1.219985 0.028253
v -0.071673 -1.219985 0.042661
v -0.086026 -1.194781 0.101063
v -0.116886 -1.194782 0.101063
v -0.116886 -1.175679 0.101063
v -0.071672 -1.175679 0.101063
v -0.071673 -1.219985 0.101063
v -0.086027 -1.219984 0.101063
v 0.025403 0.006014 0.173031
v 0.021889 0.006014 0.159916
v 0.016280 0.006014 0.159916
v 0.020546 0.006014 0.175835
v 0.035004 0.006013 0.182632
v 0.032200 0.006014 0.187489
v 0.048119 0.006013 0.186146
v 0.048119 0.006014 0.191754
v 0.061233 0.006014 0.182632
v 0.064037 0.006014 0.187489
v 0.070834 0.006013 0.173031
v 0.075691 0.006014 0.175835
v 0.074349 0.006013 0.159916
v 0.079957 0.006014 0.159916
v 0.178852 -1.065527 0.047916
v 0.178853 -1.204025 0.047917
v 0.187637 -1.065527 0.043839
v 0.187638 -1.204024 0.043839
v 0.196422 -1.065527 0.047917
v 0.196422 -1.204024 0.047917
v 0.200499 -1.065527 0.056701
v 0.200499 -1.204024 0.056701
v 0.196422 -1.065527 0.065485
v 0.196422 -1.204024 0.065485
v 0.187637 -1.065527 0.069562
v 0.187638 -1.204024 0.069562
v 0.178852 -1.065527 0.065485
v 0.178853 -1.204024 0.065485
v 0.174776 -1.065527 0.056701
v 0.174776 -1.204025 0.056701
v 0.178852 -1.065527 0.047916
v 0.178853 -1.204025 0.047917
v 0.176653 -1.204023 0.079729
v 0.196240 -1.204023 0.073816
v 0.176653 -1.214113 0.079729
v 0.196240 -1.214113 0.073816
v 0.201497 -1.214114 0.069405
v 0.201497 -1.204023 0.069405
v 0.204929 -1.214113 0.063460
v 0.204929 -1.204023 0.063460
v 0.206121 -1.214113 0.056701
v 0.206122 -1.204023 0.056701
v 0.204929 -1.214113 0.049942
v 0.204930 -1.204023 0.049942
v 0.201497 -1.214114 0.043998
v 0.201497 -1.204023 0.043998
v 0.196240 -1.214113 0.039585
v 0.196240 -1.204023 0.039585
v 0.176653 -1.204023 0.033617
v 0.176654 -1.214113 0.033617
v 0.120018 0.894972 0.027635
v 0.103542 0.894971 0.027635
v 0.103542 0.885218 0.027635
v 0.103542 0.860391 0.027635
v 0.120018 0.850637 0.027635
v 0.103542 0.850638 0.027635
v 0.196239 -1.065527 0.073816
v 0.196240 -1.051223 0.073816
v 0.201497 -1.065527 0.069405
v 0.201497 -1.051224 0.069405
v 0.204929 -1.065527 0.063460
v 0.204930 -1.051223 0.063460
v 0.206122 -1.065526 0.056701
v 0.206122 -1.051224 0.056701
v 0.204929 -1.065527 0.049942
v 0.204930 -1.051224 0.049942
v 0.201497 -1.065527 0.043998
v 0.201497 -1.051224 0.043998
v 0.196239 -1.065527 0.039585
v 0.196240 -1.051223 0.039585
v 0.095658 -1.051224 0.009020
v 0.095658 -1.065527 0.009020
v 0.081734 -1.065527 -0.001664
v 0.081734 -1.051224 -0.001664
v 0.065519 -1.065528 -0.008381
v 0.065519 -1.051224 -0.008381
v 0.048118 -1.065528 -0.010672
v 0.048119 -1.051223 -0.010672
v -0.100003 -1.065527 0.073816
v -0.105260 -1.065527 0.069405
v -0.105261 -1.051224 0.069405
v -0.100003 -1.051224 0.073816
v 0.000580 -1.051224 0.104098
v 0.000580 -1.065527 0.104098
v 0.014503 -1.065527 0.114783
v 0.014503 -1.051224 0.114783
v 0.030718 -1.065527 0.121499
v 0.030718 -1.051224 0.121499
v 0.048118 -1.065528 0.123790
v 0.048119 -1.051223 0.123790
v 0.065519 -1.065528 0.121499
v 0.065519 -1.051224 0.121499
v 0.081734 -1.065527 0.114783
v 0.081733 -1.051224 0.114783
v 0.095658 -1.065527 0.104098
v 0.095657 -1.051223 0.104098
v 0.030718 -1.065527 -0.008381
v 0.048118 -1.065528 -0.010672
v 0.048119 -1.051223 -0.010672
v 0.030718 -1.051224 -0.008381
v 0.014503 -1.065527 -0.001664
v 0.014503 -1.051224 -0.001664
v 0.000580 -1.065528 0.009020
v 0.000579 -1.051224 0.009020
v -0.100003 -1.051224 0.039585
v -0.100003 -1.065526 0.039585
v -0.105260 -1.065527 0.043998
v -0.105261 -1.051224 0.043998
v -0.108693 -1.065527 0.049942
v -0.108692 -1.051224 0.049942
v -0.109885 -1.065527 0.056701
v -0.109885 -1.051224 0.056701
v -0.108693 -1.065527 0.063460
v -0.108692 -1.051224 0.063460
v 0.106151 -1.051222 0.041010
v 0.108198 -1.051222 0.056559
v 0.108198 -1.065526 0.056559
v 0.106150 -1.065526 0.041010
v 0.100148 -1.051223 0.026520
v 0.100148 -1.065526 0.026520
v 0.090601 -1.051223 0.014077
v 0.090601 -1.065526 0.014077
v 0.078158 -1.051222 0.004529
v 0.078158 -1.065526 0.004529
v 0.063668 -1.051223 -0.001473
v 0.063668 -1.065526 -0.001473
v 0.048119 -1.051223 -0.003521
v 0.048118 -1.065527 -0.003521
v 0.005636 -1.051222 0.099042
v 0.005635 -1.065526 0.099042
v 0.018079 -1.051223 0.108590
v 0.018078 -1.065526 0.108590
v 0.032569 -1.051223 0.114592
v 0.032569 -1.065526 0.114592
v 0.048119 -1.051223 0.116639
v 0.048118 -1.065526 0.116639
v 0.063668 -1.051223 0.114592
v 0.063668 -1.065526 0.114592
v 0.078158 -1.051223 0.108590
v 0.078158 -1.065526 0.108590
v 0.090601 -1.051223 0.099042
v 0.090601 -1.065526 0.099042
v 0.100149 -1.051223 0.086599
v 0.100148 -1.065526 0.086599
v 0.106151 -1.051222 0.072109
v 0.106150 -1.065526 0.072109
v 0.048119 -1.051223 -0.003521
v 0.048118 -1.065527 -0.003521
v 0.032569 -1.051223 -0.001473
v 0.032569 -1.065526 -0.001473
v 0.018079 -1.051223 0.004529
v 0.018078 -1.065526 0.004529
v 0.005636 -1.051222 0.014077
v 0.005635 -1.065526 0.014077
v -0.003912 -1.051222 0.026520
v -0.003912 -1.065525 0.026520
v -0.009914 -1.051223 0.041010
v -0.009914 -1.065527 0.041010
v -0.011961 -1.051223 0.056559
v -0.011961 -1.065526 0.056559
v -0.009914 -1.051223 0.072109
v -0.009914 -1.065527 0.072109
v -0.003912 -1.051222 0.086599
v -0.003912 -1.065526 0.086599
v 0.176654 -1.214113 0.092761
v 0.169498 -1.214113 0.092761
v 0.176653 -1.204024 0.092761
v 0.169498 -1.204024 0.092761
v 0.176653 -1.204024 0.020404
v 0.169498 -1.204024 0.020404
v 0.176654 -1.214113 0.020404
v 0.169498 -1.214113 0.020404
v 0.169498 -1.214113 0.099652
v 0.162341 -1.214113 0.099652
v 0.169498 -1.204024 0.099652
v 0.162341 -1.204024 0.099652
v 0.169498 -1.204024 0.013513
v 0.162341 -1.204024 0.013513
v 0.169498 -1.214113 0.013513
v 0.162341 -1.214113 0.013513
v 0.176654 -1.214113 0.020404
v 0.176654 -1.214113 0.033617
v 0.176653 -1.204024 0.020404
v 0.176653 -1.204023 0.033617
v 0.176653 -1.214113 0.079729
v 0.176654 -1.214113 0.092761
v 0.176653 -1.204023 0.079729
v 0.176653 -1.204024 0.092761
v 0.169498 -1.204024 0.099652
v 0.169498 -1.204024 0.092761
v 0.169498 -1.214113 0.099652
v 0.169498 -1.214113 0.092761
v 0.169498 -1.204024 0.020404
v 0.169498 -1.204024 0.013513
v 0.169498 -1.214113 0.020404
v 0.169498 -1.214113 0.013513
v 0.147816 -1.251275 0.026795
v 0.147817 -1.230092 0.013513
v 0.147817 -1.251276 0.086370
v 0.147817 -1.230093 0.099652
v 0.147817 -1.204024 0.013513
v 0.147817 -1.204024 0.099652
v 0.005125 0.885217 -0.019027
v -0.008261 0.885217 0.027635
v -0.008261 0.860391 0.027635
v 0.005125 0.860391 -0.019027
v 0.005125 0.860391 -0.065766
v 0.005125 0.885217 -0.065766
v 0.005125 0.883573 -0.071366
v 0.005125 0.862115 -0.071366
v 0.005126 0.879038 -0.076269
v 0.005126 0.872845 -0.077620
v 0.005125 0.866650 -0.076270
v 0.147817 -1.204024 0.013513
v 0.162341 -1.204024 0.013513
v 0.147817 -1.204024 0.099652
v 0.162341 -1.204024 0.099652
v 0.069705 -1.166845 -0.024006
v 0.071558 -1.166846 -0.030919
v 0.089823 -1.166845 -0.015674
v 0.093401 -1.166844 -0.021872
v 0.112156 -1.247331 -0.007479
v 0.093400 -1.247331 -0.021872
v 0.071558 -1.247331 -0.030919
v 0.048118 -1.247330 -0.034004
v 0.048119 -1.166846 -0.034004
v 0.048119 -1.166845 -0.026849
v 0.048118 -1.135129 -0.019878
v 0.067902 -1.135128 -0.017274
v 0.107271 -1.096432 0.072409
v 0.109357 -1.096432 0.056560
v 0.107271 -1.096432 0.040710
v 0.101153 -1.096432 0.025939
v 0.091421 -1.096432 0.013257
v 0.078738 -1.096432 0.003525
v 0.063969 -1.096431 -0.002594
v 0.048119 -1.096432 -0.004680
v -0.116886 -1.175679 0.101063
v -0.116885 -1.175679 0.028253
v -0.071672 -1.175679 0.101063
v -0.071672 -1.175680 0.028253
v -0.116885 -1.175679 0.028253
v -0.116886 -1.175679 0.101063
v -0.116885 -1.194782 0.028253
v -0.116886 -1.194782 0.101063
v 0.069564 -0.826795 0.138476
v 0.069564 -0.826795 0.143231
v 0.069564 -0.822718 0.143231
v 0.069564 -0.822718 0.138476
v 0.067187 -0.826795 0.134359
v 0.067187 -0.822718 0.134359
v 0.063069 -0.826795 0.131982
v 0.063069 -0.822717 0.131982
v 0.058315 -0.826795 0.131982
v 0.063069 -0.826795 0.131982
v 0.063069 -0.822717 0.131982
v 0.058315 -0.822718 0.131982
v 0.054197 -0.826794 0.134359
v 0.054197 -0.822718 0.134359
v 0.051821 -0.826795 0.138476
v 0.051821 -0.822717 0.138476
v 0.051821 -0.826795 0.143231
v 0.051821 -0.822717 0.143231
v 0.054186 -0.826795 0.147337
v 0.054186 -0.822718 0.147337
v 0.058331 -0.826795 0.149730
v 0.058331 -0.822717 0.149730
v 0.063069 -0.826795 0.149726
v 0.063069 -0.822717 0.149726
v 0.067187 -0.826795 0.147349
v 0.067187 -0.822718 0.147349
v 0.087099 0.860391 -0.019027
v 0.103542 0.860391 0.027635
v 0.103542 0.885218 0.027635
v 0.087099 0.885218 -0.019027
v 0.087099 0.860391 -0.065765
v 0.087099 0.885218 -0.065765
v 0.087099 0.883573 -0.071366
v 0.087098 0.862114 -0.071366
v 0.087099 0.879038 -0.076269
v 0.087099 0.872843 -0.077620
v 0.087099 0.866649 -0.076270
v 0.098957 0.871326 0.077302
v 0.098957 0.874287 0.077302
v 0.099717 0.874886 0.077017
v 0.099717 0.870694 0.077017
v 0.101220 0.869662 0.073883
v 0.101220 0.875951 0.073883
v 0.103135 0.876983 0.069547
v 0.103135 0.868630 0.069547
v 0.104718 0.876983 0.067015
v 0.104718 0.868630 0.067015
v 0.107851 0.876983 0.064958
v 0.107851 0.868630 0.064958
v 0.113928 0.876983 0.065844
v 0.113928 0.868630 0.065844
v 0.116808 0.876651 0.070275
v 0.116809 0.868964 0.070275
v 0.116491 0.876351 0.075181
v 0.116492 0.869263 0.075181
v 0.108705 0.876251 0.084075
v 0.108706 0.869362 0.084075
v 0.107281 0.872790 0.085753
v 0.069564 -0.826795 0.176725
v 0.069564 -0.826795 0.181481
v 0.069564 -0.822718 0.181481
v 0.069564 -0.822718 0.176725
v 0.067187 -0.826795 0.172607
v 0.067187 -0.822718 0.172607
v 0.063069 -0.826795 0.170230
v 0.063069 -0.822717 0.170230
v 0.058315 -0.826795 0.170230
v 0.063069 -0.826795 0.170230
v 0.063069 -0.822717 0.170230
v 0.058315 -0.822718 0.170230
v 0.054197 -0.826794 0.172607
v 0.054197 -0.822718 0.172607
v 0.051821 -0.826795 0.176725
v 0.051821 -0.822717 0.176725
v 0.051821 -0.826795 0.181481
v 0.051821 -0.822717 0.181481
v 0.054186 -0.826795 0.185585
v 0.054186 -0.822718 0.185585
v 0.058331 -0.826795 0.187978
v 0.058331 -0.822717 0.187978
v 0.063069 -0.826795 0.187975
v 0.063069 -0.822717 0.187975
v 0.067187 -0.826795 0.185597
v 0.067187 -0.822718 0.185597
v 0.162341 -1.251276 0.086370
v 0.147817 -1.251276 0.086370
v 0.147817 -1.230093 0.099652
v 0.162341 -1.230093 0.099652
v 0.147817 -1.204024 0.099652
v 0.162341 -1.204024 0.099652
v 0.147816 -1.251275 0.026795
v 0.162341 -1.251276 0.026795
v 0.162341 -1.230093 0.013513
v 0.147817 -1.230092 0.013513
v 0.162341 -1.204024 0.013513
v 0.147817 -1.204024 0.013513
v 0.162342 -1.265801 0.026795
v 0.162342 -1.265801 0.086370
v 0.162341 -1.251276 0.086370
v 0.162341 -1.251276 0.026795
v 0.162341 -1.230093 0.099652
v 0.162341 -1.230093 0.013513
v 0.162341 -1.204024 0.099652
v 0.162341 -1.204024 0.013513
v 0.074392 -0.744118 0.159814
v 0.073214 -0.744118 0.150860
v 0.078073 -0.744118 0.150860
v 0.078073 -0.744118 0.159814
v 0.078073 -0.744118 0.168766
v 0.073214 -0.744118 0.168766
v 0.078073 -0.694476 0.168766
v 0.073214 -0.694475 0.168766
v 0.070954 -0.586705 0.175176
v 0.070954 -0.688099 0.175176
v 0.074023 -0.688099 0.167766
v 0.074024 -0.586705 0.167766
v 0.075071 -0.586705 0.159814
v 0.075071 -0.688099 0.159814
v 0.074024 -0.586705 0.151861
v 0.074023 -0.688099 0.151861
v 0.070954 -0.688099 0.144451
v 0.070954 -0.586705 0.144451
v 0.075190 -0.586705 0.175176
v 0.070954 -0.586705 0.175176
v 0.074024 -0.586705 0.167766
v 0.078259 -0.586705 0.167766
v 0.075071 -0.586705 0.159814
v 0.079306 -0.586704 0.159814
v 0.078259 -0.586705 0.151861
v 0.074024 -0.586705 0.151861
v 0.075190 -0.586705 0.144451
v 0.070954 -0.586705 0.144451
v 0.078073 -0.694476 0.150860
v 0.078073 -0.744118 0.150860
v 0.073214 -0.694475 0.150860
v 0.073214 -0.744118 0.150860
v 0.078073 -0.694476 0.150860
v 0.073214 -0.694475 0.150860
v 0.078073 -0.694476 0.142519
v 0.069759 -0.694475 0.142519
v 0.069759 -0.694475 0.177109
v 0.073214 -0.694475 0.168766
v 0.078073 -0.694476 0.177109
v 0.078073 -0.694476 0.168766
v 0.069759 -0.694475 0.177109
v 0.078073 -0.694476 0.177109
v 0.069759 -0.580329 0.177109
v 0.078073 -0.580328 0.177109
v 0.069759 -0.580329 0.177109
v 0.078073 -0.580328 0.177109
v 0.073215 -0.580328 0.168766
v 0.078073 -0.580328 0.168766
v 0.074393 -0.580328 0.159814
v 0.078073 -0.580328 0.159814
v 0.078073 -0.580328 0.150860
v 0.073215 -0.580328 0.150860
v 0.078073 -0.580328 0.142519
v 0.069759 -0.580329 0.142519
v 0.074023 -0.688099 0.167766
v 0.070954 -0.688099 0.175176
v 0.075190 -0.688099 0.175176
v 0.078259 -0.688099 0.167766
v 0.075071 -0.688099 0.159814
v 0.079306 -0.688099 0.159814
v 0.078259 -0.688099 0.151861
v 0.074023 -0.688099 0.151861
v 0.075190 -0.688099 0.144451
v 0.070954 -0.688099 0.144451
v 0.075190 -0.688099 0.175176
v 0.075190 -0.586705 0.175176
v 0.078259 -0.586705 0.167766
v 0.078259 -0.688099 0.167766
v 0.079306 -0.688099 0.159814
v 0.079306 -0.586704 0.159814
v 0.078259 -0.688099 0.151861
v 0.078259 -0.586705 0.151861
v 0.075190 -0.586705 0.144451
v 0.075190 -0.688099 0.144451
v 0.071308 -0.596416 0.157958
v 0.071307 -0.601480 0.152893
v 0.082467 -0.601480 0.152893
v 0.082467 -0.596416 0.157958
v 0.071307 -0.598269 0.164875
v 0.082467 -0.598269 0.164875
v 0.071308 -0.605187 0.166729
v 0.082467 -0.605187 0.166729
v 0.071308 -0.610251 0.161665
v 0.082467 -0.610251 0.161665
v 0.071308 -0.608398 0.154747
v 0.082467 -0.608397 0.154747
v 0.071307 -0.601480 0.152893
v 0.082467 -0.601480 0.152893
v 0.078073 -0.694476 0.142519
v 0.069759 -0.694475 0.142519
v 0.078073 -0.580328 0.142519
v 0.069759 -0.580329 0.142519
v 0.075190 -0.688099 0.144451
v 0.075190 -0.586705 0.144451
v 0.070954 -0.688099 0.144451
v 0.070954 -0.586705 0.144451
v 0.075190 -0.688099 0.175176
v 0.070954 -0.688099 0.175176
v 0.075190 -0.586705 0.175176
v 0.070954 -0.586705 0.175176
v 0.081372 -0.612060 0.171183
v 0.081371 -0.607076 0.173776
v 0.084909 -0.607076 0.173776
v 0.084909 -0.612061 0.171183
v 0.081371 -0.615855 0.167040
v 0.084909 -0.615856 0.167040
v 0.081371 -0.617546 0.161682
v 0.084910 -0.617546 0.161682
v 0.081372 -0.617300 0.156068
v 0.084909 -0.617300 0.156068
v 0.081371 -0.614707 0.151084
v 0.084910 -0.614707 0.151084
v 0.081371 -0.610564 0.147289
v 0.084909 -0.610564 0.147289
v 0.081371 -0.605205 0.145597
v 0.084909 -0.605205 0.145597
v 0.081372 -0.599592 0.145844
v 0.081371 -0.605205 0.145597
v 0.084909 -0.605205 0.145597
v 0.084909 -0.599593 0.145844
v 0.081371 -0.594608 0.148438
v 0.084910 -0.594607 0.148438
v 0.081371 -0.590812 0.152581
v 0.084910 -0.590813 0.152581
v 0.081372 -0.589122 0.157939
v 0.084910 -0.589122 0.157939
v 0.081372 -0.589368 0.163553
v 0.084910 -0.589368 0.163553
v 0.081371 -0.591961 0.168537
v 0.084909 -0.591961 0.168537
v 0.081371 -0.596064 0.172402
v 0.084909 -0.596064 0.172402
v 0.081372 -0.601463 0.174023
v 0.084909 -0.601463 0.174023
v 0.111631 -0.595670 0.157758
v 0.084909 -0.595671 0.157758
v 0.084909 -0.597723 0.154201
v 0.111631 -0.597722 0.154201
v 0.084910 -0.601280 0.152148
v 0.111632 -0.601280 0.152148
v 0.084909 -0.605386 0.152148
v 0.111631 -0.605387 0.152148
v 0.111631 -0.605387 0.152148
v 0.084909 -0.605386 0.152148
v 0.084910 -0.608944 0.154201
v 0.111631 -0.608943 0.154201
v 0.084910 -0.610998 0.157758
v 0.111631 -0.610997 0.157758
v 0.084910 -0.610998 0.161865
v 0.111631 -0.610997 0.161865
v 0.084910 -0.608944 0.165421
v 0.111631 -0.608943 0.165421
v 0.084909 -0.605386 0.167475
v 0.111631 -0.605387 0.167475
v 0.084910 -0.601280 0.167475
v 0.111632 -0.601280 0.167475
v 0.084909 -0.597723 0.165422
v 0.111631 -0.597722 0.165422
v 0.084909 -0.595671 0.161865
v 0.111631 -0.595670 0.161865
v 0.074392 -0.744118 0.159814
v 0.073214 -0.744118 0.168766
v 0.073214 -0.694475 0.168766
v 0.074393 -0.694475 0.159814
v 0.073215 -0.580328 0.168766
v 0.074393 -0.580328 0.159814
v 0.073214 -0.694475 0.150860
v 0.073215 -0.580328 0.150860
v 0.069759 -0.580329 0.142519
v 0.069759 -0.694475 0.142519
v 0.073214 -0.744118 0.150860
v 0.069759 -0.694475 0.177109
v 0.069759 -0.580329 0.177109
v 0.023658 -0.809537 0.184273
v 0.030725 -0.809538 0.189935
v 0.018544 -0.809538 0.189279
v 0.027148 -0.809537 0.196133
v 0.037385 -0.809538 0.200156
v 0.039164 -0.809537 0.193225
v 0.048117 -0.809538 0.194404
v 0.048117 -0.809538 0.201560
v 0.058922 -0.809538 0.200137
v 0.057069 -0.809538 0.193225
v 0.068990 -0.809538 0.195967
v 0.065412 -0.809538 0.189769
v 0.077635 -0.809537 0.189332
v 0.072575 -0.809538 0.184273
v 0.078072 -0.809537 0.177109
v 0.084269 -0.809538 0.180686
v 0.081528 -0.809538 0.168766
v 0.088441 -0.809538 0.170618
v 0.089863 -0.809538 0.159814
v 0.082706 -0.809538 0.159814
v 0.088441 -0.809538 0.149008
v 0.081528 -0.809538 0.150860
v 0.084269 -0.809538 0.138940
v 0.078072 -0.809537 0.142519
v 0.077635 -0.809537 0.130294
v 0.072575 -0.809538 0.135354
v 0.068990 -0.809538 0.123660
v 0.065412 -0.809538 0.129857
v 0.058921 -0.809538 0.119490
v 0.057069 -0.809538 0.126402
v 0.048117 -0.809538 0.118067
v 0.048117 -0.809538 0.125223
v -0.009498 -0.580328 0.135354
v -0.009498 -0.744118 0.135355
v 0.023658 -0.580328 0.135354
v 0.023657 -0.744118 0.135355
v 0.023658 -0.580328 0.184273
v 0.023658 -0.744118 0.184273
v -0.009498 -0.580328 0.184273
v -0.009498 -0.744118 0.184273
v -0.004098 -0.740540 0.138932
v -0.004098 -0.583906 0.138932
v -0.078109 -0.740540 0.138932
v -0.078110 -0.583906 0.138932
v -0.078109 -0.740540 0.180694
v -0.078110 -0.583906 0.180694
v -0.004098 -0.740540 0.180694
v -0.004098 -0.583906 0.180694
v -0.078109 -0.740540 0.180694
v -0.078109 -0.740540 0.138932
v -0.078110 -0.583906 0.180694
v -0.078110 -0.583906 0.138932
v -0.078109 -0.740540 0.138932
v -0.078109 -0.740540 0.180694
v -0.004098 -0.740540 0.138932
v -0.004098 -0.740540 0.180694
v -0.078110 -0.583906 0.180694
v -0.078110 -0.583906 0.138932
v -0.004098 -0.583906 0.180694
v -0.004098 -0.583906 0.138932
v 0.088600 -0.792986 0.097040
v 0.083539 -0.795819 0.091980
v 0.076743 -0.792985 0.106138
v 0.073165 -0.795819 0.099941
v 0.062935 -0.792985 0.111857
v 0.061083 -0.795819 0.104945
v 0.048118 -0.792986 0.113808
v 0.048119 -0.795819 0.106652
v 0.033301 -0.792985 0.111857
v 0.035154 -0.795819 0.104945
v 0.019494 -0.792985 0.106138
v 0.023073 -0.795818 0.099941
v 0.007637 -0.792986 0.097040
v 0.012698 -0.795819 0.091980
v -0.001461 -0.792986 0.085183
v 0.004737 -0.795818 0.081606
v -0.000267 -0.795818 0.069524
v -0.011034 -1.096432 0.072409
v -0.001974 -0.795819 0.056560
v -0.013121 -1.096432 0.056560
v -0.000267 -0.795818 0.043594
v -0.011034 -1.096432 0.040710
v -0.004916 -1.096432 0.025940
v -0.004916 -1.096432 0.087179
v 0.004816 -1.096432 0.099862
v 0.017499 -1.096432 0.109595
v 0.032269 -1.096433 0.115712
v 0.048119 -1.096432 0.117798
v 0.063969 -1.096432 0.115712
v 0.078738 -1.096432 0.109595
v 0.091421 -1.096432 0.099862
v 0.101153 -1.096432 0.087179
v 0.091500 -0.795819 0.081605
v 0.107271 -1.096432 0.072409
v -0.009130 -0.792986 0.056560
v -0.007179 -0.792985 0.041742
v 0.004737 -0.795818 0.031513
v 0.012698 -0.795819 0.021139
v 0.004816 -1.096432 0.013257
v 0.023073 -0.795818 0.013178
v 0.017499 -1.096432 0.003525
v 0.032269 -1.096432 -0.002594
v 0.035154 -0.795819 0.008174
v 0.033301 -0.792985 0.001261
v 0.019494 -0.792986 0.006981
v 0.007637 -0.792986 0.016078
v -0.001461 -0.792986 0.027935
v -0.007180 -0.755716 0.041742
v -0.009129 -0.755716 0.056560
v -0.007179 -0.792985 0.071377
v -0.007180 -0.755716 0.071377
v -0.001460 -0.755717 0.085183
v 0.004738 -0.752883 0.081606
v 0.007638 -0.755716 0.097040
v 0.012698 -0.752882 0.091980
v 0.048118 -0.792986 -0.000689
v 0.048119 -0.795819 0.006467
v 0.048119 -1.096432 -0.004680
v 0.012698 -0.642863 0.091980
v 0.004738 -0.642863 0.081606
v -0.000267 -0.752882 0.069524
v -0.001974 -0.752882 0.056560
v -0.000267 -0.752882 0.043594
v -0.001460 -0.755717 0.027935
v 0.007637 -0.755716 0.016078
v 0.019494 -0.755716 0.006981
v 0.033302 -0.755716 0.001261
v 0.048119 -0.755716 -0.000689
v 0.048118 -0.752882 0.006467
v 0.035154 -0.752883 0.008174
v 0.023072 -0.752883 0.013178
v 0.012698 -0.752882 0.021139
v 0.004738 -0.752883 0.031513
v -0.000267 -0.642863 0.043594
v -0.001974 -0.642863 0.056560
v -0.000267 -0.642863 0.069524
v 0.000399 -0.635707 0.084110
v 0.009155 -0.635707 0.095522
v 0.048118 -0.642863 0.006467
v 0.035154 -0.642863 0.008174
v 0.023072 -0.642864 0.013178
v 0.012698 -0.642863 0.021139
v 0.004738 -0.642863 0.031513
v -0.005105 -0.635707 0.042298
v -0.006983 -0.635707 0.056560
v -0.005105 -0.635707 0.070820
v 0.000399 -0.569577 0.084110
v 0.009156 -0.569578 0.095522
v 0.048119 -0.635707 0.001457
v 0.033857 -0.635708 0.003335
v 0.020568 -0.635708 0.008840
v 0.009155 -0.635707 0.017596
v 0.000399 -0.635707 0.029009
v -0.005106 -0.569577 0.042298
v -0.006983 -0.569577 0.056560
v -0.005106 -0.569577 0.070820
v 0.004737 -0.562422 0.081606
v 0.012698 -0.562421 0.091980
v 0.048118 -0.569578 0.001457
v 0.033858 -0.569577 0.003335
v 0.020568 -0.569578 0.008839
v 0.009155 -0.569577 0.017596
v 0.000399 -0.569577 0.029009
v -0.000266 -0.562421 0.043594
v -0.001974 -0.562422 0.056560
v -0.000266 -0.562421 0.069524
v 0.048118 -0.562421 0.006467
v 0.035154 -0.562421 0.008174
v 0.023072 -0.562421 0.013178
v 0.012698 -0.562422 0.021139
v 0.004737 -0.562422 0.031513
v 0.020568 -0.569578 0.104279
v 0.023072 -0.562421 0.099941
v 0.033858 -0.569577 0.109783
v 0.035154 -0.562421 0.104945
v 0.048118 -0.569578 0.111661
v 0.048118 -0.562421 0.106652
v 0.062380 -0.569577 0.109783
v 0.061084 -0.562421 0.104945
v 0.075669 -0.569577 0.104279
v 0.073165 -0.562421 0.099941
v 0.087081 -0.569577 0.095522
v 0.083539 -0.562422 0.091980
v 0.095838 -0.569577 0.084110
v 0.091500 -0.562422 0.081606
v 0.101343 -0.569577 0.070820
v 0.096504 -0.562422 0.069524
v 0.103221 -0.569578 0.056560
v 0.098211 -0.562422 0.056560
v 0.020568 -0.635707 0.104279
v 0.033858 -0.635707 0.109783
v 0.048119 -0.635707 0.111661
v 0.062380 -0.635707 0.109783
v 0.075669 -0.635708 0.104279
v 0.087081 -0.635707 0.095522
v 0.095838 -0.635707 0.084110
v 0.101343 -0.635707 0.070820
v 0.103220 -0.635707 0.056560
v 0.023072 -0.642864 0.099941
v 0.035154 -0.642863 0.104945
v 0.048118 -0.642863 0.106652
v 0.061083 -0.642863 0.104945
v 0.073165 -0.642864 0.099941
v 0.083539 -0.642864 0.091980
v 0.091500 -0.642863 0.081605
v 0.096504 -0.642863 0.069524
v 0.098211 -0.642863 0.056560
v 0.098211 -0.752883 0.056560
v 0.096505 -0.752883 0.069524
v 0.091500 -0.752882 0.081605
v 0.083539 -0.752883 0.091980
v 0.073164 -0.752882 0.099941
v 0.061084 -0.752883 0.104945
v 0.048118 -0.752882 0.106652
v 0.035154 -0.752883 0.104945
v 0.023072 -0.752883 0.099941
v 0.019494 -0.755716 0.106138
v 0.033302 -0.755716 0.111857
v 0.048119 -0.755716 0.113808
v 0.062935 -0.755716 0.111857
v 0.076743 -0.755716 0.106138
v 0.088600 -0.755717 0.097040
v 0.097697 -0.755716 0.085183
v 0.103416 -0.755716 0.071377
v 0.105368 -0.755715 0.056560
v 0.103416 -0.755716 0.041743
v 0.096505 -0.752882 0.043594
v 0.097697 -0.755716 0.027935
v 0.091500 -0.752882 0.031513
v 0.088600 -0.755717 0.016079
v 0.083539 -0.752883 0.021139
v 0.076743 -0.755716 0.006981
v 0.073164 -0.752882 0.013178
v 0.062935 -0.755716 0.001261
v 0.061084 -0.752883 0.008174
v 0.048119 -0.755716 -0.000689
v 0.048118 -0.752882 0.006467
v 0.061084 -0.562421 0.008174
v 0.048118 -0.562421 0.006467
v 0.048118 -0.569578 0.001457
v 0.062380 -0.569577 0.003335
v 0.048119 -0.635707 0.001457
v 0.062380 -0.635707 0.003335
v 0.048118 -0.642863 0.006467
v 0.061083 -0.642863 0.008174
v 0.073165 -0.642864 0.013178
v 0.083539 -0.642864 0.021139
v 0.091500 -0.642863 0.031513
v 0.096504 -0.642863 0.043594
v 0.101342 -0.635707 0.042298
v 0.095838 -0.635707 0.029008
v 0.087081 -0.635707 0.017596
v 0.075669 -0.635708 0.008839
v 0.075669 -0.569577 0.008839
v 0.073165 -0.562421 0.013178
v 0.101343 -0.569577 0.042298
v 0.095838 -0.569577 0.029008
v 0.087081 -0.569577 0.017596
v 0.083539 -0.562422 0.021139
v 0.096504 -0.562422 0.043594
v 0.091500 -0.562422 0.031513
v 0.048118 -0.792986 -0.000689
v 0.048119 -0.795819 0.006467
v 0.062935 -0.792985 0.001261
v 0.061083 -0.795819 0.008174
v 0.076743 -0.792985 0.006981
v 0.073165 -0.795819 0.013178
v 0.088600 -0.792986 0.016078
v 0.083539 -0.795819 0.021139
v 0.097698 -0.792986 0.027935
v 0.091500 -0.795819 0.031513
v 0.103416 -0.792986 0.041742
v 0.096504 -0.795818 0.043594
v 0.105367 -0.792985 0.056560
v 0.098211 -0.795819 0.056560
v 0.103416 -0.792986 0.071377
v 0.096504 -0.795818 0.069524
v 0.097698 -0.792986 0.085183
v 0.109357 -1.096432 0.056560
v 0.107271 -1.096432 0.040710
v 0.101153 -1.096432 0.025939
v 0.091421 -1.096432 0.013257
v 0.078738 -1.096432 0.003525
v 0.063969 -1.096431 -0.002594
v 0.048119 -1.096432 -0.004680
v 0.037312 -0.809538 0.119490
v 0.048117 -0.809538 0.118067
v 0.048117 -0.809538 0.125223
v 0.039164 -0.809537 0.126402
v 0.027243 -0.809538 0.123660
v 0.030821 -0.809538 0.129857
v 0.018597 -0.809538 0.130294
v 0.023658 -0.809537 0.135355
v 0.011963 -0.809538 0.138940
v 0.018160 -0.809538 0.142519
v 0.007792 -0.809538 0.149008
v 0.014705 -0.809538 0.150860
v 0.006370 -0.809537 0.159814
v 0.013526 -0.809538 0.159814
v 0.007792 -0.809538 0.170618
v 0.014705 -0.809538 0.168766
v 0.011963 -0.809538 0.180686
v 0.018160 -0.809538 0.177109
v 0.114476 0.842620 0.020790
v 0.114476 0.902996 0.020790
v 0.103072 0.842620 0.020790
v 0.103071 0.902995 0.020790
v 0.103064 0.896243 0.074903
v 0.102180 0.896243 0.071606
v 0.105477 0.896242 0.077316
v 0.108774 0.896242 0.078200
v 0.112070 0.896243 0.077316
v 0.114484 0.896242 0.074903
v 0.103064 0.896243 0.068308
v 0.115367 0.896242 0.071606
v 0.114484 0.896242 0.068308
v 0.112070 0.896243 0.065895
v 0.108774 0.896242 0.065012
v 0.105477 0.896242 0.065895
v 0.102180 0.849372 0.071606
v 0.103063 0.849372 0.074903
v 0.103063 0.849372 0.068308
v 0.105477 0.849373 0.065895
v 0.108774 0.849373 0.065012
v 0.112070 0.849373 0.065895
v 0.105477 0.849373 0.077316
v 0.114484 0.849373 0.068308
v 0.115367 0.849373 0.071606
v 0.114484 0.849373 0.074903
v 0.112070 0.849373 0.077316
v 0.108774 0.849373 0.078200
v 0.120018 0.894972 0.027635
v 0.120018 0.894972 0.033362
v 0.103542 0.894971 0.027635
v 0.097528 0.894971 0.033363
v 0.120018 0.894972 0.043414
v 0.097528 0.894971 0.043414
v 0.099035 0.894970 0.049037
v 0.103151 0.894971 0.053153
v 0.108774 0.894971 0.054659
v 0.114396 0.894971 0.053153
v 0.118511 0.894971 0.049037
v 0.120018 0.850637 0.027635
v 0.103542 0.850638 0.027635
v 0.120018 0.850638 0.033362
v 0.097529 0.850637 0.033363
v 0.097529 0.850637 0.043414
v 0.120018 0.850638 0.043414
v 0.118512 0.850638 0.049037
v 0.114395 0.850637 0.053153
v 0.108774 0.850637 0.054659
v 0.103151 0.850638 0.053153
v 0.099036 0.850637 0.049037
v 0.001186 0.860391 0.015324
v 0.005125 0.860391 -0.019027
v -0.008261 0.860391 0.027635
v 0.013497 0.860391 0.005877
v 0.027834 0.860391 -0.000062
v 0.043218 0.860391 -0.002087
v 0.087099 0.860391 -0.019027
v 0.058603 0.860391 -0.000062
v 0.074659 0.860391 0.005877
v 0.090752 0.860391 0.015324
v 0.103542 0.860391 0.027635
v 0.078391 0.885217 -0.065765
v 0.078391 0.883573 -0.071366
v 0.087099 0.883573 -0.071366
v 0.087099 0.879038 -0.076269
v 0.078392 0.879038 -0.076269
v 0.087099 0.872843 -0.077620
v 0.078392 0.872844 -0.077620
v 0.087099 0.866649 -0.076270
v 0.078391 0.866650 -0.076270
v 0.087098 0.862114 -0.071366
v 0.078391 0.862114 -0.071366
v 0.087099 0.860391 -0.065765
v 0.078392 0.860391 -0.065766
v 0.078392 0.860391 -0.041166
v 0.013832 0.860391 -0.041166
v 0.005125 0.860391 -0.065766
v 0.013832 0.860391 -0.065766
v 0.005125 0.862115 -0.071366
v 0.078391 0.885217 -0.041166
v 0.087099 0.885218 -0.065765
v 0.013833 0.862114 -0.071366
v 0.005125 0.866650 -0.076270
v 0.013833 0.866650 -0.076269
v 0.005126 0.872845 -0.077620
v 0.013833 0.872844 -0.077620
v 0.005126 0.879038 -0.076269
v 0.013833 0.879038 -0.076270
v 0.005125 0.883573 -0.071366
v 0.013833 0.883573 -0.071366
v 0.005125 0.885217 -0.065766
v 0.013832 0.885217 -0.065766
v 0.013832 0.885217 -0.041166
v 0.005125 0.885217 -0.019027
v 0.087099 0.885218 -0.019027
v 0.001186 0.885218 0.010857
v -0.008261 0.885217 0.027635
v 0.013497 0.885218 0.002589
v 0.027833 0.885217 -0.002608
v 0.043218 0.885217 -0.004380
v 0.058604 0.885218 -0.002607
v 0.074658 0.885218 0.002589
v 0.090752 0.885217 0.010857
v 0.103542 0.885218 0.027635
v 0.105482 0.856391 -0.012260
v 0.105482 0.849373 0.020790
v 0.112065 0.849373 0.020790
v 0.112066 0.856392 -0.012260
v 0.105482 0.859113 -0.065353
v 0.112066 0.859113 -0.065353
v 0.105481 0.860775 -0.089086
v 0.112066 0.860776 -0.089086
v 0.105481 0.860775 -0.089086
v 0.112066 0.860776 -0.089086
v 0.105482 0.884840 -0.089086
v 0.112066 0.884840 -0.089086
v 0.114476 0.902996 0.020790
v 0.114476 0.842620 0.020790
v 0.114476 0.896242 0.026729
v 0.114475 0.849373 0.026729
v 0.103071 0.849373 0.026729
v 0.103072 0.896242 0.026729
v 0.114475 0.849373 0.026729
v 0.114476 0.896242 0.026729
v 0.103072 0.896242 0.026729
v 0.103071 0.849373 0.026729
v 0.103071 0.902995 0.020790
v 0.103072 0.842620 0.020790
v 0.111631 -0.605387 0.152148
v 0.113482 -0.605048 0.153411
v 0.111632 -0.601280 0.152148
v 0.113482 -0.601619 0.153411
v 0.111631 -0.597722 0.154201
v 0.113482 -0.598648 0.155126
v 0.111631 -0.595670 0.157758
v 0.113481 -0.596933 0.158097
v 0.114533 -0.603333 0.159812
v 0.113481 -0.596933 0.161526
v 0.113482 -0.598648 0.164497
v 0.113482 -0.601619 0.166212
v 0.113482 -0.605048 0.166212
v 0.113482 -0.608018 0.164497
v 0.113482 -0.609734 0.161526
v 0.113482 -0.609734 0.158097
v 0.113482 -0.608018 0.155126
v 0.111631 -0.595670 0.161865
v 0.111631 -0.597722 0.165422
v 0.111632 -0.601280 0.167475
v 0.111631 -0.605387 0.167475
v 0.111631 -0.608943 0.165421
v 0.111631 -0.610997 0.161865
v 0.111631 -0.610997 0.157758
v 0.111631 -0.608943 0.154201
v 0.028518 0.025645 0.142672
v 0.040658 0.025645 0.152369
v 0.039718 0.025646 0.135172
v 0.045383 0.025646 0.149641
v 0.053167 0.025646 0.134277
v 0.050838 0.025645 0.149639
v 0.065261 0.025645 0.140226
v 0.055564 0.025646 0.152366
v 0.072761 0.025645 0.151426
v 0.058292 0.025645 0.157091
v 0.073656 0.025645 0.164874
v 0.058294 0.025646 0.162546
v 0.067707 0.025645 0.176969
v 0.055567 0.025646 0.167271
v 0.056507 0.025645 0.184469
v 0.050843 0.025646 0.170000
v 0.043058 0.025646 0.185363
v 0.045387 0.025646 0.170001
v 0.030964 0.025645 0.179414
v 0.040662 0.025645 0.167275
v 0.023464 0.025645 0.168215
v 0.037933 0.025646 0.162550
v 0.022569 0.025645 0.154766
v 0.037932 0.025645 0.157095
v 0.056507 0.033533 0.184469
v 0.051511 0.033533 0.169797
v 0.067707 0.033533 0.176968
v 0.056044 0.033533 0.166761
v 0.073656 0.033533 0.164874
v 0.058452 0.033533 0.161866
v 0.072761 0.033533 0.151425
v 0.058089 0.033533 0.156422
v 0.065261 0.033533 0.140226
v 0.055053 0.033532 0.151889
v 0.053167 0.033533 0.134277
v 0.050158 0.033533 0.149481
v 0.039718 0.033533 0.135172
v 0.044715 0.033532 0.149844
v 0.028518 0.033533 0.142672
v 0.040182 0.033532 0.152879
v 0.022569 0.033533 0.154766
v 0.037774 0.033532 0.157774
v 0.023464 0.033533 0.168215
v 0.038137 0.033532 0.163218
v 0.030964 0.033533 0.179414
v 0.041172 0.033533 0.167751
v 0.043059 0.033533 0.185363
v 0.046067 0.033532 0.170159
v 0.045729 0.091517 0.152823
v 0.044715 0.091517 0.149843
v 0.049547 0.091517 0.152569
v 0.050158 0.091517 0.149481
v 0.052981 0.091517 0.154257
v 0.055054 0.091517 0.151889
v 0.055110 0.091518 0.157436
v 0.058089 0.091517 0.156422
v 0.055364 0.091517 0.161255
v 0.058452 0.091517 0.161866
v 0.053675 0.091518 0.164688
v 0.056044 0.091517 0.166761
v 0.050496 0.091517 0.166818
v 0.051511 0.091518 0.169797
v 0.046678 0.091518 0.167072
v 0.046067 0.091517 0.170159
v 0.043245 0.091517 0.165383
v 0.041171 0.091518 0.167751
v 0.041115 0.091517 0.162204
v 0.038136 0.091518 0.163218
v 0.040861 0.091517 0.158386
v 0.037774 0.091518 0.157774
v 0.042550 0.091517 0.154952
v 0.040182 0.091518 0.152879
v -0.096444 -1.251277 0.026795
v -0.096444 -1.265800 0.026795
v 0.147816 -1.251275 0.026795
v 0.162342 -1.265801 0.026795
v 0.162341 -1.251276 0.026795
v 0.105482 0.886502 -0.065353
v 0.105482 0.884840 -0.089086
v 0.112066 0.884840 -0.089086
v 0.112065 0.886502 -0.065353
v 0.105482 0.889223 -0.012260
v 0.112066 0.889224 -0.012260
v 0.105482 0.896242 0.020790
v 0.112066 0.896242 0.020790
v 0.087082 1.310339 0.017596
v 0.095838 1.310340 0.029009
v 0.101343 1.310339 0.042299
v 0.103220 1.310339 0.056560
v 0.101343 1.310339 0.070821
v 0.095838 1.310340 0.084110
v 0.087082 1.310339 0.095522
v 0.075670 1.310340 0.104279
v 0.091500 1.313917 0.081606
v 0.095838 1.310340 0.084110
v 0.083540 1.313917 0.091980
v 0.087082 1.310339 0.095522
v 0.073165 1.313918 0.099940
v 0.075670 1.310340 0.104279
v 0.061084 1.313917 0.104945
v 0.062381 1.310340 0.109783
v 0.048119 1.313917 0.106651
v 0.048119 1.310340 0.111662
v 0.035155 1.313917 0.104945
v 0.033858 1.310339 0.109783
v 0.023073 1.313918 0.099941
v 0.020568 1.310340 0.104279
v 0.012698 1.313918 0.091980
v 0.009156 1.310339 0.095522
v 0.000399 1.310339 0.084110
v 0.004738 1.313917 0.081606
v -0.005105 1.310339 0.070822
v 0.018821 1.313918 0.085857
v 0.027403 1.313918 0.092442
v 0.037395 1.313918 0.096581
v 0.048119 1.313917 0.097994
v 0.058842 1.313917 0.096581
v 0.068836 1.313918 0.092442
v 0.077417 1.313917 0.085857
v 0.084001 1.313917 0.077277
v 0.096505 1.313917 0.069524
v 0.088140 1.313918 0.067283
v 0.098211 1.313917 0.056560
v 0.089552 1.313917 0.056560
v 0.035155 1.313917 0.008174
v 0.033857 1.310339 0.003335
v 0.048119 1.313917 0.006467
v 0.048119 1.310340 0.001457
v 0.061084 1.313917 0.008174
v 0.062381 1.310340 0.003335
v 0.073165 1.313918 0.013178
v 0.075670 1.310340 0.008840
v 0.083540 1.313917 0.021139
v 0.087082 1.310339 0.017596
v 0.091500 1.313917 0.031513
v 0.095838 1.310340 0.029009
v 0.096505 1.313917 0.043595
v 0.101343 1.310339 0.042299
v 0.103220 1.310339 0.056560
v 0.101343 1.310339 0.070821
v 0.088140 1.313918 0.045835
v 0.084001 1.313917 0.035843
v 0.077417 1.313917 0.027262
v 0.068836 1.313918 0.020677
v 0.058842 1.313917 0.016538
v 0.048119 1.313917 0.015126
v 0.037395 1.313918 0.016538
v 0.103071 0.902995 0.020790
v 0.114476 0.902996 0.020790
v 0.114476 0.902996 0.034583
v 0.103071 0.902995 0.034583
v 0.115391 0.902995 0.038002
v 0.102156 0.902994 0.038002
v 0.102156 0.902994 0.071555
v 0.115391 0.902995 0.071555
v 0.114476 0.902996 0.074974
v 0.103072 0.902996 0.074974
v 0.112066 0.902995 0.077384
v 0.105481 0.902995 0.077384
v 0.108774 0.902995 0.078266
v 0.112065 0.849373 0.020790
v 0.112066 0.896242 0.020790
v 0.112066 0.889224 -0.012260
v 0.112066 0.856392 -0.012260
v 0.112066 0.859113 -0.065353
v 0.112065 0.886502 -0.065353
v 0.112066 0.860776 -0.089086
v 0.112066 0.884840 -0.089086
v -0.009498 -0.744118 0.184273
v 0.023658 -0.744118 0.184273
v 0.018161 -0.744119 0.177109
v 0.014705 -0.744118 0.168766
v 0.013527 -0.744119 0.159814
v -0.009498 -0.744118 0.135355
v 0.014705 -0.744118 0.150860
v 0.018161 -0.744119 0.142519
v 0.023657 -0.744118 0.135355
v 0.105482 0.896242 0.020790
v 0.105482 0.849373 0.020790
v 0.105482 0.856391 -0.012260
v 0.105482 0.889223 -0.012260
v 0.105482 0.886502 -0.065353
v 0.105482 0.859113 -0.065353
v 0.105482 0.884840 -0.089086
v 0.105481 0.860775 -0.089086
v -0.006982 1.310339 0.056560
v -0.005105 1.310339 0.042298
v -0.000267 1.313918 0.043595
v 0.000399 1.310339 0.029009
v 0.004738 1.313917 0.031513
v 0.009156 1.310339 0.017596
v 0.012698 1.313918 0.021139
v 0.023073 1.313918 0.013178
v 0.020568 1.310340 0.008840
v 0.033857 1.310339 0.003335
v 0.035155 1.313917 0.008174
v 0.037395 1.313918 0.016538
v 0.027403 1.313918 0.020677
v 0.018821 1.313918 0.027262
v 0.012237 1.313917 0.035843
v 0.008097 1.313918 0.045835
v -0.001973 1.313918 0.056560
v -0.000267 1.313918 0.069524
v 0.012237 1.313917 0.077277
v 0.008097 1.313918 0.067283
v 0.006686 1.313917 0.056560
v 0.058843 1.169385 0.016538
v 0.048119 1.169385 0.015126
v 0.048119 1.313917 0.015126
v 0.058842 1.313917 0.016538
v 0.068836 1.169386 0.020677
v 0.068836 1.313918 0.020677
v 0.077416 1.169385 0.027262
v 0.077417 1.313917 0.027262
v 0.084001 1.169385 0.035843
v 0.084001 1.313917 0.035843
v 0.088141 1.169386 0.045835
v 0.088140 1.313918 0.045835
v 0.089552 1.169386 0.056560
v 0.089552 1.313917 0.056560
v 0.088141 1.169386 0.067283
v 0.088140 1.313918 0.067283
v 0.084001 1.169385 0.077277
v 0.084001 1.313917 0.077277
v 0.077416 1.169385 0.085857
v 0.077417 1.313917 0.085857
v 0.068836 1.169386 0.092442
v 0.068836 1.313918 0.092442
v 0.058843 1.169385 0.096581
v 0.058842 1.313917 0.096581
v 0.048119 1.169385 0.097993
v 0.048119 1.313917 0.097994
v 0.037395 1.169386 0.096581
v 0.037395 1.313918 0.096581
v 0.027402 1.169386 0.092442
v 0.027403 1.313918 0.092442
v 0.018821 1.169385 0.085857
v 0.018821 1.313918 0.085857
v 0.012237 1.313917 0.077277
v 0.012237 1.169385 0.077277
v 0.008097 1.169386 0.067283
v 0.008097 1.313918 0.067283
v 0.006686 1.169386 0.056560
v 0.006686 1.313917 0.056560
v 0.008097 1.169386 0.045835
v 0.008097 1.313918 0.045835
v 0.012237 1.169385 0.035843
v 0.012237 1.313917 0.035843
v 0.018821 1.169385 0.027262
v 0.018821 1.313918 0.027262
v 0.027402 1.169386 0.020677
v 0.027403 1.313918 0.020677
v 0.037395 1.169386 0.016538
v 0.037395 1.313918 0.016538
v 0.048119 1.169385 0.015126
v 0.048119 1.313917 0.015126
v 0.103071 0.902995 0.020790
v 0.103071 0.902995 0.034583
v 0.103072 0.896242 0.026729
v 0.103072 0.896242 0.034583
v 0.102156 0.902994 0.038002
v 0.102155 0.896242 0.038002
v 0.102156 0.902994 0.071555
v 0.102156 0.896242 0.071555
v 0.103071 0.896242 0.074974
v 0.103072 0.902996 0.074974
v 0.105482 0.896242 0.077384
v 0.105481 0.902995 0.077384
v 0.108774 0.896242 0.078266
v 0.108774 0.902995 0.078266
v 0.112066 0.896242 0.077384
v 0.112066 0.902995 0.077384
v 0.114476 0.896242 0.074974
v 0.114476 0.902996 0.074974
v 0.115392 0.896242 0.071555
v 0.115391 0.902995 0.071555
v 0.115391 0.902995 0.038002
v 0.115392 0.896242 0.038002
v 0.114476 0.902996 0.034583
v 0.114476 0.896242 0.034583
v 0.114476 0.896242 0.026729
v 0.114476 0.902996 0.020790
v 0.103072 0.896242 0.026729
v 0.103072 0.896242 0.034583
v 0.114476 0.896242 0.026729
v 0.114476 0.896242 0.034583
v 0.115392 0.896242 0.038002
v 0.102155 0.896242 0.038002
v 0.115392 0.896242 0.071555
v 0.102156 0.896242 0.071555
v 0.103071 0.896242 0.074974
v 0.114476 0.896242 0.074974
v 0.112066 0.896242 0.077384
v 0.108774 0.896242 0.078266
v 0.105482 0.896242 0.077384
v 0.115392 0.842621 0.071555
v 0.115392 0.849373 0.071555
v 0.115392 0.849373 0.038002
v 0.115392 0.842620 0.038002
v 0.114475 0.849373 0.034583
v 0.114476 0.842620 0.034583
v 0.114475 0.849373 0.026729
v 0.114476 0.842620 0.020790
v 0.103072 0.842620 0.020790
v 0.103071 0.849373 0.026729
v 0.103072 0.842620 0.034583
v 0.103071 0.849373 0.034583
v 0.102155 0.849374 0.038002
v 0.102156 0.842620 0.038002
v 0.102155 0.849374 0.071555
v 0.102156 0.842620 0.071555
v 0.103072 0.842620 0.074974
v 0.103071 0.849373 0.074974
v 0.105482 0.842620 0.077384
v 0.105482 0.849373 0.077384
v 0.108773 0.842620 0.078266
v 0.108774 0.849373 0.078266
v 0.112066 0.842620 0.077384
v 0.112065 0.849373 0.077384
v 0.114476 0.842621 0.074974
v 0.114475 0.849373 0.074974
v 0.114475 0.849373 0.026729
v 0.114475 0.849373 0.034583
v 0.103071 0.849373 0.026729
v 0.103071 0.849373 0.034583
v 0.115392 0.849373 0.038002
v 0.102155 0.849374 0.038002
v 0.102155 0.849374 0.071555
v 0.115392 0.849373 0.071555
v 0.114475 0.849373 0.074974
v 0.103071 0.849373 0.074974
v 0.112065 0.849373 0.077384
v 0.108774 0.849373 0.078266
v 0.105482 0.849373 0.077384
v 0.103072 0.842620 0.020790
v 0.103072 0.842620 0.034583
v 0.114476 0.842620 0.020790
v 0.114476 0.842620 0.034583
v 0.115392 0.842620 0.038002
v 0.102156 0.842620 0.038002
v 0.115392 0.842621 0.071555
v 0.102156 0.842620 0.071555
v 0.103072 0.842620 0.074974
v 0.114476 0.842621 0.074974
v 0.112066 0.842620 0.077384
v 0.108773 0.842620 0.078266
v 0.105482 0.842620 0.077384
v 0.030505 -1.312110 0.049858
v 0.037224 -1.312111 0.046739
v 0.037224 -1.293938 0.046739
v 0.030505 -1.293938 0.049858
v 0.027387 -1.312110 0.056576
v 0.027387 -1.293938 0.056576
v 0.030505 -1.312110 0.063295
v 0.030505 -1.293938 0.063295
v 0.037224 -1.312111 0.066414
v 0.037224 -1.293938 0.066414
v 0.043943 -1.312111 0.063295
v 0.043943 -1.293939 0.063295
v 0.047061 -1.312111 0.056576
v 0.047061 -1.293938 0.056576
v 0.043943 -1.312111 0.049858
v 0.043943 -1.293939 0.049858
v 0.037224 -1.312111 0.046739
v 0.037224 -1.293938 0.046739
v 0.108774 0.849373 0.065012
v 0.108774 0.896242 0.065012
v 0.105477 0.849373 0.065895
v 0.105477 0.896242 0.065895
v 0.103063 0.849372 0.068308
v 0.103064 0.896243 0.068308
v 0.102180 0.849372 0.071606
v 0.102180 0.896243 0.071606
v 0.102180 0.849372 0.071606
v 0.102180 0.896243 0.071606
v 0.103063 0.849372 0.074903
v 0.103064 0.896243 0.074903
v 0.105477 0.849373 0.077316
v 0.105477 0.896242 0.077316
v 0.108774 0.849373 0.078200
v 0.108774 0.896242 0.078200
v 0.112070 0.849373 0.077316
v 0.112070 0.896243 0.077316
v 0.114484 0.849373 0.074903
v 0.114484 0.896242 0.074903
v 0.115367 0.849373 0.071606
v 0.115367 0.896242 0.071606
v 0.114484 0.849373 0.068308
v 0.114484 0.896242 0.068308
v 0.112070 0.849373 0.065895
v 0.112070 0.896243 0.065895
v -0.008261 0.860391 0.027635
v -0.008261 0.885217 0.027635
v -0.014199 0.850639 0.041972
v -0.008261 0.850637 0.027635
v 0.001186 0.860391 0.015324
v 0.001185 0.850637 0.015324
v 0.013497 0.860391 0.005877
v 0.013496 0.850637 0.005877
v 0.027834 0.860391 -0.000062
v 0.027834 0.850637 -0.000062
v 0.043218 0.860391 -0.002087
v 0.043218 0.850637 -0.002086
v 0.058603 0.860391 -0.000062
v 0.058604 0.850638 -0.000062
v 0.074659 0.860391 0.005877
v 0.074658 0.850637 0.005877
v 0.090752 0.860391 0.015324
v 0.090751 0.850637 0.015324
v 0.103542 0.860391 0.027635
v 0.103542 0.850638 0.027635
v 0.103542 0.885218 0.027635
v 0.103542 0.894971 0.027635
v 0.090752 0.894970 0.015324
v 0.090752 0.885217 0.010857
v 0.074658 0.894972 0.005877
v 0.074658 0.885218 0.002589
v 0.058603 0.894971 -0.000062
v 0.058604 0.885218 -0.002607
v 0.043218 0.894972 -0.002087
v 0.043218 0.885217 -0.004380
v 0.027833 0.885217 -0.002608
v 0.027833 0.894970 -0.000062
v 0.013497 0.885218 0.002589
v 0.013497 0.894971 0.005877
v 0.001186 0.885218 0.010857
v 0.001186 0.894971 0.015324
v -0.008260 0.894972 0.027635
v -0.014200 0.894972 0.041972
v 0.097529 0.850637 0.033363
v 0.103542 0.850638 0.027635
v 0.090751 0.850637 0.015324
v 0.085497 0.850638 0.020578
v 0.074658 0.850637 0.005877
v 0.070943 0.850637 0.012312
v 0.058604 0.850638 -0.000062
v 0.056680 0.850637 0.007116
v 0.043218 0.850637 0.005343
v 0.043218 0.850637 -0.002086
v 0.029757 0.850638 0.007116
v 0.027834 0.850637 -0.000062
v 0.017211 0.850638 0.012312
v 0.013496 0.850637 0.005877
v 0.006441 0.850638 0.020578
v 0.001185 0.850637 0.015324
v -0.001826 0.850638 0.031349
v -0.008261 0.850637 0.027635
v -0.014199 0.850639 0.041972
v -0.007751 0.850639 0.045694
v 0.042234 -0.508994 0.137870
v 0.048115 -0.508994 0.137095
v 0.048115 -0.475976 0.137095
v 0.042235 -0.475976 0.137870
v 0.036755 -0.508994 0.140140
v 0.036755 -0.475975 0.140140
v 0.032050 -0.508994 0.143750
v 0.032049 -0.475976 0.143750
v 0.028439 -0.508994 0.148456
v 0.028439 -0.475976 0.148456
v 0.026169 -0.508994 0.153935
v 0.026169 -0.475976 0.153935
v 0.025395 -0.508995 0.159816
v 0.025395 -0.475976 0.159816
v 0.026169 -0.508994 0.165696
v 0.026169 -0.475976 0.165696
v 0.028439 -0.508994 0.171175
v 0.028439 -0.475976 0.171175
v 0.032050 -0.508994 0.175881
v 0.032049 -0.475976 0.175881
v 0.036692 -0.508995 0.179601
v 0.036693 -0.475977 0.179601
v 0.042235 -0.508994 0.181762
v 0.042235 -0.475976 0.181762
v 0.048115 -0.508994 0.182536
v 0.048115 -0.475976 0.182536
v 0.053995 -0.508995 0.181762
v 0.053996 -0.475976 0.181762
v 0.059475 -0.508995 0.179491
v 0.059475 -0.475976 0.179491
v 0.064181 -0.508994 0.175881
v 0.064181 -0.475976 0.175881
v 0.067791 -0.508994 0.171175
v 0.067791 -0.475977 0.171175
v 0.070061 -0.475977 0.165696
v 0.070062 -0.508994 0.165696
v 0.070835 -0.508994 0.159815
v 0.070836 -0.475976 0.159816
v 0.070062 -0.508994 0.153935
v 0.070061 -0.475977 0.153935
v 0.067791 -0.475977 0.148456
v 0.067791 -0.508994 0.148456
v 0.064181 -0.508994 0.143750
v 0.064181 -0.475976 0.143750
v 0.059475 -0.508995 0.140140
v 0.059475 -0.475976 0.140140
v 0.053995 -0.508995 0.137870
v 0.053996 -0.475976 0.137870
v 0.048115 -0.508994 0.137095
v 0.048115 -0.475976 0.137095
v 0.089863 -0.822718 0.159814
v 0.089863 -0.809538 0.159814
v 0.088440 -0.822719 0.149008
v 0.088441 -0.809538 0.149008
v 0.084270 -0.822719 0.138940
v 0.084269 -0.809538 0.138940
v 0.077636 -0.822718 0.130294
v 0.077635 -0.809537 0.130294
v 0.068989 -0.822719 0.123660
v 0.068990 -0.809538 0.123660
v 0.058921 -0.822719 0.119490
v 0.058921 -0.809538 0.119490
v 0.048116 -0.822718 0.118067
v 0.048117 -0.809538 0.118067
v 0.018544 -0.822719 0.189279
v 0.018544 -0.809538 0.189279
v 0.027147 -0.822718 0.196133
v 0.027148 -0.809537 0.196133
v 0.037384 -0.822719 0.200156
v 0.037385 -0.809538 0.200156
v 0.048116 -0.822718 0.201560
v 0.048117 -0.809538 0.201560
v 0.058922 -0.822718 0.200137
v 0.058922 -0.809538 0.200137
v 0.068989 -0.822719 0.195967
v 0.068990 -0.809538 0.195967
v 0.077636 -0.822718 0.189332
v 0.077635 -0.809537 0.189332
v 0.084270 -0.822719 0.180686
v 0.084269 -0.809538 0.180686
v 0.088440 -0.822719 0.170618
v 0.088441 -0.809538 0.170618
v 0.048116 -0.822718 0.118067
v 0.048117 -0.809538 0.118067
v 0.037312 -0.822719 0.119490
v 0.037312 -0.809538 0.119490
v 0.027243 -0.822718 0.123660
v 0.027243 -0.809538 0.123660
v 0.018597 -0.822718 0.130294
v 0.018597 -0.809538 0.130294
v 0.011963 -0.822718 0.138940
v 0.011963 -0.809538 0.138940
v 0.007792 -0.822719 0.149008
v 0.007792 -0.809538 0.149008
v 0.006370 -0.822718 0.159814
v 0.006370 -0.809537 0.159814
v 0.007792 -0.822719 0.170618
v 0.007792 -0.809538 0.170618
v 0.011963 -0.822718 0.180686
v 0.011963 -0.809538 0.180686
v 0.072761 0.025645 0.151426
v 0.073656 0.025645 0.164874
v 0.073656 0.033533 0.164874
v 0.072761 0.033533 0.151425
v 0.065261 0.025645 0.140226
v 0.065261 0.033533 0.140226
v 0.053167 0.025646 0.134277
v 0.053167 0.033533 0.134277
v 0.039718 0.025646 0.135172
v 0.053167 0.025646 0.134277
v 0.053167 0.033533 0.134277
v 0.039718 0.033533 0.135172
v 0.028518 0.025645 0.142672
v 0.028518 0.033533 0.142672
v 0.022569 0.025645 0.154766
v 0.022569 0.033533 0.154766
v 0.023464 0.025645 0.168215
v 0.023464 0.033533 0.168215
v 0.030964 0.025645 0.179414
v 0.030964 0.033533 0.179414
v 0.043058 0.025646 0.185363
v 0.043059 0.033533 0.185363
v 0.056507 0.025645 0.184469
v 0.056507 0.033533 0.184469
v 0.067707 0.025645 0.176969
v 0.067707 0.033533 0.176968
v -0.105261 -1.051224 0.043998
v -0.003912 -1.051222 0.026520
v -0.009914 -1.051223 0.041010
v -0.108692 -1.051224 0.049942
v -0.011961 -1.051223 0.056559
v -0.109885 -1.051224 0.056701
v -0.108692 -1.051224 0.063460
v -0.009914 -1.051223 0.072109
v -0.105261 -1.051224 0.069405
v -0.003912 -1.051222 0.086599
v -0.100003 -1.051224 0.073816
v 0.000580 -1.051224 0.104098
v 0.005636 -1.051222 0.099042
v 0.014503 -1.051224 0.114783
v 0.018079 -1.051223 0.108590
v 0.030718 -1.051224 0.121499
v 0.032569 -1.051223 0.114592
v 0.048119 -1.051223 0.123790
v 0.048119 -1.051223 0.116639
v 0.065519 -1.051224 0.121499
v 0.063668 -1.051223 0.114592
v 0.081733 -1.051224 0.114783
v 0.078158 -1.051223 0.108590
v 0.095657 -1.051223 0.104098
v 0.090601 -1.051223 0.099042
v 0.100149 -1.051223 0.086599
v 0.196240 -1.051223 0.073816
v 0.201497 -1.051224 0.069405
v 0.106151 -1.051222 0.072109
v 0.204930 -1.051223 0.063460
v 0.108198 -1.051222 0.056559
v 0.206122 -1.051224 0.056701
v 0.204930 -1.051224 0.049942
v 0.106151 -1.051222 0.041010
v 0.201497 -1.051224 0.043998
v 0.100148 -1.051223 0.026520
v 0.196240 -1.051223 0.039585
v 0.095658 -1.051224 0.009020
v 0.090601 -1.051223 0.014077
v 0.081734 -1.051224 -0.001664
v 0.078158 -1.051222 0.004529
v 0.065519 -1.051224 -0.008381
v 0.063668 -1.051223 -0.001473
v 0.048119 -1.051223 -0.010672
v 0.048119 -1.051223 -0.003521
v 0.030718 -1.051224 -0.008381
v 0.032569 -1.051223 -0.001473
v 0.014503 -1.051224 -0.001664
v 0.018079 -1.051223 0.004529
v 0.000579 -1.051224 0.009020
v 0.005636 -1.051222 0.014077
v -0.100003 -1.051224 0.039585
v -0.137149 -0.617941 -0.043072
v -0.137149 -0.617941 -0.031007
v -0.137149 -0.607492 -0.049105
v -0.137149 -0.597043 -0.067203
v -0.137149 -0.607492 -0.061170
v -0.137149 -0.576146 -0.067203
v -0.137150 -0.586594 -0.061170
v -0.137149 -0.565697 -0.061170
v -0.137149 -0.565697 -0.049105
v -0.137149 -0.607492 -0.024975
v -0.137149 -0.576146 -0.006877
v -0.137149 -0.565697 -0.012910
v -0.137150 -0.586594 -0.012910
v -0.137149 -0.565697 -0.024975
v -0.137149 -0.555248 -0.031007
v -0.137149 -0.555249 -0.043072
v -0.137149 -0.597044 -0.006877
v -0.137149 -0.607492 -0.012910
v 0.092914 -0.368899 -0.125711
v 0.081551 -0.354093 -0.125711
v 0.091823 -0.369529 -0.128414
v 0.100055 -0.386143 -0.125711
v 0.098840 -0.386469 -0.128424
v 0.096219 -0.387171 -0.129683
v 0.066744 -0.342731 -0.125711
v 0.049501 -0.335587 -0.125711
v 0.049175 -0.336805 -0.128424
v 0.066115 -0.343821 -0.128424
v 0.080661 -0.354983 -0.128414
v 0.089473 -0.370885 -0.129669
v 0.086955 -0.372340 -0.128414
v 0.093599 -0.387873 -0.128424
v 0.092383 -0.388199 -0.125711
v 0.095807 -0.404647 -0.128424
v 0.094548 -0.404647 -0.125711
v 0.092382 -0.421095 -0.125711
v 0.093598 -0.421421 -0.128424
v 0.086954 -0.436954 -0.128414
v 0.096219 -0.422123 -0.129683
v 0.089474 -0.438408 -0.129669
v 0.091823 -0.439765 -0.128414
v 0.085694 -0.436226 -0.125711
v 0.075934 -0.449585 -0.125711
v 0.085694 -0.373067 -0.125711
v 0.075934 -0.359710 -0.125711
v 0.066745 -0.466563 -0.125711
v 0.049501 -0.473706 -0.125711
v 0.066115 -0.465473 -0.122998
v 0.080661 -0.454312 -0.123008
v 0.081552 -0.455202 -0.125711
v 0.092913 -0.440394 -0.125711
v 0.098839 -0.422825 -0.128424
v 0.101233 -0.404647 -0.128424
v 0.098520 -0.404647 -0.129683
v 0.064759 -0.463123 -0.121738
v 0.078743 -0.452393 -0.121753
v 0.091823 -0.439765 -0.123008
v 0.100055 -0.423151 -0.125711
v 0.102492 -0.404647 -0.125711
v 0.101233 -0.404647 -0.122998
v 0.098839 -0.422825 -0.122998
v 0.089474 -0.438408 -0.121753
v 0.076825 -0.450475 -0.123008
v 0.063402 -0.460774 -0.122998
v 0.048473 -0.469869 -0.121738
v 0.049175 -0.472490 -0.122998
v 0.080661 -0.454312 -0.128414
v 0.066115 -0.465473 -0.128424
v 0.049175 -0.472490 -0.128424
v 0.030997 -0.476141 -0.125711
v 0.035192 -0.474331 -0.123005
v 0.036517 -0.471443 -0.121748
v 0.047771 -0.467249 -0.122998
v 0.062772 -0.459684 -0.125711
v 0.075934 -0.449585 -0.125711
v 0.086954 -0.436954 -0.123008
v 0.035392 -0.468939 -0.123006
v 0.030996 -0.467806 -0.125711
v 0.047445 -0.466033 -0.125711
v 0.076825 -0.450475 -0.128414
v 0.063402 -0.460774 -0.128424
v 0.078743 -0.452393 -0.129669
v 0.064759 -0.463123 -0.129683
v 0.048473 -0.469869 -0.129683
v 0.047771 -0.467249 -0.128424
v 0.030997 -0.474883 -0.128414
v 0.030997 -0.472170 -0.129669
v 0.030997 -0.469261 -0.128414
v 0.047445 -0.466033 -0.125711
v 0.062772 -0.459684 -0.125711
v 0.030996 -0.467806 -0.125711
v 0.094548 -0.404647 -0.125711
v 0.092383 -0.388199 -0.125711
v 0.093599 -0.387873 -0.122998
v 0.093598 -0.421421 -0.122998
v 0.092382 -0.421095 -0.125711
v 0.095807 -0.404647 -0.122998
v 0.096219 -0.387171 -0.121738
v 0.086955 -0.372340 -0.123008
v 0.085694 -0.373067 -0.125711
v 0.075934 -0.359710 -0.125711
v 0.085694 -0.436226 -0.125711
v 0.096219 -0.422123 -0.121738
v 0.098520 -0.404647 -0.121738
v 0.098840 -0.386469 -0.122998
v 0.089473 -0.370885 -0.121753
v 0.076825 -0.358820 -0.123008
v 0.063402 -0.348519 -0.122998
v 0.062773 -0.349610 -0.125711
v 0.047771 -0.342045 -0.122998
v 0.047445 -0.343262 -0.125711
v 0.030997 -0.340033 -0.122940
v 0.030997 -0.337125 -0.121939
v 0.091823 -0.369529 -0.123008
v 0.078743 -0.356901 -0.121753
v 0.064759 -0.346170 -0.121738
v 0.048474 -0.339424 -0.121738
v 0.049175 -0.336805 -0.122998
v 0.066115 -0.343821 -0.122998
v 0.080661 -0.354983 -0.123008
v 0.030997 -0.334412 -0.123777
v 0.012818 -0.336804 -0.123008
v 0.013521 -0.339424 -0.121753
v 0.014223 -0.342045 -0.123008
v -0.002765 -0.346171 -0.121738
v -0.001408 -0.348520 -0.122998
v -0.016749 -0.356902 -0.121738
v -0.014830 -0.358819 -0.122998
v -0.024960 -0.372340 -0.123008
v -0.013940 -0.359710 -0.125711
v -0.023701 -0.373068 -0.125711
v -0.030388 -0.388199 -0.125711
v 0.030996 -0.341488 -0.125711
v 0.014549 -0.343262 -0.125711
v -0.000778 -0.349610 -0.125711
v -0.004121 -0.343821 -0.122998
v -0.018667 -0.354983 -0.122998
v -0.027480 -0.370886 -0.121753
v -0.031605 -0.387873 -0.123008
v -0.033813 -0.404647 -0.122998
v -0.032554 -0.404647 -0.125711
v -0.030389 -0.421095 -0.125711
v -0.031604 -0.421422 -0.123008
v -0.024961 -0.436953 -0.123008
v -0.027480 -0.438409 -0.121753
v -0.016749 -0.452393 -0.121738
v -0.018667 -0.454311 -0.122998
v -0.002765 -0.463123 -0.121738
v -0.004121 -0.465473 -0.122998
v 0.014223 -0.467249 -0.128414
v -0.001408 -0.460774 -0.128424
v 0.013520 -0.469870 -0.129669
v -0.002765 -0.463123 -0.129683
v 0.012818 -0.472490 -0.128414
v -0.004121 -0.465473 -0.128424
v 0.012493 -0.473706 -0.125711
v -0.004751 -0.466563 -0.125711
v 0.012818 -0.472490 -0.123008
v -0.019558 -0.455201 -0.125711
v -0.029829 -0.439765 -0.123008
v -0.034225 -0.422123 -0.121753
v -0.036526 -0.404647 -0.121738
v -0.034225 -0.387171 -0.121753
v -0.029829 -0.369529 -0.123008
v -0.036846 -0.386468 -0.123008
v -0.039239 -0.404647 -0.122998
v -0.036845 -0.422825 -0.123008
v -0.030920 -0.440394 -0.125711
v -0.018667 -0.454311 -0.128424
v -0.016749 -0.452393 -0.129683
v -0.014831 -0.450475 -0.128424
v -0.040498 -0.404647 -0.125711
v -0.038061 -0.423152 -0.125711
v -0.029829 -0.439765 -0.128414
v -0.024961 -0.436953 -0.128414
v -0.027480 -0.438409 -0.129669
v -0.036845 -0.422825 -0.128414
v -0.039239 -0.404647 -0.128424
v -0.038062 -0.386143 -0.125711
v -0.030920 -0.368899 -0.125711
v -0.019557 -0.354092 -0.125711
v -0.004750 -0.342731 -0.125711
v 0.012493 -0.335588 -0.125711
v -0.018667 -0.354983 -0.128424
v -0.004121 -0.343821 -0.128424
v -0.016749 -0.356902 -0.129683
v -0.029829 -0.369529 -0.128414
v 0.030997 -0.333152 -0.125711
v 0.030997 -0.334412 -0.128414
v 0.012818 -0.336804 -0.128414
v -0.002765 -0.346171 -0.129683
v -0.014830 -0.358819 -0.128424
v -0.001408 -0.348520 -0.128424
v 0.013521 -0.339424 -0.129669
v 0.030997 -0.337124 -0.129669
v 0.048474 -0.339424 -0.129683
v 0.030996 -0.340033 -0.128414
v 0.014223 -0.342045 -0.128414
v -0.000778 -0.349610 -0.125711
v -0.013940 -0.359710 -0.125711
v -0.024960 -0.372340 -0.128414
v -0.027480 -0.370886 -0.129669
v -0.036846 -0.386468 -0.128414
v 0.014549 -0.343262 -0.125711
v 0.030996 -0.341488 -0.125711
v 0.047445 -0.343262 -0.125711
v -0.023701 -0.373068 -0.125711
v -0.030388 -0.388199 -0.125711
v -0.031605 -0.387873 -0.128414
v -0.032554 -0.404647 -0.125711
v -0.036526 -0.404647 -0.129683
v -0.034225 -0.422123 -0.129669
v -0.031604 -0.421422 -0.128414
v -0.030389 -0.421095 -0.125711
v -0.033813 -0.404647 -0.128424
v -0.034225 -0.387171 -0.129669
v -0.023700 -0.436226 -0.125711
v -0.013940 -0.449584 -0.125711
v 0.013520 -0.469870 -0.121753
v 0.025449 -0.471440 -0.121753
v 0.026464 -0.474287 -0.123008
v 0.030997 -0.476141 -0.125711
v 0.030997 -0.474883 -0.128414
v 0.030997 -0.472170 -0.129669
v 0.030997 -0.469261 -0.128414
v 0.014549 -0.466033 -0.125711
v -0.000778 -0.459684 -0.125711
v 0.030996 -0.467806 -0.125711
v -0.023700 -0.436226 -0.125711
v -0.013940 -0.449584 -0.125711
v -0.014831 -0.450475 -0.122998
v -0.000778 -0.459684 -0.125711
v -0.001408 -0.460774 -0.122998
v 0.014549 -0.466033 -0.125711
v 0.014223 -0.467249 -0.123008
v 0.026394 -0.468912 -0.123008
v 0.030996 -0.467806 -0.125711
v 0.041139 -0.476296 -0.091867
v 0.042708 -0.471239 -0.091867
v 0.042708 -0.471239 -0.096915
v 0.041139 -0.476296 -0.096915
v 0.037634 -0.478071 -0.091867
v 0.037634 -0.478071 -0.096915
v 0.030997 -0.478072 -0.091867
v 0.030997 -0.478072 -0.096915
v 0.024360 -0.478071 -0.091867
v 0.024360 -0.478071 -0.096915
v 0.020856 -0.476296 -0.091867
v 0.020856 -0.476296 -0.096915
v 0.019285 -0.471239 -0.091867
v 0.019285 -0.471239 -0.096916
v 0.020856 -0.466182 -0.091867
v 0.020856 -0.466182 -0.096915
v 0.024360 -0.464408 -0.091867
v 0.024360 -0.464408 -0.096915
v 0.030998 -0.464408 -0.091867
v 0.030998 -0.464408 -0.096915
v 0.037634 -0.464408 -0.091867
v 0.037634 -0.464408 -0.096915
v 0.041139 -0.466182 -0.091867
v 0.041139 -0.466182 -0.096915
v 0.042708 -0.471239 -0.091867
v 0.042708 -0.471239 -0.096915
v 0.025915 -0.413450 -0.118580
v 0.018291 -0.409048 -0.118580
v 0.020832 -0.413449 -0.118580
v 0.028455 -0.417852 -0.118580
v 0.033538 -0.417851 -0.118580
v 0.020832 -0.404647 -0.118580
v 0.036079 -0.413450 -0.118580
v 0.018291 -0.400246 -0.118580
v 0.020832 -0.395844 -0.118580
v 0.025914 -0.395843 -0.118580
v 0.028456 -0.391442 -0.118580
v 0.033538 -0.391442 -0.118580
v 0.036079 -0.395844 -0.118580
v 0.041162 -0.395844 -0.118580
v 0.041161 -0.404647 -0.118580
v 0.043704 -0.400245 -0.118580
v 0.043703 -0.409048 -0.118580
v 0.041162 -0.413450 -0.118580
v 0.095342 -0.633691 0.021088
v 0.103216 -0.633691 0.021088
v 0.095342 -0.543255 0.021088
v 0.103217 -0.543256 0.021088
v 0.092450 -0.633690 0.025493
v 0.086665 -0.633691 0.017954
v 0.086665 -0.543256 0.017954
v 0.092450 -0.543256 0.025493
v 0.095342 -0.633691 0.029261
v 0.095342 -0.543255 0.029261
v 0.103216 -0.633691 0.029261
v 0.103217 -0.543256 0.029261
v -0.007098 -0.633691 0.029261
v -0.007098 -0.543256 0.029261
v 0.000777 -0.633691 0.029261
v 0.000777 -0.543256 0.029261
v 0.003669 -0.633691 0.025493
v 0.003669 -0.543255 0.025493
v 0.009453 -0.633691 0.017954
v 0.009454 -0.543255 0.017954
v 0.020761 -0.633691 0.009278
v 0.020761 -0.543256 0.009278
v 0.033929 -0.633691 0.003824
v 0.033929 -0.543255 0.003824
v 0.048059 -0.633691 0.001963
v 0.048059 -0.543256 0.001963
v 0.062190 -0.633691 0.003824
v 0.062190 -0.543256 0.003824
v 0.075357 -0.633691 0.009278
v 0.075358 -0.543256 0.009278
v -0.007098 -0.543256 0.021088
v 0.000776 -0.543256 0.021088
v -0.007098 -0.543256 0.029261
v 0.000777 -0.543256 0.029261
v 0.003669 -0.543255 0.025493
v 0.009454 -0.543255 0.017954
v 0.000777 -0.543256 -0.035821
v 0.020761 -0.543256 0.009278
v 0.033929 -0.543255 0.003824
v 0.048059 -0.543256 0.001963
v 0.095342 -0.543255 -0.035821
v 0.062190 -0.543256 0.003824
v 0.075358 -0.543256 0.009278
v 0.086665 -0.543256 0.017954
v 0.095342 -0.543255 0.021088
v 0.092450 -0.543256 0.025493
v 0.095342 -0.543255 0.029261
v 0.103217 -0.543256 0.029261
v 0.103217 -0.543256 0.021088
v -0.007098 -0.633691 0.029261
v 0.000777 -0.633691 0.029261
v -0.007098 -0.633691 0.021088
v 0.000777 -0.633691 0.021088
v 0.003669 -0.633691 0.025493
v 0.009453 -0.633691 0.017954
v 0.000777 -0.633691 -0.035821
v 0.020761 -0.633691 0.009278
v 0.033929 -0.633691 0.003824
v 0.048059 -0.633691 0.001963
v 0.095342 -0.633691 -0.035821
v 0.062190 -0.633691 0.003824
v 0.075357 -0.633691 0.009278
v 0.086665 -0.633691 0.017954
v 0.095342 -0.633691 0.021088
v 0.092450 -0.633690 0.025493
v 0.095342 -0.633691 0.029261
v 0.103216 -0.633691 0.021088
v 0.103216 -0.633691 0.029261
v 0.000777 -0.633691 0.021088
v 0.000776 -0.543256 0.021088
v -0.007098 -0.633691 0.021088
v -0.007098 -0.543256 0.021088
v 0.103217 -0.543256 0.029261
v 0.103217 -0.543256 0.021088
v 0.103216 -0.633691 0.029261
v 0.103216 -0.633691 0.021088
v -0.007098 -0.543256 0.021088
v -0.007098 -0.543256 0.029261
v -0.007098 -0.633691 0.021088
v -0.007098 -0.633691 0.029261
v 0.000777 -0.607403 -0.035821
v 0.000777 -0.604867 -0.026356
v 0.000777 -0.633691 -0.035821
v 0.000777 -0.633691 0.021088
v 0.000777 -0.597938 -0.019427
v 0.000777 -0.588474 -0.016891
v 0.000776 -0.543256 0.021088
v 0.000777 -0.579008 -0.019427
v 0.000777 -0.572080 -0.026356
v 0.000778 -0.569544 -0.035821
v 0.000777 -0.543256 -0.035821
v 0.095342 -0.543255 -0.035821
v 0.095342 -0.569544 -0.035821
v 0.095341 -0.572080 -0.026356
v 0.095342 -0.543255 0.021088
v 0.095342 -0.579008 -0.019427
v 0.095341 -0.588474 -0.016891
v 0.095342 -0.633691 0.021088
v 0.095341 -0.597938 -0.019427
v 0.095342 -0.604867 -0.026356
v 0.095342 -0.633691 -0.035821
v 0.095342 -0.607404 -0.035821
v 0.095342 -0.543255 -0.035821
v 0.000777 -0.543256 -0.035821
v 0.095342 -0.569544 -0.035821
v 0.000778 -0.569544 -0.035821
v 0.000777 -0.633691 -0.035821
v 0.095342 -0.633691 -0.035821
v 0.000777 -0.607403 -0.035821
v 0.095342 -0.607404 -0.035821
v -0.007202 -0.572080 -0.045286
v 0.000778 -0.569544 -0.035821
v -0.007203 -0.569544 -0.035821
v -0.007202 -0.572080 -0.026356
v 0.000777 -0.572080 -0.026356
v -0.007202 -0.579008 -0.019427
v 0.000777 -0.579008 -0.019427
v -0.007202 -0.588474 -0.016891
v 0.000777 -0.588474 -0.016891
v 0.095341 -0.597938 -0.019427
v 0.095341 -0.588474 -0.016891
v 0.103321 -0.588474 -0.016891
v 0.103321 -0.597938 -0.019427
v 0.095342 -0.604867 -0.026356
v 0.103321 -0.604866 -0.026356
v 0.095342 -0.607404 -0.035821
v 0.103321 -0.607403 -0.035821
v 0.103321 -0.604866 -0.045285
v -0.007202 -0.604867 -0.045285
v -0.007202 -0.597938 -0.052214
v 0.103321 -0.597938 -0.052214
v -0.007202 -0.588474 -0.054750
v 0.103321 -0.588474 -0.054750
v -0.007202 -0.579008 -0.052214
v 0.103321 -0.579008 -0.052214
v 0.103321 -0.572080 -0.045285
v 0.095342 -0.569544 -0.035821
v 0.000777 -0.607403 -0.035821
v -0.007202 -0.607403 -0.035821
v 0.000777 -0.604867 -0.026356
v -0.007202 -0.604867 -0.026356
v 0.000777 -0.597938 -0.019427
v -0.007202 -0.597938 -0.019427
v 0.000777 -0.588474 -0.016891
v -0.007202 -0.588474 -0.016891
v 0.103321 -0.569544 -0.035821
v 0.095341 -0.572080 -0.026356
v 0.103321 -0.572080 -0.026356
v 0.095342 -0.579008 -0.019427
v 0.103321 -0.579008 -0.019427
v 0.095341 -0.588474 -0.016891
v 0.103321 -0.588474 -0.016891
v -0.146576 -0.597043 -0.006877
v -0.151162 -0.597043 -0.013843
v -0.146577 -0.586594 -0.012910
v -0.151161 -0.571729 -0.057688
v -0.151161 -0.576146 -0.060237
v -0.146576 -0.576146 -0.067203
v -0.146576 -0.565697 -0.061170
v -0.146576 -0.565697 -0.049105
v -0.151161 -0.571730 -0.045623
v -0.151161 -0.561281 -0.039589
v -0.151161 -0.586594 -0.054205
v -0.151161 -0.561281 -0.034490
v -0.151161 -0.571729 -0.028458
v -0.146576 -0.565697 -0.024975
v -0.151161 -0.571730 -0.016393
v -0.146576 -0.565697 -0.012910
v -0.151161 -0.576146 -0.013843
v -0.146576 -0.576146 -0.006877
v -0.151162 -0.586594 -0.019877
v -0.151161 -0.601460 -0.016393
v -0.151161 -0.601460 -0.028458
v -0.146576 -0.555249 -0.043072
v -0.146576 -0.555249 -0.031007
v -0.151161 -0.601460 -0.045623
v -0.151161 -0.611908 -0.039589
v -0.151162 -0.597043 -0.060237
v -0.146576 -0.607493 -0.012910
v -0.146576 -0.607493 -0.024975
v -0.151161 -0.611908 -0.034490
v -0.146576 -0.617941 -0.031007
v -0.146576 -0.617941 -0.043072
v -0.146576 -0.607492 -0.049105
v -0.151161 -0.601460 -0.057688
v -0.146576 -0.607492 -0.061170
v -0.146576 -0.597043 -0.067203
v -0.146577 -0.586594 -0.061170
v -0.203456 -0.708228 -0.052173
v -0.203456 -0.700569 -0.054843
v -0.203456 -0.690583 -0.045820
v -0.203456 -0.692911 -0.052173
v -0.201315 -0.709226 -0.054397
v -0.201315 -0.700570 -0.057085
v -0.201315 -0.691913 -0.054397
v -0.201315 -0.688877 -0.048400
v -0.201315 -0.688877 -0.037040
v -0.201315 -0.712262 -0.037040
v -0.203456 -0.710556 -0.037040
v -0.203456 -0.710556 -0.028261
v -0.201315 -0.712262 -0.025680
v -0.203456 -0.708228 -0.021907
v -0.201315 -0.709226 -0.019682
v -0.203456 -0.700569 -0.019238
v -0.201315 -0.700570 -0.016996
v -0.201315 -0.691914 -0.019682
v -0.203456 -0.692911 -0.021907
v -0.201315 -0.688877 -0.025681
v -0.203456 -0.690583 -0.028261
v -0.203456 -0.690583 -0.037040
v -0.203456 -0.710556 -0.045820
v -0.201315 -0.712262 -0.048400
v -0.140003 -0.526302 0.054021
v -0.146778 -0.526302 0.054021
v -0.128566 -0.532736 0.039507
v -0.120632 -0.532737 0.039506
v -0.117368 -0.539171 0.024991
v -0.108274 -0.539170 0.024992
v -0.099601 -0.551610 0.002625
v -0.090498 -0.551611 0.002624
v -0.091316 -0.564051 -0.019743
v -0.082206 -0.564050 -0.019742
v -0.076804 -0.581571 -0.064946
v -0.076804 -0.572341 -0.061546
v -0.097152 -0.572341 -0.061546
v -0.097152 -0.581571 -0.064946
v -0.076804 -0.591619 -0.064946
v -0.097152 -0.591620 -0.064946
v -0.076804 -0.600849 -0.061546
v -0.097152 -0.600849 -0.061546
v -0.076804 -0.608360 -0.055196
v -0.097152 -0.608359 -0.055196
v -0.076804 -0.613244 -0.046659
v -0.097152 -0.613245 -0.046659
v -0.076804 -0.614916 -0.036965
v -0.097153 -0.614915 -0.036965
v -0.076804 -0.613170 -0.027286
v -0.097152 -0.613171 -0.027286
v -0.076804 -0.608220 -0.018787
v -0.097152 -0.608220 -0.018787
v -0.076805 -0.600662 -0.012494
v -0.097153 -0.600661 -0.012494
v -0.076805 -0.591405 -0.009165
v -0.097152 -0.591406 -0.009165
v -0.076805 -0.581784 -0.009165
v -0.097153 -0.581784 -0.009165
v -0.076805 -0.572528 -0.012494
v -0.097152 -0.572529 -0.012494
v -0.076804 -0.564970 -0.018787
v -0.097151 -0.564970 -0.018787
v -0.076804 -0.560019 -0.027286
v -0.097152 -0.560019 -0.027286
v -0.076804 -0.558274 -0.036965
v -0.097152 -0.558275 -0.036965
v -0.076804 -0.559946 -0.046659
v -0.097152 -0.559946 -0.046659
v -0.076805 -0.564830 -0.055196
v -0.097152 -0.564830 -0.055196
v -0.076804 -0.572341 -0.061546
v -0.097152 -0.572341 -0.061546
v -0.192675 -0.712262 -0.037040
v -0.192675 -0.712262 -0.025680
v -0.190534 -0.710557 -0.028261
v -0.192675 -0.691915 -0.019682
v -0.190533 -0.692911 -0.021907
v -0.190533 -0.700569 -0.019238
v -0.190533 -0.708229 -0.021907
v -0.192674 -0.709226 -0.019682
v -0.192675 -0.700570 -0.016996
v -0.192675 -0.688877 -0.025681
v -0.190533 -0.690583 -0.028261
v -0.190534 -0.710557 -0.037040
v -0.190534 -0.710557 -0.045820
v -0.192675 -0.712262 -0.048400
v -0.190533 -0.708228 -0.052173
v -0.192674 -0.709226 -0.054397
v -0.190533 -0.700570 -0.054843
v -0.192675 -0.700570 -0.057085
v -0.192675 -0.691915 -0.054397
v -0.190533 -0.692911 -0.052173
v -0.192675 -0.688877 -0.048400
v -0.190533 -0.690583 -0.045820
v -0.192675 -0.688877 -0.037040
v -0.190533 -0.690583 -0.037040
v -0.137149 -0.597043 -0.067203
v -0.137150 -0.586594 -0.061170
v -0.146577 -0.586594 -0.061170
v -0.146576 -0.597043 -0.067203
v -0.137149 -0.607492 -0.061170
v -0.146576 -0.607492 -0.061170
v -0.137149 -0.607492 -0.049105
v -0.146576 -0.607492 -0.049105
v -0.137149 -0.617941 -0.043072
v -0.146576 -0.617941 -0.043072
v -0.137149 -0.617941 -0.031007
v -0.146576 -0.617941 -0.031007
v -0.137149 -0.607492 -0.024975
v -0.146576 -0.607493 -0.024975
v -0.137149 -0.607492 -0.012910
v -0.146576 -0.607493 -0.012910
v -0.137149 -0.597044 -0.006877
v -0.146576 -0.597043 -0.006877
v -0.137150 -0.586594 -0.012910
v -0.146577 -0.586594 -0.012910
v -0.137149 -0.576146 -0.006877
v -0.146576 -0.576146 -0.006877
v -0.137149 -0.565697 -0.012910
v -0.146576 -0.565697 -0.012910
v -0.137149 -0.565697 -0.024975
v -0.146576 -0.565697 -0.024975
v -0.137149 -0.555248 -0.031007
v -0.146576 -0.555249 -0.031007
v -0.137149 -0.555249 -0.043072
v -0.146576 -0.555249 -0.043072
v -0.137149 -0.565697 -0.049105
v -0.146576 -0.565697 -0.049105
v -0.137149 -0.565697 -0.061170
v -0.146576 -0.565697 -0.061170
v -0.137149 -0.576146 -0.067203
v -0.146576 -0.576146 -0.067203
v -0.137150 -0.586594 -0.061170
v -0.146577 -0.586594 -0.061170
v -0.146778 -0.537879 0.060705
v -0.140003 -0.537878 0.060705
v -0.128566 -0.547231 0.047875
v -0.120631 -0.547231 0.047875
v -0.117368 -0.556584 0.035045
v -0.108274 -0.556584 0.035046
v -0.099601 -0.569735 0.013089
v -0.090498 -0.569735 0.013089
v -0.091316 -0.582886 -0.008868
v -0.082206 -0.582886 -0.008868
v -0.140003 -0.537878 0.060705
v -0.140003 -0.526302 0.054021
v -0.120631 -0.547231 0.047875
v -0.120632 -0.532737 0.039506
v -0.108274 -0.556584 0.035046
v -0.108274 -0.539170 0.024992
v -0.090498 -0.569735 0.013089
v -0.090498 -0.551611 0.002624
v -0.082206 -0.582886 -0.008868
v -0.082206 -0.564050 -0.019742
v -0.206121 -0.694892 -0.040307
v -0.206122 -0.694017 -0.037040
v -0.206122 -0.697292 -0.042707
v -0.206122 -0.700570 -0.043586
v -0.206121 -0.694892 -0.033772
v -0.206121 -0.703847 -0.042707
v -0.206122 -0.697292 -0.031372
v -0.206122 -0.706247 -0.040307
v -0.206122 -0.700569 -0.030495
v -0.206121 -0.707123 -0.037040
v -0.206122 -0.706247 -0.033772
v -0.206121 -0.703847 -0.031372
v -0.151364 -0.696598 -0.043907
v -0.151364 -0.693690 -0.040999
v -0.151365 -0.702556 -0.044440
v -0.151364 -0.707450 -0.040999
v -0.151365 -0.692628 -0.037040
v -0.151364 -0.693690 -0.033080
v -0.151364 -0.696597 -0.030172
v -0.151365 -0.702556 -0.029640
v -0.151365 -0.708512 -0.037040
v -0.151364 -0.707450 -0.033080
v -0.076805 -0.591405 -0.009165
v -0.076805 -0.581784 -0.009165
v -0.076805 -0.600662 -0.012494
v -0.076804 -0.608220 -0.018787
v -0.076804 -0.613170 -0.027286
v -0.076804 -0.614916 -0.036965
v -0.076804 -0.613244 -0.046659
v -0.076804 -0.608360 -0.055196
v -0.076804 -0.600849 -0.061546
v -0.076804 -0.591619 -0.064946
v -0.076804 -0.581571 -0.064946
v -0.076804 -0.572341 -0.061546
v -0.076805 -0.572528 -0.012494
v -0.076805 -0.564830 -0.055196
v -0.076804 -0.559946 -0.046659
v -0.076804 -0.558274 -0.036965
v -0.076804 -0.560019 -0.027286
v -0.076804 -0.564970 -0.018787
v -0.137149 -0.597735 -0.037040
v -0.137149 -0.596242 -0.031471
v -0.098544 -0.596241 -0.031471
v -0.098543 -0.597733 -0.037040
v -0.137149 -0.596242 -0.042610
v -0.098544 -0.596241 -0.042610
v -0.137149 -0.592164 -0.046687
v -0.098543 -0.592164 -0.046687
v -0.137150 -0.586595 -0.048179
v -0.137149 -0.592164 -0.046687
v -0.098543 -0.592164 -0.046687
v -0.098544 -0.586595 -0.048179
v -0.137149 -0.581025 -0.046687
v -0.098543 -0.581025 -0.046687
v -0.137149 -0.576949 -0.042610
v -0.098543 -0.576948 -0.042610
v -0.137150 -0.575456 -0.037040
v -0.098544 -0.575456 -0.037040
v -0.137149 -0.576948 -0.031471
v -0.098543 -0.576948 -0.031471
v -0.137149 -0.581025 -0.027394
v -0.098543 -0.581025 -0.027394
v -0.137150 -0.586594 -0.025901
v -0.098544 -0.586595 -0.025901
v -0.137149 -0.592164 -0.027394
v -0.098543 -0.592164 -0.027394
v -0.190534 -0.697292 -0.042707
v -0.190533 -0.700570 -0.043586
v -0.151364 -0.700570 -0.043586
v -0.151364 -0.697292 -0.042707
v -0.190534 -0.694892 -0.040307
v -0.151364 -0.694892 -0.040307
v -0.190534 -0.694017 -0.037040
v -0.151364 -0.694017 -0.037040
v -0.190533 -0.694892 -0.033772
v -0.151364 -0.694893 -0.033772
v -0.190533 -0.697292 -0.031372
v -0.151364 -0.697292 -0.031372
v -0.190533 -0.700570 -0.030495
v -0.151364 -0.700570 -0.030495
v -0.190533 -0.703847 -0.031372
v -0.151364 -0.703847 -0.031372
v -0.190533 -0.706246 -0.033772
v -0.151365 -0.706247 -0.033772
v -0.190533 -0.707122 -0.037040
v -0.151364 -0.707123 -0.037040
v -0.190533 -0.706246 -0.040307
v -0.151365 -0.706247 -0.040307
v -0.190533 -0.703847 -0.042707
v -0.151364 -0.703847 -0.042707
v -0.190533 -0.700570 -0.043586
v -0.151364 -0.700570 -0.043586
v -0.150029 -0.702555 -0.044440
v -0.149826 -0.707450 -0.040999
v -0.146777 -0.707161 -0.043787
v -0.149711 -0.702660 -0.046174
v -0.149257 -0.697569 -0.046113
v -0.150194 -0.696597 -0.043907
v -0.150053 -0.693689 -0.040999
v -0.145931 -0.695376 -0.038712
v -0.146320 -0.693722 -0.037045
v -0.150053 -0.692628 -0.037040
v -0.151365 -0.692628 -0.037040
v -0.151364 -0.693690 -0.040999
v -0.151364 -0.696598 -0.043907
v -0.151365 -0.702556 -0.044440
v -0.151364 -0.707450 -0.040999
v -0.149827 -0.708511 -0.037040
v -0.141697 -0.708504 -0.037040
v -0.146780 -0.707247 -0.030945
v -0.149826 -0.707450 -0.033080
v -0.150035 -0.702555 -0.029640
v -0.151364 -0.707450 -0.033080
v -0.151365 -0.702556 -0.029640
v -0.151365 -0.708512 -0.037040
v -0.150053 -0.696598 -0.030172
v -0.151364 -0.696597 -0.030172
v -0.151364 -0.693690 -0.033080
v -0.150053 -0.693689 -0.033080
v -0.151365 -0.692628 -0.037040
v -0.150053 -0.692628 -0.037040
v -0.146320 -0.693722 -0.037045
v -0.145931 -0.695376 -0.038712
v -0.149263 -0.697663 -0.028678
v -0.149718 -0.702696 -0.028185
v -0.137528 -0.468458 -0.052546
v -0.137524 -0.471683 -0.067831
v -0.137020 -0.474234 -0.052271
v -0.137070 -0.472727 -0.037040
v -0.140005 -0.478085 -0.051340
v -0.140003 -0.477586 -0.037041
v -0.139997 -0.478076 -0.022658
v -0.136988 -0.474043 -0.021740
v -0.139991 -0.480652 -0.008653
v -0.137048 -0.476607 -0.007569
v -0.139989 -0.485059 0.005050
v -0.137048 -0.506079 -0.117556
v -0.139991 -0.509039 -0.114595
v -0.139989 -0.499376 -0.103927
v -0.137057 -0.496041 -0.106488
v -0.137048 -0.487983 -0.093974
v -0.137503 -0.483567 -0.096524
v -0.137058 -0.481226 -0.080635
v -0.137514 -0.476497 -0.082594
v -0.141697 -0.468839 -0.068593
v -0.141698 -0.465535 -0.052930
v -0.141697 -0.464685 -0.037040
v -0.137524 -0.467629 -0.037040
v -0.137513 -0.468470 -0.021442
v -0.137503 -0.471682 -0.006249
v -0.137057 -0.481175 0.006658
v -0.139991 -0.491609 -0.091880
v -0.139997 -0.485042 -0.079039
v -0.137070 -0.476607 -0.066511
v -0.140004 -0.480652 -0.065428
v -0.146925 -0.474194 -0.083543
v -0.146789 -0.481412 -0.097767
v -0.141694 -0.473773 -0.083721
v -0.146777 -0.469279 -0.068475
v -0.145793 -0.465986 -0.052868
v -0.145148 -0.465140 -0.037040
v -0.141694 -0.465548 -0.021056
v -0.141691 -0.468839 -0.005487
v -0.137499 -0.476533 0.008600
v -0.137503 -0.483567 0.022442
v -0.137048 -0.487983 0.019894
v -0.137058 -0.496156 0.032415
v -0.139998 -0.499447 0.029908
v -0.137070 -0.506078 0.043477
v -0.139991 -0.491609 0.017800
v -0.149779 -0.478070 -0.081943
v -0.149711 -0.473324 -0.067391
v -0.149240 -0.482795 -0.079987
v -0.149308 -0.470146 -0.052325
v -0.149050 -0.469329 -0.037040
v -0.145856 -0.465998 -0.021118
v -0.141691 -0.481018 0.023914
v -0.141690 -0.473809 0.009729
v -0.146790 -0.469279 -0.005605
v -0.149346 -0.470158 -0.021665
v -0.149489 -0.474427 -0.037040
v -0.149100 -0.475757 -0.052046
v -0.149257 -0.478249 -0.066072
v -0.145087 -0.485464 -0.078865
v -0.145084 -0.481092 -0.065310
v -0.140004 -0.480652 -0.065428
v -0.140005 -0.478085 -0.051340
v -0.145083 -0.478536 -0.051281
v -0.145084 -0.478042 -0.037041
v -0.146954 -0.474229 0.009549
v -0.139997 -0.485042 -0.079039
v -0.139991 -0.491609 -0.091880
v -0.140003 -0.477586 -0.037041
v -0.145087 -0.478528 -0.022718
v -0.149167 -0.475612 -0.021965
v -0.149733 -0.473324 -0.006689
v -0.149803 -0.478105 0.007947
v -0.146789 -0.481412 0.023687
v -0.146755 -0.490118 0.037048
v -0.141694 -0.489757 0.037326
v -0.141697 -0.500391 0.049163
v -0.137514 -0.492095 0.035530
v -0.137524 -0.502473 0.047082
v -0.149278 -0.478248 -0.008009
v -0.145090 -0.481093 -0.008770
v -0.139997 -0.478076 -0.022658
v -0.137020 -0.517224 0.052652
v -0.137527 -0.514098 0.057516
v -0.137070 -0.529661 0.061572
v -0.137524 -0.527111 0.065987
v -0.137513 -0.541084 0.072816
v -0.141694 -0.539958 0.075534
v -0.137503 -0.555804 0.077872
v -0.141691 -0.555042 0.080716
v -0.137501 -0.571016 0.081293
v -0.141690 -0.570631 0.084222
v -0.141691 -0.586595 0.084870
v -0.146790 -0.570690 0.083769
v -0.146790 -0.586595 0.084414
v -0.149735 -0.571238 0.079603
v -0.149733 -0.586595 0.080226
v -0.149279 -0.571907 0.074532
v -0.141696 -0.525640 0.068537
v -0.141698 -0.512304 0.059856
v -0.137503 -0.586595 0.081926
v -0.137502 -0.602195 0.081049
v -0.137046 -0.571684 0.076223
v -0.137048 -0.557124 0.072948
v -0.136989 -0.543610 0.067851
v -0.140004 -0.509039 0.040516
v -0.140005 -0.519955 0.049783
v -0.140003 -0.532090 0.057364
v -0.139997 -0.544832 0.063899
v -0.139991 -0.558208 0.068902
v -0.139990 -0.572209 0.072110
v -0.137048 -0.586595 0.076827
v -0.137046 -0.601527 0.075989
v -0.137503 -0.617386 0.077872
v -0.141691 -0.618148 0.080716
v -0.137513 -0.632236 0.073028
v -0.139991 -0.586595 0.072640
v -0.139990 -0.601001 0.071876
v -0.137048 -0.616066 0.072948
v -0.137006 -0.629586 0.067885
v -0.137070 -0.643529 0.061572
v -0.139998 -0.628468 0.064087
v -0.140004 -0.641100 0.057364
v -0.139991 -0.614983 0.068902
v -0.137524 -0.646078 0.065987
v -0.141697 -0.647550 0.068537
v -0.137527 -0.659165 0.057458
v -0.140006 -0.653309 0.049748
v -0.137003 -0.656121 0.052783
v -0.137524 -0.670716 0.047082
v -0.137070 -0.667112 0.043477
v -0.137071 -0.677149 0.032408
v -0.139997 -0.673814 0.029848
v -0.137048 -0.685207 0.019894
v -0.139992 -0.681580 0.017800
v -0.139989 -0.688147 0.004958
v -0.140003 -0.664150 0.040516
v -0.146777 -0.647323 0.068143
v -0.146776 -0.660684 0.059435
v -0.149707 -0.658129 0.056108
v -0.141698 -0.660961 0.059797
v -0.141697 -0.672798 0.049163
v -0.137513 -0.681152 0.035457
v -0.137503 -0.689622 0.022442
v -0.137042 -0.691964 0.006554
v -0.137048 -0.696583 -0.007569
v -0.139991 -0.692538 -0.008653
v -0.137070 -0.700463 -0.037040
v -0.140004 -0.695604 -0.037041
v -0.149710 -0.645228 0.064516
v -0.146785 -0.683129 0.036972
v -0.146790 -0.691778 0.023687
v -0.149723 -0.679801 0.034421
v -0.146778 -0.672476 0.048841
v -0.141691 -0.704351 -0.005487
v -0.141697 -0.708504 -0.037040
v -0.146780 -0.707247 -0.030945
v -0.146790 -0.703911 -0.005605
v -0.141690 -0.699417 0.009640
v -0.141691 -0.692172 0.023914
v -0.141694 -0.683491 0.037250
v -0.137500 -0.696693 0.008513
v -0.137503 -0.701508 -0.006249
v -0.137524 -0.705561 -0.037040
v -0.149718 -0.702696 -0.028185
v -0.139989 -0.688147 0.004958
v -0.145021 -0.687723 0.004783
v -0.139991 -0.692538 -0.008653
v -0.145090 -0.692098 -0.008770
v -0.140004 -0.695604 -0.037041
v -0.145931 -0.695376 -0.038712
v -0.149263 -0.697663 -0.028678
v -0.149278 -0.694941 -0.008009
v -0.149734 -0.699866 -0.006689
v -0.149737 -0.695120 0.007863
v -0.149734 -0.688151 0.021593
v -0.149307 -0.675779 0.031350
v -0.149711 -0.669515 0.045880
v -0.149275 -0.690395 0.005906
v -0.149278 -0.683736 0.019044
v -0.141694 -0.633365 0.075751
v -0.146783 -0.633191 0.075330
v -0.149722 -0.631584 0.071456
v -0.149257 -0.642679 0.060100
v -0.149041 -0.655168 0.051572
v -0.149258 -0.665910 0.042275
v -0.145087 -0.673452 0.029570
v -0.145091 -0.681187 0.017572
v -0.139992 -0.681580 0.017800
v -0.145084 -0.663828 0.040193
v -0.140003 -0.664150 0.040516
v -0.139997 -0.673814 0.029848
v -0.140006 -0.653309 0.049748
v -0.145083 -0.653032 0.049386
v -0.140004 -0.641100 0.057364
v -0.149278 -0.586595 0.075127
v -0.145090 -0.572269 0.071658
v -0.145090 -0.586595 0.072185
v -0.139991 -0.586595 0.072640
v -0.145091 -0.600941 0.071424
v -0.139990 -0.601001 0.071876
v -0.139991 -0.614983 0.068902
v -0.145090 -0.614864 0.068463
v -0.139998 -0.628468 0.064087
v -0.145087 -0.628293 0.063667
v -0.145084 -0.640873 0.056969
v -0.139990 -0.572209 0.072110
v -0.139991 -0.558208 0.068902
v -0.149015 -0.629033 0.066488
v -0.149277 -0.615626 0.071306
v -0.149279 -0.601303 0.074301
v -0.149735 -0.601972 0.079362
v -0.146791 -0.602521 0.083519
v -0.141690 -0.602581 0.083972
v -0.146789 -0.618029 0.080276
v -0.149733 -0.616946 0.076231
v -0.141691 -0.481018 -0.097995
v -0.141690 -0.489699 -0.111331
v -0.137499 -0.492039 -0.109537
v -0.141691 -0.500392 -0.123244
v -0.146792 -0.490061 -0.111053
v -0.149733 -0.485039 -0.095674
v -0.149737 -0.493390 -0.108502
v -0.146790 -0.500714 -0.122922
v -0.146784 -0.512507 -0.133517
v -0.141694 -0.512228 -0.133878
v -0.149278 -0.489455 -0.093124
v -0.149320 -0.497411 -0.105431
v -0.149733 -0.503675 -0.119960
v -0.149723 -0.515061 -0.130190
v -0.146777 -0.525868 -0.142223
v -0.141696 -0.525640 -0.142618
v -0.137513 -0.514025 -0.131540
v -0.137503 -0.502474 -0.121162
v -0.149710 -0.527961 -0.138596
v -0.136989 -0.517069 -0.126863
v -0.137071 -0.529661 -0.135652
v -0.137524 -0.527111 -0.140069
v -0.137527 -0.540955 -0.147103
v -0.137020 -0.543604 -0.141962
v -0.137524 -0.555805 -0.151952
v -0.137070 -0.557124 -0.147028
v -0.137055 -0.571665 -0.150089
v -0.141698 -0.633275 -0.149861
v -0.137527 -0.632148 -0.147137
v -0.141697 -0.618148 -0.154796
v -0.137524 -0.617386 -0.151952
v -0.137511 -0.602101 -0.155177
v -0.137069 -0.601461 -0.150186
v -0.137503 -0.586595 -0.156007
v -0.137048 -0.586595 -0.150907
v -0.139996 -0.572191 -0.145987
v -0.140003 -0.558208 -0.142983
v -0.140005 -0.544724 -0.138163
v -0.140003 -0.532091 -0.131445
v -0.139997 -0.519881 -0.123829
v -0.137070 -0.643528 -0.135652
v -0.137003 -0.629621 -0.142163
v -0.137070 -0.616066 -0.147028
v -0.139989 -0.673716 -0.103973
v -0.139992 -0.664150 -0.114595
v -0.137048 -0.667112 -0.117556
v -0.137006 -0.655968 -0.126734
v -0.139998 -0.653238 -0.123867
v -0.140003 -0.641098 -0.131445
v -0.140005 -0.628398 -0.138211
v -0.140004 -0.614982 -0.142983
v -0.139996 -0.600912 -0.146018
v -0.139991 -0.586595 -0.146720
v -0.149711 -0.702660 -0.046174
v -0.146777 -0.707161 -0.043787
v -0.146778 -0.703911 -0.068475
v -0.141697 -0.704351 -0.068593
v -0.146784 -0.699171 -0.083671
v -0.141694 -0.699593 -0.083845
v -0.141691 -0.692172 -0.097995
v -0.137513 -0.696865 -0.082715
v -0.137503 -0.689622 -0.096524
v -0.137059 -0.692139 -0.080758
v -0.137048 -0.685207 -0.093974
v -0.139998 -0.688316 -0.079157
v -0.139992 -0.681580 -0.091880
v -0.137044 -0.677015 -0.106486
v -0.137504 -0.670717 -0.121162
v -0.137514 -0.659096 -0.131601
v -0.137500 -0.681063 -0.109595
v -0.141690 -0.683401 -0.111390
v -0.146791 -0.683040 -0.111112
v -0.141691 -0.672798 -0.123244
v -0.141694 -0.660890 -0.133940
v -0.141697 -0.708504 -0.037040
v -0.137524 -0.705561 -0.037040
v -0.137524 -0.701508 -0.067831
v -0.137070 -0.700463 -0.037040
v -0.137070 -0.696583 -0.066511
v -0.140004 -0.692538 -0.065428
v -0.140004 -0.695604 -0.037041
v -0.149258 -0.642679 -0.134180
v -0.145084 -0.640871 -0.131051
v -0.145084 -0.652960 -0.123505
v -0.149015 -0.655034 -0.125557
v -0.145090 -0.663828 -0.114273
v -0.149278 -0.665910 -0.116355
v -0.145105 -0.673360 -0.103699
v -0.149281 -0.675666 -0.105449
v -0.149278 -0.683736 -0.093124
v -0.149734 -0.688151 -0.095674
v -0.149737 -0.679714 -0.108559
v -0.146789 -0.691778 -0.097767
v -0.146789 -0.672476 -0.122922
v -0.146783 -0.660613 -0.133579
v -0.141697 -0.647549 -0.142618
v -0.137524 -0.646078 -0.140069
v -0.145091 -0.681186 -0.091652
v -0.145084 -0.628224 -0.137789
v -0.140003 -0.641098 -0.131445
v -0.139998 -0.653238 -0.123867
v -0.139992 -0.664150 -0.114595
v -0.139989 -0.673716 -0.103973
v -0.139992 -0.681580 -0.091880
v -0.145009 -0.687856 -0.078977
v -0.149268 -0.690564 -0.080106
v -0.149722 -0.695290 -0.082063
v -0.145084 -0.692098 -0.065310
v -0.149257 -0.694941 -0.066072
v -0.149710 -0.699866 -0.067391
v -0.149257 -0.697569 -0.046113
v -0.145931 -0.695376 -0.038712
v -0.140004 -0.692538 -0.065428
v -0.139998 -0.688316 -0.079157
v -0.140004 -0.695604 -0.037041
v -0.140004 -0.509039 0.040516
v -0.139998 -0.499447 0.029908
v -0.145088 -0.499808 0.029629
v -0.139991 -0.491609 0.017800
v -0.145090 -0.492004 0.017572
v -0.140005 -0.519955 0.049783
v -0.145085 -0.509362 0.040193
v -0.149258 -0.507280 0.042275
v -0.149264 -0.497504 0.031379
v -0.149278 -0.489455 0.019044
v -0.145091 -0.485480 0.004875
v -0.139989 -0.485059 0.005050
v -0.139991 -0.480652 -0.008653
v -0.140003 -0.532090 0.057364
v -0.145083 -0.520232 0.049421
v -0.149003 -0.518159 0.051473
v -0.149711 -0.503675 0.045880
v -0.149710 -0.493445 0.034494
v -0.149733 -0.485039 0.021593
v -0.149300 -0.482768 0.006002
v -0.145087 -0.545006 0.063479
v -0.145090 -0.558326 0.068463
v -0.139997 -0.544832 0.063899
v -0.145084 -0.532318 0.056969
v -0.149258 -0.530511 0.060100
v -0.149709 -0.515134 0.056165
v -0.146778 -0.500714 0.048841
v -0.146780 -0.512582 0.059494
v -0.146777 -0.525868 0.068143
v -0.149710 -0.527961 0.064516
v -0.149722 -0.541734 0.071247
v -0.149054 -0.544181 0.066424
v -0.149733 -0.556244 0.076231
v -0.149277 -0.557564 0.071306
v -0.146783 -0.540132 0.075114
v -0.146789 -0.555160 0.080276
v -0.201315 -0.691913 -0.054397
v -0.201315 -0.700570 -0.057085
v -0.192675 -0.700570 -0.057085
v -0.192675 -0.691915 -0.054397
v -0.201315 -0.688877 -0.048400
v -0.192675 -0.688877 -0.048400
v -0.201315 -0.688877 -0.037040
v -0.192675 -0.688877 -0.037040
v -0.201315 -0.688877 -0.025681
v -0.192675 -0.688877 -0.025681
v -0.201315 -0.691914 -0.019682
v -0.192675 -0.691915 -0.019682
v -0.201315 -0.700570 -0.016996
v -0.192675 -0.700570 -0.016996
v -0.201315 -0.709226 -0.019682
v -0.192674 -0.709226 -0.019682
v -0.201315 -0.712262 -0.025680
v -0.192675 -0.712262 -0.025680
v -0.201315 -0.712262 -0.037040
v -0.192675 -0.712262 -0.037040
v -0.201315 -0.712262 -0.048400
v -0.192675 -0.712262 -0.048400
v -0.201315 -0.709226 -0.054397
v -0.192674 -0.709226 -0.054397
v -0.201315 -0.700570 -0.057085
v -0.192675 -0.700570 -0.057085
v -0.065999 -0.576810 -0.053938
v -0.076805 -0.576810 -0.053938
v -0.065999 -0.590010 -0.056266
v -0.076805 -0.590009 -0.056266
v -0.065999 -0.601569 -0.049573
v -0.076805 -0.601569 -0.049573
v -0.065999 -0.606122 -0.037015
v -0.076804 -0.606122 -0.037015
v -0.065999 -0.601538 -0.024470
v -0.076805 -0.601537 -0.024470
v -0.065999 -0.589961 -0.017806
v -0.076804 -0.589961 -0.017806
v -0.065999 -0.576853 -0.020117
v -0.076805 -0.576853 -0.020117
v -0.065999 -0.568255 -0.030338
v -0.076804 -0.568254 -0.030338
v -0.065999 -0.568238 -0.043696
v -0.076805 -0.568237 -0.043696
v -0.065999 -0.576810 -0.053938
v -0.076805 -0.576810 -0.053938
v -0.065997 -0.649379 -0.001877
v -0.065998 -0.588474 -0.037040
v -0.065998 -0.623637 0.023865
v -0.065998 -0.588475 0.033286
v -0.065999 -0.553311 0.023865
v -0.065999 -0.527569 -0.001877
v -0.065998 -0.518146 -0.037041
v -0.065999 -0.527569 -0.072204
v -0.065999 -0.553311 -0.097945
v -0.065998 -0.588473 -0.107368
v -0.065998 -0.623637 -0.097945
v -0.065997 -0.649379 -0.072204
v -0.065998 -0.658801 -0.037041
v 0.040746 -0.414810 -0.140511
v 0.042870 -0.411935 -0.140511
v 0.095812 -0.442036 -0.140511
v 0.084299 -0.457628 -0.140511
v 0.068436 -0.469423 -0.140511
v 0.037821 -0.416986 -0.140511
v 0.034544 -0.418414 -0.140511
v 0.050670 -0.477170 -0.140511
v 0.031016 -0.479454 -0.140511
v 0.030919 -0.418836 -0.140511
v 0.027294 -0.418414 -0.140511
v 0.011362 -0.477170 -0.140511
v -0.006404 -0.469423 -0.140511
v 0.024017 -0.416986 -0.140511
v 0.027312 -0.391578 -0.140511
v 0.011460 -0.331671 -0.140511
v 0.031015 -0.329849 -0.140511
v 0.030918 -0.391242 -0.140511
v 0.034525 -0.391578 -0.140511
v 0.050572 -0.331671 -0.140511
v 0.068616 -0.339973 -0.140511
v 0.037853 -0.393109 -0.140511
v 0.083837 -0.351860 -0.140511
v 0.040661 -0.395301 -0.140511
v 0.042857 -0.398118 -0.140511
v 0.095740 -0.367131 -0.140511
v 0.044296 -0.401413 -0.140511
v 0.103543 -0.384993 -0.140511
v 0.105827 -0.404629 -0.140511
v 0.044717 -0.405035 -0.140511
v 0.044316 -0.408587 -0.140511
v 0.103653 -0.423889 -0.140511
v -0.206121 -0.707123 -0.037040
v -0.203457 -0.707123 -0.037040
v -0.203456 -0.706247 -0.040307
v -0.206122 -0.706247 -0.040307
v -0.203456 -0.703847 -0.042707
v -0.206121 -0.703847 -0.042707
v -0.203456 -0.700570 -0.043586
v -0.206122 -0.700570 -0.043586
v -0.206122 -0.700570 -0.043586
v -0.203456 -0.700570 -0.043586
v -0.203456 -0.697292 -0.042707
v -0.206122 -0.697292 -0.042707
v -0.203456 -0.694893 -0.040307
v -0.206121 -0.694892 -0.040307
v -0.203456 -0.694017 -0.037040
v -0.206122 -0.694017 -0.037040
v -0.203456 -0.694893 -0.033772
v -0.206121 -0.694892 -0.033772
v -0.203456 -0.697292 -0.031372
v -0.206122 -0.697292 -0.031372
v -0.203456 -0.700569 -0.030495
v -0.206122 -0.700569 -0.030495
v -0.203456 -0.703848 -0.031372
v -0.206121 -0.703847 -0.031372
v -0.203456 -0.706247 -0.033772
v -0.206122 -0.706247 -0.033772
v 0.034720 -0.391578 -0.239675
v 0.050572 -0.331671 -0.239675
v 0.031016 -0.329849 -0.239675
v 0.031113 -0.391242 -0.239675
v 0.027507 -0.391578 -0.239675
v 0.011460 -0.331671 -0.239675
v -0.006584 -0.339973 -0.239675
v 0.024178 -0.393109 -0.239675
v -0.021805 -0.351860 -0.239675
v 0.021371 -0.395301 -0.239675
v 0.019174 -0.398118 -0.239675
v -0.033708 -0.367131 -0.239675
v 0.017735 -0.401413 -0.239675
v -0.041512 -0.384993 -0.239675
v -0.043796 -0.404629 -0.239675
v 0.017315 -0.405035 -0.239675
v 0.017716 -0.408587 -0.239675
v -0.041622 -0.423889 -0.239675
v -0.033781 -0.442036 -0.239675
v 0.019162 -0.411935 -0.239675
v 0.021285 -0.414810 -0.239675
v -0.022268 -0.457628 -0.239675
v -0.006404 -0.469423 -0.239675
v 0.024210 -0.416986 -0.239675
v 0.027488 -0.418414 -0.239675
v 0.011361 -0.477170 -0.239675
v 0.031016 -0.479454 -0.239675
v 0.031113 -0.418836 -0.239675
v 0.034738 -0.418414 -0.239675
v 0.050670 -0.477170 -0.239675
v 0.068435 -0.469423 -0.239675
v 0.038015 -0.416986 -0.239675
v 0.040941 -0.414810 -0.239675
v 0.084299 -0.457629 -0.239675
v 0.095812 -0.442036 -0.239675
v 0.043064 -0.411934 -0.239675
v 0.044510 -0.408588 -0.239675
v 0.103653 -0.423888 -0.239675
v 0.105827 -0.404629 -0.239675
v 0.044911 -0.405035 -0.239675
v 0.044490 -0.401413 -0.239675
v 0.103544 -0.384993 -0.239675
v 0.095740 -0.367131 -0.239675
v 0.043051 -0.398119 -0.239675
v 0.040855 -0.395301 -0.239675
v 0.083837 -0.351861 -0.239675
v 0.038048 -0.393110 -0.239675
v 0.068616 -0.339973 -0.239675
v 0.021090 -0.414810 -0.140511
v -0.022268 -0.457629 -0.140511
v -0.033780 -0.442036 -0.140511
v 0.018968 -0.411934 -0.140511
v 0.017521 -0.408588 -0.140511
v -0.041621 -0.423888 -0.140511
v -0.043796 -0.404629 -0.140511
v 0.017121 -0.405035 -0.140511
v 0.017542 -0.401413 -0.140511
v -0.041512 -0.384993 -0.140511
v -0.033709 -0.367131 -0.140511
v 0.018981 -0.398119 -0.140511
v 0.021176 -0.395301 -0.140511
v -0.021805 -0.351861 -0.140511
v 0.023984 -0.393110 -0.140511
v -0.006585 -0.339973 -0.140511
v 0.119607 -0.588474 -0.023043
v 0.119607 -0.588474 -0.002762
v 0.119607 -0.581339 -0.024955
v 0.119606 -0.571198 -0.007390
v 0.119607 -0.576116 -0.030177
v 0.119607 -0.558552 -0.020037
v 0.119607 -0.574204 -0.037312
v 0.119607 -0.553922 -0.037313
v 0.119607 -0.576116 -0.044448
v 0.119607 -0.558552 -0.054589
v 0.119607 -0.581339 -0.049671
v 0.119606 -0.571198 -0.067235
v 0.119607 -0.588474 -0.051583
v 0.119607 -0.588474 -0.071865
v 0.119606 -0.595609 -0.049671
v 0.119607 -0.605750 -0.067235
v 0.119607 -0.600832 -0.044448
v 0.119607 -0.618397 -0.054589
v 0.119607 -0.602744 -0.037312
v 0.119607 -0.623026 -0.037313
v 0.119607 -0.600832 -0.030177
v 0.119607 -0.618397 -0.020037
v 0.119606 -0.595609 -0.024955
v 0.119607 -0.605750 -0.007390
v -0.026034 -0.437581 -0.229146
v -0.026034 -0.437581 -0.224412
v -0.015938 -0.451319 -0.224412
v -0.032985 -0.421591 -0.229146
v -0.032985 -0.421590 -0.224412
v -0.034859 -0.404645 -0.229146
v 0.095017 -0.421591 -0.224412
v 0.096890 -0.404645 -0.229146
v 0.095016 -0.421591 -0.229146
v 0.088065 -0.437580 -0.224412
v 0.088065 -0.437581 -0.229146
v 0.077969 -0.451320 -0.229146
v 0.077970 -0.451320 -0.224412
v 0.063954 -0.461692 -0.229146
v 0.063954 -0.461692 -0.224412
v 0.048342 -0.468542 -0.229146
v 0.048342 -0.468970 -0.224412
v 0.031016 -0.470517 -0.229146
v 0.031016 -0.470866 -0.224412
v 0.013690 -0.468542 -0.224412
v 0.013690 -0.468542 -0.229146
v -0.001922 -0.461692 -0.229146
v -0.001922 -0.461692 -0.224412
v -0.015938 -0.451320 -0.229146
v 0.077970 -0.451320 -0.155775
v 0.077970 -0.451320 -0.169180
v 0.063954 -0.461692 -0.169180
v 0.063954 -0.461692 -0.155775
v 0.048342 -0.468542 -0.155775
v 0.048342 -0.468542 -0.169180
v 0.031016 -0.470517 -0.155775
v 0.031015 -0.470916 -0.169177
v 0.013690 -0.468542 -0.169180
v -0.001922 -0.461692 -0.169180
v -0.015938 -0.451319 -0.169180
v -0.015938 -0.451319 -0.155775
v -0.001922 -0.461692 -0.155775
v 0.013690 -0.468542 -0.155775
v 0.031016 -0.470517 -0.151039
v 0.048342 -0.468542 -0.151039
v 0.063954 -0.461692 -0.151039
v 0.077970 -0.451320 -0.151039
v 0.088065 -0.437580 -0.151039
v 0.088065 -0.437580 -0.155775
v 0.095017 -0.421591 -0.155775
v 0.095017 -0.421591 -0.151039
v 0.096890 -0.404644 -0.151039
v -0.032985 -0.421590 -0.155775
v -0.034859 -0.404645 -0.151039
v -0.032985 -0.421590 -0.151039
v -0.026034 -0.437581 -0.151039
v -0.026034 -0.437581 -0.155775
v -0.015938 -0.451319 -0.151039
v -0.001922 -0.461692 -0.151039
v 0.013690 -0.468542 -0.151039
v -0.030146 -0.553310 -0.097945
v -0.052966 -0.553310 -0.097945
v -0.044969 -0.540577 -0.125370
v -0.024508 -0.540582 -0.125332
v -0.041332 -0.523866 -0.136388
v -0.021939 -0.523866 -0.136388
v -0.036863 -0.502102 -0.146631
v -0.018721 -0.502022 -0.146657
v -0.032986 -0.479247 -0.155775
v -0.015938 -0.479246 -0.155775
v -0.026034 -0.437581 -0.155775
v -0.015938 -0.451319 -0.155775
v -0.032985 -0.421590 -0.155775
v -0.030147 -0.527569 -0.072204
v -0.052966 -0.553310 -0.097945
v -0.030146 -0.553310 -0.097945
v -0.065999 -0.553311 -0.097945
v -0.065999 -0.527569 -0.072204
v -0.065998 -0.518146 -0.037041
v -0.030146 -0.518147 -0.037041
v -0.065999 -0.527569 -0.001877
v -0.030147 -0.527569 -0.001877
v -0.065999 -0.553311 0.023865
v -0.030146 -0.553310 0.023865
v -0.065998 -0.588475 0.033286
v -0.030147 -0.588474 0.033286
v -0.065998 -0.623637 0.023865
v -0.030147 -0.623637 0.023865
v -0.065997 -0.649379 -0.001877
v -0.030146 -0.649379 -0.001877
v -0.065998 -0.658801 -0.037041
v -0.030147 -0.658801 -0.037041
v -0.065997 -0.649379 -0.072204
v -0.030146 -0.649379 -0.072204
v -0.052966 -0.623637 -0.097945
v -0.030147 -0.623637 -0.097945
v -0.065998 -0.623637 -0.097945
v -0.030146 -0.621548 -0.110866
v 0.095561 -0.621549 -0.110866
v 0.108896 -0.587507 -0.172698
v 0.114418 -0.621549 -0.110866
v 0.114259 -0.618397 -0.054589
v 0.095560 -0.618397 -0.054589
v -0.052966 -0.623637 -0.097945
v -0.030147 -0.623637 -0.097945
v -0.052966 -0.621549 -0.110866
v -0.045197 -0.587506 -0.172675
v 0.104287 -0.555674 -0.201675
v -0.041332 -0.555674 -0.201675
v 0.099631 -0.519642 -0.218689
v -0.037128 -0.519612 -0.218704
v 0.095016 -0.479248 -0.224412
v -0.032986 -0.479247 -0.224412
v 0.031016 -0.470866 -0.224412
v 0.013690 -0.468542 -0.224412
v -0.001922 -0.461692 -0.224412
v -0.015938 -0.451319 -0.224412
v -0.026034 -0.437581 -0.224412
v -0.032985 -0.421590 -0.224412
v 0.048342 -0.468970 -0.224412
v 0.063954 -0.461692 -0.224412
v 0.077970 -0.451320 -0.224412
v 0.088065 -0.437580 -0.224412
v 0.095017 -0.421591 -0.224412
v 0.077970 -0.480487 -0.169122
v 0.031015 -0.470916 -0.169177
v 0.048342 -0.468542 -0.169180
v 0.063954 -0.461692 -0.169180
v 0.077970 -0.451320 -0.169180
v 0.095561 -0.570104 -0.117189
v -0.030147 -0.570104 -0.117189
v 0.088244 -0.551235 -0.140170
v -0.024563 -0.551234 -0.140148
v 0.084893 -0.530867 -0.152910
v -0.021939 -0.530868 -0.152910
v 0.081274 -0.506189 -0.161714
v -0.018803 -0.506150 -0.161729
v -0.015939 -0.480487 -0.169122
v 0.013690 -0.468542 -0.169180
v -0.001922 -0.461692 -0.169180
v -0.015938 -0.451319 -0.169180
v 0.020832 -0.395844 -0.114608
v 0.025914 -0.395843 -0.114608
v 0.022300 -0.398385 -0.112676
v 0.018291 -0.400246 -0.114608
v 0.039695 -0.398384 -0.112676
v 0.034613 -0.398385 -0.112676
v 0.036079 -0.395844 -0.114608
v 0.032071 -0.393983 -0.112676
v 0.033538 -0.391442 -0.114608
v 0.028456 -0.391442 -0.114608
v 0.029922 -0.393984 -0.112676
v 0.027382 -0.398385 -0.112676
v 0.021225 -0.400245 -0.112676
v 0.020832 -0.404647 -0.114608
v 0.023766 -0.404647 -0.112676
v 0.021225 -0.409049 -0.112676
v 0.022300 -0.410909 -0.112676
v 0.027382 -0.410909 -0.112676
v 0.032071 -0.415310 -0.112676
v 0.034613 -0.410908 -0.112676
v 0.038227 -0.404648 -0.112676
v 0.040769 -0.409048 -0.112676
v 0.018291 -0.409048 -0.114608
v 0.020832 -0.413449 -0.114608
v 0.025915 -0.413450 -0.114608
v 0.029923 -0.415310 -0.112676
v 0.033538 -0.417851 -0.114608
v 0.036079 -0.413450 -0.114608
v 0.039695 -0.410909 -0.112676
v 0.043703 -0.409048 -0.114608
v 0.041161 -0.404647 -0.114608
v 0.040769 -0.400245 -0.112676
v 0.041162 -0.413450 -0.114608
v 0.028455 -0.417852 -0.114608
v 0.043704 -0.400246 -0.114608
v 0.041162 -0.395844 -0.114608
v 0.030997 -0.471240 -0.090616
v 0.030997 -0.477075 -0.090616
v 0.025868 -0.477074 -0.090616
v 0.022155 -0.475715 -0.090616
v 0.020596 -0.471239 -0.090616
v 0.024360 -0.478071 -0.091867
v 0.030997 -0.478072 -0.091867
v 0.036126 -0.477075 -0.090616
v 0.039838 -0.475714 -0.090616
v 0.041399 -0.471240 -0.090616
v 0.039840 -0.466765 -0.090616
v 0.036126 -0.465405 -0.090616
v 0.030998 -0.465404 -0.090616
v 0.037634 -0.478071 -0.091867
v 0.041139 -0.476296 -0.091867
v 0.042708 -0.471239 -0.091867
v 0.041139 -0.466182 -0.091867
v 0.037634 -0.464408 -0.091867
v 0.030998 -0.464408 -0.091867
v 0.025868 -0.465405 -0.090616
v 0.022155 -0.466764 -0.090616
v 0.020856 -0.466182 -0.091867
v 0.019285 -0.471239 -0.091867
v 0.020856 -0.476296 -0.091867
v 0.024360 -0.464408 -0.091867
v 0.114258 -0.588474 -0.071865
v 0.119607 -0.588474 -0.071865
v 0.114258 -0.571198 -0.067235
v 0.119606 -0.571198 -0.067235
v 0.114258 -0.558552 -0.054589
v 0.119607 -0.558552 -0.054589
v 0.119607 -0.553922 -0.037313
v 0.119607 -0.605750 -0.067235
v 0.119607 -0.588474 -0.071865
v 0.114258 -0.588474 -0.071865
v 0.114258 -0.605749 -0.067235
v 0.119607 -0.618397 -0.054589
v 0.114259 -0.618397 -0.054589
v 0.119607 -0.623026 -0.037313
v 0.095561 -0.623026 -0.037313
v 0.119607 -0.618397 -0.020037
v 0.095560 -0.618397 -0.020037
v 0.119607 -0.605750 -0.007390
v 0.095561 -0.605750 -0.007390
v 0.119607 -0.588474 -0.002762
v 0.095561 -0.588473 -0.002762
v 0.119606 -0.571198 -0.007390
v 0.095561 -0.571198 -0.007390
v 0.119607 -0.558552 -0.020037
v 0.095561 -0.558551 -0.020037
v 0.095560 -0.553922 -0.037313
v 0.095561 -0.558551 -0.054589
v 0.095560 -0.618397 -0.054589
v 0.030997 -0.478072 -0.096915
v 0.037634 -0.478071 -0.096915
v 0.036126 -0.477075 -0.098167
v 0.039838 -0.475714 -0.098167
v 0.041139 -0.476296 -0.096915
v 0.041399 -0.471240 -0.098167
v 0.042708 -0.471239 -0.096915
v 0.041139 -0.466182 -0.096915
v 0.030998 -0.464408 -0.096915
v 0.024360 -0.464408 -0.096915
v 0.025868 -0.465405 -0.098167
v 0.022155 -0.466765 -0.098167
v 0.020856 -0.466182 -0.096915
v 0.020596 -0.471240 -0.098167
v 0.019285 -0.471239 -0.096916
v 0.020856 -0.476296 -0.096915
v 0.022155 -0.475715 -0.098167
v 0.024360 -0.478071 -0.096915
v 0.025868 -0.477074 -0.098167
v 0.030997 -0.477075 -0.098167
v 0.032906 -0.474556 -0.098167
v 0.034308 -0.473154 -0.098167
v 0.034821 -0.471239 -0.098167
v 0.039840 -0.466765 -0.098167
v 0.037634 -0.464408 -0.096915
v 0.036126 -0.465405 -0.098167
v 0.030998 -0.465404 -0.098167
v 0.029088 -0.467922 -0.098167
v 0.027686 -0.469325 -0.098167
v 0.027172 -0.471240 -0.098167
v 0.027686 -0.473155 -0.098167
v 0.029088 -0.474557 -0.098167
v 0.030997 -0.475068 -0.098167
v 0.034308 -0.469324 -0.098167
v 0.032906 -0.467923 -0.098167
v 0.030997 -0.467411 -0.098167
v 0.088109 -0.433110 -0.123732
v 0.084203 -0.439874 -0.123732
v 0.047458 -0.406814 -0.128210
v 0.041105 -0.417820 -0.128210
v 0.088108 -0.433110 -0.127690
v 0.047458 -0.406814 -0.133532
v 0.084203 -0.439874 -0.127690
v 0.041105 -0.417820 -0.133532
v 0.088109 -0.433110 -0.123732
v 0.047458 -0.406814 -0.128210
v 0.088108 -0.433110 -0.127690
v 0.047458 -0.406814 -0.133532
v 0.041105 -0.417820 -0.133532
v 0.041105 -0.417820 -0.128210
v 0.084203 -0.439874 -0.127690
v 0.084203 -0.439874 -0.123732
v 0.084203 -0.369419 -0.123732
v 0.088107 -0.376183 -0.123732
v 0.041104 -0.391475 -0.128210
v 0.047459 -0.402480 -0.128210
v 0.084203 -0.369419 -0.127690
v 0.041104 -0.391475 -0.133532
v 0.088107 -0.376183 -0.127690
v 0.047459 -0.402480 -0.133532
v 0.084203 -0.369419 -0.123732
v 0.041104 -0.391475 -0.128210
v 0.084203 -0.369419 -0.127690
v 0.041104 -0.391475 -0.133532
v 0.047459 -0.402480 -0.133532
v 0.047459 -0.402480 -0.128210
v 0.088107 -0.376183 -0.127690
v 0.088107 -0.376183 -0.123732
v 0.027091 -0.340956 -0.123732
v 0.034901 -0.340956 -0.123732
v 0.024643 -0.389309 -0.128210
v 0.037351 -0.389307 -0.128210
v 0.027091 -0.340956 -0.127690
v 0.024643 -0.389309 -0.133532
v 0.034901 -0.340956 -0.127690
v 0.037351 -0.389307 -0.133532
v 0.027091 -0.340956 -0.123732
v 0.024643 -0.389309 -0.128210
v 0.027091 -0.340956 -0.127690
v 0.024643 -0.389309 -0.133532
v 0.037351 -0.389307 -0.133532
v 0.037351 -0.389307 -0.128210
v 0.034901 -0.340956 -0.127690
v 0.034901 -0.340956 -0.123732
v -0.026115 -0.376184 -0.123732
v -0.022209 -0.369420 -0.123732
v 0.014536 -0.402481 -0.128210
v 0.020889 -0.391475 -0.128210
v -0.026115 -0.376184 -0.127690
v 0.014536 -0.402481 -0.133532
v -0.022209 -0.369420 -0.127690
v 0.020889 -0.391475 -0.133532
v -0.026115 -0.376184 -0.123732
v 0.014536 -0.402481 -0.128210
v -0.026115 -0.376184 -0.127690
v 0.014536 -0.402481 -0.133532
v 0.020889 -0.391475 -0.133532
v 0.020889 -0.391475 -0.128210
v -0.022209 -0.369420 -0.127690
v -0.022209 -0.369420 -0.123732
v -0.022209 -0.439876 -0.123732
v -0.026114 -0.433111 -0.123732
v 0.020890 -0.417819 -0.128210
v 0.014535 -0.406814 -0.128210
v -0.022209 -0.439876 -0.127690
v 0.020890 -0.417819 -0.133532
v -0.026114 -0.433111 -0.127690
v 0.014535 -0.406814 -0.133532
v -0.022209 -0.439876 -0.123732
v 0.020890 -0.417819 -0.128210
v -0.022209 -0.439876 -0.127690
v 0.020890 -0.417819 -0.133532
v 0.014535 -0.406814 -0.133532
v 0.014535 -0.406814 -0.128210
v -0.026114 -0.433111 -0.127690
v -0.026114 -0.433111 -0.123732
v 0.034903 -0.468339 -0.123732
v 0.027092 -0.468338 -0.123732
v 0.037351 -0.419986 -0.128210
v 0.024643 -0.419987 -0.128210
v 0.034903 -0.468339 -0.127690
v 0.037351 -0.419986 -0.133532
v 0.027092 -0.468338 -0.127690
v 0.024643 -0.419987 -0.133532
v 0.034903 -0.468339 -0.123732
v 0.037351 -0.419986 -0.128210
v 0.034903 -0.468339 -0.127690
v 0.037351 -0.419986 -0.133532
v 0.024643 -0.419987 -0.133532
v 0.024643 -0.419987 -0.128210
v 0.027092 -0.468338 -0.127690
v 0.027092 -0.468338 -0.123732
v 0.031213 -0.466602 -0.122659
v 0.030996 -0.467806 -0.125711
v 0.035392 -0.468939 -0.123006
v 0.026394 -0.468912 -0.123008
v 0.030996 -0.467806 -0.125711
v 0.031213 -0.466602 -0.122659
v 0.027834 -0.468069 -0.121777
v 0.026363 -0.471240 -0.121753
v 0.027834 -0.468069 -0.121052
v 0.026363 -0.471239 -0.121052
v 0.027834 -0.474410 -0.121052
v 0.027834 -0.474410 -0.121931
v 0.030997 -0.475879 -0.121052
v 0.030997 -0.475879 -0.121951
v 0.034161 -0.474410 -0.121930
v 0.035192 -0.474331 -0.123005
v 0.035632 -0.471239 -0.121748
v 0.036517 -0.471443 -0.121748
v 0.034160 -0.468069 -0.121818
v 0.030997 -0.466600 -0.121818
v 0.030997 -0.466600 -0.121052
v 0.030997 -0.466600 -0.121052
v 0.030997 -0.466600 -0.121818
v 0.034160 -0.468069 -0.121052
v 0.035632 -0.471239 -0.121052
v 0.034161 -0.474410 -0.121052
v 0.030997 -0.476141 -0.125711
v 0.026464 -0.474287 -0.123008
v 0.025449 -0.471440 -0.121753
v 0.030997 -0.399955 -0.118579
v 0.028651 -0.400583 -0.118579
v 0.028651 -0.400583 -0.134842
v 0.030997 -0.399955 -0.134842
v 0.033343 -0.400583 -0.118579
v 0.033343 -0.400583 -0.134842
v 0.035061 -0.402301 -0.118579
v 0.035061 -0.402301 -0.134842
v 0.035690 -0.404647 -0.118579
v 0.035061 -0.402301 -0.118579
v 0.035061 -0.402301 -0.134842
v 0.035690 -0.404647 -0.134842
v 0.035061 -0.406993 -0.118579
v 0.035061 -0.406993 -0.134842
v 0.033343 -0.408710 -0.118579
v 0.033343 -0.408710 -0.134842
v 0.030997 -0.409339 -0.118579
v 0.030997 -0.409339 -0.134842
v 0.028651 -0.408711 -0.118579
v 0.028651 -0.408711 -0.134842
v 0.026933 -0.406993 -0.118579
v 0.026933 -0.406994 -0.134842
v 0.026305 -0.404647 -0.118579
v 0.026305 -0.404647 -0.134842
v 0.026933 -0.402301 -0.118579
v 0.026933 -0.402301 -0.134842
v 0.034821 -0.471239 -0.098167
v 0.034308 -0.469324 -0.098167
v 0.034308 -0.469324 -0.121204
v 0.034821 -0.471239 -0.121204
v 0.034308 -0.473154 -0.098167
v 0.034308 -0.473154 -0.121204
v 0.032906 -0.474556 -0.098167
v 0.032906 -0.474556 -0.121204
v 0.030997 -0.475068 -0.098167
v 0.030997 -0.475068 -0.121204
v 0.029088 -0.474557 -0.098167
v 0.029088 -0.474557 -0.121204
v 0.027686 -0.473155 -0.098167
v 0.027686 -0.473155 -0.121204
v 0.027172 -0.471240 -0.098167
v 0.027172 -0.471240 -0.121204
v 0.027686 -0.469325 -0.098167
v 0.027686 -0.469325 -0.121204
v 0.029088 -0.467922 -0.098167
v 0.029088 -0.467922 -0.121204
v 0.030997 -0.467411 -0.098167
v 0.030997 -0.467411 -0.121204
v 0.032906 -0.467923 -0.098167
v 0.032906 -0.467923 -0.121204
v 0.034308 -0.469324 -0.098167
v 0.034308 -0.469324 -0.121204
v 0.110058 -0.576116 -0.044448
v 0.110057 -0.574205 -0.037313
v 0.119607 -0.574204 -0.037312
v 0.119607 -0.576116 -0.044448
v 0.110057 -0.581339 -0.049671
v 0.119607 -0.581339 -0.049671
v 0.110057 -0.588474 -0.051583
v 0.119607 -0.588474 -0.051583
v 0.110057 -0.595609 -0.049671
v 0.110057 -0.588474 -0.051583
v 0.119607 -0.588474 -0.051583
v 0.119606 -0.595609 -0.049671
v 0.110057 -0.600833 -0.044448
v 0.119607 -0.600832 -0.044448
v 0.110057 -0.602744 -0.037313
v 0.119607 -0.602744 -0.037312
v 0.110057 -0.600833 -0.030177
v 0.119607 -0.600832 -0.030177
v 0.110057 -0.595609 -0.024955
v 0.119606 -0.595609 -0.024955
v 0.110057 -0.588474 -0.023043
v 0.119607 -0.588474 -0.023043
v 0.110057 -0.581339 -0.024955
v 0.119607 -0.581339 -0.024955
v 0.110058 -0.576116 -0.030177
v 0.119607 -0.576116 -0.030177
v 0.114417 -0.550800 -0.104617
v 0.114258 -0.588474 -0.071865
v 0.114258 -0.571198 -0.067235
v 0.114258 -0.558552 -0.054589
v 0.095017 -0.421591 -0.155775
v 0.096890 -0.404644 -0.151039
v 0.096890 -0.404645 -0.229146
v 0.095017 -0.421591 -0.224412
v 0.095016 -0.479248 -0.224412
v 0.095016 -0.479248 -0.155775
v 0.099631 -0.519642 -0.218689
v 0.099322 -0.502169 -0.146602
v 0.104287 -0.555674 -0.201675
v 0.104287 -0.523867 -0.136388
v 0.108896 -0.587507 -0.172698
v 0.108643 -0.540580 -0.125401
v 0.114418 -0.621549 -0.110866
v 0.114258 -0.605749 -0.067235
v 0.114259 -0.618397 -0.054589
v -0.001922 -0.347598 -0.151039
v -0.015485 -0.358179 -0.151039
v -0.015485 -0.358179 -0.229146
v -0.001922 -0.347597 -0.229146
v 0.013773 -0.340303 -0.151039
v 0.013773 -0.340303 -0.229146
v 0.031015 -0.338694 -0.151039
v 0.031016 -0.338733 -0.229146
v 0.048258 -0.340303 -0.151039
v 0.048259 -0.340303 -0.229146
v 0.063954 -0.347597 -0.151039
v 0.063954 -0.347597 -0.229146
v 0.077517 -0.358178 -0.151039
v 0.077517 -0.358179 -0.229146
v 0.088065 -0.371708 -0.151039
v 0.088065 -0.371708 -0.229146
v 0.094915 -0.387320 -0.151039
v 0.094915 -0.387321 -0.229146
v -0.052966 -0.553310 -0.097945
v -0.052966 -0.588474 -0.107368
v -0.044969 -0.540577 -0.125370
v -0.045197 -0.587506 -0.172675
v -0.041332 -0.523866 -0.136388
v -0.041332 -0.555674 -0.201675
v -0.036863 -0.502102 -0.146631
v -0.037128 -0.519612 -0.218704
v -0.032986 -0.479247 -0.155775
v -0.032986 -0.479247 -0.224412
v -0.032985 -0.421590 -0.224412
v -0.032985 -0.421590 -0.155775
v -0.034859 -0.404645 -0.151039
v -0.034859 -0.404645 -0.229146
v -0.032884 -0.387321 -0.151039
v -0.032884 -0.387321 -0.229146
v -0.026033 -0.371708 -0.151039
v -0.026033 -0.371708 -0.229146
v -0.052966 -0.621549 -0.110866
v -0.052966 -0.623637 -0.097945
v -0.015938 -0.479246 -0.155775
v -0.015938 -0.451319 -0.155775
v -0.015938 -0.451319 -0.169180
v -0.015939 -0.480487 -0.169122
v -0.018803 -0.506150 -0.161729
v -0.018721 -0.502022 -0.146657
v -0.021939 -0.530868 -0.152910
v -0.021939 -0.523866 -0.136388
v -0.024563 -0.551234 -0.140148
v -0.024508 -0.540582 -0.125332
v -0.030147 -0.570104 -0.117189
v -0.030146 -0.553310 -0.097945
v -0.030147 -0.623637 -0.097945
v -0.030146 -0.621548 -0.110866
v -0.006585 -0.339973 -0.151039
v -0.021805 -0.351861 -0.151039
v -0.015485 -0.358179 -0.151039
v -0.001922 -0.347598 -0.151039
v 0.013773 -0.340303 -0.151039
v 0.011460 -0.331671 -0.151039
v 0.031015 -0.329849 -0.151039
v 0.031015 -0.338694 -0.151039
v 0.048258 -0.340303 -0.151039
v 0.050572 -0.331671 -0.151039
v 0.068616 -0.339973 -0.151039
v 0.063954 -0.347597 -0.151039
v 0.077517 -0.358178 -0.151039
v 0.083837 -0.351860 -0.151039
v 0.088065 -0.371708 -0.151039
v 0.095740 -0.367131 -0.151039
v 0.094915 -0.387320 -0.151039
v 0.103543 -0.384994 -0.151039
v 0.105827 -0.404629 -0.151039
v 0.096890 -0.404644 -0.151039
v 0.095017 -0.421591 -0.151039
v 0.103653 -0.423889 -0.151039
v 0.095812 -0.442036 -0.151039
v 0.088065 -0.437580 -0.151039
v 0.077970 -0.451320 -0.151039
v 0.084299 -0.457628 -0.151039
v 0.068436 -0.469424 -0.151039
v 0.063954 -0.461692 -0.151039
v 0.048342 -0.468542 -0.151039
v 0.050670 -0.477170 -0.151039
v 0.031016 -0.479454 -0.151039
v 0.031016 -0.470517 -0.151039
v 0.045406 -0.396389 -0.136689
v 0.047361 -0.401822 -0.136689
v 0.047361 -0.401822 -0.124800
v 0.045406 -0.396389 -0.124800
v 0.041712 -0.391951 -0.136689
v 0.041712 -0.391951 -0.124800
v 0.036722 -0.389044 -0.136689
v 0.036722 -0.389044 -0.124800
v 0.031040 -0.388020 -0.136689
v 0.031040 -0.388020 -0.124800
v 0.025349 -0.389001 -0.136689
v 0.025349 -0.389001 -0.124800
v 0.020336 -0.391869 -0.136689
v 0.020336 -0.391869 -0.124800
v 0.016607 -0.396278 -0.136689
v 0.016607 -0.396278 -0.124800
v 0.014612 -0.401697 -0.136689
v 0.014612 -0.401697 -0.124800
v 0.014612 -0.407596 -0.136689
v 0.014612 -0.407596 -0.124800
v 0.016607 -0.413015 -0.136689
v 0.016607 -0.413015 -0.124800
v 0.020336 -0.417425 -0.136689
v 0.020336 -0.417425 -0.124800
v 0.025348 -0.420293 -0.136689
v 0.025348 -0.420293 -0.124800
v 0.031039 -0.421274 -0.136689
v 0.031039 -0.421274 -0.124800
v 0.036722 -0.420250 -0.136689
v 0.036722 -0.420250 -0.124800
v 0.041711 -0.417343 -0.136689
v 0.041711 -0.417343 -0.124800
v 0.045407 -0.412905 -0.136689
v 0.045407 -0.412905 -0.124800
v 0.047361 -0.407471 -0.136689
v 0.047361 -0.407471 -0.124800
v 0.047361 -0.401822 -0.136689
v 0.047361 -0.401822 -0.124800
v 0.031016 -0.470517 -0.151039
v 0.013690 -0.468542 -0.151039
v 0.031016 -0.479454 -0.151039
v 0.011362 -0.477170 -0.151039
v -0.006404 -0.469424 -0.151039
v -0.001922 -0.461692 -0.151039
v -0.015938 -0.451319 -0.151039
v -0.022268 -0.457628 -0.151039
v -0.033780 -0.442036 -0.151039
v -0.026034 -0.437581 -0.151039
v -0.032985 -0.421590 -0.151039
v -0.041621 -0.423888 -0.151039
v -0.043796 -0.404629 -0.151039
v -0.034859 -0.404645 -0.151039
v -0.032884 -0.387321 -0.151039
v -0.041512 -0.384993 -0.151039
v -0.033709 -0.367131 -0.151039
v -0.026033 -0.371708 -0.151039
v 0.103653 -0.423889 -0.140511
v 0.105827 -0.404629 -0.140511
v 0.105827 -0.404629 -0.151039
v 0.103653 -0.423889 -0.151039
v 0.095812 -0.442036 -0.140511
v 0.095812 -0.442036 -0.151039
v 0.084299 -0.457628 -0.151039
v 0.084299 -0.457628 -0.140511
v 0.068436 -0.469424 -0.151039
v 0.068436 -0.469423 -0.140511
v 0.050670 -0.477170 -0.140511
v 0.050670 -0.477170 -0.151039
v 0.031016 -0.479454 -0.140511
v 0.031016 -0.479454 -0.151039
v -0.021805 -0.351861 -0.140511
v -0.021805 -0.351861 -0.151039
v -0.006585 -0.339973 -0.140511
v -0.006585 -0.339973 -0.151039
v 0.011460 -0.331671 -0.140511
v 0.011460 -0.331671 -0.151039
v 0.031015 -0.329849 -0.140511
v 0.031015 -0.329849 -0.151039
v 0.050572 -0.331671 -0.140511
v 0.050572 -0.331671 -0.151039
v 0.068616 -0.339973 -0.140511
v 0.068616 -0.339973 -0.151039
v 0.083837 -0.351860 -0.140511
v 0.083837 -0.351860 -0.151039
v 0.095740 -0.367131 -0.140511
v 0.095740 -0.367131 -0.151039
v 0.103543 -0.384993 -0.140511
v 0.103543 -0.384994 -0.151039
v 0.031016 -0.479454 -0.140511
v 0.031016 -0.479454 -0.151039
v 0.011362 -0.477170 -0.140511
v 0.011362 -0.477170 -0.151039
v -0.006404 -0.469423 -0.140511
v -0.006404 -0.469424 -0.151039
v -0.022268 -0.457629 -0.140511
v -0.022268 -0.457628 -0.151039
v -0.033780 -0.442036 -0.140511
v -0.033780 -0.442036 -0.151039
v -0.041621 -0.423888 -0.140511
v -0.041621 -0.423888 -0.151039
v -0.043796 -0.404629 -0.140511
v -0.043796 -0.404629 -0.151039
v -0.041512 -0.384993 -0.140511
v -0.041512 -0.384993 -0.151039
v -0.033709 -0.367131 -0.140511
v -0.033709 -0.367131 -0.151039
v -0.025788 -0.653749 -0.037041
v -0.007202 -0.653748 -0.037041
v -0.025788 -0.645003 -0.069678
v -0.007201 -0.645004 -0.069678
v -0.025789 -0.621112 -0.093570
v -0.007202 -0.621111 -0.093570
v -0.025789 -0.621112 -0.093570
v -0.007202 -0.621111 -0.093570
v -0.025788 -0.555837 -0.093570
v -0.007202 -0.555836 -0.093570
v -0.025788 -0.531944 -0.069678
v -0.007202 -0.531945 -0.069678
v -0.025788 -0.523199 -0.037041
v -0.007201 -0.523199 -0.037041
v -0.025788 -0.531944 -0.004403
v -0.007202 -0.531945 -0.004403
v -0.025788 -0.555837 0.019489
v -0.007202 -0.555836 0.019489
v -0.025788 -0.588474 0.028234
v -0.007201 -0.588474 0.028234
v -0.025789 -0.621112 0.019489
v -0.007202 -0.621111 0.019489
v -0.025788 -0.645003 -0.004403
v -0.007201 -0.645004 -0.004404
v 0.095561 -0.621549 -0.110866
v -0.030146 -0.621548 -0.110866
v 0.095561 -0.570104 -0.117189
v -0.030147 -0.570104 -0.117189
v 0.031039 -0.421274 -0.136689
v 0.036722 -0.420250 -0.136689
v 0.025348 -0.420293 -0.136689
v 0.020336 -0.417425 -0.136689
v 0.016607 -0.413015 -0.136689
v 0.014612 -0.407596 -0.136689
v 0.014612 -0.401697 -0.136689
v 0.016607 -0.396278 -0.136689
v 0.020336 -0.391869 -0.136689
v 0.025349 -0.389001 -0.136689
v 0.031040 -0.388020 -0.136689
v 0.036722 -0.389044 -0.136689
v 0.041712 -0.391951 -0.136689
v 0.045406 -0.396389 -0.136689
v 0.047361 -0.401822 -0.136689
v 0.047361 -0.407471 -0.136689
v 0.045407 -0.412905 -0.136689
v 0.041711 -0.417343 -0.136689
v 0.030997 -0.466600 -0.121052
v 0.034160 -0.468069 -0.121052
v 0.027834 -0.468069 -0.121052
v 0.035632 -0.471239 -0.121052
v 0.034161 -0.474410 -0.121052
v 0.026363 -0.471239 -0.121052
v 0.027834 -0.474410 -0.121052
v 0.030997 -0.475879 -0.121052
v -0.149710 -0.645228 -0.138596
v -0.149707 -0.631497 -0.145564
v -0.146777 -0.647323 -0.142223
v -0.149721 -0.658060 -0.130250
v -0.149733 -0.669515 -0.119960
v -0.146775 -0.633101 -0.149440
v -0.146778 -0.618029 -0.154356
v -0.141693 -0.602485 -0.158100
v -0.146785 -0.602426 -0.157648
v -0.141691 -0.586595 -0.158951
v -0.146790 -0.586595 -0.158495
v -0.146785 -0.570671 -0.157636
v -0.149724 -0.571220 -0.153477
v -0.146778 -0.555160 -0.154356
v -0.149711 -0.556244 -0.150311
v -0.149706 -0.541607 -0.145530
v -0.149003 -0.544158 -0.140563
v -0.149258 -0.530511 -0.134180
v -0.146775 -0.540000 -0.149404
v -0.141698 -0.555042 -0.154796
v -0.141693 -0.570611 -0.158087
v -0.137512 -0.570997 -0.155164
v -0.141698 -0.539826 -0.149826
v -0.149054 -0.518021 -0.125653
v -0.145087 -0.520158 -0.123467
v -0.145084 -0.532319 -0.131051
v -0.145090 -0.509362 -0.114274
v -0.149278 -0.507280 -0.116355
v -0.145091 -0.499738 -0.103651
v -0.145090 -0.492004 -0.091652
v -0.145082 -0.544899 -0.137742
v -0.140003 -0.532091 -0.131445
v -0.139997 -0.519881 -0.123829
v -0.139991 -0.509039 -0.114595
v -0.139989 -0.499376 -0.103927
v -0.140005 -0.544724 -0.138163
v -0.145084 -0.558326 -0.142543
v -0.149257 -0.557563 -0.145386
v -0.149263 -0.571887 -0.148406
v -0.149733 -0.586595 -0.154307
v -0.149725 -0.601879 -0.153489
v -0.149711 -0.616946 -0.150311
v -0.149041 -0.629049 -0.140732
v -0.140003 -0.558208 -0.142983
v -0.145087 -0.572250 -0.145535
v -0.149278 -0.586595 -0.149208
v -0.149308 -0.601230 -0.148471
v -0.149257 -0.615626 -0.145386
v -0.145084 -0.614864 -0.142543
v -0.140005 -0.628398 -0.138211
v -0.139996 -0.572191 -0.145987
v -0.139991 -0.586595 -0.146720
v -0.145090 -0.586595 -0.146265
v -0.145088 -0.600853 -0.145566
v -0.140004 -0.614982 -0.142983
v -0.139996 -0.600912 -0.146018
v 0.068616 -0.339973 -0.229146
v 0.083837 -0.351861 -0.229146
v 0.077517 -0.358179 -0.229146
v 0.063954 -0.347597 -0.229146
v 0.048259 -0.340303 -0.229146
v 0.050572 -0.331671 -0.229146
v 0.031016 -0.329849 -0.229146
v 0.031016 -0.338733 -0.229146
v 0.013773 -0.340303 -0.229146
v 0.011460 -0.331671 -0.229146
v -0.006584 -0.339973 -0.229146
v -0.001922 -0.347597 -0.229146
v -0.015485 -0.358179 -0.229146
v -0.021805 -0.351860 -0.229146
v -0.026033 -0.371708 -0.229146
v -0.033708 -0.367131 -0.229146
v -0.032884 -0.387321 -0.229146
v -0.041512 -0.384994 -0.229146
v -0.043796 -0.404629 -0.229146
v -0.034859 -0.404645 -0.229146
v -0.032985 -0.421591 -0.229146
v -0.041622 -0.423889 -0.229146
v -0.033781 -0.442036 -0.229146
v -0.026034 -0.437581 -0.229146
v -0.015938 -0.451320 -0.229146
v -0.022268 -0.457628 -0.229146
v -0.006404 -0.469424 -0.229146
v -0.001922 -0.461692 -0.229146
v 0.013690 -0.468542 -0.229146
v 0.011361 -0.477170 -0.229146
v 0.031016 -0.479454 -0.229146
v 0.031016 -0.470517 -0.229146
v -0.100298 -0.607805 -0.029252
v -0.100297 -0.609197 -0.036976
v -0.100297 -0.603854 -0.022468
v -0.100297 -0.597821 -0.017445
v -0.100298 -0.590434 -0.014789
v -0.100297 -0.582756 -0.014789
v -0.100297 -0.565385 -0.029252
v -0.100297 -0.563992 -0.036976
v -0.100298 -0.565326 -0.044712
v -0.100297 -0.569224 -0.051526
v -0.100298 -0.575219 -0.056594
v -0.100298 -0.582585 -0.059308
v -0.100297 -0.590605 -0.059308
v -0.100297 -0.597971 -0.056594
v -0.100298 -0.603965 -0.051526
v -0.100297 -0.607864 -0.044712
v -0.097153 -0.614915 -0.036965
v -0.097152 -0.613171 -0.027286
v -0.097152 -0.608220 -0.018787
v -0.097153 -0.600661 -0.012494
v -0.097152 -0.591406 -0.009165
v -0.097153 -0.581784 -0.009165
v -0.100297 -0.575369 -0.017445
v -0.100298 -0.569336 -0.022468
v -0.097151 -0.564970 -0.018787
v -0.097152 -0.560019 -0.027286
v -0.097152 -0.572529 -0.012494
v -0.097152 -0.558275 -0.036965
v -0.097152 -0.559946 -0.046659
v -0.097152 -0.564830 -0.055196
v -0.097152 -0.572341 -0.061546
v -0.097152 -0.581571 -0.064946
v -0.097152 -0.591620 -0.064946
v -0.097152 -0.600849 -0.061546
v -0.097152 -0.608359 -0.055196
v -0.097152 -0.613245 -0.046659
v 0.031016 -0.470517 -0.229146
v 0.048342 -0.468542 -0.229146
v 0.031016 -0.479454 -0.229146
v 0.050670 -0.477170 -0.229146
v 0.068435 -0.469424 -0.229146
v 0.063954 -0.461692 -0.229146
v 0.077969 -0.451320 -0.229146
v 0.084299 -0.457628 -0.229146
v 0.095812 -0.442036 -0.229146
v 0.088065 -0.437581 -0.229146
v 0.095016 -0.421591 -0.229146
v 0.103653 -0.423888 -0.229146
v 0.105827 -0.404629 -0.229146
v 0.096890 -0.404645 -0.229146
v 0.094915 -0.387321 -0.229146
v 0.103544 -0.384993 -0.229146
v 0.095740 -0.367131 -0.229146
v 0.088065 -0.371708 -0.229146
v -0.041622 -0.423889 -0.239675
v -0.043796 -0.404629 -0.239675
v -0.043796 -0.404629 -0.229146
v -0.041622 -0.423889 -0.229146
v -0.033781 -0.442036 -0.239675
v -0.033781 -0.442036 -0.229146
v -0.022268 -0.457628 -0.229146
v -0.022268 -0.457628 -0.239675
v -0.006404 -0.469424 -0.229146
v -0.006404 -0.469423 -0.239675
v 0.011361 -0.477170 -0.239675
v 0.011361 -0.477170 -0.229146
v 0.031016 -0.479454 -0.239675
v 0.031016 -0.479454 -0.229146
v 0.083837 -0.351861 -0.239675
v 0.083837 -0.351861 -0.229146
v 0.068616 -0.339973 -0.239675
v 0.068616 -0.339973 -0.229146
v 0.050572 -0.331671 -0.239675
v 0.050572 -0.331671 -0.229146
v 0.031016 -0.329849 -0.239675
v 0.031016 -0.329849 -0.229146
v 0.011460 -0.331671 -0.239675
v 0.011460 -0.331671 -0.229146
v -0.006584 -0.339973 -0.239675
v -0.006584 -0.339973 -0.229146
v -0.021805 -0.351860 -0.239675
v -0.021805 -0.351860 -0.229146
v -0.033708 -0.367131 -0.239675
v -0.033708 -0.367131 -0.229146
v -0.041512 -0.384993 -0.239675
v -0.041512 -0.384994 -0.229146
v 0.031016 -0.479454 -0.239675
v 0.031016 -0.479454 -0.229146
v 0.050670 -0.477170 -0.239675
v 0.050670 -0.477170 -0.229146
v 0.068435 -0.469423 -0.239675
v 0.068435 -0.469424 -0.229146
v 0.084299 -0.457629 -0.239675
v 0.084299 -0.457628 -0.229146
v 0.095812 -0.442036 -0.239675
v 0.095812 -0.442036 -0.229146
v 0.103653 -0.423888 -0.239675
v 0.103653 -0.423888 -0.229146
v 0.105827 -0.404629 -0.239675
v 0.105827 -0.404629 -0.229146
v 0.103544 -0.384993 -0.239675
v 0.103544 -0.384993 -0.229146
v 0.095740 -0.367131 -0.239675
v 0.095740 -0.367131 -0.229146
v -0.146777 -0.526302 -0.128103
v -0.140003 -0.526302 -0.128103
v -0.128566 -0.532737 -0.113589
v -0.120631 -0.532737 -0.113589
v -0.117368 -0.539171 -0.099073
v -0.108274 -0.539171 -0.099074
v -0.099601 -0.551610 -0.076706
v -0.090498 -0.551611 -0.076706
v -0.091316 -0.564051 -0.054338
v -0.082206 -0.564050 -0.054339
v -0.140003 -0.526302 -0.128103
v -0.140003 -0.537879 -0.134787
v -0.120631 -0.532737 -0.113589
v -0.120632 -0.547232 -0.121956
v -0.108274 -0.539171 -0.099074
v -0.108274 -0.556585 -0.109127
v -0.090498 -0.551611 -0.076706
v -0.090498 -0.569735 -0.087170
v -0.082206 -0.564050 -0.054339
v -0.082206 -0.582886 -0.065214
v -0.146777 -0.635310 -0.134786
v -0.140003 -0.635311 -0.134787
v -0.128566 -0.625958 -0.121956
v -0.120631 -0.625958 -0.121957
v -0.117368 -0.616605 -0.109127
v -0.108274 -0.616605 -0.109127
v -0.099601 -0.603454 -0.087170
v -0.090498 -0.603453 -0.087170
v -0.091316 -0.590303 -0.065213
v -0.082206 -0.590303 -0.065214
v -0.140003 -0.635311 -0.134787
v -0.140003 -0.646887 -0.128102
v -0.120631 -0.625958 -0.121957
v -0.120632 -0.640452 -0.113587
v -0.108274 -0.616605 -0.109127
v -0.108274 -0.634018 -0.099073
v -0.090498 -0.603453 -0.087170
v -0.090498 -0.621578 -0.076706
v -0.082206 -0.590303 -0.065214
v -0.082206 -0.609139 -0.054339
v -0.146777 -0.646887 0.054021
v -0.140003 -0.646887 0.054022
v -0.128566 -0.640452 0.039507
v -0.120631 -0.640452 0.039507
v -0.117368 -0.634018 0.024992
v -0.108274 -0.634018 0.024992
v -0.099601 -0.621578 0.002625
v -0.090498 -0.621578 0.002624
v -0.091316 -0.609138 -0.019743
v -0.082206 -0.609138 -0.019742
v -0.140003 -0.646887 0.054022
v -0.140003 -0.635310 0.060705
v -0.120631 -0.640452 0.039507
v -0.120632 -0.625957 0.047875
v -0.108274 -0.634018 0.024992
v -0.108274 -0.616604 0.035046
v -0.090498 -0.621578 0.002624
v -0.090498 -0.603453 0.013089
v -0.082206 -0.609138 -0.019742
v -0.082206 -0.590303 -0.008868
v -0.146777 -0.695603 -0.043724
v -0.140003 -0.695603 -0.043724
v -0.128566 -0.679815 -0.045409
v -0.120631 -0.679816 -0.045409
v -0.117368 -0.664028 -0.047094
v -0.108274 -0.664028 -0.047094
v -0.099601 -0.638437 -0.047505
v -0.090498 -0.638437 -0.047505
v -0.091316 -0.612846 -0.047915
v -0.082206 -0.612847 -0.047915
v -0.140003 -0.695603 -0.043724
v -0.140003 -0.695602 -0.030356
v -0.120631 -0.679816 -0.045409
v -0.120632 -0.679815 -0.028672
v -0.108274 -0.664028 -0.047094
v -0.108274 -0.664028 -0.026987
v -0.090498 -0.638437 -0.047505
v -0.090498 -0.638437 -0.026576
v -0.082206 -0.612847 -0.047915
v -0.082206 -0.612847 -0.026166
v -0.146777 -0.477586 -0.030357
v -0.140003 -0.477586 -0.030357
v -0.128566 -0.493373 -0.028672
v -0.120631 -0.493373 -0.028672
v -0.117368 -0.509161 -0.026987
v -0.108274 -0.509161 -0.026987
v -0.099601 -0.534751 -0.026576
v -0.090498 -0.534752 -0.026576
v -0.091316 -0.560342 -0.026166
v -0.082206 -0.560342 -0.026166
v -0.140003 -0.477586 -0.030357
v -0.140003 -0.477586 -0.043725
v -0.120631 -0.493373 -0.028672
v -0.120632 -0.493374 -0.045410
v -0.108274 -0.509161 -0.026987
v -0.108274 -0.509161 -0.047095
v -0.090498 -0.534752 -0.026576
v -0.090498 -0.534752 -0.047505
v -0.082206 -0.560342 -0.026166
v -0.082206 -0.560342 -0.047915
v 0.077970 -0.451320 -0.155775
v 0.077969 -0.479247 -0.155775
v 0.077970 -0.451320 -0.169180
v 0.077970 -0.480487 -0.169122
v 0.081274 -0.506189 -0.161714
v 0.081171 -0.502072 -0.146635
v 0.084893 -0.530867 -0.152910
v 0.084893 -0.523866 -0.136388
v 0.088244 -0.551235 -0.140170
v 0.088179 -0.540586 -0.125354
v 0.095561 -0.570104 -0.117189
v 0.095561 -0.550799 -0.104617
v 0.095561 -0.558551 -0.054589
v 0.095561 -0.621549 -0.110866
v 0.095560 -0.618397 -0.054589
v 0.095561 -0.623026 -0.037313
v 0.095560 -0.618397 -0.020037
v 0.095561 -0.605750 -0.007390
v 0.095561 -0.588473 -0.002762
v 0.095561 -0.571198 -0.007390
v 0.095561 -0.558551 -0.020037
v 0.095560 -0.553922 -0.037313
v 0.110058 -0.576116 -0.030177
v 0.110057 -0.574205 -0.037313
v 0.110057 -0.581339 -0.024955
v 0.110057 -0.588474 -0.023043
v 0.110057 -0.595609 -0.024955
v 0.110057 -0.600833 -0.030177
v 0.110057 -0.602744 -0.037313
v 0.110057 -0.600833 -0.044448
v 0.110057 -0.595609 -0.049671
v 0.110057 -0.588474 -0.051583
v 0.110057 -0.581339 -0.049671
v 0.110058 -0.576116 -0.044448
v -0.007202 -0.621111 -0.093570
v -0.007201 -0.645004 -0.069678
v -0.007202 -0.555836 -0.093570
v -0.007202 -0.653748 -0.037041
v -0.007201 -0.645004 -0.004404
v -0.007202 -0.531945 -0.069678
v -0.007201 -0.523199 -0.037041
v -0.007202 -0.531945 -0.004403
v -0.007202 -0.555836 0.019489
v -0.007201 -0.588474 0.028234
v -0.007202 -0.621111 0.019489
v -0.030147 -0.658801 -0.037041
v -0.025788 -0.653749 -0.037041
v -0.030146 -0.649379 -0.072204
v -0.025788 -0.645003 -0.069678
v -0.030147 -0.623637 -0.097945
v -0.025789 -0.621112 -0.093570
v -0.030147 -0.623637 -0.097945
v -0.025789 -0.621112 -0.093570
v -0.030146 -0.553310 -0.097945
v -0.025788 -0.555837 -0.093570
v -0.030147 -0.527569 -0.072204
v -0.025788 -0.531944 -0.069678
v -0.030146 -0.518147 -0.037041
v -0.025788 -0.523199 -0.037041
v -0.030147 -0.527569 -0.001877
v -0.025788 -0.531944 -0.004403
v -0.030146 -0.553310 0.023865
v -0.025788 -0.555837 0.019489
v -0.030147 -0.588474 0.033286
v -0.025788 -0.588474 0.028234
v -0.030147 -0.623637 0.023865
v -0.025789 -0.621112 0.019489
v -0.030146 -0.649379 -0.001877
v -0.025788 -0.645003 -0.004403
v 0.019763 -0.406642 -0.136689
v 0.019763 -0.406642 -0.146689
v 0.019764 -0.402652 -0.136689
v 0.019764 -0.402652 -0.146689
v 0.021124 -0.398930 -0.136689
v 0.021124 -0.398930 -0.146689
v 0.023675 -0.395898 -0.136689
v 0.023675 -0.395898 -0.146689
v 0.027109 -0.393921 -0.136689
v 0.027109 -0.393921 -0.146689
v 0.031011 -0.393238 -0.136689
v 0.031011 -0.393238 -0.146689
v 0.034913 -0.393932 -0.136689
v 0.034913 -0.393931 -0.146689
v 0.038342 -0.395917 -0.136689
v 0.038342 -0.395917 -0.146689
v 0.040885 -0.398955 -0.136689
v 0.040885 -0.398955 -0.146689
v 0.042235 -0.402680 -0.136689
v 0.042235 -0.402680 -0.146689
v 0.037821 -0.416986 -0.147513
v 0.040746 -0.414810 -0.147513
v 0.040746 -0.414810 -0.140511
v 0.037821 -0.416986 -0.140511
v 0.034544 -0.418414 -0.147513
v 0.034544 -0.418414 -0.140511
v 0.030919 -0.418836 -0.147513
v 0.030919 -0.418836 -0.140511
v 0.027294 -0.418414 -0.147513
v 0.027294 -0.418414 -0.140511
v 0.024017 -0.416986 -0.147513
v 0.024017 -0.416986 -0.140511
v 0.021090 -0.414810 -0.147513
v 0.021090 -0.414810 -0.140511
v 0.034525 -0.391578 -0.147513
v 0.030918 -0.391242 -0.147513
v 0.030918 -0.391242 -0.140511
v 0.034525 -0.391578 -0.140511
v 0.037853 -0.393109 -0.147513
v 0.037853 -0.393109 -0.140511
v 0.040661 -0.395301 -0.147513
v 0.040661 -0.395301 -0.140511
v 0.042857 -0.398118 -0.147513
v 0.042857 -0.398118 -0.140511
v 0.044296 -0.401413 -0.147513
v 0.044296 -0.401413 -0.140511
v 0.044717 -0.405035 -0.147513
v 0.044717 -0.405035 -0.140511
v 0.044316 -0.408587 -0.147513
v 0.044316 -0.408587 -0.140511
v 0.042870 -0.411935 -0.147513
v 0.042870 -0.411935 -0.140511
v 0.018968 -0.411934 -0.147513
v 0.021090 -0.414810 -0.147513
v 0.021090 -0.414810 -0.140511
v 0.018968 -0.411934 -0.140511
v 0.017521 -0.408588 -0.147513
v 0.017521 -0.408588 -0.140511
v 0.017121 -0.405035 -0.147513
v 0.017121 -0.405035 -0.140511
v 0.017542 -0.401413 -0.147513
v 0.017542 -0.401413 -0.140511
v 0.018981 -0.398119 -0.147513
v 0.018981 -0.398119 -0.140511
v 0.021176 -0.395301 -0.147513
v 0.021176 -0.395301 -0.140511
v 0.023984 -0.393110 -0.147513
v 0.023984 -0.393110 -0.140511
v 0.027312 -0.391578 -0.147513
v 0.027312 -0.391578 -0.140511
v -0.052966 -0.588474 -0.107368
v -0.052966 -0.553310 -0.097945
v -0.065999 -0.553311 -0.097945
v -0.065998 -0.588473 -0.107368
v -0.052966 -0.623637 -0.097945
v -0.065998 -0.623637 -0.097945
v 0.017542 -0.401413 -0.147513
v 0.024017 -0.416986 -0.147513
v 0.017121 -0.405035 -0.147513
v 0.017521 -0.408588 -0.147513
v 0.018968 -0.411934 -0.147513
v 0.021090 -0.414810 -0.147513
v 0.034544 -0.418414 -0.147513
v 0.030919 -0.418836 -0.147513
v 0.037821 -0.416986 -0.147513
v 0.027294 -0.418414 -0.147513
v 0.040746 -0.414810 -0.147513
v 0.042870 -0.411935 -0.147513
v 0.044316 -0.408587 -0.147513
v 0.044717 -0.405035 -0.147513
v 0.044296 -0.401413 -0.147513
v 0.042857 -0.398118 -0.147513
v 0.040661 -0.395301 -0.147513
v 0.037853 -0.393109 -0.147513
v 0.034525 -0.391578 -0.147513
v 0.030918 -0.391242 -0.147513
v 0.027312 -0.391578 -0.147513
v 0.023984 -0.393110 -0.147513
v 0.021176 -0.395301 -0.147513
v 0.018981 -0.398119 -0.147513
v 0.035547 -0.417040 -0.122962
v 0.031034 -0.417853 -0.122962
v 0.039511 -0.414731 -0.122962
v 0.042446 -0.411206 -0.122962
v 0.043998 -0.406890 -0.122962
v 0.043998 -0.402404 -0.122962
v 0.035548 -0.392254 -0.122962
v 0.031034 -0.391440 -0.122962
v 0.026514 -0.392220 -0.122962
v 0.022534 -0.394497 -0.122962
v 0.019572 -0.398000 -0.122962
v 0.017987 -0.402304 -0.122962
v 0.017987 -0.406990 -0.122962
v 0.019572 -0.411293 -0.122962
v 0.022534 -0.414796 -0.122962
v 0.026515 -0.417074 -0.122962
v 0.025348 -0.420293 -0.124800
v 0.020336 -0.417425 -0.124800
v 0.016607 -0.413015 -0.124800
v 0.014612 -0.407596 -0.124800
v 0.014612 -0.401697 -0.124800
v 0.016607 -0.396278 -0.124800
v 0.020336 -0.391869 -0.124800
v 0.025349 -0.389001 -0.124800
v 0.031040 -0.388020 -0.124800
v 0.036722 -0.389044 -0.124800
v 0.041712 -0.391951 -0.124800
v 0.039511 -0.394563 -0.122962
v 0.042446 -0.398088 -0.122962
v 0.047361 -0.401822 -0.124800
v 0.047361 -0.407471 -0.124800
v 0.045407 -0.412905 -0.124800
v 0.041711 -0.417343 -0.124800
v 0.036722 -0.420250 -0.124800
v 0.031039 -0.421274 -0.124800
v 0.045406 -0.396389 -0.124800
v -0.099601 -0.551610 -0.076706
v -0.091316 -0.564051 -0.054338
v -0.091316 -0.582886 -0.065213
v -0.099601 -0.569735 -0.087170
v -0.117368 -0.556585 -0.109127
v -0.117368 -0.539171 -0.099073
v -0.128566 -0.532737 -0.113589
v -0.128566 -0.547231 -0.121957
v -0.146778 -0.537879 -0.134787
v -0.149489 -0.530510 -0.134181
v -0.146777 -0.526302 -0.128103
v -0.140003 -0.537879 -0.134787
v -0.146778 -0.537879 -0.134787
v -0.128566 -0.547231 -0.121957
v -0.120632 -0.547232 -0.121956
v -0.117368 -0.556585 -0.109127
v -0.108274 -0.556585 -0.109127
v -0.099601 -0.569735 -0.087170
v -0.090498 -0.569735 -0.087170
v -0.091316 -0.582886 -0.065213
v -0.082206 -0.582886 -0.065214
v -0.099601 -0.603454 -0.087170
v -0.091316 -0.590303 -0.065213
v -0.091316 -0.609138 -0.054338
v -0.099601 -0.621579 -0.076706
v -0.117368 -0.634018 -0.099073
v -0.117368 -0.616605 -0.109127
v -0.128566 -0.625958 -0.121956
v -0.128566 -0.640453 -0.113588
v -0.146777 -0.646887 -0.128102
v -0.149489 -0.642678 -0.134181
v -0.146777 -0.635310 -0.134786
v -0.140003 -0.646887 -0.128102
v -0.146777 -0.646887 -0.128102
v -0.128566 -0.640453 -0.113588
v -0.120632 -0.640452 -0.113587
v -0.117368 -0.634018 -0.099073
v -0.108274 -0.634018 -0.099073
v -0.099601 -0.621579 -0.076706
v -0.090498 -0.621578 -0.076706
v -0.091316 -0.609138 -0.054338
v -0.082206 -0.609139 -0.054339
v -0.099601 -0.621578 0.002625
v -0.091316 -0.609138 -0.019743
v -0.091316 -0.590303 -0.008868
v -0.099601 -0.603454 0.013089
v -0.117368 -0.616604 0.035046
v -0.117368 -0.634018 0.024992
v -0.128566 -0.640452 0.039507
v -0.128566 -0.625957 0.047876
v -0.146778 -0.635310 0.060705
v -0.149489 -0.642679 0.060099
v -0.146777 -0.646887 0.054021
v -0.140003 -0.635310 0.060705
v -0.146778 -0.635310 0.060705
v -0.128566 -0.625957 0.047876
v -0.120632 -0.625957 0.047875
v -0.117368 -0.616604 0.035046
v -0.108274 -0.616604 0.035046
v -0.099601 -0.603454 0.013089
v -0.090498 -0.603453 0.013089
v -0.091316 -0.590303 -0.008868
v -0.082206 -0.590303 -0.008868
v -0.099601 -0.638437 -0.047505
v -0.091316 -0.612846 -0.047915
v -0.091316 -0.612846 -0.026166
v -0.099601 -0.638437 -0.026576
v -0.117368 -0.664028 -0.026987
v -0.117368 -0.664028 -0.047094
v -0.128566 -0.679815 -0.045409
v -0.128566 -0.679816 -0.028672
v -0.146777 -0.695603 -0.030356
v -0.149489 -0.698762 -0.037041
v -0.146777 -0.695603 -0.043724
v -0.140003 -0.695602 -0.030356
v -0.146777 -0.695603 -0.030356
v -0.128566 -0.679816 -0.028672
v -0.120632 -0.679815 -0.028672
v -0.117368 -0.664028 -0.026987
v -0.108274 -0.664028 -0.026987
v -0.099601 -0.638437 -0.026576
v -0.090498 -0.638437 -0.026576
v -0.091316 -0.612846 -0.026166
v -0.082206 -0.612847 -0.026166
v -0.099601 -0.534751 -0.026576
v -0.091316 -0.560342 -0.026166
v -0.091316 -0.560342 -0.047915
v -0.099601 -0.534751 -0.047505
v -0.117368 -0.509161 -0.047095
v -0.117368 -0.509161 -0.026987
v -0.128566 -0.493373 -0.028672
v -0.128566 -0.493373 -0.045410
v -0.146778 -0.477586 -0.043725
v -0.149489 -0.474427 -0.037040
v -0.146777 -0.477586 -0.030357
v -0.140003 -0.477586 -0.043725
v -0.146778 -0.477586 -0.043725
v -0.128566 -0.493373 -0.045410
v -0.120632 -0.493374 -0.045410
v -0.117368 -0.509161 -0.047095
v -0.108274 -0.509161 -0.047095
v -0.099601 -0.534751 -0.047505
v -0.090498 -0.534752 -0.047505
v -0.091316 -0.560342 -0.047915
v -0.082206 -0.560342 -0.047915
v -0.149489 -0.530511 0.060100
v -0.146778 -0.537879 0.060705
v -0.128566 -0.547231 0.047875
v -0.146778 -0.526302 0.054021
v -0.128566 -0.532736 0.039507
v -0.117368 -0.539171 0.024991
v -0.117368 -0.556584 0.035045
v -0.099601 -0.569735 0.013089
v -0.099601 -0.551610 0.002625
v -0.091316 -0.564051 -0.019743
v -0.091316 -0.582886 -0.008868
v 0.095017 -0.421591 -0.155775
v 0.095016 -0.479248 -0.155775
v 0.088065 -0.437580 -0.155775
v 0.077970 -0.451320 -0.155775
v 0.077969 -0.479247 -0.155775
v 0.081171 -0.502072 -0.146635
v 0.099322 -0.502169 -0.146602
v 0.084893 -0.523866 -0.136388
v 0.104287 -0.523867 -0.136388
v 0.088179 -0.540586 -0.125354
v 0.108643 -0.540580 -0.125401
v 0.095561 -0.550799 -0.104617
v 0.114417 -0.550800 -0.104617
v 0.114258 -0.558552 -0.054589
v 0.095561 -0.558551 -0.054589
v 0.042235 -0.406614 -0.136689
v 0.042235 -0.402680 -0.136689
v 0.042235 -0.402680 -0.146689
v 0.042235 -0.406614 -0.146689
v 0.040884 -0.410339 -0.136689
v 0.040884 -0.410339 -0.146689
v 0.038342 -0.413378 -0.136689
v 0.038342 -0.413378 -0.146689
v 0.034912 -0.415363 -0.136689
v 0.034912 -0.415363 -0.146689
v 0.031011 -0.416056 -0.136689
v 0.031011 -0.416056 -0.146689
v 0.027109 -0.415373 -0.136689
v 0.027109 -0.415373 -0.146689
v 0.023674 -0.413396 -0.136689
v 0.023674 -0.413396 -0.146689
v 0.021124 -0.410364 -0.136689
v 0.021124 -0.410364 -0.146689
v 0.064759 -0.346170 -0.129683
v 0.078743 -0.356901 -0.129669
v 0.076825 -0.358820 -0.128414
v 0.062773 -0.349610 -0.125711
v 0.063402 -0.348519 -0.128424
v 0.047771 -0.342045 -0.128424
v 0.018291 -0.409048 -0.118580
v 0.020832 -0.404647 -0.118580
v 0.020832 -0.404647 -0.114608
v 0.018291 -0.409048 -0.114608
v 0.020832 -0.413449 -0.118580
v 0.020832 -0.413449 -0.114608
v 0.025915 -0.413450 -0.118580
v 0.025915 -0.413450 -0.114608
v 0.028455 -0.417852 -0.118580
v 0.028455 -0.417852 -0.114608
v 0.033538 -0.417851 -0.118580
v 0.033538 -0.417851 -0.114608
v 0.036079 -0.413450 -0.118580
v 0.036079 -0.413450 -0.114608
v 0.041162 -0.413450 -0.118580
v 0.041162 -0.413450 -0.114608
v 0.043703 -0.409048 -0.118580
v 0.043703 -0.409048 -0.114608
v 0.041161 -0.404647 -0.118580
v 0.041161 -0.404647 -0.114608
v 0.043704 -0.400245 -0.118580
v 0.041161 -0.404647 -0.118580
v 0.041161 -0.404647 -0.114608
v 0.043704 -0.400246 -0.114608
v 0.041162 -0.395844 -0.118580
v 0.041162 -0.395844 -0.114608
v 0.036079 -0.395844 -0.118580
v 0.036079 -0.395844 -0.114608
v 0.033538 -0.391442 -0.118580
v 0.033538 -0.391442 -0.114608
v 0.028456 -0.391442 -0.118580
v 0.028456 -0.391442 -0.114608
v 0.025914 -0.395843 -0.118580
v 0.025914 -0.395843 -0.114608
v 0.020832 -0.395844 -0.118580
v 0.020832 -0.395844 -0.114608
v 0.018291 -0.400246 -0.118580
v 0.018291 -0.400246 -0.114608
vn -0.0000 1.0000 -0.0020
vn -0.0000 1.0000 -0.0019
vn -0.0000 1.0000 -0.0000
vn 0.0020 1.0000 -0.0020
vn 0.0020 1.0000 -0.0019
vn 0.0019 1.0000 -0.0019
vn -0.0000 1.0000 -0.0021
vn 0.0019 1.0000 -0.0000
vn 0.0021 1.0000 -0.0000
vn 0.0020 1.0000 -0.0000
vn -0.0000 1.0000 0.0001
vn -0.0001 1.0000 0.0001
vn -0.0001 1.0000 0.0002
vn -0.0000 1.0000 -0.0001
vn 0.7533 -0.0000 0.6577
vn 0.9811 -0.0000 0.1935
vn 0.9811 -0.0000 0.1933
vn 0.3234 -0.0000 0.9463
vn -0.1941 -0.0000 0.9810
vn -0.6586 -0.0000 0.7525
vn -0.9469 -0.0000 0.3216
vn -0.9469 -0.0000 0.3215
vn -0.9807 -0.0000 -0.1957
vn -0.9807 -0.0000 -0.1956
vn -0.7515 -0.0000 -0.6597
vn -0.7517 -0.0000 -0.6595
vn -0.3208 -0.0000 -0.9472
vn -0.3207 -0.0000 -0.9472
vn 0.1949 -0.0000 -0.9808
vn 0.6586 -0.0000 -0.7525
vn 0.1951 -0.0000 -0.9808
vn 0.1951 -0.0001 -0.9808
vn 0.9465 -0.0021 -0.3227
vn 0.9465 -0.0022 -0.3227
vn -0.7129 -0.0000 0.7013
vn -0.7128 -0.0000 0.7014
vn -0.8662 -0.0000 0.4996
vn -0.9661 -0.0000 0.2583
vn -0.9661 -0.0000 0.2582
vn -1.0000 -0.0000 -0.0000
vn -0.9655 -0.0000 -0.2605
vn -0.8655 -0.0000 -0.5009
vn -0.7061 -0.0000 -0.7081
vn -0.7059 -0.0000 -0.7083
vn -0.4990 -0.0000 -0.8666
vn -0.4989 -0.0000 -0.8666
vn -0.2585 -0.0000 -0.9660
vn -0.1290 -0.0000 -0.9916
vn -0.1291 -0.0000 -0.9916
vn 1.0000 -0.0000 -0.0000
vn 0.9659 -0.0000 0.2589
vn 0.9660 -0.0000 0.2584
vn 0.8667 -0.0000 0.4989
vn 0.7081 -0.0000 0.7062
vn 0.7081 -0.0000 0.7061
vn 0.5011 -0.0000 0.8654
vn 0.5010 -0.0000 0.8654
vn 0.2605 -0.0000 0.9655
vn 0.0019 -0.0000 1.0000
vn 0.0020 -0.0000 1.0000
vn -0.2508 -0.0000 0.9680
vn -0.2509 -0.0000 0.9680
vn -0.5000 -0.0000 0.8660
vn 0.1306 -0.0000 -0.9914
vn 0.2598 -0.0000 -0.9657
vn 0.2597 -0.0000 -0.9657
vn 0.5006 -0.0000 -0.8657
vn 0.5004 -0.0000 -0.8658
vn 0.7071 -0.0000 -0.7071
vn 0.8657 -0.0000 -0.5006
vn 0.9656 -0.0000 -0.2600
vn 0.9657 -0.0000 -0.2596
vn 0.2599 -0.0000 -0.9656
vn 0.1311 -0.0000 -0.9914
vn 0.5008 -0.0000 -0.8656
vn 0.8658 -0.0000 -0.5004
vn 0.8657 -0.0000 -0.5005
vn 0.9657 -0.0000 -0.2598
vn 0.9661 -0.0000 0.2583
vn 0.8666 -0.0000 0.4989
vn 0.8667 -0.0000 0.4988
vn 0.7082 -0.0000 0.7060
vn 0.5009 -0.0000 0.8655
vn 0.5008 -0.0000 0.8656
vn 0.2606 -0.0000 0.9654
vn -0.0000 -0.0000 1.0000
vn -0.2494 -0.0000 0.9684
vn -0.2493 -0.0000 0.9684
vn -0.7145 -0.0000 0.6996
vn -0.8660 -0.0000 0.5000
vn -0.9661 -0.0000 0.2581
vn -0.9655 -0.0000 -0.2606
vn -0.8654 -0.0000 -0.5010
vn -0.8655 -0.0000 -0.5010
vn -0.7060 -0.0000 -0.7082
vn -0.4989 -0.0000 -0.8667
vn -0.2589 -0.0000 -0.9659
vn 0.0020 -1.0000 -0.0000
vn -0.0001 -1.0000 -0.0000
vn -0.0001 -1.0000 0.0001
vn 0.0019 -1.0000 -0.0000
vn -0.0000 -1.0000 -0.0000
vn -0.0000 -1.0000 -0.0020
vn 0.0015 -1.0000 -0.0000
vn 0.0017 -1.0000 -0.0000
vn -0.9235 -0.0000 -0.3835
vn -0.9235 -0.0000 -0.3837
vn -0.9104 0.0215 -0.4131
vn -0.8642 0.0862 -0.4958
vn -0.7394 0.1976 -0.6436
vn -0.6857 0.2331 -0.6896
vn -0.4657 0.2916 -0.8355
vn -0.4439 0.2875 -0.8487
vn -0.2387 0.2544 -0.9372
vn -0.2309 0.2544 -0.9391
vn -0.0000 0.2408 -0.9706
vn -0.0000 0.2407 -0.9706
vn 0.2211 0.2563 -0.9410
vn 0.2270 0.2564 -0.9395
vn 0.3855 0.2994 -0.8728
vn 0.3967 0.3050 -0.8658
vn 0.5849 0.2582 -0.7689
vn 0.6338 0.2269 -0.7395
vn 0.7428 0.1486 -0.6529
vn 0.7428 0.1485 -0.6529
vn 0.6016 -0.0020 -0.7988
vn 0.6933 -0.0018 -0.7206
vn 0.4323 -0.0019 -0.9017
vn 0.4323 -0.0020 -0.9017
vn 0.2462 -0.0020 -0.9692
vn -0.0000 -0.0020 -1.0000
vn -0.2581 -0.0020 -0.9661
vn -0.2582 -0.0019 -0.9661
vn -0.8424 -0.0000 -0.5388
vn -0.9062 -0.0000 -0.4228
vn -0.0000 -0.0000 -1.0000
vn 0.5005 -0.0000 -0.8657
vn -0.8660 -0.0000 0.5001
vn -0.9661 -0.0000 0.2580
vn -0.9654 -0.0000 -0.2606
vn -0.8656 -0.0000 -0.5007
vn -0.8656 -0.0000 -0.5008
vn 0.4218 -0.0000 -0.9067
vn 0.4219 -0.0000 -0.9066
vn 1.0000 -0.0000 -0.0001
vn 0.7080 -0.0000 0.7062
vn -0.7071 -0.0000 0.7071
vn -1.0000 -0.0000 -0.0001
vn -0.7062 -0.0000 -0.7080
vn -0.4210 -0.0000 -0.9071
vn 0.0020 -1.0000 -0.0020
vn 0.0019 -1.0000 -0.0019
vn 0.0020 -1.0000 -0.0019
vn 0.0021 -1.0000 -0.0020
vn 0.0020 1.0000 -0.0001
vn 0.0019 1.0000 0.0001
vn 0.9997 -0.0000 0.0236
vn 0.9997 0.0001 0.0236
vn 0.8688 -0.0000 0.4951
vn 0.8688 0.0001 0.4951
vn -0.4997 -0.0021 0.8662
vn -0.4997 -0.0020 0.8662
vn -0.8684 -0.0019 0.4959
vn -0.8684 -0.0020 0.4959
vn -0.9997 -0.0020 0.0236
vn -0.9997 -0.0020 -0.0256
vn -0.9997 -0.0019 -0.0256
vn -0.9979 -0.0020 -0.0647
vn -0.9979 -0.0019 -0.0647
vn -1.0000 -0.0014 -0.0000
vn 1.0000 0.0002 -0.0000
vn 0.9979 -0.0000 -0.0645
vn 0.9979 0.0001 -0.0646
vn 0.9997 -0.0000 -0.0255
vn -0.0000 -1.0000 0.0001
vn 0.9979 -0.0000 -0.0646
vn 1.0000 -0.0015 -0.0000
vn 0.9997 -0.0000 0.0235
vn 0.9997 -0.0001 0.0235
vn 0.8688 -0.0000 0.4952
vn 0.5007 -0.0000 0.8656
vn -0.4999 -0.0000 0.8661
vn -0.8683 -0.0000 0.4960
vn -0.9997 -0.0000 0.0236
vn -0.9997 -0.0000 0.0235
vn -0.9997 0.0001 -0.0255
vn -0.9997 -0.0000 -0.0255
vn -1.0000 -0.0016 -0.0000
vn -1.0000 -0.0012 -0.0000
vn 0.0001 -0.0000 1.0000
vn 0.2606 -0.0000 0.9655
vn 0.7082 -0.0000 0.7061
vn 0.8666 -0.0000 0.4990
vn 0.9660 -0.0000 0.2585
vn 0.9659 -0.0000 0.2588
vn 0.9656 -0.0000 -0.2599
vn 0.5003 -0.0000 -0.8658
vn 0.2596 -0.0000 -0.9657
vn -0.2584 -0.0000 -0.9660
vn -0.2588 -0.0000 -0.9659
vn -0.9654 -0.0000 -0.2607
vn -0.9660 -0.0000 0.2584
vn -0.2582 -0.0000 0.9661
vn -0.2581 -0.0000 0.9661
vn -0.0001 -0.0000 1.0000
vn -0.2980 0.9546 -0.0000
vn -0.2863 0.9551 0.0765
vn -0.2098 0.9550 0.2098
vn -0.0001 1.0000 -0.0000
vn -0.2568 0.9549 0.1490
vn -0.5611 0.8142 0.1491
vn -0.5814 0.8136 -0.0000
vn -0.2863 0.9549 -0.0784
vn -0.2568 0.9546 -0.1509
vn -0.2097 0.9546 -0.2117
vn -0.1489 0.9544 -0.2587
vn -0.1136 0.9538 -0.2781
vn -0.2900 0.8129 -0.5051
vn -0.2232 0.8109 -0.5410
vn -0.4112 0.8125 -0.4133
vn -0.5035 0.8133 -0.2916
vn -0.5609 0.8140 -0.1511
vn -0.0000 1.0000 -0.0024
vn -0.0000 1.0000 -0.0002
vn -0.0001 1.0000 -0.0001
vn -0.0372 0.9539 -0.2977
vn 0.0019 1.0000 -0.0020
vn -0.0000 0.9540 -0.2997
vn 0.0784 0.9544 -0.2881
vn 0.1509 0.9541 -0.2586
vn 0.2116 0.9542 -0.2116
vn 0.2586 0.9541 -0.1508
vn 0.2881 0.9544 -0.0784
vn 0.2997 0.9540 -0.0000
vn 0.2587 0.9544 0.1490
vn 0.5049 0.8130 0.2900
vn 0.5626 0.8133 0.1488
vn 0.2881 0.9545 0.0764
vn 0.5833 0.8123 -0.0000
vn 0.5620 0.8133 -0.1507
vn 0.5050 0.8123 -0.2917
vn 0.4128 0.8118 -0.4129
vn 0.2916 0.8124 -0.5050
vn 0.1507 0.8133 -0.5620
vn -0.0000 0.8136 -0.5815
vn -0.0763 0.8101 -0.5812
vn 0.2117 0.9546 0.2097
vn 0.1509 0.9546 0.2568
vn 0.0784 0.9549 0.2863
vn 0.0001 1.0000 -0.0000
vn -0.0000 0.9546 0.2980
vn -0.0765 0.9551 0.2863
vn -0.1490 0.9549 0.2569
vn -0.5041 0.8135 0.2899
vn -0.4110 0.8137 0.4110
vn -0.2901 0.8136 0.5039
vn -0.1491 0.8142 0.5611
vn -0.0000 0.8138 0.5811
vn 0.1512 0.8140 0.5608
vn 0.2914 0.8134 0.5035
vn 0.4133 0.8125 0.4112
vn 0.2565 -0.1469 0.9553
vn 0.4956 -0.1470 0.8560
vn 0.5010 -0.0000 0.8655
vn 0.7004 -0.1468 0.6985
vn 0.8573 -0.1469 0.4933
vn 0.9560 -0.1468 0.2542
vn 0.9661 -0.0000 0.2581
vn 0.9892 -0.1468 -0.0000
vn 0.9555 -0.1467 -0.2560
vn 0.8565 -0.1468 -0.4948
vn 0.6995 -0.1467 -0.6994
vn 0.4948 -0.1468 -0.8565
vn -0.0000 0.9778 -0.2095
vn -0.0000 0.9935 -0.1137
vn -0.0001 0.9935 -0.1137
vn -0.0000 0.9983 -0.0586
vn -0.0000 0.9975 -0.0705
vn -0.0000 0.9975 -0.0709
vn 0.5764 -0.2126 -0.7890
vn 0.8517 -0.1368 -0.5059
vn 0.8513 -0.3710 -0.3710
vn 0.5770 -0.5778 -0.5772
vn 0.8517 -0.5059 -0.1367
vn 0.5763 -0.7891 -0.2127
vn 0.8519 -0.5061 0.1348
vn 0.5764 -0.7894 0.2110
vn 0.8519 -0.3713 0.3693
vn 0.5768 -0.5785 0.5768
vn 0.8525 -0.1369 0.5044
vn 0.5771 -0.2133 0.7883
vn 0.8527 0.1350 0.5046
vn 0.5776 0.2095 0.7890
vn 0.8525 0.3696 0.3696
vn 0.5792 0.5773 0.5755
vn 0.8527 0.5046 0.1349
vn 0.5776 0.7890 0.2095
vn 0.8525 0.5045 -0.1369
vn 0.5772 0.7888 -0.2113
vn 1.0000 0.0001 -0.0000
vn 0.8519 0.1348 -0.5060
vn 0.8519 0.3693 -0.3713
vn 0.5783 0.5769 -0.5768
vn 0.5765 0.2111 -0.7894
vn -1.0000 -0.0011 -0.0000
vn -1.0000 -0.0015 -0.0000
vn 1.0000 -0.0014 -0.0000
vn 1.0000 -0.0000 0.0002
vn -0.0000 -0.9975 -0.0704
vn -0.0000 -0.9976 -0.0699
vn 0.0020 -0.9983 -0.0585
vn 0.0020 -0.9983 -0.0586
vn 0.0019 -0.9935 -0.1134
vn 0.0018 -0.9779 -0.2091
vn 0.0018 -0.9779 -0.2092
vn 0.0001 0.9991 -0.0412
vn 0.0020 0.9991 -0.0412
vn 0.0020 0.9991 -0.0413
vn 0.0020 0.8609 -0.5087
vn 0.0019 0.8609 -0.5087
vn -0.0000 0.5027 -0.8644
vn -0.0000 0.5027 -0.8645
vn -0.0000 0.0001 -1.0000
vn 0.0019 -0.5041 -0.8637
vn -0.0000 -0.8587 -0.5125
vn -0.0001 -0.8587 -0.5125
vn -0.0000 -0.9991 -0.0431
vn -0.0001 0.8609 -0.5087
vn -0.0001 0.9991 -0.0412
vn -0.0000 -0.8592 -0.5116
vn -0.0000 -0.5042 -0.8636
vn -0.0001 -0.5041 -0.8636
vn -0.0000 0.8609 -0.5087
vn 0.0021 -1.0000 -0.0000
vn 0.0018 -1.0000 -0.0000
vn 0.0019 -1.0000 -0.0020
vn 0.0002 1.0000 0.0002
vn 0.0001 1.0000 0.0001
vn 0.0013 1.0000 -0.0012
vn 0.0012 1.0000 -0.0011
vn -0.0001 -1.0000 -0.0001
vn 0.0001 -1.0000 -0.0000
vn 0.0020 1.0000 0.0001
vn 0.0007 1.0000 -0.0022
vn 0.0014 1.0000 -0.0021
vn 0.6989 0.1525 0.6988
vn 0.6996 -0.1544 0.6976
vn 0.8564 -0.1545 0.4927
vn 0.8566 0.1526 0.4929
vn 0.9547 -0.1545 0.2544
vn 0.9550 0.1526 0.2544
vn 0.9880 -0.1546 -0.0000
vn 0.9883 0.1526 0.0001
vn 0.9542 -0.1545 -0.2561
vn 0.9545 0.1526 -0.2562
vn 0.8555 -0.1543 -0.4942
vn 0.8558 0.1524 -0.4943
vn 0.6987 -0.1542 -0.6986
vn 0.6989 0.1523 -0.6988
vn 0.4942 -0.1543 -0.8556
vn 0.4944 0.1524 -0.8558
vn 0.2562 -0.1545 -0.9542
vn 0.2562 0.1526 -0.9545
vn -0.0000 -0.1545 -0.9880
vn -0.0000 0.1527 -0.9883
vn 0.2599 0.0118 -0.9655
vn 0.0001 0.0351 -0.9994
vn -0.0001 0.0118 -0.9999
vn 0.2597 0.0354 -0.9650
vn 0.5003 0.0118 -0.8658
vn 0.5000 0.0351 -0.8653
vn 0.7070 0.0118 -0.7071
vn 0.7067 0.0352 -0.7067
vn 0.8658 0.0118 -0.5003
vn 0.8653 0.0351 -0.5000
vn 0.9656 0.0118 -0.2599
vn 0.9651 0.0354 -0.2597
vn 0.9999 0.0118 -0.0000
vn 0.9994 0.0351 -0.0000
vn 0.9660 0.0118 0.2581
vn 0.9655 0.0353 0.2580
vn 0.8666 0.0118 0.4989
vn 0.7080 0.0118 0.7061
vn 0.7058 0.0607 -0.7058
vn 0.5800 0.5720 -0.5800
vn 0.7096 0.5728 -0.4104
vn 0.8646 0.0608 -0.4988
vn 0.7916 0.5727 -0.2131
vn 0.9642 0.0607 -0.2581
vn 0.8199 0.5725 -0.0000
vn 0.9982 0.0608 -0.0000
vn 0.4988 0.0608 -0.8646
vn 0.4106 0.5726 -0.7096
vn 0.4990 -0.0627 -0.8643
vn 0.7057 -0.0626 -0.7057
vn 0.8645 -0.0627 -0.4988
vn 0.9641 -0.0627 -0.2581
vn 0.9980 -0.0627 -0.0000
vn 0.2581 0.0608 -0.9642
vn 0.2130 0.5728 -0.7916
vn 0.2583 -0.0627 -0.9640
vn 0.2585 -0.0469 -0.9649
vn 0.4998 -0.0469 -0.8649
vn 0.7063 -0.0471 -0.7063
vn 0.8649 -0.0469 -0.4998
vn 0.9646 -0.0469 -0.2597
vn 0.9989 -0.0470 -0.0000
vn 0.9974 0.0724 -0.0001
vn 0.9634 0.0723 -0.2580
vn 0.8639 0.0723 -0.4984
vn 0.7052 0.0723 -0.7053
vn 0.4984 0.0723 -0.8639
vn 0.2580 0.0723 -0.9634
vn -0.0001 0.0723 -0.9974
vn 0.0001 -0.0470 -0.9989
vn -0.0000 -0.0627 -0.9980
vn 0.0001 0.0608 -0.9982
vn 0.0001 0.5724 -0.8200
vn -0.9879 -0.1549 0.0003
vn -0.9999 0.0118 -0.0000
vn -0.9659 0.0118 0.2586
vn -0.9545 -0.1548 0.2548
vn -0.8559 -0.1547 0.4935
vn -0.8561 0.1529 0.4936
vn -0.6986 -0.1546 0.6986
vn -0.6989 0.1527 0.6988
vn -0.4935 -0.1547 0.8559
vn -0.4937 0.1528 0.8561
vn -0.2548 -0.1548 0.9545
vn -0.2548 0.1529 0.9548
vn 0.0001 -0.1549 0.9879
vn -0.0000 0.1530 0.9882
vn 0.2566 -0.1548 0.9540
vn 0.2567 0.1528 0.9543
vn 0.4950 -0.1546 0.8550
vn 0.4952 0.1527 0.8553
vn 0.9634 0.0723 0.2581
vn 0.8637 0.0724 0.4987
vn 0.7053 0.0724 0.7052
vn 0.4988 0.0724 0.8637
vn 0.2582 0.0724 0.9634
vn 0.0001 0.0725 0.9974
vn -0.2581 0.0725 0.9634
vn -0.4987 0.0725 0.8638
vn -0.7052 0.0725 0.7053
vn -0.7063 -0.0472 0.7063
vn -0.4992 -0.0471 0.8652
vn -0.2583 -0.0471 0.9649
vn -0.0001 -0.0471 0.9989
vn 0.2601 -0.0470 0.9644
vn 0.5006 -0.0470 0.8644
vn 0.7073 -0.0471 0.7054
vn 0.8657 -0.0470 0.4983
vn 0.9650 -0.0470 0.2579
vn 0.9645 -0.0628 0.2563
vn 0.8645 -0.0627 0.4987
vn 0.7067 -0.0628 0.7048
vn 0.4996 -0.0628 0.8640
vn 0.2586 -0.0628 0.9639
vn -0.0000 -0.0628 0.9980
vn -0.2568 -0.0629 0.9644
vn -0.4981 -0.0629 0.8648
vn -0.7057 -0.0629 0.7057
vn 0.9647 0.0608 0.2563
vn 0.8646 0.0608 0.4988
vn 0.7068 0.0608 0.7048
vn 0.4997 0.0609 0.8641
vn 0.2586 0.0608 0.9641
vn -0.0000 0.0609 0.9981
vn -0.2568 0.0609 0.9645
vn -0.4982 0.0609 0.8649
vn -0.7058 0.0609 0.7058
vn 0.7917 0.5731 0.2115
vn 0.7100 0.5732 0.4090
vn 0.5806 0.5728 0.5787
vn 0.4104 0.5735 0.7090
vn 0.2129 0.5735 0.7910
vn -0.0000 0.5734 0.8193
vn -0.2115 0.5738 0.7912
vn -0.4095 0.5739 0.7092
vn -0.5793 0.5734 0.5793
vn -0.7910 0.5736 -0.2131
vn -0.7087 0.5735 -0.4108
vn -0.8641 0.0608 -0.4996
vn -0.5786 0.5728 -0.5806
vn -0.7048 0.0608 -0.7068
vn -0.4090 0.5732 -0.7100
vn -0.4973 0.0608 -0.8654
vn -0.2117 0.5733 -0.7916
vn -0.2563 0.0608 -0.9647
vn -0.0001 0.5724 -0.8200
vn -0.0000 0.0608 -0.9981
vn -0.7091 0.5741 0.4094
vn -0.7912 0.5739 0.2114
vn -0.9645 0.0609 0.2568
vn -0.8192 0.5735 -0.0000
vn -0.9981 0.0609 -0.0000
vn -0.9641 0.0609 -0.2586
vn -0.8640 -0.0628 -0.4996
vn -0.7047 -0.0627 -0.7067
vn -0.4973 -0.0627 -0.8653
vn -0.2582 -0.0627 -0.9641
vn -0.8649 0.0609 0.4982
vn -0.9644 -0.0628 0.2568
vn -0.9980 -0.0629 -0.0000
vn -0.9634 -0.0628 -0.2604
vn -0.8644 -0.0470 -0.5006
vn -0.7054 -0.0471 -0.7073
vn -0.4983 -0.0470 -0.8657
vn -0.2579 -0.0470 -0.9650
vn -0.0000 -0.0470 -0.9989
vn -0.8648 -0.0629 0.4981
vn -0.9649 -0.0471 0.2583
vn -0.9989 -0.0471 -0.0000
vn -0.9644 -0.0470 -0.2602
vn -0.8637 0.0724 -0.4987
vn -0.7053 0.0724 -0.7052
vn -0.4987 0.0724 -0.8637
vn -0.2582 0.0723 -0.9634
vn -0.8652 -0.0471 0.4992
vn -0.9634 0.0725 0.2581
vn -0.9974 0.0725 0.0001
vn -0.9634 0.0725 -0.2581
vn -0.8559 0.1527 -0.4942
vn -0.6989 0.1525 -0.6988
vn -0.4941 0.1526 -0.8559
vn -0.2559 0.1526 -0.9546
vn -0.0000 -0.1546 -0.9880
vn -0.2544 -0.1545 -0.9547
vn -0.4927 -0.1545 -0.8564
vn -0.6976 -0.1544 -0.6996
vn -0.8550 -0.1546 -0.4950
vn -0.9546 0.1528 -0.2558
vn -0.9882 0.1530 -0.0000
vn -0.9546 0.1529 0.2558
vn -0.8638 0.0725 0.4986
vn -0.0001 0.0351 -0.9994
vn -0.2580 0.0352 -0.9655
vn -0.2580 0.0118 -0.9661
vn -0.9540 -0.1548 -0.2566
vn -0.8653 0.0118 -0.5011
vn -0.7060 0.0118 -0.7081
vn -0.4989 0.0118 -0.8666
vn -0.4986 0.0353 -0.8661
vn -0.7058 0.0353 -0.7076
vn -0.8648 0.0353 -0.5008
vn -0.9654 0.0118 -0.2605
vn 0.8661 0.0352 0.4986
vn 0.7076 0.0353 0.7057
vn 0.5012 0.0118 0.8653
vn 0.5009 0.0352 0.8648
vn 0.2605 0.0118 0.9654
vn 0.2603 0.0353 0.9649
vn -0.0000 0.0118 0.9999
vn -0.0000 0.0355 0.9994
vn -0.2586 0.0119 0.9659
vn -0.2585 0.0352 0.9654
vn -0.4996 0.0118 0.8661
vn -0.4994 0.0352 0.8657
vn -0.7071 0.0118 0.7070
vn -0.7067 0.0358 0.7067
vn -0.8661 0.0118 0.4997
vn -0.8656 0.0353 0.4994
vn -0.9654 0.0352 0.2585
vn -0.9649 0.0352 -0.2603
vn -0.9994 0.0355 -0.0000
vn 0.9245 -0.0000 0.3811
vn 0.9721 -0.0000 0.2347
vn 0.9914 -0.0000 -0.1311
vn 0.9716 -0.0000 -0.2366
vn 0.9239 -0.0000 -0.3827
vn 0.9237 -0.0000 -0.3831
vn 0.9916 -0.0000 0.1290
vn -0.0000 0.9655 -0.2606
vn -0.0000 0.9660 0.2587
vn -0.0000 0.9655 -0.2605
vn -0.0000 0.7071 0.7071
vn -0.0000 0.7072 0.7070
vn -0.0000 0.2587 0.9660
vn -0.0000 -0.2604 0.9655
vn -0.0000 -0.2606 0.9654
vn -0.0000 -0.7082 0.7060
vn -0.0000 -0.7081 0.7061
vn 0.0020 -0.9661 0.2582
vn 0.0020 -0.9661 0.2581
vn 0.0019 -0.9656 -0.2599
vn -0.0000 -0.7070 -0.7072
vn -0.0000 -0.5005 -0.8657
vn -0.0000 -0.5006 -0.8657
vn -0.0000 0.2587 -0.9660
vn -0.0000 0.7061 -0.7081
vn -0.0000 0.7061 -0.7082
vn -0.0000 0.1235 0.9923
vn -0.0000 -0.2605 0.9655
vn 0.0001 0.5000 0.8660
vn -0.0000 0.5000 0.8660
vn -0.0001 0.7977 0.6031
vn -0.0000 0.7974 0.6035
vn 0.0002 0.9661 0.2580
vn -0.0000 0.9661 0.2583
vn 0.0021 0.9913 -0.1313
vn 0.0020 0.8653 -0.5012
vn 0.0019 0.8654 -0.5011
vn 0.0018 0.6082 -0.7938
vn -0.0000 0.2585 -0.9660
vn -0.0000 0.2589 -0.9659
vn -0.0000 0.0427 -0.9991
vn -0.0000 0.0426 -0.9991
vn 0.0018 -0.3010 -0.9536
vn 0.0019 -0.3010 -0.9536
vn -0.0000 -0.5008 -0.8656
vn -0.0000 -0.7927 -0.6096
vn -0.0000 -0.7928 -0.6095
vn -0.0000 -0.9656 -0.2599
vn -0.0000 -0.9657 -0.2598
vn -0.0000 -0.9916 0.1291
vn -0.0000 -0.8667 0.4989
vn -0.0000 -0.8666 0.4990
vn -0.0000 -0.6103 0.7922
vn -0.0000 -0.6103 0.7921
vn -0.0000 -0.7071 -0.7071
vn -0.0000 -0.2599 -0.9656
vn -0.0000 -0.9659 0.2588
vn -0.0000 -0.9661 0.2582
vn -0.0000 -0.2606 0.9655
vn -0.0000 0.9655 -0.2604
vn -0.0000 0.7060 -0.7082
vn -0.0000 0.7060 -0.7083
vn 0.9236 -0.0000 -0.3833
vn 0.9245 -0.0000 0.3812
vn 0.9245 -0.0000 0.3813
vn -0.9243 -0.0000 0.3817
vn -0.9243 -0.0000 0.3816
vn -0.9234 -0.0000 -0.3837
vn -0.9234 -0.0000 -0.3838
vn -0.0001 0.1428 -0.9898
vn -0.0000 0.1545 -0.9880
vn -0.0002 1.0000 -0.0000
vn -0.0000 -0.2719 -0.9623
vn -0.0000 -0.2721 -0.9623
vn -0.0000 -0.5312 -0.8472
vn -0.0000 -0.5315 -0.8471
vn -0.0000 -0.2725 0.9622
vn -0.0000 -0.2724 0.9622
vn -0.0000 -0.5328 0.8463
vn -0.0000 -0.5328 0.8462
vn -0.2584 -0.0000 0.9660
vn -0.2593 0.0001 0.9658
vn -0.7062 -0.0000 0.7081
vn -0.7062 -0.0000 0.7080
vn -0.9665 -0.0000 0.2567
vn 0.5007 -0.0000 -0.8656
vn 0.5007 -0.0001 -0.8656
vn 0.9657 -0.0000 -0.2597
vn -0.7515 -0.0020 -0.6597
vn -0.7615 -0.0000 -0.6482
vn -0.7516 -0.0019 -0.6596
vn -0.8689 -0.0020 -0.4950
vn -0.8689 -0.0019 -0.4950
vn -0.9570 -0.0020 0.2902
vn -0.4936 -0.0000 0.8697
vn 0.1275 -0.0000 0.9918
vn 0.6983 -0.0000 0.7158
vn 0.6982 -0.0000 0.7159
vn 0.8873 -0.0000 0.4613
vn 0.9117 -0.0000 0.4109
vn 0.9117 -0.0000 0.4110
vn 0.8786 -0.0000 0.4775
vn 0.3528 -0.0000 0.9357
vn 0.3527 -0.0000 0.9357
vn 1.0000 -0.0020 -0.0000
vn 1.0000 -0.0019 -0.0000
vn 0.9848 -0.0000 -0.1738
vn 0.9848 -0.0000 -0.1739
vn 0.9432 -0.0000 -0.3324
vn -0.2590 -0.0000 0.9659
vn -0.2585 -0.0000 0.9660
vn -0.7074 -0.0000 0.7068
vn -0.9665 -0.0000 0.2566
vn -0.2581 -0.0000 -0.9661
vn 0.7071 -0.0000 -0.7072
vn 0.0001 0.2915 -0.9566
vn 0.0001 0.3641 -0.9314
vn 0.2425 0.3636 -0.8994
vn 0.2485 0.2916 -0.9237
vn 0.4658 0.3643 -0.8064
vn 0.4786 0.2913 -0.8283
vn 0.6588 0.3633 -0.6588
vn 0.6765 0.2910 -0.6765
vn 0.8064 0.3646 -0.4657
vn 0.8282 0.2914 -0.4786
vn 0.8994 0.3636 -0.2425
vn 0.9237 0.2916 -0.2485
vn 0.9313 0.3641 -0.0000
vn 0.9566 0.2914 -0.0000
vn 0.8999 0.3638 0.2406
vn 0.9241 0.2918 0.2467
vn 0.8071 0.3645 0.4644
vn 0.6351 0.4397 -0.6351
vn 0.7051 0.0760 -0.7050
vn 0.4983 0.0761 -0.8637
vn 0.4494 0.4397 -0.7777
vn 0.2323 0.4396 -0.8676
vn -0.0000 0.4402 -0.8979
vn -0.0000 0.0761 -0.9971
vn 0.2579 0.0761 -0.9632
vn 0.0001 -0.0000 -1.0000
vn 0.5003 -0.0000 -0.8659
vn 0.8637 0.0761 -0.4983
vn 0.9632 0.0761 -0.2579
vn -1.0000 -0.0000 -0.0020
vn -1.0000 -0.0000 -0.0019
vn -0.9897 -0.0000 -0.1430
vn -0.9897 -0.0000 -0.1431
vn -0.9612 -0.0000 -0.2757
vn 1.0000 -0.0000 -0.0020
vn 1.0000 -0.0000 -0.0021
vn 0.8665 -0.0000 0.4993
vn 0.1316 -0.0000 0.9913
vn -0.4991 -0.0000 -0.8665
vn -0.2583 -0.0000 -0.9661
vn -0.1291 -0.0000 0.9916
vn -0.9661 -0.0001 0.2582
vn -0.9401 -0.0000 0.3410
vn -0.7661 -0.0000 0.6428
vn -0.7661 -0.0000 0.6427
vn -0.9401 -0.0000 0.3408
vn -0.9395 -0.0000 -0.3425
vn -0.9395 -0.0000 -0.3427
vn -0.7651 -0.0000 -0.6439
vn -0.3128 -0.0000 -0.9498
vn -0.3128 -0.0001 -0.9498
vn -0.3385 -0.0000 -0.9410
vn -0.1289 -0.0000 -0.9917
vn 0.3134 -0.0000 0.9496
vn 0.3385 -0.0000 0.9410
vn 0.3134 -0.0001 0.9496
vn 0.5008 -0.0000 0.8655
vn -0.3368 0.0001 0.9416
vn -0.3368 -0.0000 0.9416
vn -0.3116 -0.0000 0.9502
vn 0.2600 -0.0000 -0.9656
vn 0.3403 -0.0000 -0.9403
vn 0.3146 -0.0000 -0.9492
vn 0.3145 -0.0000 -0.9492
vn 0.7660 -0.0018 -0.6429
vn 0.9397 -0.0017 -0.3419
vn 0.9397 -0.0018 -0.3419
vn 0.9404 -0.0020 0.3402
vn 0.9404 -0.0020 0.3401
vn 0.7670 -0.0021 0.6416
vn 0.7670 -0.0021 0.6417
vn -0.0000 -0.0021 -1.0000
vn 0.2915 -0.0000 -0.9566
vn 0.3869 -0.0000 -0.9221
vn 0.3868 0.0001 -0.9221
vn 0.7660 -0.0019 -0.6429
vn 0.9397 -0.0016 -0.3419
vn 0.9404 -0.0019 0.3402
vn 0.7666 -0.0000 0.6421
vn 0.7667 -0.0000 0.6420
vn 0.3859 -0.0000 0.9225
vn 0.3859 -0.0000 0.9226
vn 0.2898 -0.0000 0.9571
vn 0.2899 -0.0000 0.9571
vn -0.9062 -0.0000 -0.4229
vn 0.0020 -0.0000 -1.0000
vn -0.4211 -0.0000 -0.9070
vn -0.0000 -1.0000 0.0002
vn -0.0004 -0.0000 -1.0000
vn 0.4964 -0.0074 -0.8680
vn -0.0003 0.0001 -1.0000
vn 0.5038 -0.0076 -0.8638
vn 0.9999 -0.0155 -0.0018
vn 0.5049 -0.0078 0.8631
vn 0.4965 -0.0070 0.8680
vn -0.4961 0.0061 0.8682
vn -0.5035 0.0060 0.8640
vn -0.9999 0.0137 -0.0020
vn -0.9999 0.0138 -0.0018
vn -0.8652 0.0117 -0.5013
vn -0.8652 0.0116 -0.5013
vn -0.0001 1.0000 0.0003
vn -0.9926 0.1215 -0.0000
vn -0.9926 0.1214 -0.0000
vn -0.8660 0.5000 -0.0000
vn -0.5000 0.8660 -0.0000
vn 0.5010 0.8654 -0.0000
vn 0.8666 0.4989 -0.0000
vn 0.9926 0.1211 -0.0000
vn 0.1603 -0.9870 -0.0078
vn 0.6327 -0.7714 0.0683
vn -0.0039 -0.9969 -0.0782
vn -0.2053 -0.9578 -0.2013
vn -0.6461 -0.7596 -0.0744
vn -0.9218 -0.3876 -0.0001
vn -0.9218 -0.3876 -0.0000
vn -0.7048 -0.7094 -0.0000
vn 0.7069 -0.7073 -0.0000
vn -0.0410 -0.9757 -0.2151
vn -0.1859 -0.9667 -0.1761
vn -0.3108 -0.9048 -0.2911
vn -0.4342 -0.8939 -0.1115
vn -0.2817 -0.9585 -0.0430
vn -0.3520 -0.9311 0.0959
vn -0.4807 -0.8734 0.0782
vn -0.4225 -0.8934 0.1525
vn -0.5086 -0.8448 0.1663
vn -0.5887 -0.7885 0.1781
vn -0.5748 -0.8172 0.0430
vn -0.0078 -0.9979 -0.0646
vn -0.5085 -0.8449 -0.1662
vn -0.3441 -0.8681 -0.3578
vn -0.0919 -0.9285 -0.3597
vn 0.1192 -0.9423 -0.3128
vn 0.1020 -0.9830 -0.1524
vn 0.2718 -0.9486 -0.1623
vn 0.1370 -0.9901 -0.0312
vn 0.3379 -0.9376 0.0820
vn 0.4633 -0.8562 0.2287
vn 0.8978 -0.3775 0.2270
vn 0.9220 -0.3872 -0.0000
vn 0.4163 -0.9090 0.0195
vn 0.2932 -0.9264 -0.2365
vn 0.1171 -0.9156 -0.3846
vn -0.0996 -0.8965 -0.4316
vn -0.6503 0.7560 -0.0744
vn -0.2058 0.9580 -0.1999
vn -0.9239 0.3826 0.0001
vn -0.0039 0.9969 -0.0784
vn 0.1625 0.9867 -0.0078
vn -0.0039 0.9979 -0.0647
vn 0.3386 0.9373 0.0822
vn 0.1430 0.9892 -0.0333
vn 0.2701 0.9494 -0.1605
vn 0.1040 0.9818 -0.1587
vn 0.1195 0.9421 -0.3134
vn -0.0431 0.9738 -0.2233
vn -0.0902 0.9291 -0.3587
vn -0.3095 0.9050 -0.2919
vn -0.1921 0.9643 -0.1822
vn -0.4334 0.8942 -0.1118
vn -0.2881 0.9564 -0.0470
vn -0.4801 0.8739 0.0764
vn -0.3527 0.9310 0.0941
vn -0.4155 0.8956 0.1588
vn -0.5917 0.7483 0.2998
vn -0.8844 -0.0000 0.4668
vn -0.6925 -0.0002 0.7215
vn -0.8186 0.4503 0.3565
vn -0.9860 -0.0000 0.1667
vn -0.8348 0.5407 0.1039
vn -0.9606 -0.0000 -0.2779
vn -0.7598 0.6069 -0.2330
vn -0.7233 -0.0000 -0.6906
vn -0.5384 0.6499 -0.5364
vn -0.2838 -0.0019 -0.9589
vn -0.1781 0.7141 -0.6770
vn 0.1898 0.7414 -0.6437
vn 0.5144 0.7528 -0.4107
vn 0.7071 0.7011 0.0921
vn 0.6303 0.6986 0.3386
vn 0.6357 0.7687 0.0705
vn 0.2773 -0.0000 -0.9608
vn 0.7818 0.0002 -0.6235
vn 0.9806 -0.0019 0.1958
vn 0.8564 -0.0019 0.5162
vn 0.8998 0.3560 0.2524
vn 0.9243 0.3816 -0.0000
vn 0.7099 0.7043 -0.0000
vn -0.7069 0.7074 -0.0000
vn -0.9240 0.3824 -0.0000
vn -1.0000 -0.0000 -0.0021
vn -1.0000 -0.0020 -0.0000
vn 1.0000 -0.0001 0.0002
vn 1.0000 -0.0000 0.0001
vn 0.0021 1.0000 -0.0011
vn 0.0023 1.0000 -0.0007
vn 0.0001 -0.1467 -0.9892
vn 0.2560 -0.1467 -0.9555
vn -0.0000 -0.0039 -1.0000
vn 0.2600 -0.0039 -0.9656
vn 0.5004 -0.0039 -0.8658
vn 0.7071 -0.0039 -0.7071
vn 0.8658 -0.0039 -0.5003
vn 0.9656 -0.0039 -0.2599
vn 1.0000 -0.0040 -0.0000
vn 0.9661 -0.0039 0.2581
vn 0.8667 -0.0039 0.4989
vn 0.7081 -0.0039 0.7061
vn 0.5012 -0.0039 0.8653
vn 0.2605 -0.0039 0.9655
vn -0.0000 -0.0039 1.0000
vn -0.2587 -0.0039 0.9660
vn -0.2583 -0.0000 0.9661
vn -0.4997 -0.0039 0.8662
vn -0.7071 -0.0039 0.7072
vn -0.8662 -0.0039 0.4997
vn -0.9660 -0.0039 0.2586
vn -0.9554 -0.1470 0.2560
vn -0.9662 -0.0000 0.2579
vn -0.8662 -0.0020 0.4997
vn -0.8566 -0.1471 0.4946
vn -0.6994 -0.1470 0.6994
vn -0.7071 -0.0022 0.7071
vn -0.4941 -0.1472 0.8568
vn -0.2546 -0.1470 0.9558
vn -0.2580 -0.0000 0.9661
vn -0.0000 -0.1470 0.9891
vn -0.9891 -0.1470 -0.0000
vn -0.9655 -0.0039 -0.2605
vn -0.8653 -0.0039 -0.5012
vn -0.9553 -0.1469 -0.2564
vn -1.0000 -0.0039 -0.0000
vn -0.8560 -0.1471 -0.4956
vn -0.8653 -0.0019 -0.5012
vn -0.7062 -0.0018 -0.7080
vn -0.6985 -0.1469 -0.7004
vn -0.7062 -0.0039 -0.7080
vn -0.4988 -0.0040 -0.8667
vn -0.2582 -0.0039 -0.9661
vn -0.0001 -0.0000 -1.0000
vn -0.0000 -0.1467 -0.9892
vn -0.2541 -0.1467 -0.9560
vn -0.4933 -0.1469 -0.8574
vn 0.6103 -0.0000 0.7922
vn -0.6093 -0.0000 0.7930
vn -0.6094 -0.0000 0.7929
vn -0.0000 -0.0020 1.0000
vn 0.0011 1.0000 -0.0000
vn 0.0014 1.0000 -0.0000
vn 0.0016 -1.0000 -0.0000
vn 0.0012 -1.0000 -0.0001
vn -0.9976 -0.0000 0.0686
vn -0.9761 -0.0000 0.2174
vn -0.9483 -0.0000 0.3174
vn -0.3811 -0.0000 -0.9245
vn -0.3813 -0.0000 -0.9245
vn 0.9761 -0.0000 0.2171
vn 0.9977 -0.0000 0.0684
vn 0.9942 -0.0000 0.1076
vn -0.9942 -0.0000 0.1078
vn 0.9656 -0.0018 -0.2599
vn 0.9656 -0.0019 -0.2599
vn 0.9661 -0.0019 0.2582
vn 0.9661 -0.0020 0.2581
vn 0.9485 -0.0000 0.3168
vn 0.8656 -0.0000 -0.5008
vn -0.4992 -0.0000 -0.8665
vn -0.8655 -0.0000 -0.5008
vn -0.2579 -0.0000 0.9662
vn -0.2580 0.0001 0.9661
vn 0.5006 -0.0000 0.8657
vn 0.8667 -0.0020 0.4988
vn -0.9380 0.1353 0.3192
vn -0.6524 -0.1373 0.7454
vn -0.6520 0.1352 0.7460
vn -0.9377 -0.1372 0.3192
vn -0.9716 0.1353 -0.1939
vn -0.9714 -0.1372 -0.1939
vn -0.7451 0.1350 -0.6532
vn -0.7440 -0.1371 -0.6539
vn -0.3186 0.1350 -0.9382
vn -0.3185 -0.1369 -0.9380
vn -0.3149 0.1937 -0.9291
vn -0.7381 0.1936 -0.6464
vn -0.9620 0.1940 -0.1920
vn -0.9289 0.1941 0.3155
vn -0.6461 0.1939 0.7382
vn -0.1902 0.1941 0.9624
vn -0.1920 -0.1372 0.9717
vn 0.3173 0.1939 0.9283
vn 0.3118 0.2628 0.9131
vn 0.7276 0.2621 0.6339
vn -0.1858 0.2628 0.9468
vn -0.6346 0.2625 0.7269
vn -0.9137 0.2626 0.3101
vn -0.9464 0.2626 -0.1882
vn -0.7262 0.2623 -0.6355
vn -0.3092 0.2623 -0.9141
vn 0.1917 0.1937 -0.9622
vn 0.1935 -0.1369 -0.9715
vn 0.1907 0.1349 -0.9723
vn 0.1876 0.2621 -0.9466
vn -0.7061 0.0098 -0.7080
vn -0.2582 0.0098 -0.9660
vn -0.9654 0.0098 -0.2605
vn -0.9659 0.0098 0.2587
vn -0.9660 -0.0000 0.2586
vn -0.7071 0.0098 0.7070
vn -0.7069 -0.0000 0.7073
vn -0.2586 0.0098 0.9659
vn -0.2586 -0.0000 0.9660
vn 0.2605 0.0098 0.9654
vn 0.7080 0.0098 0.7061
vn 0.9661 0.0098 0.2581
vn 0.9660 -0.0000 0.2586
vn 0.9656 0.0098 -0.2599
vn 0.3210 0.1351 0.9374
vn 0.7469 0.1350 0.6511
vn -0.1920 0.1353 0.9720
vn 0.2600 0.0098 -0.9656
vn 0.9721 0.1351 0.1917
vn 0.9377 -0.1368 -0.3193
vn 0.9376 0.1349 -0.3203
vn 0.9719 -0.1370 0.1916
vn 0.7458 -0.1372 0.6519
vn 0.3209 -0.1371 0.9372
vn 0.7391 0.1936 0.6452
vn 0.9626 0.1937 0.1897
vn 0.9286 0.1935 -0.3167
vn 0.6463 0.1933 -0.7382
vn 0.6530 -0.1370 -0.7449
vn 0.6522 0.1348 -0.7459
vn 0.7070 0.0098 -0.7071
vn 0.7070 -0.0000 -0.7072
vn 0.1908 0.1349 -0.9723
vn 0.1936 -0.1369 -0.9715
vn 0.1916 0.1937 -0.9622
vn 0.1878 0.2621 -0.9466
vn 0.6352 0.2619 -0.7266
vn 0.9135 0.2623 -0.3111
vn 0.9469 0.2622 0.1861
vn 0.2601 0.0001 -0.9656
vn -0.0000 -1.0000 -0.0021
vn -0.0000 -0.9938 0.1115
vn -0.0000 -0.5008 0.8655
vn -0.0000 -0.5009 0.8655
vn -0.0000 0.8661 0.4999
vn -0.0000 0.8660 0.5000
vn -0.0000 0.9937 0.1117
vn 0.6585 -0.0000 -0.7526
vn 0.9464 -0.0000 -0.3229
vn 0.9464 -0.0000 -0.3231
vn 0.6585 -0.0000 -0.7525
vn -0.3209 -0.0020 -0.9471
vn -0.3208 -0.0021 -0.9471
vn -0.7516 -0.0020 -0.6596
vn -0.7515 -0.0021 -0.6597
vn -0.9807 -0.0019 -0.1957
vn -0.9807 -0.0020 -0.1957
vn -0.9469 -0.0021 0.3214
vn -0.9469 -0.0022 0.3214
vn -0.6585 -0.0021 0.7526
vn -0.1939 -0.0019 0.9810
vn 0.0666 -0.0017 0.9978
vn 0.0666 -0.0018 0.9978
vn 0.7532 -0.0000 0.6578
vn 0.5580 -0.0000 0.8299
vn 0.9812 -0.0000 0.1931
vn 0.9811 -0.0000 0.1934
vn 0.9812 -0.0000 0.1932
vn 0.7534 -0.0000 0.6576
vn 0.3232 -0.0000 0.9463
vn -0.9469 -0.0000 0.3214
vn -0.7516 -0.0000 -0.6596
vn -0.3209 -0.0000 -0.9471
vn -0.3208 -0.0000 -0.9471
vn 0.1950 -0.0000 -0.9808
vn 0.1952 -0.0000 -0.9808
vn -0.9980 0.0628 -0.0000
vn -0.9980 0.0627 -0.0000
vn -0.9963 0.0861 -0.0000
vn -0.4985 0.0763 0.8635
vn -0.7051 0.0763 0.7050
vn -0.8640 0.0763 0.4977
vn -0.9635 0.0763 0.2565
vn -0.7774 0.4407 0.4488
vn -0.8671 0.4406 0.2323
vn -0.8285 0.2917 0.4779
vn -0.6762 0.2922 0.6762
vn -0.6347 0.4408 0.6347
vn -0.4779 0.2917 0.8285
vn -0.4485 0.4407 0.7776
vn -0.2472 0.2921 0.9239
vn -0.2311 0.4406 0.8675
vn -0.0000 0.2921 0.9564
vn 0.0002 0.4410 0.8975
vn 0.2490 0.2922 0.9234
vn -0.2565 0.0762 0.9635
vn 0.0001 0.0763 0.9971
vn 0.9971 0.0761 -0.0000
vn 0.9637 0.0761 0.2561
vn 0.8645 0.0762 0.4968
vn 0.7060 0.0762 0.7041
vn 0.4991 0.0762 0.8632
vn 0.2584 0.0762 0.9630
vn 0.2329 0.4404 0.8671
vn 0.4501 0.4403 0.7769
vn 0.6359 0.4402 0.6339
vn 0.7784 0.4400 0.4478
vn 0.8679 0.4399 0.2307
vn 0.8979 0.4402 -0.0000
vn 0.8675 0.4397 -0.2325
vn 0.7777 0.4396 -0.4494
vn 0.4794 0.2914 0.8278
vn 0.6773 0.2917 0.6754
vn 0.8291 0.2913 0.4772
vn 0.6595 0.3641 0.6576
vn 0.4664 0.3648 0.8058
vn 0.2428 0.3644 0.8990
vn -0.0000 0.3648 0.9311
vn -0.2410 0.3647 0.8994
vn -0.4649 0.3646 0.8068
vn -0.6584 0.3646 0.6584
vn -0.8068 0.3646 0.4649
vn -0.9239 0.2922 0.2472
vn -0.6349 0.4402 -0.6349
vn -0.8278 0.2914 -0.4794
vn -0.6753 0.2918 -0.6774
vn -0.4479 0.4400 -0.7783
vn -0.4771 0.2914 -0.8291
vn -0.2325 0.4398 -0.8675
vn -0.2467 0.2918 -0.9241
vn -0.0001 0.2915 -0.9566
vn -0.0001 0.3641 -0.9314
vn -0.2406 0.3637 -0.8999
vn -0.4644 0.3645 -0.8071
vn -0.6577 0.3642 -0.6594
vn -0.8058 0.3647 -0.4665
vn -0.8990 0.3644 -0.2428
vn -0.8994 0.3647 0.2410
vn -0.9311 0.3647 -0.0000
vn -0.9564 0.2921 -0.0000
vn -0.9234 0.2922 -0.2490
vn -0.7776 0.4403 -0.4489
vn -0.7041 0.0762 -0.7060
vn -0.4968 0.0762 -0.8645
vn -0.2561 0.0761 -0.9637
vn -0.0001 0.0762 -0.9971
vn -0.8672 0.4404 -0.2323
vn -0.8632 0.0762 -0.4992
vn -0.9631 0.0762 -0.2582
vn -0.9971 0.0763 -0.0000
vn -0.8975 0.4410 -0.0001
vn 1.0000 0.0001 -0.0003
vn 1.0000 -0.0000 -0.0002
vn -0.9457 -0.3250 -0.0000
vn -0.4675 -0.8840 -0.0000
vn -0.4674 -0.8840 -0.0000
vn -0.1409 -0.9900 -0.0000
vn -0.1408 -0.9900 -0.0000
vn 0.9980 0.0626 -0.0000
vn 0.9963 0.0860 -0.0000
vn 0.9963 0.0859 -0.0000
vn 0.9992 0.0392 -0.0000
vn 0.9992 0.0392 0.0001
vn 0.6427 0.7661 -0.0000
vn 0.1175 0.9931 -0.0000
vn 0.9459 0.3245 -0.0002
vn 0.9459 0.3244 -0.0000
vn -0.0003 1.0000 -0.0000
vn 0.0002 1.0000 0.0001
vn 0.0001 1.0000 -0.0001
vn 0.0003 -1.0000 -0.0000
vn -0.4021 -0.0000 0.9156
vn -0.6501 -0.0000 0.7598
vn -0.6490 -0.0000 0.7608
vn -0.7424 -0.0000 0.6699
vn -0.9660 -0.0000 0.2585
vn -0.9655 -0.0000 -0.2604
vn -0.6342 -0.0000 -0.7732
vn -0.7358 -0.0000 -0.6771
vn -0.4148 -0.0000 -0.9099
vn -0.6354 -0.0000 -0.7722
vn -0.9659 -0.0000 0.2588
vn -0.7358 -0.0000 -0.6772
vn -0.4165 -0.0000 -0.9091
vn 0.9984 -0.0567 -0.0000
vn 0.9905 -0.0410 0.1310
vn 0.9906 -0.0410 0.1308
vn 0.9365 -0.0176 0.3501
vn 0.8315 -0.0039 0.5555
vn 0.6384 -0.0000 0.7697
vn 0.8506 -0.0000 0.5259
vn 0.6459 -0.0000 0.7634
vn -0.4037 -0.0001 0.9149
vn 0.9996 0.0176 0.0235
vn 0.8497 -0.0000 -0.5273
vn 0.9995 0.0176 -0.0254
vn 0.8644 0.0157 0.5026
vn 0.9835 0.0567 0.1721
vn 0.9982 0.0605 -0.0000
vn 0.9982 0.0606 -0.0000
vn 0.9831 0.0567 -0.1740
vn 0.8635 0.0156 -0.5041
vn 0.6450 -0.0000 -0.7642
vn 0.6375 -0.0000 -0.7705
vn 0.8306 -0.0039 -0.5569
vn 0.9359 -0.0176 -0.3518
vn 0.9903 -0.0410 -0.1327
vn 0.9903 -0.0410 -0.1329
vn 0.9984 -0.0566 -0.0000
vn -0.0000 -1.0000 -0.0001
vn -0.0003 -1.0000 -0.0001
vn -0.0004 -1.0000 -0.0000
vn 0.0002 -1.0000 -0.0000
vn 0.0011 -1.0000 -0.0001
vn 0.9840 -0.0000 -0.1781
vn 0.9823 -0.0000 -0.1875
vn 0.9840 -0.0000 -0.1780
vn 0.9841 -0.0000 -0.1777
vn 0.9823 -0.0000 -0.1874
vn -0.9840 -0.0000 -0.1782
vn -0.9822 -0.0000 -0.1878
vn 0.8656 -0.0000 -0.5007
vn 0.0002 1.0000 -0.0000
vn -1.0000 0.0001 0.0002
vn -1.0000 -0.0000 -0.0002
vn -1.0000 -0.0000 0.0001
vn -1.0000 0.0001 -0.0001
vn -1.0000 -0.0000 0.0002
vn -0.8654 -0.0000 -0.5011
vn -0.9821 -0.0020 0.1882
vn -0.9806 -0.0000 0.1958
vn -0.9743 -0.0000 0.2254
vn -0.9821 -0.0001 0.1884
vn -0.9807 -0.0000 0.1958
vn 0.8665 -0.0000 0.4991
vn 0.9807 -0.0000 0.1954
vn 0.9822 -0.0021 0.1878
vn 0.9744 -0.0000 0.2250
vn 0.9822 -0.0000 0.1879
vn 0.8659 -0.0000 -0.5003
vn 0.5000 -0.0000 -0.8660
vn 0.1310 -0.0000 -0.9914
vn 0.0002 1.0000 -0.0001
vn -0.0004 1.0000 0.0002
vn 0.0137 -0.9990 0.0431
vn 0.0235 -0.9990 0.0392
vn 0.0058 -1.0000 0.0079
vn 0.0039 -1.0000 0.0078
vn -0.0000 -0.9990 0.0451
vn 0.0470 -0.9989 -0.0000
vn 0.0451 -0.9989 0.0118
vn 0.0411 -0.9989 0.0216
vn 0.0333 -0.9990 0.0313
vn 0.0078 -1.0000 0.0059
vn 0.0098 -0.9999 -0.0059
vn -0.0000 -1.0000 0.0079
vn -0.0098 -0.9990 0.0431
vn -0.0216 -0.9991 0.0372
vn 0.0098 -1.0000 0.0001
vn 0.0099 -0.9999 -0.0039
vn 0.0098 -1.0000 0.0019
vn 0.0098 -0.9999 0.0039
vn 0.0450 -0.9989 -0.0137
vn 0.0411 -0.9989 -0.0235
vn 0.0079 -0.9999 -0.0078
vn 0.0333 -0.9989 -0.0333
vn 0.0056 -0.9999 -0.0099
vn 0.0235 -0.9989 -0.0411
vn 0.0039 -0.9999 -0.0098
vn -0.0216 -0.9989 -0.0411
vn -0.0118 -0.9989 -0.0450
vn -0.0000 -0.9989 -0.0470
vn 0.0137 -0.9989 -0.0451
vn -0.0431 -0.9990 0.0118
vn -0.0392 -0.9990 0.0215
vn -0.0078 -1.0000 0.0020
vn -0.0078 -1.0000 0.0040
vn -0.0451 -0.9990 -0.0000
vn -0.0313 -0.9990 0.0313
vn -0.0058 -1.0000 0.0058
vn -0.0078 -1.0000 0.0001
vn -0.0431 -0.9990 -0.0137
vn -0.0391 -0.9990 -0.0235
vn -0.0313 -0.9990 -0.0333
vn 0.0001 -1.0000 -0.0098
vn -0.0020 -1.0000 -0.0098
vn -0.0040 -0.9999 -0.0098
vn -0.0059 -1.0000 -0.0079
vn -0.0079 -1.0000 -0.0058
vn -0.0078 -1.0000 -0.0040
vn -0.0039 -1.0000 0.0079
vn -0.0020 -1.0000 0.0078
vn 0.2579 0.0956 -0.9614
vn -0.4989 -0.0019 -0.8667
vn -0.9655 -0.0019 -0.2605
vn -0.8662 -0.0019 0.4997
vn -0.9612 -0.0977 -0.2582
vn -0.4965 -0.1017 -0.8621
vn 0.2575 -0.0972 -0.9614
vn 0.2599 -0.0020 -0.9656
vn 0.9617 -0.0978 0.2559
vn 0.8658 -0.0020 -0.5003
vn 0.8614 -0.1011 -0.4978
vn 0.2577 -0.0973 -0.9613
vn 0.2600 -0.0020 -0.9656
vn -0.8615 -0.1023 0.4973
vn -0.2564 -0.0980 0.9616
vn -0.2587 -0.0019 0.9659
vn 0.8658 -0.0000 -0.5003
vn 0.9661 -0.0000 0.2582
vn 0.5012 -0.0020 0.8653
vn 0.4988 -0.1017 0.8607
vn -0.8662 -0.0000 0.4997
vn -0.9613 0.0959 -0.2584
vn -0.4964 0.0995 -0.8624
vn 0.9619 0.0958 0.2561
vn 0.5012 -0.0000 0.8653
vn 0.4989 0.0998 0.8609
vn -0.2567 0.0962 0.9617
vn -0.8616 0.1006 0.4975
vn 0.8614 0.0997 -0.4980
vn 0.2581 0.0956 -0.9614
vn 0.2601 -0.0000 -0.9656
vn 0.1331 -0.9821 -0.1331
vn 0.1818 -0.9833 -0.0000
vn 0.1332 -0.9824 0.1310
vn -0.0000 -0.9835 0.1807
vn -0.1312 -0.9826 0.1312
vn -0.1802 -0.9836 -0.0000
vn -0.1310 -0.9824 -0.1332
vn -0.0000 -0.9834 -0.1816
vn -0.0000 -1.0000 -0.0019
vn 0.0019 -1.0000 -0.0018
vn -0.0001 -1.0000 0.0002
vn -0.0002 -1.0000 0.0001
vn -0.4206 0.2113 -0.8823
vn -0.9179 0.0940 -0.3856
vn -0.4208 0.2173 -0.8807
vn -0.8489 0.3628 -0.3843
vn -0.4225 0.6220 -0.6592
vn -0.8696 0.4760 -0.1312
vn -0.4251 0.8756 -0.2293
vn -0.4210 0.9070 -0.0000
vn -0.9174 0.3980 -0.0000
vn -0.9661 -0.2549 0.0412
vn -0.9358 -0.3525 -0.0000
vn -0.0000 -0.9844 0.1761
vn 0.9360 -0.3519 0.0001
vn 0.9662 -0.2544 0.0411
vn 0.9177 0.3973 -0.0000
vn 0.8700 0.4752 -0.1310
vn 0.4229 0.9062 -0.0000
vn 0.4267 0.8749 -0.2291
vn 0.4241 0.6215 -0.6587
vn -0.9752 -0.1391 0.1724
vn 0.0020 -0.6438 0.7652
vn -0.8871 -0.2978 0.3526
vn -0.8783 -0.4010 0.2602
vn -0.9093 -0.1000 0.4038
vn -0.9403 0.0784 -0.3312
vn -0.9342 -0.0843 0.3467
vn 0.0020 -0.6257 0.7801
vn 0.9753 -0.1388 0.1721
vn 0.8495 0.3621 -0.3837
vn 0.4224 0.2171 -0.8800
vn 0.9182 0.0938 -0.3849
vn 0.4222 0.2112 -0.8815
vn 0.9405 0.0783 -0.3306
vn 0.4246 0.5852 -0.6908
vn 0.9344 -0.0841 0.3461
vn 0.9097 -0.0998 0.4031
vn -0.0000 -0.2352 0.9719
vn -0.0000 -0.2390 0.9710
vn 0.8876 -0.2972 0.3520
vn 0.9590 0.1821 -0.2173
vn 0.9613 0.2228 -0.1622
vn 0.8788 -0.4004 0.2598
vn -0.0000 -0.8392 0.5438
vn 0.4246 0.7338 -0.5303
vn 0.4208 0.8164 -0.3955
vn 0.9704 0.2173 -0.1057
vn 0.8481 -0.4925 0.1955
vn -0.0000 -0.9285 0.3713
vn -0.8475 -0.4933 0.1958
vn -0.9703 0.2177 -0.1059
vn -0.9611 0.2233 -0.1625
vn -0.9588 0.1824 -0.2177
vn -0.4193 0.8170 -0.3959
vn -0.4230 0.7344 -0.5308
vn -0.4231 0.5856 -0.6914
vn -0.3626 0.8762 0.3176
vn -0.3818 0.9241 -0.0136
vn -0.7070 0.7070 -0.0157
vn -0.3622 0.8751 -0.3211
vn -0.6638 0.6638 -0.3446
vn -0.4480 0.4461 -0.7748
vn -0.6320 -0.0000 -0.7749
vn -0.9386 -0.0000 -0.3449
vn -0.9999 -0.0000 -0.0157
vn -0.6647 0.6647 0.3412
vn -0.5211 0.5211 0.6759
vn -0.2918 0.7051 0.6463
vn -0.1998 0.4838 0.8521
vn -0.6629 -0.6649 -0.3442
vn -0.3615 -0.8755 -0.3205
vn -0.3811 -0.9244 -0.0136
vn -0.2521 -0.6135 -0.7484
vn -0.4477 -0.4477 -0.7741
vn -0.1545 -0.0000 -0.9880
vn -0.3485 -0.3505 0.8693
vn -0.2914 -0.7060 0.6454
vn -0.1996 -0.4853 0.8513
vn -0.1470 -0.0000 0.9891
vn -0.3487 0.3487 0.8699
vn -0.5206 -0.5225 0.6752
vn -0.6638 -0.6658 0.3407
vn -0.3620 -0.8766 0.3170
vn -0.7060 -0.7080 -0.0157
vn -0.2524 0.6123 -0.7493
vn -0.7368 -0.0000 0.6761
vn 0.3637 -0.8760 0.3168
vn 0.3828 -0.9237 -0.0136
vn 0.7070 -0.7070 -0.0158
vn 0.3632 -0.8749 -0.3203
vn 0.6640 -0.6640 -0.3437
vn 0.4477 -0.4477 -0.7741
vn 0.6333 -0.0000 -0.7739
vn 0.9389 -0.0000 -0.3442
vn 0.9999 -0.0000 -0.0158
vn 0.6649 -0.6649 0.3403
vn 0.5220 -0.5220 0.6745
vn 0.2932 -0.7056 0.6451
vn 0.2015 -0.4851 0.8509
vn 0.6649 0.6629 -0.3442
vn 0.3639 0.8744 -0.3209
vn 0.3834 0.9235 -0.0136
vn 0.2542 0.6120 -0.7489
vn 0.4492 0.4473 -0.7734
vn 0.1571 -0.0000 -0.9876
vn 0.3505 0.3485 0.8693
vn 0.2936 0.7047 0.6459
vn 0.2016 0.4836 0.8518
vn 0.1490 -0.0000 0.9888
vn 0.3502 -0.3503 0.8687
vn 0.4950 -0.0000 0.8689
vn 0.5225 0.5206 0.6752
vn 0.6658 0.6638 0.3407
vn 0.3643 0.8755 0.3173
vn 0.7080 0.7061 -0.0156
vn 0.2539 -0.6132 -0.7480
vn 0.9404 -0.0000 0.3402
vn 0.7377 -0.0000 0.6751
vn -0.0000 -1.0000 -0.0015
vn 0.0003 -1.0000 -0.0011
vn -0.0000 -1.0000 -0.0017
vn 0.0002 -1.0000 -0.0011
vn 0.0002 -1.0000 0.0002
vn -0.0002 -1.0000 -0.0000
vn -0.8877 -0.0000 0.4605
vn -0.7914 0.0001 0.6113
vn -0.8876 -0.0000 0.4605
vn -0.2580 -0.0000 0.9662
vn 0.2467 -0.0000 0.9691
vn 0.4659 -0.0000 0.8848
vn 0.2176 -0.0000 0.9760
vn -0.2580 -0.0001 0.9661
vn 0.8925 -0.0000 -0.4511
vn 0.9956 0.0001 -0.0938
vn 0.9956 -0.0002 -0.0938
vn -0.2426 -0.0000 -0.9701
vn -0.4597 -0.0000 -0.8881
vn -0.1800 -0.0000 -0.9837
vn -0.2429 -0.0000 0.9700
vn -0.2430 -0.0000 0.9700
vn 0.2604 -0.0000 0.9655
vn 0.8710 -0.0000 0.4913
vn 0.9946 -0.0000 0.1035
vn 0.9946 -0.0001 0.1035
vn 0.9656 -0.0000 -0.2601
vn 0.8666 -0.0000 0.4991
vn -0.9956 -0.0020 0.0941
vn -0.9956 -0.0019 0.0941
vn -0.8849 -0.0000 0.4658
vn -0.8848 -0.0000 0.4659
vn -0.6211 -0.0000 0.7837
vn -0.4236 -0.0000 0.9059
vn -0.4236 -0.0000 0.9058
vn 0.9956 -0.0000 0.0939
vn 0.0012 1.0000 -0.0012
vn 0.0022 1.0000 -0.0011
vn -1.0000 0.0001 -0.0000
vn -0.5001 0.8660 -0.0000
vn -0.4997 0.8662 -0.0020
vn -0.4997 0.8662 -0.0021
vn 0.5012 0.8653 -0.0019
vn 0.5007 0.8656 -0.0000
vn 0.5009 0.8655 -0.0000
vn 1.0000 -0.0020 -0.0020
vn 0.8658 -0.5003 -0.0017
vn 0.8658 -0.5003 -0.0018
vn 0.8667 0.4989 -0.0000
vn 0.5006 -0.8657 -0.0000
vn 0.5004 -0.8658 -0.0000
vn 0.5003 -0.8658 -0.0000
vn 0.5005 -0.8658 -0.0000
vn 0.5007 -0.8656 -0.0000
vn -0.4990 -0.8666 -0.0000
vn -0.4991 -0.8665 -0.0000
vn -0.4989 -0.8667 -0.0000
vn -0.3424 -0.5967 -0.7258
vn 0.0313 0.0313 -0.9990
vn -0.4811 -0.4772 -0.7354
vn 0.0235 0.0372 -0.9990
vn -0.1700 -0.6566 -0.7348
vn 0.0117 0.0410 -0.9991
vn -0.0000 -0.6721 -0.7405
vn -0.2486 -0.9686 -0.0000
vn -0.4988 -0.8667 -0.0000
vn -0.7117 -0.7025 -0.0001
vn -0.5809 -0.3364 -0.7412
vn 0.0392 0.0216 -0.9990
vn 0.5125 0.5105 -0.6905
vn 0.3637 0.6257 -0.6901
vn 0.1878 0.6983 -0.6907
vn -0.8643 -0.5029 -0.0000
vn -0.9847 -0.1743 -0.0000
vn -0.6408 -0.7677 -0.0000
vn -0.6407 -0.7678 -0.0000
vn -0.3404 -0.9403 -0.0000
vn -0.3402 -0.9404 -0.0000
vn 0.0022 -1.0000 -0.0000
vn 0.3444 -0.9388 -0.0000
vn 0.3442 -0.9389 -0.0000
vn 0.6427 -0.7661 -0.0000
vn 0.6428 -0.7661 -0.0000
vn 0.8667 -0.4989 -0.0000
vn 0.9848 -0.1736 -0.0000
vn 0.9848 -0.1738 -0.0000
vn 0.0020 0.9655 0.2605
vn 0.0021 0.9882 0.1529
vn 0.0020 0.9715 0.2370
vn 0.0020 0.7864 0.6177
vn 0.0020 0.7331 0.6802
vn 0.0020 0.4936 0.8697
vn 0.0019 0.4784 0.8782
vn 0.0018 0.4020 0.9157
vn 0.0018 0.3956 0.9184
vn 0.0020 0.1920 0.9814
vn 0.0020 0.1685 0.9857
vn -0.9510 -0.1545 -0.2678
vn -0.9511 -0.1544 -0.2676
vn -0.8923 -0.2250 -0.3913
vn -0.8923 -0.2250 -0.3914
vn -0.8184 -0.2880 -0.4973
vn -0.8186 -0.2875 -0.4973
vn -0.7434 -0.3346 -0.5791
vn -0.7433 -0.3346 -0.5792
vn -0.6612 -0.3756 -0.6494
vn -0.6612 -0.3756 -0.6495
vn -0.6612 -0.3755 -0.6495
vn -0.0000 0.0151 -0.9999
vn -0.0000 0.0148 -0.9999
vn -0.0000 0.0150 -0.9999
vn -0.0000 0.0332 -0.9994
vn -0.0000 0.0665 -0.9978
vn -0.0000 0.1061 -0.9944
vn -0.7433 -0.6689 -0.0000
vn -0.6617 -0.7498 -0.0001
vn -0.6617 -0.7498 -0.0000
vn -0.8187 -0.5743 -0.0000
vn -0.8928 -0.4504 -0.0000
vn -0.8929 -0.4503 -0.0000
vn -0.9510 -0.3093 -0.0000
vn -0.9510 -0.3092 -0.0000
vn -0.0000 -0.0178 0.9998
vn -0.0000 -0.0177 0.9998
vn -0.0000 -0.0353 0.9994
vn -0.0000 -0.0686 0.9976
vn -0.0000 -0.1076 0.9942
vn -0.0000 -0.1078 0.9942
vn -0.0000 -0.1077 0.9942
vn -0.7443 0.6679 -0.0000
vn -0.6627 0.7489 0.0001
vn -0.6627 0.7489 -0.0000
vn -0.6626 0.7489 -0.0000
vn -0.7442 0.6680 -0.0000
vn -0.8199 0.5725 -0.0000
vn -0.8199 0.5724 -0.0000
vn -0.8937 0.4487 -0.0000
vn -0.8936 0.4488 -0.0000
vn -0.9517 0.3071 -0.0000
vn -0.9517 0.3070 -0.0000
vn -0.0000 0.8579 0.5138
vn -0.0000 0.8485 0.5291
vn -0.0000 0.8308 0.5565
vn -0.0000 0.8074 0.5900
vn -0.7440 0.3328 -0.5795
vn -0.6617 0.3739 -0.6499
vn -0.7440 0.3329 -0.5794
vn -0.8189 0.2859 -0.4976
vn -0.8190 0.2857 -0.4977
vn -0.8927 0.2232 -0.3915
vn -0.9512 0.1525 -0.2683
vn -0.0000 -0.8739 0.4861
vn -0.0000 -0.8743 0.4853
vn -0.0000 -0.8742 0.4856
vn -0.0000 -0.8828 0.4698
vn -0.0000 -0.8979 0.4401
vn -0.0000 -0.9147 0.4042
vn -0.0000 -0.9146 0.4043
vn -0.7448 0.3332 0.5781
vn -0.6625 0.3743 0.6488
vn -0.6625 0.3744 0.6488
vn -0.7448 0.3329 0.5783
vn -0.8197 0.2863 0.4961
vn -0.8934 0.2233 0.3899
vn -0.9517 0.1526 0.2663
vn -0.9518 0.1525 0.2662
vn -0.0000 -0.8579 -0.5138
vn -0.0000 -0.8482 -0.5297
vn -0.0000 -0.8305 -0.5570
vn -0.0000 -0.8074 -0.5900
vn -0.0000 -0.8073 -0.5902
vn -0.7443 -0.3349 0.5778
vn -0.6620 -0.3761 0.6483
vn -0.6621 -0.3760 0.6483
vn -0.7443 -0.3348 0.5778
vn -0.8192 -0.2881 0.4959
vn -0.8192 -0.2881 0.4958
vn -0.8930 -0.2252 0.3897
vn -0.9514 -0.1540 0.2667
vn 0.4681 0.0821 0.8799
vn 0.4134 0.2351 0.8797
vn 0.0197 0.0099 0.9998
vn 0.0138 0.0158 0.9998
vn 0.3078 0.3608 0.8804
vn -0.0059 -0.0197 0.9998
vn -0.1585 -0.4463 0.8808
vn 0.0017 -0.4734 0.8809
vn 0.0019 -0.0216 0.9998
vn 0.1641 -0.4456 0.8800
vn 0.0079 -0.0197 0.9998
vn 0.3076 -0.3625 0.8798
vn 0.0138 -0.0177 0.9997
vn 0.4132 -0.2369 0.8793
vn 0.0197 -0.0118 0.9997
vn 0.4682 -0.0842 0.8796
vn 0.0217 -0.0039 0.9998
vn 0.0216 0.0020 0.9998
vn 0.0079 0.0178 0.9998
vn 0.1641 0.4444 0.8807
vn 0.0011 0.0197 0.9998
vn 0.0018 0.4728 0.8812
vn -0.0059 0.0177 0.9998
vn -0.1587 0.4447 0.8815
vn -0.0118 0.0157 0.9998
vn -0.3019 0.3626 0.8817
vn -0.0177 0.0098 0.9998
vn -0.4076 0.2371 0.8819
vn -0.0197 0.0019 0.9998
vn -0.4645 0.0804 0.8819
vn -0.4648 -0.0827 0.8815
vn -0.0197 -0.0040 0.9998
vn -0.4075 -0.2389 0.8814
vn -0.0177 -0.0118 0.9998
vn -0.3018 -0.3639 0.8812
vn -0.0118 -0.0178 0.9998
vn -0.0000 -0.2598 -0.9657
vn -0.0000 0.2581 -0.9661
vn -0.0000 0.2588 -0.9659
vn 0.2600 -0.9656 -0.0000
vn 0.2599 -0.9656 -0.0000
vn 0.5202 -0.8540 -0.0000
vn 0.7074 -0.7068 -0.0000
vn 0.8591 -0.5118 -0.0000
vn 0.8589 -0.5121 -0.0000
vn 0.9654 -0.2607 -0.0000
vn 0.9656 -0.2599 -0.0000
vn 0.9662 0.2577 -0.0000
vn 0.9661 0.2580 -0.0000
vn 0.8680 0.4965 -0.0000
vn 0.8681 0.4965 -0.0000
vn 0.8056 0.5925 -0.0000
vn 0.8056 0.5924 -0.0000
vn -0.8674 0.4975 -0.0000
vn -0.7072 0.7070 -0.0000
vn -0.7074 0.7068 -0.0000
vn -0.8675 0.4975 -0.0000
vn -0.9659 0.2588 -0.0000
vn -1.0000 -0.0040 -0.0000
vn -0.9656 -0.2600 -0.0000
vn -0.9656 -0.2599 -0.0000
vn -0.8590 -0.5120 -0.0000
vn -0.8592 -0.5116 -0.0000
vn -0.7060 -0.7082 -0.0000
vn -0.7061 -0.7081 -0.0000
vn -0.5185 -0.8551 -0.0000
vn -0.2583 -0.9661 -0.0000
vn -0.2584 -0.9660 -0.0000
vn 0.5034 0.8640 -0.0000
vn 0.5974 0.8020 -0.0000
vn 0.5974 0.8019 -0.0000
vn 0.5033 0.8641 -0.0000
vn 0.2608 0.9654 -0.0000
vn 0.2610 0.9653 -0.0000
vn -0.2584 0.9660 -0.0000
vn -0.2587 0.9660 -0.0000
vn -0.5019 0.8649 -0.0000
vn -0.5019 0.8650 -0.0000
vn 0.8675 0.4975 -0.0000
vn 0.9403 0.3403 -0.0000
vn 0.9403 0.3402 -0.0000
vn 0.6441 0.7649 -0.0000
vn 0.6437 0.7653 -0.0000
vn 0.3447 0.9387 -0.0000
vn 0.0022 1.0000 -0.0000
vn -0.3406 0.9402 -0.0000
vn -0.3409 0.9401 -0.0000
vn -0.6410 0.7675 -0.0000
vn -0.8654 0.5011 -0.0000
vn -0.9850 0.1726 -0.0000
vn -0.9850 0.1725 -0.0000
vn 0.7569 -0.6535 -0.0000
vn 0.7571 -0.6533 -0.0000
vn 0.7569 -0.5671 0.3247
vn 0.7574 -0.3271 0.5651
vn 0.7572 -0.3266 0.5657
vn 0.7579 -0.0000 0.6524
vn 0.7578 -0.0000 0.6525
vn 0.7577 0.3252 0.5658
vn 0.7576 0.5658 0.3253
vn 0.7577 0.5659 0.3251
vn 0.7579 0.6524 -0.0000
vn 0.7573 0.5653 -0.3269
vn 0.7574 0.5652 -0.3270
vn 0.7442 0.1602 -0.6485
vn 0.7489 0.1877 -0.6355
vn 0.7091 -0.0000 -0.7051
vn 0.7465 -0.4705 -0.4705
vn 0.7466 -0.4705 -0.4704
vn 0.7563 -0.5669 -0.3264
vn 0.7564 -0.5668 -0.3264
vn 1.0000 -0.0001 0.0001
vn 1.0000 -0.0002 0.0001
vn 1.0000 -0.0002 -0.0001
vn -1.0000 -0.0001 -0.0000
vn -0.9998 -0.0157 0.0157
vn -0.9997 -0.0177 0.0177
vn -0.9741 -0.1666 0.1528
vn -0.9766 -0.1624 0.1409
vn -0.9891 -0.1351 0.0587
vn -0.9892 -0.1352 0.0569
vn -0.9905 -0.1331 0.0335
vn -0.9906 -0.1331 0.0313
vn -0.9977 -0.0665 0.0093
vn -0.9981 -0.0607 0.0079
vn 0.8941 0.4479 0.0001
vn 0.9518 0.3069 -0.0000
vn 0.9518 0.3068 -0.0000
vn 0.8941 0.4479 -0.0000
vn 0.8107 0.5855 -0.0000
vn 0.8107 0.5855 0.0001
vn 0.7178 0.6963 -0.0015
vn 0.6320 0.7749 -0.0017
vn 0.6321 0.7749 -0.0019
vn -0.0000 0.0160 0.9999
vn -0.0000 0.0155 0.9999
vn -0.0000 0.0333 0.9994
vn -0.0000 0.0667 0.9978
vn -0.0000 0.1061 0.9944
vn 0.8932 -0.4496 -0.0001
vn 0.9513 -0.3083 -0.0000
vn 0.8932 -0.4496 -0.0000
vn 0.8098 -0.5868 -0.0000
vn 0.8098 -0.5868 -0.0001
vn 0.7172 -0.6969 -0.0000
vn 0.7170 -0.6971 -0.0000
vn 0.6318 -0.7752 -0.0000
vn 0.6317 -0.7752 -0.0000
vn -0.0000 -0.0175 -0.9998
vn -0.0000 -0.0352 -0.9994
vn -0.0000 -0.0684 -0.9977
vn -0.0000 -0.1072 -0.9942
vn -0.0000 -0.1070 -0.9943
vn 0.8934 -0.2247 0.3890
vn 0.9515 -0.1543 0.2661
vn 0.9516 -0.1544 0.2658
vn 0.8934 -0.2248 0.3890
vn 0.8104 -0.2936 0.5070
vn 0.7176 -0.3498 0.6023
vn 0.6315 -0.3892 0.6706
vn -0.0000 -0.8739 -0.4861
vn -0.0000 -0.8739 -0.4860
vn -0.0000 -0.8820 -0.4712
vn -0.0000 -0.8972 -0.4417
vn -0.0000 -0.9142 -0.4053
vn -0.0000 -0.9140 -0.4057
vn 0.8927 -0.2247 -0.3907
vn 0.9510 -0.1544 -0.2680
vn 0.8096 -0.2933 -0.5085
vn 0.8096 -0.2934 -0.5084
vn 0.7169 -0.3494 -0.6034
vn 0.7168 -0.3495 -0.6034
vn 0.6309 -0.3884 -0.6716
vn 0.6308 -0.3885 -0.6717
vn -0.0000 0.8574 -0.5147
vn -0.0000 0.8573 -0.5148
vn -0.0000 0.8576 -0.5144
vn -0.0000 0.8573 -0.5149
vn -0.0000 0.8477 -0.5305
vn -0.0000 0.8299 -0.5578
vn -0.0000 0.8065 -0.5913
vn -0.0000 0.8064 -0.5913
vn 0.8931 0.2228 -0.3908
vn 0.9514 0.1522 -0.2677
vn 0.8101 0.2915 -0.5087
vn 0.7178 0.3481 -0.6030
vn 0.7175 0.3480 -0.6034
vn 0.6314 0.3872 -0.6718
vn 0.6316 0.3874 -0.6716
vn -0.0000 0.8739 0.4861
vn -0.0000 0.8739 0.4860
vn -0.0000 0.8824 0.4706
vn -0.0000 0.8975 0.4409
vn -0.0000 0.9142 0.4053
vn 0.7081 0.7061 -0.0000
vn 0.8601 0.5101 -0.0000
vn 0.8602 0.5100 -0.0000
vn 0.9661 0.2582 -0.0000
vn 1.0000 0.0023 -0.0000
vn 0.9657 -0.2598 -0.0000
vn 0.8671 -0.4981 -0.0000
vn 0.8672 -0.4979 -0.0000
vn 0.7073 -0.7070 -0.0000
vn 0.7072 -0.7070 -0.0000
vn 0.5029 -0.8643 -0.0000
vn 0.5029 -0.8644 -0.0000
vn 0.2604 -0.9655 -0.0000
vn 0.1154 -0.9933 -0.0000
vn -0.9660 0.2585 -0.0000
vn -1.0000 0.0017 -0.0000
vn -1.0000 0.0022 -0.0000
vn -0.8597 0.5108 -0.0000
vn -0.8596 0.5109 -0.0000
vn -0.5194 0.8546 -0.0020
vn -0.2583 0.9661 -0.0000
vn 0.2605 0.9655 -0.0000
vn 0.2607 0.9654 -0.0000
vn 0.5202 0.8540 -0.0000
vn 0.5207 0.8538 -0.0000
vn -0.2581 -0.9661 -0.0020
vn -0.1134 -0.9936 -0.0000
vn -0.1133 -0.9936 -0.0000
vn -0.5012 -0.8653 -0.0019
vn -0.7062 -0.7080 -0.0019
vn -0.8669 -0.4986 -0.0000
vn -0.9655 -0.2605 -0.0000
vn -0.9998 -0.0197 -0.0079
vn -0.8756 -0.4542 -0.1643
vn -0.8753 -0.4836 -0.0000
vn -0.9997 -0.0177 -0.0138
vn -0.8752 -0.3719 -0.3093
vn -0.9997 -0.0118 -0.0197
vn -0.8758 -0.2428 -0.4171
vn -0.9998 -0.0039 -0.0216
vn -0.8756 -0.0843 -0.4756
vn -0.9998 0.0020 -0.0216
vn -0.8756 0.0822 -0.4760
vn -0.8761 0.2411 -0.4174
vn -0.9998 0.0098 -0.0197
vn -0.8759 0.3702 -0.3093
vn -0.9998 0.0157 -0.0138
vn -0.8763 0.4528 -0.1646
vn -0.9998 0.0178 -0.0078
vn -0.8761 0.4821 0.0001
vn -0.9998 0.0197 -0.0000
vn -0.8760 0.4525 0.1666
vn -0.8765 0.0823 0.4743
vn -0.8758 0.2391 0.4193
vn -0.9998 0.0099 0.0177
vn -0.9998 0.0158 0.0118
vn -0.8760 0.3682 0.3116
vn -0.9998 0.0177 0.0059
vn -0.9998 -0.0216 -0.0000
vn -0.9998 0.0020 0.0197
vn -0.9998 -0.0039 0.0197
vn -0.8762 -0.0842 0.4745
vn -0.9998 -0.0118 0.0177
vn -0.8753 -0.2411 0.4192
vn -0.9998 -0.0177 0.0118
vn -0.8753 -0.3701 0.3113
vn -0.9998 -0.0197 0.0059
vn -0.8752 -0.4543 0.1664
vn 0.5112 0.2351 0.8267
vn 0.5166 0.1096 0.8492
vn -0.2646 0.1254 0.9562
vn 0.5111 -0.0020 0.8595
vn -0.2604 -0.0020 0.9655
vn 0.5250 0.3409 0.7798
vn -0.2664 0.2604 0.9280
vn -0.8800 0.1235 0.4586
vn -0.8794 0.0607 0.4721
vn -0.8752 -0.0019 0.4837
vn -0.2626 -0.1274 0.9565
vn 0.5127 -0.1135 0.8510
vn 0.5063 -0.2385 0.8287
vn 0.5302 0.4247 0.7338
vn -0.2901 0.3843 0.8764
vn -0.8852 0.1802 0.4289
vn -0.9622 -0.0725 -0.2626
vn -0.9587 -0.0391 -0.2817
vn -0.9605 -0.0000 -0.2783
vn -0.8794 -0.0627 0.4720
vn -0.8810 -0.1253 0.4562
vn -0.2625 -0.2625 0.9285
vn 0.5185 -0.3444 0.7827
vn -0.8926 0.2256 0.3904
vn -0.3017 0.4781 0.8249
vn -0.9630 -0.1038 -0.2486
vn -0.4886 -0.2268 -0.8425
vn -0.4868 -0.1153 -0.8659
vn -0.4890 -0.0000 -0.8723
vn -0.9599 0.0353 -0.2782
vn -0.9630 0.0705 -0.2601
vn -0.8837 -0.1822 0.4311
vn -0.2840 -0.3859 0.8777
vn 0.5302 -0.4246 0.7338
vn -0.4880 0.7545 -0.4390
vn -0.9624 0.2509 -0.1039
vn -0.4882 0.8058 -0.3352
vn -0.9620 0.2351 -0.1391
vn -0.8768 -0.4443 0.1840
vn -0.8742 -0.4215 0.2412
vn -0.2622 -0.8923 0.3676
vn -0.2601 -0.8372 0.4811
vn 0.5099 -0.7463 0.4279
vn -0.2620 -0.7664 0.5865
vn 0.5162 -0.6804 0.5201
vn 0.5103 -0.6002 0.6159
vn -0.2659 -0.6747 0.6885
vn 0.5241 -0.5066 0.6846
vn -0.2900 -0.5682 0.7701
vn -0.3013 -0.4773 0.8255
vn -0.8922 -0.2273 0.3902
vn -0.8786 -0.3797 0.2897
vn -0.8793 -0.3368 0.3368
vn -0.9620 0.1901 -0.1960
vn -0.8842 -0.2843 0.3706
vn -0.9634 0.1625 -0.2134
vn -0.9659 0.1273 -0.2253
vn -0.9644 0.0999 -0.2449
vn -0.4895 0.4347 -0.7559
vn -0.4878 0.3330 -0.8070
vn 0.2560 0.4830 -0.8373
vn 0.2543 0.3697 -0.8937
vn 0.8618 0.1935 -0.4690
vn 0.2565 0.2505 -0.9335
vn 0.8588 0.1330 -0.4947
vn 0.8541 0.0665 -0.5159
vn 0.9720 -0.0313 0.2328
vn 0.8556 -0.0000 -0.5177
vn 0.2540 -0.0000 -0.9672
vn 0.8524 -0.0704 -0.5181
vn 0.2540 -0.1269 -0.9588
vn 0.2565 -0.2501 -0.9336
vn 0.2540 0.1251 -0.9591
vn -0.4868 0.1134 -0.8661
vn -0.4898 0.2253 -0.8423
vn -0.4875 -0.3347 -0.8064
vn 0.2542 -0.3712 -0.8931
vn 0.2562 -0.4826 -0.8376
vn 0.8576 -0.1974 -0.4749
vn 0.8640 -0.2521 -0.4359
vn 0.9761 0.1097 0.1874
vn 0.8605 -0.3091 -0.4049
vn -0.4891 -0.4363 -0.7553
vn -0.4872 -0.5321 -0.6925
vn -0.9638 -0.1626 -0.2115
vn -0.4887 -0.6179 -0.6159
vn -0.9625 -0.1898 -0.1937
vn -0.9594 -0.2232 -0.1723
vn -0.8788 0.3786 0.2903
vn -0.8814 0.3330 0.3350
vn -0.8841 0.2823 0.3725
vn -0.9657 -0.1293 -0.2252
vn -0.0000 0.1220 0.9925
vn -0.0000 -0.8666 0.4991
vn -0.0000 0.8655 -0.5008
vn -0.0000 0.8656 -0.5008
vn -0.0000 0.2583 -0.9661
vn -0.0000 0.2582 -0.9661
vn -0.0000 -0.8656 -0.5007
vn -0.0000 -0.8656 -0.5008
vn -0.8595 0.5111 -0.0000
vn -0.9660 0.2584 -0.0000
vn -1.0000 0.0023 -0.0000
vn -0.8669 -0.4985 -0.0000
vn -0.5014 -0.8652 -0.0000
vn -0.2582 -0.9661 -0.0000
vn 0.9661 0.2583 -0.0000
vn 1.0000 0.0017 -0.0000
vn 0.7080 0.7062 -0.0000
vn 0.7082 0.7060 -0.0000
vn 0.5208 0.8537 -0.0000
vn 0.2606 0.9654 -0.0000
vn -0.2586 0.9660 -0.0000
vn -0.5195 0.8545 -0.0000
vn -0.5193 0.8546 -0.0000
vn 0.5030 -0.8643 -0.0000
vn 0.8673 -0.4978 -0.0000
vn 0.8684 -0.4959 -0.0000
vn 0.8682 -0.4961 -0.0000
vn 0.6450 -0.7642 -0.0000
vn 0.6451 -0.7641 -0.0000
vn 0.3456 -0.9384 -0.0000
vn 0.3457 -0.9384 -0.0000
vn 0.0044 -1.0000 -0.0000
vn 0.0046 -1.0000 -0.0000
vn -0.3368 -0.9416 -0.0000
vn -0.6385 -0.7696 -0.0000
vn -0.6385 -0.7697 -0.0000
vn -0.8631 -0.5050 -0.0000
vn -0.9846 -0.1747 -0.0000
vn -0.9846 -0.1746 -0.0000
vn -0.9850 0.1723 -0.0020
vn -0.9850 0.1724 -0.0019
vn -0.8641 0.5033 -0.0000
vn -0.6393 0.7689 -0.0000
vn -0.6391 0.7691 -0.0000
vn -0.3371 0.9415 -0.0000
vn -0.3372 0.9414 -0.0000
vn 0.0039 1.0000 -0.0000
vn 0.0038 1.0000 -0.0000
vn 0.3467 0.9380 -0.0000
vn 0.3465 0.9381 -0.0000
vn 0.6464 0.7630 -0.0000
vn 0.6462 0.7631 -0.0000
vn 0.8687 0.4953 -0.0000
vn 0.9416 0.3367 -0.0000
vn 0.9978 -0.0528 0.0391
vn 0.9959 -0.0724 0.0548
vn 0.9855 -0.1369 0.0997
vn 0.9867 -0.1328 0.0938
vn 0.9927 -0.1114 0.0468
vn 0.9925 -0.1133 0.0468
vn 0.9929 -0.1153 0.0295
vn 0.9930 -0.1153 0.0274
vn 0.9983 -0.0577 0.0078
vn 0.9986 -0.0527 0.0077
vn -0.9955 0.0098 -0.0940
vn -0.9869 0.0783 -0.1410
vn -0.9909 0.0920 -0.0979
vn -0.8588 0.5123 -0.0000
vn -0.9660 0.2587 -0.0000
vn -0.9999 0.0157 -0.0000
vn -0.9995 -0.0313 -0.0000
vn -0.9987 0.0509 -0.0059
vn -0.9991 0.0411 -0.0059
vn -0.9917 0.1254 -0.0294
vn -0.9916 0.1254 -0.0314
vn -0.9920 0.1137 -0.0549
vn -0.9921 0.1118 -0.0569
vn -0.9885 0.1018 -0.1116
vn -0.9826 0.1057 -0.1528
vn 0.9999 0.0158 -0.0000
vn 0.8596 0.5110 -0.0000
vn 0.5223 0.8528 -0.0000
vn 0.5220 0.8530 -0.0000
vn 0.2621 0.9650 -0.0018
vn 0.2622 0.9650 -0.0018
vn -0.2605 0.9655 -0.0020
vn -0.2604 0.9655 -0.0021
vn -0.5209 0.8536 -0.0000
vn -0.5207 0.8537 -0.0000
vn 1.0000 0.0019 0.0019
vn 0.9961 0.0371 -0.0801
vn 1.0000 -0.0000 0.0019
vn 1.0000 -0.0021 0.0039
vn 0.9951 0.0411 -0.0899
vn 0.9922 0.0802 -0.0959
vn 0.9923 0.0763 -0.0977
vn 0.9895 0.1291 -0.0645
vn 0.9894 0.1310 -0.0626
vn 0.9897 0.1389 -0.0352
vn 0.9901 0.1370 -0.0313
vn 0.9984 0.0567 -0.0078
vn 0.9989 0.0469 -0.0058
vn 0.9995 -0.0313 -0.0000
vn 1.0000 -0.0042 0.0018
vn 1.0000 -0.0020 0.0018
vn 0.0017 -0.8659 -0.5003
vn -0.0000 -0.5007 -0.8656
vn -0.0000 -0.5000 -0.8660
vn -0.0000 0.4990 -0.8666
vn -0.0000 0.8655 -0.5009
vn -0.0000 0.8657 -0.5006
vn -0.0000 0.2583 0.9661
vn -0.0000 0.2580 0.9661
vn -0.0000 -0.5010 0.8654
vn 0.0020 -0.8667 0.4988
vn 0.0020 -0.8667 0.4989
vn 0.5010 0.8655 -0.0000
vn 0.5008 0.8656 -0.0000
vn -0.8660 0.5001 -0.0000
vn -0.8656 -0.5007 -0.0000
vn -0.8656 -0.5008 -0.0000
vn -0.4992 -0.8665 -0.0000
vn 0.8656 -0.5007 -0.0000
vn 0.8658 -0.5004 -0.0000
vn 0.9659 0.2588 -0.0000
vn 0.9660 0.2584 -0.0000
vn -0.5000 0.8661 -0.0000
vn -0.4999 0.8661 -0.0000
vn -0.8654 -0.5010 -0.0000
vn -0.8655 -0.5010 -0.0000
vn 0.8657 -0.5006 -0.0000
vn 1.0000 -0.0018 -0.0000
vn 0.5011 0.8654 -0.0000
vn -0.5702 0.7797 0.2587
vn -0.4934 -0.0646 0.8674
vn -0.7756 0.0216 0.6308
vn -0.4050 -0.8178 0.4089
vn -0.4562 -0.8672 0.1997
vn -0.0020 -0.9950 0.0997
vn -0.0098 -0.9916 0.1290
vn 0.4224 -0.8369 0.3481
vn 0.4774 -0.8588 0.1859
vn 0.6913 -0.7225 -0.0000
vn 0.8225 0.0295 0.5680
vn 0.9998 -0.0175 -0.0000
vn 0.7022 0.7120 -0.0000
vn 0.5986 0.7980 0.0704
vn -0.4038 0.8820 -0.2430
vn -0.5742 0.8172 0.0490
vn -0.4213 0.9033 -0.0803
vn -0.4212 0.9070 -0.0017
vn -0.7012 0.7129 -0.0020
vn 0.4423 0.8963 -0.0313
vn 0.4500 0.8611 -0.2367
vn 0.6068 0.7673 0.2076
vn 0.5479 -0.0705 0.8336
vn -0.6912 -0.7226 -0.0000
vn -0.9997 -0.0255 -0.0019
vn -0.3919 0.8641 -0.3157
vn 0.4347 0.8262 -0.3583
vn -0.9987 -0.0506 -0.0000
vn -0.9987 -0.0513 -0.0000
vn 0.9987 -0.0509 -0.0000
vn 0.9987 -0.0506 -0.0000
vn -0.0000 -0.1215 -0.9926
vn -0.0000 -0.1216 -0.9926
vn -0.0000 0.0922 0.9957
vn -0.5424 0.8401 -0.0000
vn -0.5422 0.8403 -0.0000
vn 0.4564 -0.8898 -0.0000
vn 0.4561 -0.8899 -0.0000
vn 0.4563 -0.8898 -0.0000
vn -0.1039 -0.0600 -0.9928
vn 0.0805 0.0448 0.9957
vn 0.0805 0.0447 0.9957
vn 0.0805 0.0449 0.9957
vn 0.4563 0.8898 -0.0000
vn 0.4565 0.8897 -0.0000
vn 0.4564 0.8898 -0.0000
vn 0.4561 0.8899 -0.0000
vn -0.5416 -0.8406 -0.0000
vn -0.5417 -0.8406 -0.0000
vn -0.1035 0.0584 -0.9929
vn -0.1035 0.0583 -0.9929
vn 0.0799 -0.0461 0.9957
vn 0.0800 -0.0464 0.9957
vn 0.9988 0.0486 -0.0000
vn -0.9988 0.0493 -0.0000
vn -0.9988 0.0491 -0.0000
vn -0.0000 0.1200 -0.9928
vn -0.0000 -0.0939 0.9956
vn -0.0000 -0.0938 0.9956
vn 0.5432 -0.8396 -0.0000
vn -0.4551 0.8905 -0.0000
vn -0.4556 0.8902 -0.0000
vn 0.1057 0.0584 -0.9927
vn 0.1057 0.0585 -0.9927
vn 0.1058 0.0584 -0.9927
vn -0.0782 -0.0472 0.9958
vn -0.0783 -0.0471 0.9958
vn -0.4540 -0.8910 -0.0000
vn -0.4541 -0.8909 -0.0000
vn -0.4542 -0.8909 -0.0000
vn -0.4541 -0.8910 -0.0000
vn 0.5431 0.8396 -0.0000
vn 0.1054 -0.0606 -0.9926
vn 0.1055 -0.0605 -0.9926
vn -0.0782 0.0449 0.9959
vn -0.0782 0.0450 0.9959
vn -0.0000 0.4582 -0.8889
vn 0.0391 0.3913 -0.9195
vn 0.2152 0.1977 -0.9564
vn -0.0000 -0.4597 -0.8881
vn -0.0371 -0.3930 -0.9188
vn -0.2132 -0.1996 -0.9564
vn -0.2738 -0.0000 -0.9618
vn -0.2133 0.1977 -0.9568
vn -0.0372 0.3913 -0.9195
vn -0.0000 0.7811 -0.6244
vn 0.1838 0.6980 -0.6921
vn 0.5378 0.3794 -0.7529
vn 0.2774 -0.0019 -0.9607
vn 0.2151 -0.1995 -0.9560
vn 0.0391 -0.3929 -0.9187
vn -0.0000 -0.7815 -0.6239
vn -0.1816 -0.6992 -0.6914
vn -0.5360 -0.3815 -0.7531
vn -0.6649 -0.0000 -0.7469
vn -0.5364 0.3798 -0.7537
vn -0.1819 0.6982 -0.6924
vn 0.6659 -0.0000 -0.7460
vn 0.5374 -0.3811 -0.7523
vn 0.1835 -0.6990 -0.6912
vn 0.0020 -0.9961 0.0881
vn -0.0000 -0.9657 -0.2597
vn -0.0000 -0.9404 -0.3402
vn 0.0020 0.9655 -0.2605
vn 0.0020 0.9961 0.0882
vn 0.0020 0.9401 -0.3409
vn 0.0020 0.9980 0.0627
vn -0.0000 -0.5010 0.8655
vn 0.0020 -0.9980 0.0626
vn 0.0001 -0.9211 -0.3893
vn -0.0000 -0.5004 -0.8658
vn -0.0000 -0.2597 -0.9657
vn -0.0000 -0.2600 -0.9656
vn 0.0020 0.9208 -0.3900
vn -0.0000 0.4992 -0.8665
vn -0.0000 0.4991 -0.8665
vn -0.0000 0.2584 -0.9660
vn -0.2000 0.1843 0.9623
vn -0.1821 0.6992 0.6914
vn -0.5372 0.3804 0.7528
vn -0.0314 0.3448 0.9381
vn -0.0000 0.7824 0.6228
vn -0.1999 -0.1862 0.9620
vn -0.5368 -0.3820 0.7523
vn -0.1819 -0.7002 0.6904
vn -0.2546 -0.0000 0.9670
vn -0.6658 -0.0020 0.7461
vn -0.0000 0.3333 0.9428
vn 0.0333 0.3447 0.9381
vn 0.1840 0.6989 0.6911
vn 0.2019 0.1842 0.9619
vn 0.5386 0.3800 0.7520
vn 0.2564 -0.0001 0.9666
vn 0.6669 -0.0000 0.7451
vn 0.5382 -0.3816 0.7515
vn 0.2018 -0.1861 0.9616
vn 0.1838 -0.6999 0.6902
vn 0.0333 -0.3465 0.9375
vn -0.0000 -0.7828 0.6223
vn -0.0000 -0.3350 0.9422
vn -0.0313 -0.3465 0.9375
vn 0.2763 0.4762 0.8348
vn 0.0393 0.0825 0.9958
vn 0.2292 0.5014 0.8343
vn 0.0922 -0.0098 0.9957
vn 0.5498 -0.0548 0.8335
vn 0.5506 -0.0018 0.8348
vn 0.3208 -0.4500 0.8334
vn -0.0530 -0.0765 0.9957
vn -0.3191 -0.4503 0.8339
vn -0.2742 -0.4780 0.8345
vn 0.5499 0.0528 0.8336
vn 0.0393 -0.0843 0.9957
vn 0.2289 -0.5028 0.8335
vn 0.2760 -0.4776 0.8341
vn 0.0334 0.0550 0.9979
vn -0.0334 -0.0000 0.9994
vn 0.0354 -0.0000 0.9994
vn 0.0922 0.0079 0.9957
vn 0.0334 -0.0569 0.9978
vn 0.0549 -0.0765 0.9956
vn -0.0314 -0.0569 0.9979
vn -0.0373 -0.0844 0.9957
vn -0.2271 -0.5031 0.8339
vn -0.0903 0.0078 0.9959
vn -0.5485 0.0529 0.8345
vn -0.5499 -0.0000 0.8352
vn -0.0903 -0.0098 0.9959
vn -0.0314 0.0549 0.9980
vn -0.0530 0.0746 0.9958
vn 0.0550 0.0746 0.9957
vn -0.5484 -0.0548 0.8344
vn -0.0373 0.0825 0.9959
vn -0.2749 0.4762 0.8352
vn -0.3194 0.4487 0.8347
vn 0.3211 0.4484 0.8342
vn -0.2273 0.5016 0.8347
vn 0.0022 0.0020 1.0000
vn 0.0020 0.2567 0.9665
vn 0.0021 0.0019 1.0000
vn 0.0020 0.0019 1.0000
vn -0.0000 0.0038 1.0000
vn -0.0005 0.2567 0.9665
vn -0.0000 0.3094 0.9509
vn -0.0000 0.3091 0.9510
vn 0.0019 0.4410 0.8975
vn 0.0019 0.4425 0.8968
vn 0.0020 0.6882 0.7255
vn 0.0020 0.6912 0.7226
vn 0.0022 0.7724 0.6352
vn 0.0021 0.7723 0.6352
vn -0.0000 0.0020 1.0000
vn 0.0001 0.0019 1.0000
vn -0.0000 0.0019 1.0000
vn 0.0020 -0.1349 -0.9909
vn 0.0020 -0.1348 -0.9909
vn 0.0020 -0.2993 -0.9542
vn 0.0019 -0.3009 -0.9536
vn -0.0000 -0.5722 -0.8201
vn -0.0000 -0.5744 -0.8186
vn -0.0000 -0.8030 -0.5959
vn -0.0000 -0.8040 -0.5947
vn -0.0000 -0.8800 -0.4751
vn -0.0000 -0.9187 -0.3949
vn -0.0000 -0.9871 -0.1603
vn -0.0000 -0.9870 -0.1607
vn -0.0000 -0.9985 0.0546
vn -0.0000 -0.9985 0.0547
vn -0.0000 -0.8964 -0.4432
vn -0.0002 -0.9883 -0.1524
vn -0.0000 -0.8901 -0.4558
vn -0.0000 -0.9017 -0.4323
vn -0.0000 -0.5008 0.8656
vn -0.0001 0.9013 -0.4331
vn -0.0000 0.8897 -0.4566
vn -0.0000 0.1743 0.9847
vn -0.0000 0.1686 0.9857
vn 0.0001 0.3962 0.9182
vn -0.0003 0.4017 0.9158
vn -0.0000 0.4798 0.8774
vn -0.0000 0.4921 0.8705
vn -0.0000 0.7837 0.6211
vn -0.0000 0.8213 0.5704
vn 0.0004 0.9070 0.4211
vn -0.0000 0.9070 0.4211
vn -0.2618 -0.9651 0.0039
vn -0.5015 -0.8652 -0.0000
vn -0.6417 -0.7669 -0.0000
vn -0.9477 -0.3191 -0.0000
vn -0.9516 -0.3074 -0.0000
vn -0.9937 -0.1120 -0.0000
vn 0.9938 -0.1114 -0.0000
vn 0.9518 -0.3068 -0.0000
vn 0.9479 -0.3186 -0.0000
vn 0.8673 -0.4977 -0.0000
vn 0.6429 -0.7660 -0.0000
vn 0.7073 -0.7069 -0.0000
vn 0.5028 -0.8644 -0.0000
vn 0.2636 -0.9646 0.0039
vn -0.0000 -1.0000 0.0099
vn -0.2642 -0.9645 0.0059
vn -0.5932 -0.8050 -0.0000
vn -0.0000 -0.9999 0.0137
vn 0.2658 -0.9640 0.0059
vn 0.5949 -0.8038 -0.0000
vn -0.8669 -0.4985 -0.0001
vn -0.5015 -0.8652 0.0001
vn -0.2622 -0.9648 -0.0195
vn -0.0059 -0.9981 -0.0606
vn 0.2618 -0.9631 -0.0625
vn 0.2659 -0.9620 -0.0626
vn 0.5078 -0.8612 -0.0215
vn 0.7070 -0.7072 -0.0021
vn 0.8672 -0.4980 -0.0000
vn 0.9938 -0.1115 -0.0019
vn -0.9477 -0.3192 -0.0000
vn -0.8669 -0.4986 -0.0001
vn 1.0000 -0.0000 -0.0019
vn -0.0000 -0.8665 0.4992
vn -0.0000 0.0001 1.0000
vn -0.0000 0.4999 0.8661
vn -0.0000 -0.5001 -0.8660
vn -0.0000 -0.8657 -0.5006
vn -0.0000 -0.8658 -0.5004
vn -0.0000 0.9395 -0.3424
vn -0.0000 0.7659 -0.6430
vn -0.0000 0.7659 -0.6429
vn -0.0000 0.9395 -0.3425
vn -0.0000 0.9393 0.3432
vn -0.0000 0.4995 0.8663
vn -0.0000 -0.1740 0.9847
vn -0.0000 -0.1738 0.9848
vn -0.0000 -0.7668 0.6419
vn -0.0000 -0.7668 -0.6418
vn -0.0001 -0.7669 -0.6418
vn -0.0000 -0.1742 -0.9847
vn -0.0000 -0.1743 -0.9847
vn -0.0000 0.1722 -0.9851
vn -0.0000 -0.5959 -0.8031
vn -0.0000 -0.2965 -0.9550
vn -0.0000 -0.5960 -0.8030
vn -0.0000 -0.9848 -0.1740
vn -0.0000 -0.9848 -0.1739
vn -0.0000 -0.9851 0.1720
vn -0.0000 -0.5969 0.8023
vn 0.0020 0.5956 0.8032
vn 0.0020 0.5956 0.8033
vn 0.0020 0.9850 0.1724
vn 0.0020 0.9847 -0.1742
vn 0.0020 0.5947 -0.8040
vn 0.0019 0.2951 -0.9555
vn 0.5217 -0.3420 -0.7816
vn 0.5080 -0.2483 -0.8248
vn -0.2656 -0.2754 -0.9239
vn -0.2620 -0.1270 -0.9567
vn -0.8791 -0.1312 -0.4581
vn -0.8794 -0.0627 -0.4720
vn -0.9625 0.0745 0.2608
vn -0.9594 0.0352 0.2799
vn -0.4899 0.2372 0.8389
vn -0.4862 0.1137 0.8664
vn 0.2548 0.2626 0.9307
vn -0.4900 0.3332 0.8055
vn 0.2547 0.3703 0.8933
vn -0.4900 0.4293 0.7586
vn 0.2548 0.4765 0.8414
vn -0.4883 0.5314 0.6922
vn 0.2547 0.5877 0.7679
vn 0.2566 0.6837 0.6832
vn 0.8629 0.3073 0.4012
vn 0.8597 0.3603 0.3621
vn -0.9648 0.1000 0.2432
vn -0.9659 0.1274 0.2253
vn -0.8920 -0.2230 -0.3932
vn -0.3011 -0.4712 -0.8290
vn -0.2892 -0.3830 -0.8773
vn -0.8819 -0.1838 -0.4341
vn -0.9649 0.1608 0.2078
vn -0.4921 0.6156 0.6156
vn -0.4884 0.6922 0.5314
vn -0.9569 0.2843 0.0588
vn -0.8995 -0.4330 -0.0588
vn -0.8825 -0.4539 -0.1233
vn -0.8768 -0.4443 -0.1840
vn -0.9619 0.2527 0.1038
vn -0.9620 0.2351 0.1391
vn -0.4883 0.7552 0.4374
vn -0.9597 0.2234 0.1704
vn -0.9636 0.1881 0.1899
vn -0.8829 -0.2839 -0.3739
vn -0.2834 -0.5688 -0.7721
vn 0.5314 -0.4182 -0.7367
vn 0.5238 -0.8464 -0.0958
vn 0.5097 -0.8341 -0.2109
vn -0.2639 -0.9347 -0.2382
vn -0.2641 -0.8910 -0.3693
vn -0.8738 -0.4213 -0.2430
vn -0.8781 -0.3794 -0.2914
vn -0.8809 -0.3327 -0.3367
vn -0.2620 -0.6726 -0.6921
vn 0.5173 -0.5075 -0.6891
vn 0.5158 -0.7913 -0.3283
vn 0.5098 -0.7441 -0.4317
vn -0.2600 -0.8349 -0.4851
vn -0.2616 -0.7655 -0.5878
vn 0.5057 -0.5991 -0.6207
vn 0.5116 -0.6815 -0.5233
vn 0.5188 0.8418 0.1488
vn -0.0882 0.9896 0.1137
vn 0.5558 0.8258 0.0959
vn 0.5089 0.7419 0.4365
vn -0.2627 0.8918 0.3685
vn 0.5192 0.7895 0.3272
vn -0.2588 0.9508 0.1706
vn -0.8246 0.5622 0.0627
vn -0.8812 0.4641 0.0900
vn -0.9392 -0.3405 -0.0450
vn -0.9558 -0.2879 -0.0588
vn -0.4614 -0.8700 -0.1740
vn -0.9588 -0.2622 -0.1096
vn -0.4852 -0.8079 -0.3345
vn -0.8798 0.4390 0.1823
vn -0.4871 -0.6925 -0.5321
vn 0.2556 -0.8334 -0.4899
vn -0.4893 -0.7516 -0.4424
vn -0.9608 -0.2387 -0.1409
vn -0.8749 0.4178 0.2452
vn -0.2605 0.8322 0.4895
vn -0.2616 0.7654 0.5880
vn 0.5128 0.6811 0.5226
vn -0.2628 0.6743 0.6901
vn 0.5048 0.6005 0.6202
vn 0.5171 0.5073 0.6894
vn -0.2842 0.5683 0.7722
vn 0.2538 -0.5881 -0.7679
vn 0.2540 -0.6839 -0.6839
vn 0.9762 0.2152 0.0254
vn 0.5189 0.8418 0.1488
vn 0.2659 -0.9463 -0.1838
vn 0.2541 -0.8931 -0.3712
vn 0.8515 -0.4843 -0.2011
vn 0.8498 -0.5177 -0.0996
vn 0.9730 0.2134 0.0881
vn 0.9745 0.2211 0.0391
vn 0.5193 0.7895 0.3272
vn 0.8441 -0.5316 -0.0704
vn 0.4085 -0.9050 -0.1192
vn -0.2914 -0.9484 -0.1251
vn 0.8578 -0.3634 -0.3634
vn 0.8561 -0.4456 -0.2619
vn 0.9722 0.1858 0.1428
vn 0.9707 0.2074 0.1213
vn 0.8530 -0.4138 -0.3181
vn 0.2538 -0.7680 -0.5880
vn 0.9724 0.1409 0.1859
vn 0.9729 0.1605 0.1664
vn 0.5129 0.6811 0.5226
vn 0.5091 0.7418 0.4365
vn 0.5112 -0.0020 0.8595
vn 0.9706 -0.0020 0.2406
vn 0.9721 0.0293 0.2328
vn 0.9722 0.0646 0.2250
vn 0.5113 0.2351 0.8266
vn 0.9729 0.0899 0.2130
vn 0.5251 0.3409 0.7798
vn 0.5303 0.4247 0.7338
vn 0.5172 0.5073 0.6894
vn 0.5048 0.6005 0.6201
vn 0.8563 -0.1349 -0.4985
vn 0.9728 -0.1409 0.1840
vn 0.9720 -0.1643 0.1682
vn 0.5104 -0.6002 0.6159
vn 0.5242 -0.5065 0.6845
vn 0.9755 -0.1115 0.1897
vn 0.5186 -0.3443 0.7826
vn 0.9721 -0.0939 0.2151
vn 0.5064 -0.2385 0.8287
vn 0.9726 -0.0664 0.2226
vn 0.8644 0.2503 -0.4361
vn 0.8582 0.3109 -0.4086
vn 0.8567 0.3638 -0.3657
vn 0.9718 -0.1877 0.1427
vn 0.8548 0.4792 -0.1995
vn 0.2528 0.8931 -0.3720
vn 0.2623 0.9319 -0.2506
vn 0.2543 0.8376 -0.4834
vn 0.8557 0.4474 -0.2599
vn 0.8525 0.4144 -0.3186
vn 0.2545 0.6829 -0.6847
vn 0.2543 0.5869 -0.7687
vn -0.4877 0.5307 -0.6932
vn -0.4894 0.6167 -0.6167
vn -0.9591 0.2232 -0.1742
vn -0.4877 0.6915 -0.5329
vn 0.2546 0.7672 -0.5887
vn -0.4883 -0.3352 0.8057
vn 0.2544 -0.3721 0.8926
vn 0.2545 -0.2507 0.9340
vn -0.4898 -0.2252 0.8422
vn -0.9646 -0.1020 0.2431
vn -0.9633 -0.0724 0.2584
vn -0.8833 0.1802 -0.4328
vn -0.8804 0.1233 -0.4579
vn -0.8774 0.0607 -0.4759
vn -0.9598 -0.0372 0.2781
vn -0.4875 -0.1155 0.8654
vn 0.2543 -0.1272 0.9587
vn 0.8539 -0.0684 0.5159
vn 0.2546 -0.0078 0.9670
vn -0.4898 -0.0078 0.8718
vn -0.9617 -0.0039 0.2742
vn -0.8744 0.0020 -0.4851
vn -0.2621 0.1253 -0.9569
vn -0.2623 0.2603 -0.9292
vn -0.2838 0.3836 -0.8788
vn -0.8912 0.2253 -0.3937
vn 0.5139 -0.1133 -0.8503
vn 0.5078 0.0059 -0.8615
vn -0.2599 0.0078 -0.9656
vn -0.3010 0.4750 -0.8269
vn -0.2643 0.7652 -0.5871
vn -0.8792 0.3349 -0.3388
vn -0.2654 0.6735 -0.6899
vn -0.8850 0.2800 -0.3720
vn -0.2899 0.5661 -0.7717
vn 0.5301 0.4224 -0.7353
vn 0.5158 0.3419 -0.7855
vn 0.5042 0.2365 -0.8305
vn 0.5119 0.1113 -0.8518
vn 0.5240 0.5044 -0.6863
vn 0.5108 0.5970 -0.6185
vn 0.5102 0.7448 -0.4301
vn -0.2603 0.8358 -0.4835
vn 0.5164 0.6787 -0.5222
vn 0.5144 0.7921 -0.3286
vn -0.2606 0.8916 -0.3703
vn -0.8745 0.4197 -0.2432
vn -0.8793 0.3779 -0.2898
vn -0.9624 -0.1922 0.1921
vn -0.9635 -0.1645 0.2115
vn -0.9663 -0.1313 0.2214
vn -0.4900 -0.4369 0.7543
vn 0.2564 -0.4854 0.8359
vn 0.8617 -0.1958 0.4681
vn -0.8772 0.4425 -0.1860
vn -0.9314 -0.3286 0.1565
vn -0.9108 -0.3819 0.1567
vn -0.9320 -0.3485 0.0999
vn -0.8799 0.4664 -0.0902
vn -0.2606 0.9503 -0.1704
vn -0.4901 -0.6173 0.6154
vn -0.4877 -0.5328 0.6915
vn -0.9590 -0.2250 0.1722
vn -0.4875 -0.7852 0.3818
vn -0.4678 -0.8515 0.2369
vn -0.9413 -0.3347 0.0431
vn -0.8150 0.5760 -0.0627
vn -0.0881 0.9901 -0.1096
vn 0.4814 0.8708 -0.0998
vn 0.5186 0.8416 -0.1507
vn -0.2873 -0.9499 0.1231
vn 0.1350 -0.8799 0.4556
vn 0.0587 -0.9226 0.3812
vn 0.8526 -0.4830 0.1995
vn 0.1722 -0.9571 0.2329
vn 0.8483 -0.5200 0.0997
vn 0.3965 -0.9103 0.1192
vn 0.8442 -0.5316 0.0684
vn 0.9758 0.2171 -0.0274
vn 0.9743 0.2211 -0.0430
vn 0.9718 0.2170 -0.0919
vn 0.8555 -0.4492 0.2578
vn 0.8530 -0.4147 0.3169
vn 0.2543 -0.7687 0.5869
vn 0.2563 -0.6843 0.6827
vn -0.4876 -0.6932 0.5307
vn 0.2544 -0.5890 0.7670
vn 0.5187 0.8416 -0.1507
vn 0.5145 0.7921 -0.3286
vn 0.9703 0.2094 -0.1213
vn 0.9722 0.1858 -0.1427
vn 0.8567 -0.3657 0.3638
vn 0.8590 -0.3131 0.4050
vn 0.9728 0.1387 -0.1856
vn 0.5109 0.5970 -0.6185
vn 0.5241 0.5044 -0.6862
vn 0.9720 0.1623 -0.1702
vn 0.5103 0.7447 -0.4301
vn 0.9755 0.1075 -0.1917
vn 0.5301 0.4224 -0.7352
vn 0.8647 -0.2524 0.4344
vn 0.9722 0.0646 -0.2250
vn 0.5044 0.2365 -0.8305
vn 0.5120 0.1113 -0.8517
vn 0.9720 0.0900 -0.2171
vn 0.5159 0.3419 -0.7855
vn 0.8588 -0.1330 0.4948
vn 0.9716 0.0293 -0.2346
vn 0.9701 -0.0000 -0.2426
vn 0.5079 0.0059 -0.8614
vn 0.5140 -0.1133 -0.8503
vn 0.8573 -0.0059 0.5148
vn 0.9720 -0.0313 -0.2328
vn 0.9720 -0.0685 -0.2249
vn 0.5081 -0.2483 -0.8247
vn 0.9716 -0.0938 -0.2170
vn 0.5218 -0.3419 -0.7816
vn 0.9759 -0.1076 -0.1897
vn 0.5174 -0.5075 -0.6890
vn 0.9721 -0.1408 -0.1878
vn 0.5058 -0.5991 -0.6207
vn 0.9724 -0.1621 -0.1679
vn 0.8602 0.1955 0.4711
vn 0.8575 0.1390 0.4953
vn 0.8527 0.0665 0.5182
vn 0.8640 0.2483 0.4380
vn 0.2544 0.1251 0.9590
vn 0.9715 -0.1877 -0.1447
vn 0.8542 0.4124 0.3166
vn 0.5297 -0.8482 -0.0000
vn -0.2838 -0.9530 -0.1057
vn 0.2545 0.8376 0.4834
vn 0.2547 0.7679 0.5877
vn 0.8562 0.4477 0.2580
vn 0.2524 0.8942 0.3698
vn -0.4877 0.8070 0.3330
vn -0.4978 0.8406 0.2135
vn -0.9338 0.3570 0.0235
vn -0.9149 -0.4036 -0.0020
vn -0.2932 -0.9561 -0.0000
vn -0.2778 -0.9550 0.1038
vn 0.5180 -0.8502 0.0938
vn 0.5121 -0.7937 0.3284
vn 0.5070 -0.8366 0.2074
vn -0.2599 -0.9367 0.2346
vn -0.8988 -0.4347 0.0568
vn -0.8847 -0.4502 0.1213
vn -0.9576 0.2820 -0.0587
vn -0.9346 0.3547 -0.0255
vn -0.9209 0.3899 -0.0020
vn -0.5052 0.8577 0.0959
vn 0.2605 0.9324 0.2507
vn 0.8535 0.4814 0.1996
vn -0.4999 0.8393 -0.2138
vn 0.2800 0.9515 0.1273
vn -0.5110 0.8596 -0.0019
vn -0.5051 0.8575 -0.0979
vn 0.5099 -0.7441 -0.4316
vn 0.9703 -0.2094 -0.1213
vn 0.5159 -0.7913 -0.3282
vn 0.9714 -0.2190 -0.0919
vn 0.9718 -0.2288 -0.0567
vn 0.8574 0.4971 0.1331
vn 0.8586 0.5086 0.0646
vn 0.2956 0.9553 -0.0000
vn 0.2817 0.9508 -0.1291
vn 0.5122 -0.7936 0.3284
vn 0.9725 -0.2265 0.0547
vn 0.9717 -0.2346 0.0274
vn 0.5181 -0.8502 0.0938
vn 0.8597 0.4933 -0.1329
vn 0.9716 -0.2190 0.0899
vn 0.9701 -0.2112 0.1193
vn 0.5100 -0.7463 0.4278
vn 0.5163 -0.6804 0.5201
vn 0.8645 0.5027 -0.0020
vn 0.9725 -0.2309 -0.0293
vn 0.9753 -0.2209 -0.0020
vn 0.8621 0.5023 -0.0665
vn 0.5098 -0.8340 -0.2109
vn 0.5239 -0.8464 -0.0958
vn -0.1975 -0.9208 0.3363
vn -0.7778 -0.3428 0.5268
vn -0.5198 -0.3766 0.7668
vn -0.2782 0.6093 0.7425
vn 0.4599 0.6029 0.6519
vn 0.6617 0.5874 0.4659
vn 0.5325 0.6972 0.4798
vn 0.6051 0.5621 0.5639
vn 0.4031 0.7771 0.4834
vn 0.0003 0.9661 0.2582
vn -0.0002 0.8660 0.5000
vn 0.0001 0.3606 0.9327
vn 0.0020 -0.2742 0.9617
vn -0.0196 -0.9998 -0.0059
vn 0.0020 -0.7862 -0.6180
vn 0.0020 -0.7879 0.6158
vn -0.1135 -0.9220 0.3701
vn -0.0235 -0.9997 -0.0117
vn -0.2502 -0.9087 -0.3342
vn -0.1233 -0.9292 -0.3483
vn -0.6126 -0.3659 -0.7006
vn 0.0019 -0.2832 -0.9591
vn 0.1057 0.6753 -0.7299
vn -0.0000 0.3582 -0.9336
vn -0.0000 0.8688 -0.4952
vn 0.3072 0.8220 -0.4795
vn -0.0001 0.9655 -0.2604
vn 0.2917 0.8908 -0.3485
vn 0.4074 0.8031 -0.4348
vn 0.4050 0.8335 -0.3758
vn -0.6525 0.4760 -0.5897
vn -0.8434 -0.2935 -0.4500
vn -0.0000 -0.8666 0.4989
vn -0.0000 -0.5007 0.8656
vn -0.0000 0.4989 -0.8667
vn -0.0000 -0.5011 0.8654
vn -0.0000 0.5001 0.8660
vn -0.0000 0.8655 -0.5010
vn -0.0000 0.4989 -0.8666
vn -0.0000 0.4991 -0.8666
vn -0.0000 -0.8658 -0.5003
vn 1.0000 0.0001 0.0001
vn 1.0000 -0.0001 -0.0000
vn -1.0000 -0.0001 0.0002
vn -1.0000 -0.0001 0.0001
vn -1.0000 -0.0002 0.0001
vn 0.8938 0.2230 0.3892
vn 0.9519 0.1523 0.2657
vn 0.8109 0.2918 0.5073
vn 0.7182 0.3483 0.6024
vn 0.7178 0.3482 0.6030
vn 0.6317 0.3876 0.6713
vn -0.0000 -0.8585 0.5129
vn -0.0000 -0.8586 0.5126
vn -0.0000 -0.8586 0.5127
vn -0.0000 -0.8491 0.5283
vn -0.0000 -0.8314 0.5556
vn -0.0000 -0.8081 0.5891
vn -0.0000 -0.5005 -0.8658
vn -0.0000 -0.8665 0.4991
vn 0.0001 -0.8656 -0.5007
vn 0.9976 0.0685 0.0059
vn 0.6244 0.7811 -0.0000
vn 0.6924 0.6982 0.1819
vn 0.9971 -0.0019 -0.0764
vn 0.9975 -0.0705 -0.0078
vn 0.9972 -0.0509 -0.0549
vn 0.9973 0.0489 -0.0549
vn 0.9976 0.0686 -0.0078
vn 0.9978 -0.0666 -0.0000
vn 0.9979 0.0647 -0.0000
vn 0.6921 0.6980 -0.1838
vn 0.7529 0.3794 -0.5378
vn 0.7460 -0.0000 -0.6659
vn 0.7523 -0.3811 -0.5374
vn 0.6914 -0.6993 -0.1816
vn 0.6238 -0.7815 -0.0000
vn 0.9975 -0.0705 0.0059
vn 0.9974 0.0490 0.0529
vn 0.7537 0.3798 0.5364
vn 0.9972 -0.0020 0.0744
vn 0.7470 -0.0000 0.6649
vn 0.7531 -0.3815 0.5360
vn 0.9973 -0.0509 0.0529
vn 0.6914 -0.6992 0.1817
vn -0.0000 0.7682 -0.6402
vn -0.0000 0.6438 -0.7652
vn -0.0000 0.7682 -0.6403
vn -0.0000 0.9406 -0.3395
vn -0.0000 0.9405 -0.3397
vn -0.0000 1.0000 0.0019
vn -0.0000 0.9385 0.3452
vn -0.0000 0.9386 0.3451
vn -0.0000 0.7644 0.6448
vn -0.0000 0.7643 0.6448
vn -0.0000 0.4964 0.8681
vn -0.0000 0.4967 0.8679
vn -0.0000 0.1718 0.9851
vn -0.0000 -0.1741 0.9847
vn -0.0000 -0.4973 0.8676
vn -0.0000 -0.4971 0.8677
vn -0.0000 -0.7652 0.6438
vn -0.0000 -0.9389 0.3442
vn -0.0000 -1.0000 0.0019
vn -0.0000 -1.0000 0.0020
vn -0.0000 -0.9410 -0.3384
vn -0.0000 -0.7685 -0.6399
vn -0.0000 -0.7685 -0.6398
vn -0.0000 -0.5041 -0.8636
vn -0.0000 -0.1739 -0.9848
vn -0.0000 -0.1741 -0.9847
vn -0.0000 0.1721 -0.9851
vn -0.0000 0.3441 -0.9389
vn -0.0000 0.3442 -0.9389
vn -0.0000 0.8732 -0.4874
vn -0.0000 0.8815 -0.4721
vn -0.0000 0.8967 -0.4425
vn -0.0000 0.9136 -0.4066
vn -0.0000 0.9136 -0.4067
vn -0.9974 0.0491 0.0530
vn -0.9976 0.0687 0.0059
vn -0.9972 -0.0000 0.0746
vn -0.9973 -0.0510 0.0530
vn -0.9975 -0.0706 0.0059
vn -0.9979 0.0648 -0.0000
vn -0.9978 -0.0667 -0.0000
vn -0.9975 -0.0707 -0.0078
vn -0.6223 -0.7828 -0.0000
vn -0.6904 -0.7002 -0.1819
vn -0.9971 -0.0000 -0.0765
vn -0.7515 -0.3816 -0.5382
vn -0.9972 -0.0510 -0.0549
vn -0.9976 0.0687 -0.0078
vn -0.6232 0.7821 -0.0000
vn -0.6913 0.6992 0.1821
vn -0.7528 0.3804 0.5372
vn -0.7461 -0.0000 0.6658
vn -0.7523 -0.3820 0.5368
vn -0.6907 -0.7004 0.1800
vn -0.6911 0.6989 -0.1840
vn -0.9973 0.0491 -0.0550
vn -0.7520 0.3800 -0.5386
vn -0.7451 -0.0000 -0.6669
vn -0.8353 -0.0000 -0.5498
vn -0.9957 -0.0098 -0.0922
vn -0.8335 -0.0548 -0.5498
vn -0.8344 -0.4781 0.2742
vn -0.9957 -0.0765 0.0530
vn -0.8339 -0.4503 0.3191
vn -0.8341 -0.4776 -0.2760
vn -0.9957 -0.0844 -0.0393
vn -0.8335 -0.5028 -0.2289
vn -0.9992 0.0353 -0.0191
vn -0.9958 0.0824 -0.0393
vn -0.9994 -0.0000 -0.0354
vn -0.9957 0.0078 -0.0922
vn -0.8336 0.0528 -0.5499
vn -0.9978 -0.0569 -0.0334
vn -0.9956 -0.0765 -0.0549
vn -0.8334 -0.4500 -0.3209
vn -0.9979 -0.0570 0.0314
vn -0.9957 -0.0844 0.0373
vn -0.8339 -0.5031 0.2270
vn -0.8345 0.0529 0.5485
vn -0.9958 0.0746 0.0530
vn -0.8353 0.4762 0.2749
vn -0.8347 0.4487 0.3194
vn -0.8342 0.4484 -0.3211
vn -0.9957 0.0746 -0.0549
vn -0.8348 0.4762 -0.2764
vn -0.9959 0.0824 0.0374
vn -0.9994 -0.0000 0.0334
vn -0.9959 -0.0098 0.0903
vn -0.9980 0.0550 0.0314
vn -0.9959 0.0078 0.0903
vn -0.8356 -0.0000 0.5493
vn -0.8344 -0.0548 0.5484
vn -0.8347 0.5016 0.2273
vn -0.8343 0.5014 -0.2291
vn -0.0000 0.2580 0.9662
vn -0.0000 0.2582 0.9661
vn -0.0001 0.8660 0.5000
vn -0.0000 0.9961 0.0882
vn -0.0000 0.9720 -0.2350
vn -0.0000 0.8229 -0.5682
vn -0.0000 -0.9961 0.0880
vn -0.0000 -0.9721 -0.2346
vn -0.0000 -0.8227 -0.5685
vn -0.0000 -0.0019 -1.0000
vn -0.0000 -0.8226 -0.5686
vn 0.0019 -0.8667 0.4989
vn -0.0000 -0.5012 0.8653
vn -0.0000 0.2579 0.9662
vn -0.0000 0.2581 0.9661
vn -0.0001 0.9961 0.0882
vn -1.0000 -0.0021 -0.0000
vn -0.6882 -0.0000 0.7255
vn 0.6892 -0.0000 0.7245
vn 0.6893 -0.0000 0.7245
vn 0.7940 -0.0000 0.6079
vn 0.7938 -0.0000 0.6082
vn 0.3309 -0.0000 0.9437
vn 0.3310 -0.0000 0.9436
vn -0.3292 -0.0000 0.9443
vn -0.7929 -0.0000 0.6093
vn -0.7931 -0.0000 0.6090
vn 0.8040 0.5947 -0.0000
vn 0.9554 0.2954 -0.0000
vn 0.9554 0.2952 -0.0000
vn 0.8039 0.5947 -0.0000
vn 0.1742 0.9847 -0.0000
vn -0.1723 0.9850 -0.0000
vn -0.8033 0.5956 -0.0000
vn -0.8023 -0.5969 -0.0000
vn -0.8024 -0.5969 -0.0000
vn -0.1720 -0.9851 -0.0000
vn 0.1739 -0.9848 0.0001
vn 0.1739 -0.9848 -0.0000
vn 0.8030 -0.5959 -0.0000
vn 0.8030 -0.5960 -0.0000
vn 0.9550 -0.2965 -0.0000
vn 0.0960 0.7700 0.6308
vn 0.1115 0.9646 -0.2388
vn 0.2587 0.9659 -0.0098
vn 0.5834 0.3348 0.7400
vn -0.0294 -0.0313 0.9991
vn 0.4838 0.4759 0.7345
vn 0.3467 0.5955 0.7247
vn -0.0215 -0.0392 0.9990
vn 0.1882 0.6665 0.7214
vn -0.0117 -0.0450 0.9989
vn -0.0039 -0.0431 0.9991
vn 0.7140 0.7002 0.0001
vn 0.9642 0.2651 -0.0001
vn 0.0803 0.6677 -0.7401
vn 0.2586 0.9659 -0.0099
vn 0.7139 0.7002 -0.0000
vn 0.4831 0.4753 -0.7354
vn 0.5825 0.3343 -0.7409
vn 0.3462 0.5946 -0.7257
vn 0.5009 0.8655 -0.0001
vn 0.1721 0.6553 -0.7355
vn -0.0098 -0.0429 -0.9990
vn -0.0058 -0.0447 -0.9990
vn -0.1857 -0.6996 -0.6899
vn -0.0938 -0.7213 -0.6862
vn -0.2623 -0.9649 -0.0157
vn -0.1250 -0.9650 -0.2305
vn -0.1056 -0.8139 0.5713
vn -0.1977 -0.7086 0.6773
vn -0.3620 -0.6281 0.6888
vn -0.0410 -0.0117 -0.9991
vn 0.6884 -0.0000 -0.7254
vn 0.6546 0.1778 -0.7348
vn -0.0431 -0.0000 -0.9991
vn -0.0410 0.0098 -0.9991
vn -0.6986 0.1859 -0.6909
vn -0.0371 0.0215 -0.9991
vn 0.5822 -0.3360 -0.7404
vn 0.6544 -0.1797 -0.7344
vn 1.0000 -0.0020 -0.0001
vn -0.0370 -0.0235 -0.9990
vn -0.6984 -0.1878 -0.6907
vn -0.7235 -0.0000 -0.6903
vn -0.6260 0.3619 -0.6907
vn 0.9635 -0.2677 -0.0000
vn 0.8657 -0.5006 0.0001
vn 0.7129 -0.7012 -0.0000
vn 0.2503 -0.9682 -0.0000
vn 0.1719 -0.6564 -0.7346
vn 0.5006 -0.8657 0.0001
vn -0.0293 0.0313 -0.9991
vn 0.4826 -0.4768 -0.7347
vn 0.3458 -0.5958 -0.7249
vn -0.0098 0.0410 -0.9991
vn -0.0000 0.0429 -0.9991
vn -0.0000 0.7234 -0.6904
vn 0.0020 1.0000 -0.0039
vn 0.2623 0.9650 -0.0000
vn -0.0001 0.7168 0.6972
vn -0.2605 0.9655 -0.0000
vn -0.1859 0.6986 -0.6909
vn -0.0215 0.0372 -0.9991
vn -0.3619 0.6260 -0.6907
vn -0.8661 0.5000 -0.0000
vn -0.5108 0.5108 -0.6915
vn -0.7071 0.7071 -0.0001
vn -0.1784 0.6939 0.6977
vn -0.3624 0.6269 0.6897
vn -0.5118 0.5118 0.6901
vn -0.6269 0.3624 0.6896
vn -0.6996 0.1862 0.6899
vn -0.9655 -0.2604 -0.0000
vn -0.6257 -0.3637 -0.6901
vn -0.0293 -0.0313 -0.9991
vn -0.5105 -0.5124 -0.6905
vn -0.8655 -0.5009 -0.0000
vn -0.6993 -0.1881 0.6896
vn -0.7245 -0.0000 0.6893
vn -0.0215 -0.0391 -0.9990
vn -0.3615 -0.6273 -0.6898
vn -0.6265 -0.3642 0.6891
vn -0.0412 -0.0118 0.9991
vn -0.0431 -0.0000 0.9991
vn -0.0412 0.0098 0.9991
vn -0.0375 0.0216 0.9991
vn 0.6553 -0.1800 0.7336
vn 0.6556 0.1781 0.7338
vn -0.0373 -0.0235 0.9990
vn -0.5112 -0.5131 0.6895
vn 0.5830 -0.3365 0.7395
vn -0.0294 0.0294 0.9991
vn -0.0215 0.0372 0.9991
vn -0.0078 0.0822 0.9966
vn 0.4833 -0.4774 0.7338
vn 0.7129 -0.7013 -0.0000
vn 0.3463 -0.5967 0.7239
vn 0.2503 -0.9682 0.0001
vn 0.1723 -0.6521 0.7383
vn -0.0000 -0.6617 0.7498
vn -0.0003 0.1214 0.9926
vn 0.1802 0.6936 0.6975
vn 0.3642 0.6265 0.6891
vn 0.5131 0.5112 0.6895
vn 0.8666 0.4991 -0.0000
vn 0.6281 0.3620 0.6888
vn 0.7006 0.1859 0.6889
vn 0.7264 -0.0000 0.6873
vn 0.0450 -0.0000 0.9990
vn 0.7004 -0.1878 0.6886
vn 0.0430 -0.0117 0.9990
vn 0.0394 -0.0242 0.9989
vn -0.5821 0.3352 0.7408
vn 0.0313 0.0293 0.9991
vn 0.0235 0.0372 0.9990
vn 0.0098 0.0822 0.9966
vn -0.1721 -0.6532 0.7373
vn -0.3428 -0.5975 0.7249
vn -0.4818 -0.4779 0.7345
vn 0.0392 0.0216 0.9990
vn -0.7117 -0.7024 -0.0001
vn -0.5817 -0.3369 0.7404
vn 0.0431 0.0098 0.9990
vn -0.6893 -0.0000 0.7245
vn -0.6545 0.1783 0.7348
vn -0.9639 0.2664 -0.0000
vn -0.8660 0.5000 -0.0001
vn -0.7131 0.7010 -0.0000
vn -0.9633 -0.2683 -0.0000
vn -0.6542 -0.1802 0.7345
vn -1.0000 -0.0000 0.0003
vn -0.2550 0.9669 -0.0099
vn -0.0782 0.6689 -0.7392
vn -0.1116 0.9670 -0.2291
vn 0.5120 -0.5120 -0.6898
vn 0.0313 -0.0332 -0.9990
vn 0.0392 -0.0235 -0.9990
vn -0.5812 0.3347 -0.7417
vn -0.4816 0.4757 -0.7361
vn -0.7132 0.7010 -0.0000
vn -0.4999 0.8661 -0.0002
vn -0.3427 0.5954 -0.7267
vn -0.1702 0.6555 -0.7357
vn 0.0117 -0.0430 -0.9990
vn 0.0078 -0.0450 -0.9990
vn 0.0958 -0.7212 -0.6860
vn 0.1875 -0.6994 -0.6897
vn 0.1290 -0.9672 -0.2189
vn 0.0234 -0.0391 -0.9990
vn 0.3632 -0.6268 -0.6893
vn -0.4999 0.8661 -0.0001
vn -0.2549 0.9669 -0.0098
vn -0.1861 0.6678 0.7207
vn -0.0940 0.7736 0.6267
vn 0.0059 -0.0451 0.9990
vn -0.4823 0.4764 0.7352
vn -0.3432 0.5963 0.7257
vn 0.0137 -0.0450 0.9989
vn 0.1993 -0.7093 0.6761
vn 0.1075 -0.8193 0.5632
vn 0.2636 -0.9645 -0.0137
vn 0.5008 -0.8656 0.0001
vn 0.7072 -0.7071 -0.0000
vn 0.6268 -0.3632 -0.6893
vn 0.3637 -0.6277 0.6883
vn 0.0235 -0.0391 0.9990
vn 0.0313 -0.0333 0.9990
vn 0.6277 -0.3637 0.6883
vn 0.9657 -0.2595 -0.0000
vn 0.6996 0.1857 -0.6900
vn 0.7254 -0.0000 -0.6883
vn 0.0430 0.0098 -0.9990
vn 0.0449 -0.0000 -0.9990
vn -0.6533 -0.1799 -0.7354
vn 0.6994 -0.1875 -0.6897
vn 0.8660 -0.5000 -0.0000
vn 0.5127 -0.5127 0.6887
vn -0.6884 -0.0000 -0.7253
vn -0.6535 0.1780 -0.7357
vn 0.0430 -0.0117 -0.9990
vn 0.6273 0.3615 -0.6898
vt 0.352783 0.892151
vt 0.396240 0.898071
vt 0.398682 0.900085
vt 0.350586 0.884216
vt 0.348389 0.886536
vt 0.342773 0.882263
vt 0.344238 0.879456
vt 0.336182 0.879578
vt 0.336914 0.876526
vt 0.329102 0.878723
vt 0.329102 0.875549
vt 0.322021 0.879578
vt 0.321045 0.876526
vt 0.315430 0.882263
vt 0.313721 0.879456
vt 0.309570 0.886536
vt 0.307373 0.884216
vt 0.305420 0.892151
vt 0.261719 0.898071
vt 0.259277 0.900085
vt 0.302734 0.898743
vt 0.257813 0.902832
vt 0.301758 0.905823
vt 0.257324 0.905823
vt 0.257813 0.908875
vt 0.302734 0.912842
vt 0.259277 0.911621
vt 0.305420 0.919312
vt 0.261719 0.913635
vt 0.307373 0.927246
vt 0.309570 0.925049
vt 0.315430 0.929260
vt 0.313721 0.932129
vt 0.322021 0.931885
vt 0.321045 0.935059
vt 0.329102 0.932861
vt 0.329102 0.936096
vt 0.336182 0.931885
vt 0.336914 0.935059
vt 0.342773 0.929260
vt 0.344238 0.932129
vt 0.348389 0.924927
vt 0.350586 0.927246
vt 0.352783 0.919312
vt 0.396240 0.913635
vt 0.398682 0.911621
vt 0.355469 0.912842
vt 0.400146 0.908875
vt 0.356445 0.905823
vt 0.400635 0.905823
vt 0.400146 0.902832
vt 0.355469 0.898743
vt 0.185913 0.757324
vt 0.189575 0.763306
vt 0.185913 0.763306
vt 0.189575 0.757324
vt 0.185913 0.751221
vt 0.189575 0.751221
vt 0.185913 0.745117
vt 0.189575 0.745117
vt 0.185913 0.739014
vt 0.189575 0.739014
vt 0.185913 0.733154
vt 0.189575 0.733154
vt 0.185913 0.727051
vt 0.189575 0.727051
vt 0.185913 0.720947
vt 0.189575 0.720947
vt 0.185913 0.714844
vt 0.189575 0.714844
vt 0.185913 0.708740
vt 0.189575 0.708740
vt 0.185913 0.775391
vt 0.189575 0.781494
vt 0.185913 0.781494
vt 0.189575 0.775391
vt 0.185913 0.769409
vt 0.189575 0.769409
vt 0.600098 0.751831
vt 0.594238 0.751831
vt 0.594238 0.747070
vt 0.600098 0.747070
vt 0.594238 0.741943
vt 0.600098 0.741943
vt 0.594238 0.737061
vt 0.600098 0.737061
vt 0.594238 0.732178
vt 0.600098 0.732178
vt 0.594238 0.727051
vt 0.600098 0.727051
vt 0.594238 0.722168
vt 0.600098 0.722168
vt 0.594238 0.717285
vt 0.600098 0.717285
vt 0.594238 0.712158
vt 0.600098 0.712158
vt 0.594238 0.707275
vt 0.600098 0.707275
vt 0.600098 0.796387
vt 0.594238 0.796387
vt 0.594238 0.791504
vt 0.600098 0.791504
vt 0.594238 0.786499
vt 0.600098 0.786499
vt 0.594238 0.781616
vt 0.600098 0.781616
vt 0.594238 0.776611
vt 0.600098 0.776611
vt 0.594238 0.771606
vt 0.600098 0.771606
vt 0.594238 0.766724
vt 0.600098 0.766724
vt 0.594238 0.761841
vt 0.600098 0.761841
vt 0.594238 0.756714
vt 0.600098 0.756714
vt 0.600098 0.826172
vt 0.594238 0.826172
vt 0.594238 0.821167
vt 0.600098 0.821167
vt 0.594238 0.816284
vt 0.600098 0.816284
vt 0.594238 0.811279
vt 0.600098 0.811279
vt 0.594238 0.806274
vt 0.600098 0.806274
vt 0.594238 0.801392
vt 0.600098 0.801392
vt 0.940430 0.698730
vt 0.943359 0.683594
vt 0.943359 0.698730
vt 0.940430 0.683594
vt 0.937988 0.698730
vt 0.937988 0.683594
vt 0.935059 0.698730
vt 0.935059 0.683594
vt 0.932617 0.698730
vt 0.932617 0.683594
vt 0.929688 0.683594
vt 0.929688 0.698730
vt 0.927246 0.698730
vt 0.927246 0.683594
vt 0.924316 0.698730
vt 0.924316 0.683594
vt 0.921875 0.683594
vt 0.921875 0.698730
vt 0.918945 0.698730
vt 0.918945 0.683594
vt 0.916504 0.698730
vt 0.916504 0.683594
vt 0.913574 0.698730
vt 0.913574 0.683594
vt 0.911133 0.698730
vt 0.911133 0.683594
vt 0.908203 0.698730
vt 0.908203 0.683594
vt 0.905762 0.698730
vt 0.905762 0.683594
vt 0.902832 0.698730
vt 0.902832 0.683594
vt 0.900391 0.698730
vt 0.900391 0.683594
vt 0.897461 0.698730
vt 0.897461 0.683594
vt 0.895020 0.698730
vt 0.895020 0.683594
vt 0.892090 0.698730
vt 0.892090 0.683594
vt 0.889648 0.698730
vt 0.889648 0.683594
vt 0.886719 0.698730
vt 0.886719 0.683594
vt 0.884277 0.698730
vt 0.884277 0.683594
vt 0.881348 0.698730
vt 0.881348 0.683594
vt 0.878906 0.698730
vt 0.878906 0.683594
vt 0.731445 0.859253
vt 0.724609 0.859253
vt 0.724609 0.855835
vt 0.731445 0.855835
vt 0.738281 0.855835
vt 0.738281 0.859253
vt 0.744629 0.855835
vt 0.744629 0.859253
vt 0.751465 0.855835
vt 0.751465 0.859253
vt 0.757813 0.855835
vt 0.757813 0.859253
vt 0.764160 0.855835
vt 0.764160 0.859253
vt 0.771484 0.859253
vt 0.771484 0.855835
vt 0.779785 0.859253
vt 0.779785 0.855835
vt 0.787598 0.859253
vt 0.787598 0.855835
vt 0.997559 0.636230
vt 0.977539 0.636230
vt 0.981934 0.629150
vt 0.977539 0.629150
vt 0.977539 0.622070
vt 0.981934 0.620605
vt 0.977539 0.614746
vt 0.981934 0.614014
vt 0.977539 0.607666
vt 0.981934 0.607178
vt 0.977539 0.600342
vt 0.981934 0.600342
vt 0.981934 0.593506
vt 0.977539 0.593262
vt 0.981934 0.585938
vt 0.977539 0.585449
vt 0.981934 0.577881
vt 0.977539 0.576660
vt 0.981934 0.568604
vt 0.977539 0.568604
vt 0.997559 0.577637
vt 0.993164 0.569580
vt 0.997559 0.569580
vt 0.993164 0.577637
vt 0.997559 0.586182
vt 0.993164 0.586182
vt 0.997559 0.593994
vt 0.993164 0.593994
vt 0.997559 0.601074
vt 0.993164 0.601074
vt 0.997559 0.607910
vt 0.993164 0.607910
vt 0.997559 0.614990
vt 0.993164 0.614990
vt 0.997559 0.622070
vt 0.993164 0.622070
vt 0.997559 0.629150
vt 0.993164 0.629150
vt 0.526855 0.595215
vt 0.547852 0.595215
vt 0.547852 0.596924
vt 0.526855 0.596924
vt 0.547852 0.598389
vt 0.526855 0.598389
vt 0.547852 0.599854
vt 0.526855 0.599854
vt 0.547852 0.601563
vt 0.526855 0.601563
vt 0.547852 0.603027
vt 0.526855 0.603027
vt 0.547852 0.604492
vt 0.526855 0.604492
vt 0.547852 0.606201
vt 0.526855 0.606201
vt 0.547852 0.607666
vt 0.526855 0.607666
vt 0.547852 0.609131
vt 0.526855 0.609131
vt 0.526855 0.590576
vt 0.547852 0.590576
vt 0.547852 0.592285
vt 0.526855 0.592285
vt 0.547852 0.593750
vt 0.526855 0.593750
vt 0.173462 0.564697
vt 0.170166 0.572754
vt 0.170166 0.564697
vt 0.173462 0.572754
vt 0.176880 0.564697
vt 0.176880 0.572754
vt 0.180176 0.564697
vt 0.180176 0.572754
vt 0.183594 0.564697
vt 0.183594 0.572754
vt 0.186890 0.564697
vt 0.186890 0.572754
vt 0.190308 0.564697
vt 0.190308 0.572754
vt 0.193604 0.564697
vt 0.193604 0.572754
vt 0.197021 0.564697
vt 0.197021 0.572754
vt 0.094482 0.769775
vt 0.093384 0.768677
vt 0.096008 0.770264
vt 0.097473 0.769775
vt 0.098572 0.768677
vt 0.098999 0.767212
vt 0.092957 0.767212
vt 0.092957 0.751953
vt 0.098999 0.751953
vt 0.093384 0.750366
vt 0.098572 0.750366
vt 0.098572 0.744141
vt 0.093384 0.744141
vt 0.977051 0.354492
vt 0.975586 0.354980
vt 0.978027 0.353516
vt 0.974121 0.354492
vt 0.973145 0.353516
vt 0.978516 0.351563
vt 0.972656 0.351563
vt 0.972656 0.336426
vt 0.978516 0.336426
vt 0.978027 0.334961
vt 0.973145 0.334961
vt 0.978027 0.331543
vt 0.973145 0.331543
vt 0.874023 0.818970
vt 0.870605 0.818970
vt 0.870605 0.817261
vt 0.874023 0.817261
vt 0.870605 0.815796
vt 0.874023 0.815796
vt 0.870605 0.814209
vt 0.874023 0.814209
vt 0.870605 0.812622
vt 0.874023 0.812622
vt 0.870605 0.811157
vt 0.874023 0.811157
vt 0.870605 0.809570
vt 0.874023 0.809570
vt 0.874023 0.794312
vt 0.870605 0.794312
vt 0.874023 0.792725
vt 0.870605 0.792725
vt 0.870605 0.789185
vt 0.874023 0.786499
vt 0.870605 0.839233
vt 0.874023 0.835693
vt 0.874023 0.841919
vt 0.870605 0.835693
vt 0.874023 0.834106
vt 0.870605 0.834106
vt 0.337891 0.987526
vt 0.336914 0.986427
vt 0.339600 0.987923
vt 0.341064 0.987526
vt 0.342041 0.986427
vt 0.342529 0.984879
vt 0.336426 0.984879
vt 0.336426 0.969681
vt 0.342529 0.969681
vt 0.336914 0.968140
vt 0.342041 0.968140
vt 0.342041 0.964569
vt 0.336914 0.964569
vt 0.896973 0.769653
vt 0.894043 0.765991
vt 0.896973 0.763306
vt 0.894043 0.769653
vt 0.894043 0.771240
vt 0.896973 0.771240
vt 0.894043 0.786377
vt 0.896973 0.786377
vt 0.896973 0.787964
vt 0.894043 0.787964
vt 0.896973 0.789551
vt 0.894043 0.789551
vt 0.896973 0.791138
vt 0.894043 0.791138
vt 0.896973 0.792603
vt 0.894043 0.792603
vt 0.896973 0.794189
vt 0.894043 0.794189
vt 0.896973 0.795776
vt 0.894043 0.795776
vt 0.894043 0.811035
vt 0.896973 0.811035
vt 0.894043 0.812622
vt 0.896973 0.812622
vt 0.894043 0.816162
vt 0.896973 0.818848
vt 0.929199 0.487793
vt 0.863770 0.482910
vt 0.929199 0.482910
vt 0.863770 0.487793
vt 0.929199 0.492676
vt 0.863770 0.492676
vt 0.929199 0.497559
vt 0.863770 0.497559
vt 0.929199 0.502441
vt 0.863770 0.502441
vt 0.929199 0.507324
vt 0.863770 0.507324
vt 0.929199 0.512207
vt 0.863770 0.512207
vt 0.929199 0.517334
vt 0.863770 0.517334
vt 0.929199 0.522217
vt 0.863770 0.522217
vt 0.863770 0.527100
vt 0.929199 0.527100
vt 0.929199 0.531982
vt 0.863770 0.531982
vt 0.929199 0.536865
vt 0.863770 0.536865
vt 0.929199 0.541748
vt 0.863770 0.541748
vt 0.929199 0.546631
vt 0.863770 0.546631
vt 0.929199 0.551514
vt 0.863770 0.551514
vt 0.929199 0.556396
vt 0.863770 0.556396
vt 0.929199 0.561279
vt 0.863770 0.561279
vt 0.929199 0.566162
vt 0.863770 0.566162
vt 0.929199 0.571289
vt 0.863770 0.571289
vt 0.929199 0.575928
vt 0.863770 0.575928
vt 0.929199 0.581055
vt 0.863770 0.581055
vt 0.929199 0.585938
vt 0.863770 0.585938
vt 0.929199 0.590820
vt 0.863770 0.590820
vt 0.929199 0.595703
vt 0.863770 0.595703
vt 0.929199 0.600586
vt 0.863770 0.600586
vt 0.561035 0.706787
vt 0.555176 0.710693
vt 0.555176 0.706787
vt 0.549805 0.710693
vt 0.549805 0.706787
vt 0.543945 0.706787
vt 0.538086 0.710693
vt 0.538086 0.706787
vt 0.543945 0.710693
vt 0.549805 0.713379
vt 0.555176 0.713379
vt 0.561035 0.710693
vt 0.566895 0.710693
vt 0.566895 0.706787
vt 0.572754 0.706787
vt 0.572754 0.710693
vt 0.578125 0.706787
vt 0.578125 0.710693
vt 0.583984 0.706787
vt 0.583984 0.710693
vt 0.578125 0.713379
vt 0.583984 0.713379
vt 0.572754 0.713379
vt 0.566895 0.713379
vt 0.561035 0.713379
vt 0.017456 0.792847
vt 0.028366 0.792847
vt 0.029114 0.803589
vt 0.016708 0.803589
vt 0.030350 0.827637
vt 0.015480 0.827637
vt 0.012299 0.842651
vt 0.033539 0.842651
vt 0.494141 0.910950
vt 0.491943 0.914246
vt 0.479248 0.910950
vt 0.490234 0.917969
vt 0.489746 0.922058
vt 0.479248 0.933167
vt 0.490234 0.926086
vt 0.491699 0.929871
vt 0.494141 0.933167
vt 0.821289 0.683105
vt 0.832031 0.683105
vt 0.833008 0.693848
vt 0.820801 0.693848
vt 0.834473 0.718018
vt 0.819336 0.718018
vt 0.816406 0.732910
vt 0.837402 0.732910
vt 0.848633 0.026855
vt 0.847168 0.026367
vt 0.850098 0.026367
vt 0.851074 0.025391
vt 0.846191 0.025391
vt 0.851563 0.023926
vt 0.845703 0.023926
vt 0.845703 0.008301
vt 0.851563 0.008301
vt 0.851074 0.006836
vt 0.846191 0.006836
vt 0.851074 0.000977
vt 0.846191 0.000977
vt 0.452148 0.706787
vt 0.446289 0.710693
vt 0.446289 0.706787
vt 0.452148 0.710693
vt 0.457764 0.706787
vt 0.457764 0.710693
vt 0.463623 0.706787
vt 0.463623 0.710693
vt 0.469238 0.706787
vt 0.469238 0.710693
vt 0.475098 0.706787
vt 0.475098 0.710693
vt 0.480713 0.706787
vt 0.480713 0.710693
vt 0.486572 0.706787
vt 0.486572 0.710693
vt 0.498047 0.710693
vt 0.498047 0.713379
vt 0.492188 0.713379
vt 0.492188 0.710693
vt 0.486572 0.713379
vt 0.480713 0.713379
vt 0.475098 0.713379
vt 0.469238 0.713379
vt 0.463623 0.713379
vt 0.457764 0.713379
vt 0.452148 0.713379
vt 0.446289 0.713379
vt 0.492188 0.706787
vt 0.498047 0.706787
vt 0.503418 0.706787
vt 0.503418 0.710693
vt 0.509277 0.706787
vt 0.509277 0.710693
vt 0.515137 0.706787
vt 0.515137 0.710693
vt 0.520996 0.706787
vt 0.520996 0.710693
vt 0.526367 0.706787
vt 0.526367 0.710693
vt 0.532227 0.706787
vt 0.532227 0.710693
vt 0.543945 0.713379
vt 0.538086 0.713379
vt 0.532227 0.713379
vt 0.526367 0.713379
vt 0.520996 0.713379
vt 0.515137 0.713379
vt 0.509277 0.713379
vt 0.503418 0.713379
vt 0.000492 0.080566
vt 0.012276 0.080566
vt 0.012276 0.086914
vt 0.000492 0.086914
vt 0.012276 0.093262
vt 0.000492 0.093262
vt 0.012276 0.099121
vt 0.000492 0.099121
vt 0.012276 0.105469
vt 0.000492 0.105469
vt 0.012276 0.111328
vt 0.000492 0.111328
vt 0.012276 0.117676
vt 0.000492 0.117676
vt 0.012276 0.123535
vt 0.000492 0.123535
vt 0.012276 0.129883
vt 0.000492 0.129883
vt 0.012276 0.136230
vt 0.000492 0.136230
vt 0.278564 0.580322
vt 0.275391 0.580322
vt 0.275391 0.564941
vt 0.278564 0.564941
vt 0.275391 0.541016
vt 0.278564 0.541016
vt 0.275391 0.530029
vt 0.278564 0.530029
vt 0.528809 0.943115
vt 0.521973 0.936523
vt 0.528809 0.936523
vt 0.411865 0.943115
vt 0.411865 0.936523
vt 0.099670 0.981369
vt 0.100098 0.979935
vt 0.102173 0.981369
vt 0.101074 0.982239
vt 0.103271 0.983551
vt 0.101868 0.983887
vt 0.103088 0.985962
vt 0.101746 0.985527
vt 0.101746 0.988045
vt 0.100769 0.986946
vt 0.099548 0.989143
vt 0.099243 0.987717
vt 0.097046 0.989029
vt 0.097595 0.987602
vt 0.095032 0.987602
vt 0.096069 0.986732
vt 0.093994 0.985413
vt 0.095276 0.985085
vt 0.094055 0.982895
vt 0.095520 0.983444
vt 0.095520 0.980927
vt 0.096375 0.982025
vt 0.097717 0.979828
vt 0.097900 0.981262
vt 0.826172 0.506104
vt 0.828125 0.499512
vt 0.830566 0.500000
vt 0.832031 0.506592
vt 0.833008 0.498535
vt 0.837402 0.503906
vt 0.833984 0.496582
vt 0.840820 0.499023
vt 0.834473 0.494141
vt 0.841309 0.492676
vt 0.833496 0.492188
vt 0.838867 0.487305
vt 0.831055 0.490723
vt 0.833496 0.483887
vt 0.828613 0.490234
vt 0.827637 0.483398
vt 0.826660 0.491699
vt 0.821777 0.486328
vt 0.825195 0.493652
vt 0.818359 0.491211
vt 0.825195 0.496094
vt 0.818359 0.497559
vt 0.826172 0.498047
vt 0.820801 0.502686
vt 0.347412 0.968323
vt 0.353027 0.972717
vt 0.351807 0.974915
vt 0.344971 0.973816
vt 0.351807 0.977325
vt 0.345215 0.979965
vt 0.353027 0.979523
vt 0.348633 0.985023
vt 0.355225 0.980743
vt 0.354004 0.987663
vt 0.357666 0.980743
vt 0.360352 0.987335
vt 0.359863 0.979523
vt 0.365234 0.983932
vt 0.361084 0.977325
vt 0.367920 0.978424
vt 0.361084 0.974915
vt 0.367432 0.972382
vt 0.359863 0.972717
vt 0.364258 0.967224
vt 0.357666 0.971497
vt 0.358643 0.964569
vt 0.355225 0.971497
vt 0.352539 0.965027
vt 0.561523 0.527100
vt 0.562012 0.528076
vt 0.560547 0.529053
vt 0.559570 0.528320
vt 0.559570 0.530273
vt 0.558594 0.530029
vt 0.559570 0.531738
vt 0.558594 0.532227
vt 0.560547 0.533203
vt 0.559570 0.533936
vt 0.562012 0.533936
vt 0.561523 0.534912
vt 0.563477 0.533936
vt 0.563477 0.534912
vt 0.564941 0.533203
vt 0.565430 0.533936
vt 0.565430 0.531738
vt 0.566406 0.532227
vt 0.565430 0.530273
vt 0.566406 0.530029
vt 0.562500 0.531006
vt 0.563477 0.528076
vt 0.564941 0.529053
vt 0.565430 0.528320
vt 0.563477 0.527100
vt 0.907227 0.985733
vt 0.934570 0.985733
vt 0.931641 0.988419
vt 0.910156 0.988419
vt 0.635254 0.150391
vt 0.635254 0.171387
vt 0.630371 0.171387
vt 0.630371 0.150391
vt 0.072998 0.633789
vt 0.051758 0.633789
vt 0.048706 0.631104
vt 0.076050 0.631104
vt 0.844727 0.178223
vt 0.847656 0.178223
vt 0.847656 0.189453
vt 0.844727 0.189453
vt 0.280762 0.524658
vt 0.283936 0.524658
vt 0.283936 0.535400
vt 0.280762 0.535400
vt 0.283936 0.559570
vt 0.280762 0.559570
vt 0.283936 0.574951
vt 0.280762 0.574951
vt 0.981934 0.000977
vt 0.974609 0.021973
vt 0.976074 0.008301
vt 0.968750 0.012207
vt 0.961426 0.014648
vt 0.954590 0.015137
vt 0.937500 0.021973
vt 0.947754 0.014648
vt 0.941406 0.012207
vt 0.935547 0.008301
vt 0.931152 0.000977
vt 0.974609 0.042969
vt 0.970703 0.031738
vt 0.941406 0.031738
vt 0.937500 0.042969
vt 0.941406 0.042969
vt 0.941406 0.045898
vt 0.937500 0.045898
vt 0.941406 0.048828
vt 0.937500 0.048828
vt 0.941406 0.051758
vt 0.937500 0.051758
vt 0.941406 0.054688
vt 0.937500 0.054688
vt 0.941406 0.057617
vt 0.937500 0.057617
vt 0.941406 0.060059
vt 0.974609 0.045898
vt 0.970703 0.042969
vt 0.937500 0.060059
vt 0.941406 0.071289
vt 0.937500 0.081543
vt 0.970703 0.071289
vt 0.974609 0.081543
vt 0.974609 0.060059
vt 0.970703 0.060059
vt 0.970703 0.057617
vt 0.974609 0.057617
vt 0.970703 0.054688
vt 0.974609 0.054688
vt 0.970703 0.051758
vt 0.974609 0.051758
vt 0.970703 0.048828
vt 0.974609 0.048828
vt 0.970703 0.045898
vt 0.981934 0.102539
vt 0.976074 0.096680
vt 0.968750 0.092773
vt 0.961426 0.089844
vt 0.954590 0.088867
vt 0.947754 0.089844
vt 0.941406 0.092773
vt 0.935547 0.096680
vt 0.931152 0.102539
vt 0.810547 0.197266
vt 0.809570 0.194824
vt 0.812500 0.199219
vt 0.814941 0.200195
vt 0.817383 0.199219
vt 0.819336 0.197266
vt 0.819824 0.194824
vt 0.819824 0.190430
vt 0.809570 0.190430
vt 0.812500 0.187500
vt 0.819824 0.187500
vt 0.949707 0.010254
vt 0.949219 0.007813
vt 0.951660 0.012207
vt 0.954102 0.013184
vt 0.956543 0.012207
vt 0.958496 0.010254
vt 0.959473 0.007813
vt 0.959473 0.003418
vt 0.949219 0.003418
vt 0.956543 0.000977
vt 0.949219 0.000977
vt 0.500977 0.605469
vt 0.499512 0.605225
vt 0.502441 0.605225
vt 0.503418 0.604004
vt 0.503906 0.602539
vt 0.503418 0.601074
vt 0.502441 0.599854
vt 0.498291 0.604004
vt 0.500977 0.599609
vt 0.499512 0.599854
vt 0.498291 0.601074
vt 0.497803 0.602539
vt 0.991699 0.110840
vt 0.993164 0.111816
vt 0.990234 0.110352
vt 0.988770 0.110840
vt 0.987793 0.111816
vt 0.987305 0.113281
vt 0.987793 0.114746
vt 0.993652 0.113281
vt 0.988770 0.116211
vt 0.990234 0.116699
vt 0.991699 0.116211
vt 0.993164 0.114746
vt 0.000492 0.624512
vt 0.000492 0.597168
vt 0.005657 0.597168
vt 0.005657 0.624512
vt 0.380127 0.595215
vt 0.375488 0.598389
vt 0.375488 0.595215
vt 0.380127 0.598389
vt 0.384521 0.595215
vt 0.384521 0.598389
vt 0.389160 0.595215
vt 0.389160 0.598389
vt 0.393555 0.595215
vt 0.393555 0.598389
vt 0.398193 0.595215
vt 0.398193 0.598389
vt 0.402588 0.595215
vt 0.402588 0.598389
vt 0.407227 0.595215
vt 0.407227 0.598389
vt 0.411621 0.595215
vt 0.411621 0.598389
vt 0.416260 0.595215
vt 0.416260 0.598389
vt 0.416748 0.418457
vt 0.433838 0.418457
vt 0.433838 0.425293
vt 0.416748 0.425293
vt 0.433838 0.431641
vt 0.416748 0.431641
vt 0.433838 0.437988
vt 0.416748 0.437988
vt 0.433838 0.444336
vt 0.416748 0.444336
vt 0.433838 0.450684
vt 0.416748 0.450684
vt 0.433838 0.457031
vt 0.416748 0.457031
vt 0.433838 0.463379
vt 0.416748 0.463379
vt 0.433838 0.469727
vt 0.416748 0.469727
vt 0.433838 0.476074
vt 0.416748 0.476074
vt 0.437500 0.469727
vt 0.574219 0.476074
vt 0.437500 0.476074
vt 0.574219 0.469727
vt 0.437500 0.463379
vt 0.574219 0.463379
vt 0.437500 0.457031
vt 0.574219 0.457031
vt 0.437500 0.450684
vt 0.574219 0.450684
vt 0.437500 0.444336
vt 0.574219 0.444336
vt 0.437500 0.437988
vt 0.574219 0.437988
vt 0.437500 0.431641
vt 0.574219 0.431641
vt 0.437500 0.425293
vt 0.437500 0.418457
vt 0.329102 0.457031
vt 0.325195 0.457031
vt 0.325195 0.450684
vt 0.329102 0.450684
vt 0.325195 0.444336
vt 0.329102 0.444336
vt 0.325195 0.437988
vt 0.329102 0.437988
vt 0.329102 0.463379
vt 0.325195 0.463379
vt 0.359375 0.463379
vt 0.359375 0.457031
vt 0.359375 0.450684
vt 0.359375 0.444336
vt 0.359375 0.437988
vt 0.329102 0.469727
vt 0.325195 0.469727
vt 0.359375 0.469727
vt 0.363281 0.469727
vt 0.363281 0.463379
vt 0.363281 0.457031
vt 0.363281 0.450684
vt 0.363281 0.444336
vt 0.363281 0.437988
vt 0.413330 0.437988
vt 0.413330 0.444336
vt 0.413330 0.450684
vt 0.413330 0.457031
vt 0.413330 0.463379
vt 0.413330 0.469727
vt 0.413330 0.476074
vt 0.363281 0.476074
vt 0.359375 0.476074
vt 0.329102 0.476074
vt 0.325195 0.476074
vt 0.433838 0.360840
vt 0.437500 0.360840
vt 0.437500 0.367188
vt 0.433838 0.367188
vt 0.433838 0.374023
vt 0.416748 0.374023
vt 0.433838 0.380371
vt 0.416748 0.380371
vt 0.433838 0.386719
vt 0.416748 0.386719
vt 0.433838 0.393066
vt 0.416748 0.393066
vt 0.433838 0.399414
vt 0.416748 0.399414
vt 0.433838 0.405762
vt 0.416748 0.405762
vt 0.433838 0.412109
vt 0.416748 0.412109
vt 0.413330 0.431641
vt 0.413330 0.425293
vt 0.413330 0.418457
vt 0.413330 0.412109
vt 0.413330 0.405762
vt 0.413330 0.399414
vt 0.413330 0.393066
vt 0.413330 0.386719
vt 0.413330 0.380371
vt 0.363281 0.380371
vt 0.363281 0.386719
vt 0.363281 0.393066
vt 0.363281 0.399414
vt 0.363281 0.405762
vt 0.363281 0.412109
vt 0.363281 0.418457
vt 0.363281 0.425293
vt 0.363281 0.431641
vt 0.359375 0.431641
vt 0.359375 0.425293
vt 0.359375 0.418457
vt 0.359375 0.412109
vt 0.359375 0.405762
vt 0.359375 0.399414
vt 0.359375 0.393066
vt 0.359375 0.386719
vt 0.359375 0.380371
vt 0.329102 0.431641
vt 0.329102 0.425293
vt 0.329102 0.418457
vt 0.329102 0.412109
vt 0.329102 0.405762
vt 0.329102 0.399414
vt 0.329102 0.393066
vt 0.329102 0.386719
vt 0.329102 0.380371
vt 0.325195 0.431641
vt 0.325195 0.425293
vt 0.325195 0.418457
vt 0.325195 0.412109
vt 0.325195 0.405762
vt 0.325195 0.399414
vt 0.325195 0.393066
vt 0.325195 0.386719
vt 0.325195 0.380371
vt 0.325195 0.354492
vt 0.325195 0.348145
vt 0.329102 0.348145
vt 0.325195 0.341797
vt 0.329102 0.341797
vt 0.325195 0.335449
vt 0.329102 0.335449
vt 0.325195 0.329102
vt 0.329102 0.329102
vt 0.325195 0.322754
vt 0.329102 0.322754
vt 0.325195 0.374023
vt 0.325195 0.367188
vt 0.329102 0.367188
vt 0.325195 0.360840
vt 0.329102 0.360840
vt 0.329102 0.354492
vt 0.359375 0.348145
vt 0.359375 0.341797
vt 0.359375 0.335449
vt 0.359375 0.329102
vt 0.359375 0.322754
vt 0.329102 0.374023
vt 0.359375 0.367188
vt 0.359375 0.360840
vt 0.359375 0.354492
vt 0.363281 0.348145
vt 0.363281 0.341797
vt 0.363281 0.335449
vt 0.363281 0.329102
vt 0.363281 0.322754
vt 0.359375 0.374023
vt 0.363281 0.367188
vt 0.363281 0.360840
vt 0.363281 0.354492
vt 0.413330 0.348145
vt 0.413330 0.341797
vt 0.413330 0.335449
vt 0.413330 0.329102
vt 0.413330 0.322754
vt 0.363281 0.374023
vt 0.413330 0.367188
vt 0.413330 0.360840
vt 0.413330 0.354492
vt 0.416748 0.348145
vt 0.416748 0.341797
vt 0.416748 0.335449
vt 0.416748 0.329102
vt 0.416748 0.322754
vt 0.433838 0.322754
vt 0.433838 0.329102
vt 0.433838 0.335449
vt 0.433838 0.341797
vt 0.433838 0.348145
vt 0.416748 0.354492
vt 0.416748 0.360840
vt 0.416748 0.367188
vt 0.413330 0.374023
vt 0.437500 0.322754
vt 0.574219 0.322754
vt 0.574219 0.329102
vt 0.437500 0.329102
vt 0.433838 0.354492
vt 0.437500 0.348145
vt 0.437500 0.341797
vt 0.437500 0.335449
vt 0.574219 0.335449
vt 0.574219 0.341797
vt 0.574219 0.348145
vt 0.437500 0.354492
vt 0.574219 0.425293
vt 0.574219 0.418457
vt 0.437500 0.412109
vt 0.574219 0.412109
vt 0.437500 0.405762
vt 0.574219 0.405762
vt 0.437500 0.399414
vt 0.574219 0.399414
vt 0.437500 0.393066
vt 0.574219 0.393066
vt 0.437500 0.386719
vt 0.574219 0.386719
vt 0.437500 0.380371
vt 0.574219 0.380371
vt 0.437500 0.374023
vt 0.574219 0.374023
vt 0.574219 0.367188
vt 0.574219 0.354492
vt 0.574219 0.360840
vt 0.897461 0.940704
vt 0.897461 0.921753
vt 0.930664 0.921753
vt 0.930664 0.940704
vt 0.958984 0.888794
vt 0.958984 0.907715
vt 0.925293 0.907715
vt 0.925293 0.888794
vt 0.256836 0.983505
vt 0.256836 0.964569
vt 0.327637 0.964569
vt 0.327637 0.983505
vt 0.096008 0.891785
vt 0.096008 0.962708
vt 0.062500 0.962708
vt 0.062500 0.891785
vt 0.951660 0.175293
vt 0.951660 0.104492
vt 0.984863 0.104492
vt 0.984863 0.175293
vt 0.982422 0.556885
vt 0.982422 0.482910
vt 0.997559 0.482910
vt 0.997559 0.556885
vt 0.116394 0.708252
vt 0.116394 0.782349
vt 0.101318 0.782349
vt 0.101318 0.708252
vt 0.312012 0.595215
vt 0.307373 0.598389
vt 0.307373 0.595215
vt 0.312012 0.598389
vt 0.316406 0.595215
vt 0.316406 0.598389
vt 0.321045 0.595215
vt 0.321045 0.598389
vt 0.325684 0.595215
vt 0.325684 0.598389
vt 0.330078 0.595215
vt 0.330078 0.598389
vt 0.334717 0.595215
vt 0.334717 0.598389
vt 0.339111 0.595215
vt 0.339111 0.598389
vt 0.343750 0.598389
vt 0.343750 0.595215
vt 0.348145 0.598389
vt 0.348145 0.595215
vt 0.352783 0.595215
vt 0.352783 0.598389
vt 0.357178 0.595215
vt 0.357178 0.598389
vt 0.361816 0.595215
vt 0.361816 0.598389
vt 0.366211 0.598389
vt 0.366211 0.595215
vt 0.370850 0.595215
vt 0.370850 0.598389
vt 0.858887 0.521240
vt 0.858887 0.525391
vt 0.807129 0.525391
vt 0.807129 0.521240
vt 0.807129 0.517090
vt 0.784668 0.517090
vt 0.784668 0.512939
vt 0.807129 0.512939
vt 0.858887 0.509033
vt 0.807129 0.509033
vt 0.858887 0.512939
vt 0.858887 0.517090
vt 0.784668 0.521240
vt 0.969727 0.623291
vt 0.957520 0.625244
vt 0.957520 0.623291
vt 0.969727 0.625244
vt 0.957520 0.627197
vt 0.969727 0.627197
vt 0.957520 0.628906
vt 0.969727 0.628906
vt 0.957520 0.630859
vt 0.969727 0.630859
vt 0.957520 0.632813
vt 0.969727 0.632813
vt 0.957520 0.634521
vt 0.969727 0.634521
vt 0.957520 0.636230
vt 0.969727 0.636230
vt 0.957520 0.638184
vt 0.969727 0.638184
vt 0.957520 0.640137
vt 0.969727 0.640137
vt 0.969727 0.617676
vt 0.957520 0.619629
vt 0.957520 0.617676
vt 0.969727 0.619629
vt 0.957520 0.621582
vt 0.969727 0.621582
vt 0.985840 0.263672
vt 0.987793 0.266113
vt 0.985840 0.266113
vt 0.987793 0.263672
vt 0.985840 0.261230
vt 0.987793 0.261230
vt 0.985840 0.258301
vt 0.987793 0.258301
vt 0.985840 0.255859
vt 0.987793 0.255859
vt 0.985840 0.253418
vt 0.987793 0.253418
vt 0.985840 0.250488
vt 0.987793 0.250488
vt 0.985840 0.248047
vt 0.987793 0.248047
vt 0.985840 0.245605
vt 0.987793 0.245605
vt 0.985840 0.242676
vt 0.987793 0.242676
vt 0.985840 0.281738
vt 0.987793 0.284180
vt 0.985840 0.284180
vt 0.987793 0.281738
vt 0.985840 0.279297
vt 0.987793 0.279297
vt 0.985840 0.276855
vt 0.987793 0.276855
vt 0.985840 0.273926
vt 0.987793 0.273926
vt 0.985840 0.271484
vt 0.987793 0.271484
vt 0.985840 0.268555
vt 0.987793 0.268555
vt 0.023102 0.709717
vt 0.021149 0.709717
vt 0.021149 0.664551
vt 0.023102 0.664551
vt 0.995605 0.236816
vt 0.995605 0.191895
vt 0.997559 0.191895
vt 0.997559 0.236816
vt 0.754883 0.980545
vt 0.751465 0.980545
vt 0.751465 0.928650
vt 0.754883 0.928650
vt 0.965820 0.745361
vt 0.960938 0.742188
vt 0.965820 0.742188
vt 0.960938 0.745361
vt 0.965820 0.748779
vt 0.960938 0.748779
vt 0.965820 0.751831
vt 0.960938 0.751831
vt 0.965820 0.755127
vt 0.960938 0.755127
vt 0.965820 0.758301
vt 0.960938 0.758301
vt 0.965820 0.761597
vt 0.960938 0.761597
vt 0.866211 0.902771
vt 0.866211 0.899170
vt 0.912598 0.899170
vt 0.912598 0.902771
vt 0.912598 0.906433
vt 0.866211 0.906433
vt 0.912598 0.910034
vt 0.866211 0.910034
vt 0.866211 0.913696
vt 0.912598 0.913696
vt 0.989746 0.139648
vt 0.989746 0.136230
vt 0.991699 0.136230
vt 0.991699 0.139648
vt 0.989746 0.143555
vt 0.991699 0.143555
vt 0.991699 0.146973
vt 0.989746 0.146973
vt 0.991699 0.150391
vt 0.989746 0.150391
vt 0.275635 0.755859
vt 0.273926 0.752075
vt 0.277832 0.752075
vt 0.277832 0.755859
vt 0.276123 0.759888
vt 0.277832 0.759888
vt 0.277832 0.763916
vt 0.275635 0.763916
vt 0.277832 0.767700
vt 0.273926 0.767700
vt 0.745117 0.934570
vt 0.749023 0.934570
vt 0.749023 0.985703
vt 0.745117 0.985703
vt 0.044281 0.670166
vt 0.044281 0.666504
vt 0.046448 0.666504
vt 0.048065 0.670166
vt 0.051666 0.657715
vt 0.055359 0.657715
vt 0.053833 0.661377
vt 0.051666 0.661377
vt 0.007874 0.619629
vt 0.007874 0.597168
vt 0.010078 0.597168
vt 0.010078 0.619629
vt 0.568848 0.582764
vt 0.570801 0.582764
vt 0.570801 0.586182
vt 0.568848 0.586182
vt 0.570801 0.589844
vt 0.568848 0.589844
vt 0.568848 0.593262
vt 0.570801 0.593262
vt 0.568848 0.596680
vt 0.570801 0.596680
vt 0.776855 0.972641
vt 0.776855 0.969009
vt 0.822754 0.969009
vt 0.822754 0.972641
vt 0.822754 0.976273
vt 0.776855 0.976273
vt 0.822754 0.979904
vt 0.776855 0.979904
vt 0.776855 0.983536
vt 0.822754 0.983536
vt 0.623535 0.397461
vt 0.625977 0.374512
vt 0.625977 0.397461
vt 0.623535 0.374512
vt 0.625977 0.370605
vt 0.623535 0.370605
vt 0.623535 0.366211
vt 0.625977 0.366211
vt 0.963379 0.611572
vt 0.951660 0.572510
vt 0.963379 0.572510
vt 0.951660 0.611572
vt 0.941895 0.578613
vt 0.941895 0.605469
vt 0.935059 0.578613
vt 0.935059 0.605469
vt 0.987793 0.331543
vt 0.980957 0.343262
vt 0.980957 0.331543
vt 0.987793 0.343262
vt 0.980957 0.354492
vt 0.987793 0.354492
vt 0.602539 0.746094
vt 0.609375 0.734375
vt 0.609375 0.746094
vt 0.602539 0.734375
vt 0.609375 0.723145
vt 0.602539 0.723145
vt 0.118591 0.735840
vt 0.120422 0.738037
vt 0.118591 0.738037
vt 0.120422 0.735840
vt 0.118591 0.733643
vt 0.120422 0.733643
vt 0.118591 0.731445
vt 0.120422 0.731445
vt 0.118591 0.729248
vt 0.120422 0.729248
vt 0.118591 0.727295
vt 0.120422 0.727295
vt 0.118591 0.725098
vt 0.120422 0.725098
vt 0.118591 0.722900
vt 0.120422 0.722900
vt 0.118591 0.720703
vt 0.120422 0.720703
vt 0.118591 0.718506
vt 0.120422 0.718506
vt 0.118591 0.742188
vt 0.120422 0.744385
vt 0.118591 0.744385
vt 0.120422 0.742188
vt 0.118591 0.739990
vt 0.120422 0.739990
vt 0.997559 0.144043
vt 0.995605 0.145020
vt 0.994141 0.144043
vt 0.997559 0.138672
vt 0.994141 0.138672
vt 0.997559 0.136719
vt 0.994141 0.136719
vt 0.997559 0.134277
vt 0.993652 0.134277
vt 0.997559 0.131348
vt 0.993652 0.131348
vt 0.997559 0.129883
vt 0.993652 0.129883
vt 0.997559 0.128418
vt 0.993652 0.128418
vt 0.997070 0.125977
vt 0.994141 0.125977
vt 0.994629 0.124512
vt 0.996582 0.124512
vt 0.996582 0.124023
vt 0.995117 0.124023
vt 0.979004 0.720703
vt 0.981934 0.720215
vt 0.977051 0.722900
vt 0.984375 0.720703
vt 0.986816 0.722900
vt 0.976074 0.725586
vt 0.987305 0.725586
vt 0.987305 0.746582
vt 0.976074 0.746582
vt 0.987305 0.769043
vt 0.976074 0.769043
vt 0.841797 0.018066
vt 0.843750 0.020020
vt 0.841797 0.020020
vt 0.843750 0.018066
vt 0.841797 0.015625
vt 0.843750 0.015625
vt 0.841797 0.013672
vt 0.843750 0.013672
vt 0.841797 0.011230
vt 0.843750 0.011230
vt 0.841797 0.009277
vt 0.843750 0.009277
vt 0.841797 0.007324
vt 0.843750 0.007324
vt 0.841797 0.004883
vt 0.843750 0.004883
vt 0.841797 0.002930
vt 0.843750 0.002930
vt 0.841797 0.000977
vt 0.843750 0.000977
vt 0.841797 0.024414
vt 0.843750 0.026367
vt 0.841797 0.026367
vt 0.843750 0.024414
vt 0.841797 0.021973
vt 0.843750 0.021973
vt 0.941895 0.909973
vt 0.941895 0.942902
vt 0.933105 0.942902
vt 0.933105 0.909973
vt 0.969238 0.896667
vt 0.969238 0.863770
vt 0.989746 0.863770
vt 0.989746 0.896667
vt 0.325195 0.497559
vt 0.325195 0.478516
vt 0.334717 0.478516
vt 0.334717 0.497559
vt 0.344482 0.478516
vt 0.344482 0.497559
vt 0.354004 0.478516
vt 0.354004 0.497559
vt 0.363770 0.478516
vt 0.363770 0.497559
vt 0.373291 0.478516
vt 0.373291 0.497559
vt 0.383057 0.478516
vt 0.383057 0.497559
vt 0.392578 0.478516
vt 0.392578 0.497559
vt 0.402344 0.478516
vt 0.354004 0.512451
vt 0.354004 0.515625
vt 0.344482 0.515625
vt 0.344482 0.512451
vt 0.334717 0.512451
vt 0.325195 0.512451
vt 0.325195 0.515625
vt 0.334717 0.515625
vt 0.325195 0.552734
vt 0.334717 0.552734
vt 0.344482 0.552734
vt 0.354004 0.552734
vt 0.363770 0.515625
vt 0.363770 0.552734
vt 0.373291 0.515625
vt 0.975586 0.615479
vt 0.968750 0.615479
vt 0.968750 0.576416
vt 0.975586 0.576416
vt 0.771973 0.947479
vt 0.773926 0.949707
vt 0.769043 0.946869
vt 0.766113 0.947479
vt 0.764160 0.949707
vt 0.774902 0.952240
vt 0.763672 0.952240
vt 0.763672 0.973419
vt 0.774902 0.973419
vt 0.774902 0.995407
vt 0.763672 0.995407
vt 0.604492 0.386719
vt 0.592773 0.386719
vt 0.592773 0.347656
vt 0.604492 0.347656
vt 0.614258 0.380859
vt 0.614258 0.353516
vt 0.007381 0.666992
vt 0.007381 0.664063
vt 0.012009 0.664063
vt 0.012009 0.666992
vt 0.044769 0.660889
vt 0.044769 0.657715
vt 0.049255 0.657715
vt 0.049255 0.660889
vt 0.541992 0.558105
vt 0.541992 0.564209
vt 0.537598 0.564209
vt 0.537598 0.558105
vt 0.583008 0.519775
vt 0.583008 0.525635
vt 0.578613 0.525635
vt 0.578613 0.519775
vt 0.028336 0.680908
vt 0.025085 0.680908
vt 0.025085 0.676270
vt 0.028336 0.676270
vt 0.015533 0.606689
vt 0.012299 0.606689
vt 0.012299 0.602051
vt 0.015533 0.602051
vt 0.003689 0.631348
vt 0.000492 0.631348
vt 0.000492 0.626709
vt 0.003689 0.626709
vt 0.028336 0.674072
vt 0.025085 0.674072
vt 0.025085 0.669434
vt 0.028336 0.669434
vt 0.576660 0.430176
vt 0.583008 0.430176
vt 0.583008 0.437500
vt 0.576660 0.437500
vt 0.583008 0.444336
vt 0.576660 0.444336
vt 0.583008 0.451660
vt 0.576660 0.451660
vt 0.583008 0.458496
vt 0.576660 0.458496
vt 0.583008 0.465820
vt 0.576660 0.465820
vt 0.583008 0.473145
vt 0.576660 0.473145
vt 0.583008 0.479980
vt 0.576660 0.479980
vt 0.583008 0.487305
vt 0.576660 0.487305
vt 0.583008 0.494629
vt 0.576660 0.494629
vt 0.583008 0.372559
vt 0.576660 0.365723
vt 0.583008 0.365723
vt 0.576660 0.372559
vt 0.583008 0.379883
vt 0.576660 0.379883
vt 0.583008 0.387207
vt 0.576660 0.387207
vt 0.583008 0.394043
vt 0.576660 0.394043
vt 0.583008 0.401367
vt 0.576660 0.401367
vt 0.583008 0.408691
vt 0.576660 0.408691
vt 0.583008 0.415527
vt 0.576660 0.415527
vt 0.583008 0.422852
vt 0.576660 0.422852
vt 0.583008 0.329590
vt 0.576660 0.322754
vt 0.583008 0.322754
vt 0.576660 0.329590
vt 0.583008 0.336914
vt 0.576660 0.336914
vt 0.583008 0.344238
vt 0.576660 0.344238
vt 0.583008 0.351074
vt 0.576660 0.351074
vt 0.583008 0.358398
vt 0.576660 0.358398
vt 0.283936 0.432617
vt 0.277344 0.429688
vt 0.283936 0.429688
vt 0.277344 0.432617
vt 0.283936 0.436035
vt 0.277344 0.436035
vt 0.283936 0.438965
vt 0.277344 0.438965
vt 0.283936 0.441895
vt 0.277344 0.441895
vt 0.283936 0.445313
vt 0.277344 0.445313
vt 0.277344 0.492676
vt 0.283936 0.492676
vt 0.283936 0.500732
vt 0.277344 0.500732
vt 0.283936 0.508545
vt 0.277344 0.508545
vt 0.283936 0.516602
vt 0.277344 0.516602
vt 0.283936 0.283691
vt 0.277344 0.331543
vt 0.277344 0.283691
vt 0.283936 0.331543
vt 0.283936 0.339355
vt 0.277344 0.339355
vt 0.283936 0.347168
vt 0.277344 0.347168
vt 0.283936 0.354980
vt 0.277344 0.354980
vt 0.283936 0.363281
vt 0.277344 0.363281
vt 0.283936 0.371094
vt 0.277344 0.371094
vt 0.283936 0.378906
vt 0.277344 0.378906
vt 0.277344 0.426758
vt 0.283936 0.426758
vt 0.277344 0.193848
vt 0.283936 0.193848
vt 0.283936 0.201660
vt 0.277344 0.201660
vt 0.283936 0.209473
vt 0.277344 0.209473
vt 0.283936 0.217285
vt 0.277344 0.217285
vt 0.277344 0.265137
vt 0.283936 0.265137
vt 0.283936 0.268066
vt 0.277344 0.268066
vt 0.283936 0.271484
vt 0.277344 0.271484
vt 0.283936 0.274414
vt 0.277344 0.274414
vt 0.283936 0.277344
vt 0.277344 0.277344
vt 0.283936 0.280762
vt 0.277344 0.280762
vt 0.951172 0.750977
vt 0.951172 0.746582
vt 0.958496 0.750977
vt 0.958496 0.730957
vt 0.951172 0.735352
vt 0.951172 0.730957
vt 0.982910 0.803711
vt 0.978027 0.812866
vt 0.978027 0.803711
vt 0.982910 0.812866
vt 0.982910 0.815918
vt 0.978027 0.815918
vt 0.982910 0.819092
vt 0.978027 0.819092
vt 0.982910 0.822266
vt 0.978027 0.822266
vt 0.982910 0.825317
vt 0.978027 0.825317
vt 0.982910 0.828491
vt 0.978027 0.828491
vt 0.982910 0.831543
vt 0.978027 0.831543
vt 0.978027 0.840698
vt 0.982910 0.840698
vt 0.850586 0.827881
vt 0.787598 0.827881
vt 0.787598 0.823486
vt 0.850586 0.823608
vt 0.787598 0.819214
vt 0.850586 0.819214
vt 0.787598 0.814819
vt 0.850586 0.814819
vt 0.787598 0.810425
vt 0.850586 0.810425
vt 0.787598 0.806030
vt 0.850586 0.806030
vt 0.787598 0.801636
vt 0.850586 0.801636
vt 0.787598 0.797119
vt 0.850586 0.797119
vt 0.787598 0.792847
vt 0.850586 0.792847
vt 0.097961 0.997574
vt 0.104675 0.995079
vt 0.104675 0.997574
vt 0.097961 0.995079
vt 0.091187 0.997574
vt 0.091187 0.995079
vt 0.084473 0.997574
vt 0.084473 0.995079
vt 0.077881 0.997574
vt 0.077881 0.995079
vt 0.071167 0.997574
vt 0.071167 0.995079
vt 0.064453 0.997574
vt 0.064453 0.995079
vt 0.868652 0.822876
vt 0.862305 0.834351
vt 0.862305 0.822876
vt 0.868652 0.843018
vt 0.848145 0.843018
vt 0.848145 0.834351
vt 0.921875 0.949402
vt 0.910645 0.949402
vt 0.910645 0.942932
vt 0.930664 0.942932
vt 0.921875 0.969162
vt 0.930664 0.975861
vt 0.910645 0.975861
vt 0.910645 0.969162
vt 0.997559 0.781006
vt 0.984863 0.788696
vt 0.984863 0.781006
vt 0.997559 0.788696
vt 0.984863 0.796265
vt 0.997559 0.796265
vt 0.997559 0.803955
vt 0.984863 0.803955
vt 0.997559 0.811523
vt 0.984863 0.811523
vt 0.997559 0.819336
vt 0.984863 0.819336
vt 0.984863 0.826904
vt 0.997559 0.826904
vt 0.853027 0.991325
vt 0.830566 0.988243
vt 0.856934 0.988243
vt 0.859863 0.984390
vt 0.861816 0.979874
vt 0.827637 0.984390
vt 0.862793 0.975037
vt 0.861816 0.970184
vt 0.859863 0.965698
vt 0.825684 0.979874
vt 0.856934 0.961731
vt 0.853027 0.958740
vt 0.848633 0.956879
vt 0.843750 0.956207
vt 0.838867 0.956879
vt 0.834473 0.958740
vt 0.830566 0.961731
vt 0.827637 0.965698
vt 0.825684 0.970184
vt 0.825195 0.975037
vt 0.834473 0.991325
vt 0.838867 0.993195
vt 0.843750 0.993748
vt 0.848633 0.993195
vt 0.908203 0.953766
vt 0.908203 0.973511
vt 0.903809 0.973511
vt 0.903809 0.953766
vt 0.899902 0.973511
vt 0.899902 0.953766
vt 0.895996 0.973511
vt 0.895996 0.953766
vt 0.892090 0.973511
vt 0.892090 0.953766
vt 0.888184 0.973511
vt 0.888184 0.953766
vt 0.884277 0.973511
vt 0.884277 0.953766
vt 0.880371 0.973511
vt 0.880371 0.953766
vt 0.875977 0.973511
vt 0.875977 0.953766
vt 0.043793 0.836670
vt 0.044525 0.838135
vt 0.042755 0.838257
vt 0.040924 0.837524
vt 0.040985 0.838257
vt 0.039215 0.838257
vt 0.039246 0.841309
vt 0.041016 0.841309
vt 0.042786 0.841309
vt 0.044525 0.841309
vt 0.039612 0.828125
vt 0.037994 0.828857
vt 0.037231 0.827148
vt 0.035675 0.828857
vt 0.037018 0.829834
vt 0.035492 0.831421
vt 0.034576 0.830811
vt 0.034302 0.832642
vt 0.033844 0.832642
vt 0.033539 0.832153
vt 0.033447 0.830200
vt 0.043945 0.833130
vt 0.034119 0.827759
vt 0.036377 0.825195
vt 0.039551 0.826050
vt 0.042755 0.826416
vt 0.042419 0.828735
vt 0.045593 0.828735
vt 0.043854 0.830811
vt 0.046265 0.831909
vt 0.046875 0.835693
vt 0.046326 0.838257
vt 0.046265 0.841309
vt 0.048767 0.830811
vt 0.047485 0.826538
vt 0.043182 0.823975
vt 0.039459 0.823853
vt 0.970215 0.971817
vt 0.970215 0.971100
vt 0.972168 0.971954
vt 0.968750 0.971680
vt 0.967773 0.970016
vt 0.967773 0.966400
vt 0.965332 0.965118
vt 0.968262 0.964020
vt 0.966309 0.961914
vt 0.969727 0.961975
vt 0.969238 0.959686
vt 0.972656 0.961273
vt 0.972168 0.959198
vt 0.974609 0.960052
vt 0.974121 0.961853
vt 0.976563 0.961609
vt 0.975586 0.962769
vt 0.978027 0.963409
vt 0.977051 0.964172
vt 0.978516 0.965027
vt 0.979004 0.964966
vt 0.979980 0.964264
vt 0.980469 0.964752
vt 0.979004 0.964447
vt 0.979492 0.962341
vt 0.979004 0.962616
vt 0.978516 0.959839
vt 0.978027 0.960327
vt 0.976074 0.957397
vt 0.975586 0.958069
vt 0.972656 0.956207
vt 0.972168 0.957001
vt 0.968750 0.957214
vt 0.964355 0.959747
vt 0.962891 0.963776
vt 0.964844 0.968811
vt 0.966797 0.971420
vt 0.968262 0.956482
vt 0.963867 0.959290
vt 0.962402 0.963745
vt 0.963379 0.969116
vt 0.964844 0.971451
vt 0.964844 0.974518
vt 0.966309 0.974594
vt 0.968262 0.974762
vt 0.970215 0.974930
vt 0.971680 0.975082
vt 0.739746 0.223145
vt 0.742676 0.222656
vt 0.737793 0.225586
vt 0.736816 0.228027
vt 0.745605 0.223145
vt 0.747559 0.225586
vt 0.748047 0.228027
vt 0.748047 0.239258
vt 0.736816 0.239258
vt 0.636719 0.375488
vt 0.638672 0.377441
vt 0.633789 0.374512
vt 0.630859 0.375488
vt 0.628906 0.377441
vt 0.628418 0.380371
vt 0.639648 0.380371
vt 0.639648 0.391113
vt 0.628418 0.391113
vt 0.680664 0.226074
vt 0.682129 0.229004
vt 0.677734 0.224121
vt 0.674316 0.224121
vt 0.671387 0.226074
vt 0.669434 0.229004
vt 0.669434 0.231934
vt 0.671387 0.234863
vt 0.674316 0.236816
vt 0.677734 0.236816
vt 0.680664 0.234863
vt 0.682129 0.231934
vt 0.000492 0.142090
vt 0.012276 0.148438
vt 0.000492 0.148438
vt 0.012276 0.142090
vt 0.015038 0.148438
vt 0.015038 0.142090
vt 0.820313 0.148438
vt 0.820313 0.142090
vt 0.015038 0.136230
vt 0.820313 0.136230
vt 0.015038 0.129883
vt 0.820313 0.129883
vt 0.015038 0.123535
vt 0.820313 0.123535
vt 0.015038 0.117676
vt 0.820313 0.117676
vt 0.015038 0.111328
vt 0.820313 0.111328
vt 0.015038 0.105469
vt 0.820313 0.105469
vt 0.015038 0.099121
vt 0.820313 0.099121
vt 0.015038 0.093262
vt 0.820313 0.093262
vt 0.015038 0.086914
vt 0.820313 0.086914
vt 0.015038 0.080566
vt 0.820313 0.080566
vt 0.015038 0.074707
vt 0.820313 0.074707
vt 0.015038 0.068359
vt 0.820313 0.068359
vt 0.015038 0.062012
vt 0.820313 0.062012
vt 0.015038 0.056152
vt 0.820313 0.056152
vt 0.015038 0.049805
vt 0.820313 0.049805
vt 0.015038 0.043945
vt 0.820313 0.043945
vt 0.000492 0.037598
vt 0.012276 0.043945
vt 0.000492 0.043945
vt 0.000492 0.049805
vt 0.012276 0.049805
vt 0.012276 0.056152
vt 0.000492 0.056152
vt 0.012276 0.062012
vt 0.000492 0.062012
vt 0.012276 0.068359
vt 0.000492 0.068359
vt 0.012276 0.074707
vt 0.000492 0.074707
vt 0.012276 0.037598
vt 0.000492 0.031250
vt 0.015038 0.031250
vt 0.820313 0.031250
vt 0.820313 0.037598
vt 0.015038 0.025391
vt 0.820313 0.025391
vt 0.012276 0.031250
vt 0.015038 0.037598
vt 0.012276 0.025391
vt 0.000492 0.025391
vt 0.000492 0.019043
vt 0.012276 0.019043
vt 0.015038 0.019043
vt 0.820313 0.019043
vt 0.015038 0.013184
vt 0.820313 0.013184
vt 0.015038 0.006836
vt 0.820313 0.006836
vt 0.015038 0.000977
vt 0.820313 0.000977
vt 0.012276 0.000977
vt 0.012276 0.006836
vt 0.012276 0.013184
vt 0.000492 0.013184
vt 0.000492 0.006836
vt 0.000492 0.000977
vt 0.130981 0.583252
vt 0.130981 0.585938
vt 0.128418 0.585938
vt 0.128418 0.583252
vt 0.025085 0.692139
vt 0.025085 0.689697
vt 0.027618 0.689697
vt 0.027618 0.692139
vt 0.865234 0.939972
vt 0.865234 0.954132
vt 0.858398 0.954132
vt 0.858398 0.939972
vt 0.852539 0.954132
vt 0.852539 0.939972
vt 0.846191 0.954132
vt 0.846191 0.939972
vt 0.839844 0.954132
vt 0.839844 0.939972
vt 0.833496 0.954132
vt 0.833496 0.939972
vt 0.827148 0.954132
vt 0.827148 0.939972
vt 0.035919 0.644775
vt 0.035919 0.642334
vt 0.042633 0.642334
vt 0.042633 0.644775
vt 0.049347 0.642334
vt 0.049347 0.644775
vt 0.056030 0.642334
vt 0.056030 0.644775
vt 0.062744 0.642334
vt 0.062744 0.644775
vt 0.069458 0.642334
vt 0.069458 0.644775
vt 0.076172 0.642334
vt 0.076172 0.644775
vt 0.039978 0.674316
vt 0.039978 0.677002
vt 0.037384 0.677002
vt 0.037384 0.674316
vt 0.082153 0.636230
vt 0.082153 0.633545
vt 0.084656 0.633545
vt 0.084656 0.636230
vt 0.890137 0.950989
vt 0.887695 0.950989
vt 0.887695 0.921448
vt 0.890137 0.915894
vt 0.915527 0.919556
vt 0.915527 0.884399
vt 0.918457 0.890015
vt 0.918457 0.919556
vt 0.920410 0.914612
vt 0.920410 0.879456
vt 0.923340 0.885010
vt 0.923340 0.914612
vt 0.895020 0.950989
vt 0.892578 0.950989
vt 0.892578 0.921448
vt 0.895020 0.915894
vt 0.663574 0.564453
vt 0.663574 0.560059
vt 0.693359 0.560059
vt 0.693359 0.564453
vt 0.207153 0.564697
vt 0.233398 0.564697
vt 0.233398 0.568848
vt 0.207153 0.568848
vt 0.334717 0.920837
vt 0.308838 0.920837
vt 0.306885 0.910950
vt 0.336426 0.910950
vt 0.481689 0.783569
vt 0.511230 0.783569
vt 0.509277 0.793335
vt 0.483398 0.793335
vt 0.839844 0.067871
vt 0.825684 0.067871
vt 0.825684 0.057129
vt 0.839844 0.057129
vt 0.825684 0.045410
vt 0.839844 0.045410
vt 0.825684 0.039063
vt 0.839844 0.039063
vt 0.825684 0.032715
vt 0.839844 0.032715
vt 0.825684 0.026367
vt 0.839844 0.026367
vt 0.825684 0.020020
vt 0.839844 0.020020
vt 0.825684 0.013672
vt 0.839844 0.013672
vt 0.825684 0.007324
vt 0.839844 0.007324
vt 0.825684 0.000977
vt 0.839844 0.000977
vt 0.839844 0.153320
vt 0.825684 0.153320
vt 0.825684 0.143066
vt 0.839844 0.143066
vt 0.825684 0.130371
vt 0.839844 0.130371
vt 0.825684 0.122070
vt 0.839844 0.122070
vt 0.825684 0.113770
vt 0.839844 0.113770
vt 0.825684 0.105469
vt 0.839844 0.105469
vt 0.825684 0.097168
vt 0.839844 0.097168
vt 0.825684 0.088867
vt 0.839844 0.088867
vt 0.825684 0.080566
vt 0.839844 0.080566
vt 0.839844 0.222656
vt 0.825684 0.222656
vt 0.825684 0.216309
vt 0.839844 0.216309
vt 0.825684 0.209961
vt 0.839844 0.209961
vt 0.825684 0.203613
vt 0.839844 0.203613
vt 0.825684 0.197266
vt 0.839844 0.197266
vt 0.825684 0.190918
vt 0.839844 0.190918
vt 0.825684 0.184570
vt 0.839844 0.184570
vt 0.825684 0.178223
vt 0.839844 0.178223
vt 0.825684 0.171875
vt 0.839844 0.171875
vt 0.825684 0.165527
vt 0.839844 0.165527
vt 0.499023 0.950317
vt 0.499023 0.945404
vt 0.505859 0.945404
vt 0.505859 0.950317
vt 0.513184 0.945404
vt 0.513184 0.950317
vt 0.520508 0.945404
vt 0.520508 0.950317
vt 0.527832 0.945404
vt 0.527832 0.950317
vt 0.535156 0.945404
vt 0.535156 0.950317
vt 0.542480 0.945404
vt 0.542480 0.950317
vt 0.549805 0.945404
vt 0.549805 0.950317
vt 0.556641 0.945404
vt 0.556641 0.950317
vt 0.563965 0.945404
vt 0.563965 0.950317
vt 0.477295 0.950317
vt 0.477295 0.945404
vt 0.484375 0.945404
vt 0.484375 0.950317
vt 0.491699 0.945404
vt 0.491699 0.950317
vt 0.875488 0.187500
vt 0.873047 0.195313
vt 0.872559 0.187500
vt 0.875977 0.195313
vt 0.877930 0.187500
vt 0.878418 0.195313
vt 0.880859 0.187012
vt 0.881348 0.194824
vt 0.883301 0.187012
vt 0.884277 0.194336
vt 0.884277 0.195801
vt 0.881836 0.196777
vt 0.878906 0.196777
vt 0.875977 0.197266
vt 0.873047 0.197266
vt 0.870117 0.197266
vt 0.870117 0.195313
vt 0.867188 0.197266
vt 0.865234 0.217773
vt 0.860352 0.217285
vt 0.870117 0.217773
vt 0.874512 0.217773
vt 0.879395 0.217285
vt 0.883789 0.216797
vt 0.888672 0.215820
vt 0.893555 0.213867
vt 0.886719 0.195313
vt 0.887207 0.193848
vt 0.886230 0.186523
vt 0.897949 0.211914
vt 0.880859 0.185547
vt 0.882813 0.000977
vt 0.883301 0.185059
vt 0.880371 0.000977
vt 0.878418 0.185547
vt 0.877930 0.000977
vt 0.875488 0.185547
vt 0.875488 0.000977
vt 0.873047 0.185547
vt 0.873047 0.000977
vt 0.870605 0.185547
vt 0.870605 0.000977
vt 0.867676 0.185547
vt 0.867676 0.000977
vt 0.865234 0.185547
vt 0.865234 0.000977
vt 0.862793 0.185547
vt 0.862793 0.000977
vt 0.859863 0.185547
vt 0.860352 0.000977
vt 0.867676 0.187500
vt 0.864746 0.187500
vt 0.870117 0.187500
vt 0.885742 0.185059
vt 0.885742 0.000977
vt 0.862305 0.187500
vt 0.858398 0.194824
vt 0.859375 0.187012
vt 0.861328 0.195313
vt 0.864258 0.195313
vt 0.867188 0.195313
vt 0.864258 0.197266
vt 0.861328 0.196777
vt 0.858398 0.196289
vt 0.855469 0.195801
vt 0.855957 0.194336
vt 0.856934 0.187012
vt 0.857422 0.185059
vt 0.857910 0.000977
vt 0.854980 0.185059
vt 0.854004 0.186035
vt 0.852539 0.193359
vt 0.853027 0.194824
vt 0.841797 0.211426
vt 0.846191 0.213867
vt 0.851074 0.215332
vt 0.855957 0.216797
vt 0.854980 0.000977
vt 0.267578 0.779053
vt 0.277588 0.779053
vt 0.277588 0.782715
vt 0.267578 0.782715
vt 0.277588 0.785522
vt 0.267578 0.785522
vt 0.277588 0.788452
vt 0.267578 0.788452
vt 0.277588 0.791138
vt 0.267578 0.791138
vt 0.277588 0.794067
vt 0.267578 0.794067
vt 0.277588 0.796875
vt 0.267578 0.796875
vt 0.277588 0.799683
vt 0.267578 0.799683
vt 0.277588 0.803345
vt 0.267578 0.803345
vt 0.585449 0.546387
vt 0.590332 0.548096
vt 0.585449 0.548096
vt 0.590332 0.546387
vt 0.585449 0.544678
vt 0.590332 0.544678
vt 0.585449 0.542969
vt 0.590332 0.542969
vt 0.585449 0.541260
vt 0.590332 0.541260
vt 0.585449 0.539551
vt 0.590332 0.539551
vt 0.585449 0.537842
vt 0.590332 0.537842
vt 0.585449 0.536133
vt 0.590332 0.536133
vt 0.585449 0.534424
vt 0.590332 0.534424
vt 0.585449 0.532715
vt 0.590332 0.532715
vt 0.585449 0.551758
vt 0.590332 0.553467
vt 0.585449 0.553467
vt 0.590332 0.551758
vt 0.585449 0.550049
vt 0.590332 0.550049
vt 0.986816 0.317871
vt 0.973633 0.305176
vt 0.986816 0.305176
vt 0.973633 0.317871
vt 0.972656 0.321777
vt 0.987793 0.321777
vt 0.987793 0.329590
vt 0.972656 0.329590
vt 0.951172 0.683350
vt 0.977539 0.685791
vt 0.951172 0.685791
vt 0.977539 0.683350
vt 0.951172 0.680664
vt 0.977539 0.680664
vt 0.951172 0.678467
vt 0.977539 0.678467
vt 0.951172 0.675781
vt 0.977539 0.675781
vt 0.951172 0.673340
vt 0.977539 0.673340
vt 0.951172 0.670898
vt 0.977539 0.670898
vt 0.951172 0.668457
vt 0.977539 0.668457
vt 0.951172 0.666016
vt 0.977539 0.666016
vt 0.951172 0.663574
vt 0.977539 0.663574
vt 0.951172 0.690674
vt 0.977539 0.693115
vt 0.951172 0.693115
vt 0.977539 0.690674
vt 0.951172 0.688232
vt 0.977539 0.688232
vt 0.077820 0.981308
vt 0.065430 0.988007
vt 0.065430 0.981308
vt 0.077820 0.988007
vt 0.081665 0.981308
vt 0.081665 0.988007
vt 0.089600 0.981308
vt 0.089600 0.988007
vt 0.460205 0.515625
vt 0.460205 0.552734
vt 0.450439 0.552734
vt 0.469727 0.515625
vt 0.469727 0.552734
vt 0.479492 0.515625
vt 0.479492 0.552734
vt 0.489014 0.515625
vt 0.479492 0.512451
vt 0.489014 0.512451
vt 0.479492 0.497559
vt 0.469727 0.497559
vt 0.469727 0.512451
vt 0.460205 0.497559
vt 0.460205 0.512451
vt 0.450439 0.497559
vt 0.450439 0.512451
vt 0.440918 0.497559
vt 0.440918 0.512451
vt 0.431152 0.497559
vt 0.450439 0.515625
vt 0.440918 0.515625
vt 0.373291 0.552734
vt 0.383057 0.515625
vt 0.383057 0.552734
vt 0.392578 0.515625
vt 0.392578 0.552734
vt 0.402344 0.515625
vt 0.402344 0.552734
vt 0.411865 0.515625
vt 0.411865 0.552734
vt 0.421631 0.515625
vt 0.421631 0.552734
vt 0.431152 0.515625
vt 0.431152 0.552734
vt 0.440918 0.552734
vt 0.431152 0.512451
vt 0.421631 0.512451
vt 0.411865 0.512451
vt 0.402344 0.512451
vt 0.392578 0.512451
vt 0.383057 0.512451
vt 0.373291 0.512451
vt 0.363770 0.512451
vt 0.421631 0.497559
vt 0.411865 0.497559
vt 0.402344 0.497559
vt 0.411865 0.478516
vt 0.421631 0.478516
vt 0.431152 0.478516
vt 0.440918 0.478516
vt 0.450439 0.478516
vt 0.460205 0.478516
vt 0.469727 0.478516
vt 0.479492 0.478516
vt 0.489014 0.497559
vt 0.527344 0.512451
vt 0.518066 0.497559
vt 0.527344 0.497559
vt 0.537109 0.512451
vt 0.537109 0.497559
vt 0.546875 0.512451
vt 0.546875 0.497559
vt 0.556641 0.512451
vt 0.556641 0.497559
vt 0.556641 0.478516
vt 0.546875 0.478516
vt 0.537109 0.478516
vt 0.527344 0.478516
vt 0.518066 0.478516
vt 0.508301 0.478516
vt 0.489014 0.478516
vt 0.498779 0.478516
vt 0.498779 0.497559
vt 0.508301 0.497559
vt 0.518066 0.512451
vt 0.527344 0.515625
vt 0.537109 0.515625
vt 0.546875 0.515625
vt 0.556641 0.515625
vt 0.508301 0.512451
vt 0.518066 0.515625
vt 0.508301 0.515625
vt 0.498779 0.515625
vt 0.498779 0.512451
vt 0.489014 0.552734
vt 0.498779 0.552734
vt 0.508301 0.552734
vt 0.518066 0.552734
vt 0.527344 0.552734
vt 0.537109 0.552734
vt 0.546875 0.552734
vt 0.556641 0.552734
vt 0.558594 0.543701
vt 0.558594 0.537109
vt 0.565430 0.537109
vt 0.565430 0.543701
vt 0.926270 0.171875
vt 0.926270 0.178711
vt 0.919434 0.178711
vt 0.919434 0.171875
vt 0.693848 0.329590
vt 0.682129 0.329590
vt 0.682129 0.323242
vt 0.693848 0.323242
vt 0.733887 0.287598
vt 0.745605 0.287598
vt 0.745605 0.294434
vt 0.733887 0.294434
vt 0.848145 0.164551
vt 0.848145 0.175781
vt 0.841797 0.175781
vt 0.841797 0.164551
vt 0.031494 0.985313
vt 0.031494 0.973923
vt 0.037994 0.973923
vt 0.037994 0.985313
vt 0.503418 0.960632
vt 0.503418 0.987610
vt 0.386230 0.987610
vt 0.386230 0.960632
vt 0.627930 0.177246
vt 0.621094 0.177246
vt 0.621094 0.150391
vt 0.627930 0.150391
vt 0.765625 0.247559
vt 0.765625 0.274902
vt 0.654785 0.274902
vt 0.654785 0.247559
vt 0.225708 0.582031
vt 0.212524 0.582031
vt 0.212524 0.575439
vt 0.225708 0.575439
vt 0.723633 0.329590
vt 0.723145 0.326660
vt 0.725586 0.331543
vt 0.728516 0.332031
vt 0.731445 0.331543
vt 0.733398 0.329590
vt 0.733887 0.326660
vt 0.733887 0.323242
vt 0.723145 0.323242
vt 0.091797 0.977905
vt 0.089783 0.975937
vt 0.094482 0.978668
vt 0.097229 0.977905
vt 0.099182 0.975937
vt 0.089050 0.973206
vt 0.099976 0.973206
vt 0.089050 0.969498
vt 0.099976 0.969498
vt 0.979980 0.011230
vt 0.993164 0.011230
vt 0.993164 0.023438
vt 0.979980 0.023438
vt 0.979004 0.027344
vt 0.994141 0.027344
vt 0.994141 0.035156
vt 0.979004 0.035156
vt 0.983398 0.039551
vt 0.994629 0.036133
vt 0.991211 0.041504
vt 0.995605 0.036621
vt 0.997559 0.041504
vt 0.997559 0.036621
vt 0.270752 0.928650
vt 0.258301 0.935364
vt 0.258301 0.928650
vt 0.270752 0.935364
vt 0.274414 0.928650
vt 0.274414 0.935364
vt 0.282471 0.928650
vt 0.282471 0.935364
vt 0.288574 0.928650
vt 0.288574 0.935364
vt 0.297119 0.928650
vt 0.297119 0.935364
vt 0.303223 0.935364
vt 0.303223 0.928650
vt 0.977539 0.062500
vt 0.990723 0.074707
vt 0.977539 0.074707
vt 0.990723 0.062500
vt 0.991699 0.058594
vt 0.976563 0.058594
vt 0.976563 0.050781
vt 0.991699 0.050781
vt 0.980957 0.045898
vt 0.992188 0.049805
vt 0.989258 0.043945
vt 0.993164 0.049316
vt 0.995117 0.043945
vt 0.995117 0.049316
vt 0.978516 0.861572
vt 0.990723 0.854858
vt 0.990723 0.861572
vt 0.978516 0.854858
vt 0.974609 0.861572
vt 0.974609 0.854858
vt 0.966797 0.861572
vt 0.966797 0.854858
vt 0.965820 0.861572
vt 0.965820 0.854858
vt 0.964355 0.861572
vt 0.964355 0.854858
vt 0.962891 0.854858
vt 0.962891 0.861572
vt 0.957520 0.861572
vt 0.957520 0.854858
vt 0.082153 0.631348
vt 0.082153 0.624512
vt 0.095337 0.624512
vt 0.095337 0.631348
vt 0.879395 0.918945
vt 0.882324 0.918945
vt 0.879395 0.924988
vt 0.865723 0.935486
vt 0.866211 0.932373
vt 0.866211 0.938416
vt 0.868164 0.941162
vt 0.870117 0.943146
vt 0.868164 0.929626
vt 0.870117 0.927673
vt 0.879395 0.945801
vt 0.882324 0.951721
vt 0.885742 0.915894
vt 0.882324 0.915894
vt 0.879395 0.951721
vt 0.697754 0.616211
vt 0.710938 0.628662
vt 0.697754 0.628662
vt 0.710938 0.616211
vt 0.711914 0.612305
vt 0.696777 0.612305
vt 0.696777 0.604492
vt 0.711914 0.604492
vt 0.951172 0.720215
vt 0.965332 0.728760
vt 0.951172 0.728760
vt 0.971680 0.720215
vt 0.971680 0.739990
vt 0.965332 0.739990
vt 0.958008 0.942902
vt 0.944336 0.942902
vt 0.958008 0.936340
vt 0.944336 0.909973
vt 0.958008 0.916504
vt 0.964844 0.936340
vt 0.964844 0.916504
vt 0.958008 0.909973
vt 0.562500 0.491699
vt 0.558594 0.485352
vt 0.562500 0.478516
vt 0.570313 0.491699
vt 0.570313 0.478516
vt 0.574219 0.485352
vt 0.645020 0.385254
vt 0.652344 0.385254
vt 0.641113 0.391602
vt 0.645020 0.398438
vt 0.652344 0.398438
vt 0.656250 0.391602
vt 0.239624 0.863892
vt 0.237915 0.863770
vt 0.241089 0.863159
vt 0.242188 0.861694
vt 0.242188 0.859985
vt 0.236450 0.862793
vt 0.241455 0.858398
vt 0.235718 0.861328
vt 0.239990 0.857422
vt 0.238281 0.857300
vt 0.236816 0.858154
vt 0.235718 0.859497
vt 0.265381 0.820190
vt 0.277588 0.813599
vt 0.277588 0.820190
vt 0.265381 0.813599
vt 0.261230 0.820190
vt 0.261230 0.813599
vt 0.253418 0.820190
vt 0.253418 0.813599
vt 0.923828 0.854614
vt 0.946777 0.851563
vt 0.920898 0.858398
vt 0.919434 0.863037
vt 0.918457 0.867920
vt 0.950684 0.854614
vt 0.919434 0.872803
vt 0.920898 0.877319
vt 0.923828 0.881287
vt 0.954102 0.858398
vt 0.927734 0.884399
vt 0.932617 0.886230
vt 0.937500 0.886780
vt 0.955566 0.863037
vt 0.942383 0.886169
vt 0.946777 0.884277
vt 0.950684 0.881287
vt 0.954102 0.877319
vt 0.955566 0.872803
vt 0.956543 0.867920
vt 0.942383 0.849609
vt 0.937500 0.848999
vt 0.932617 0.849609
vt 0.928223 0.851563
vt 0.613770 0.966858
vt 0.612793 0.969925
vt 0.612793 0.963867
vt 0.611328 0.961121
vt 0.609375 0.959137
vt 0.611328 0.972672
vt 0.609375 0.974655
vt 0.600098 0.956390
vt 0.600098 0.977295
vt 0.597168 0.983246
vt 0.600098 0.983246
vt 0.593750 0.947357
vt 0.597168 0.947357
vt 0.597168 0.950439
vt 0.600098 0.950439
vt 0.593750 0.986328
vt 0.597168 0.986328
vt 0.583496 0.756592
vt 0.479492 0.752441
vt 0.553711 0.752563
vt 0.583496 0.752563
vt 0.553711 0.748535
vt 0.583496 0.748535
vt 0.553711 0.744385
vt 0.583496 0.744385
vt 0.553711 0.740234
vt 0.583496 0.740234
vt 0.553711 0.736084
vt 0.583496 0.736084
vt 0.553711 0.732178
vt 0.583496 0.732178
vt 0.553711 0.728027
vt 0.583496 0.728027
vt 0.583496 0.723877
vt 0.479492 0.727783
vt 0.447266 0.752441
vt 0.447266 0.748291
vt 0.479492 0.748291
vt 0.447266 0.744385
vt 0.479492 0.744385
vt 0.447266 0.740234
vt 0.479492 0.740234
vt 0.447266 0.736084
vt 0.479492 0.736084
vt 0.447266 0.731934
vt 0.479492 0.731934
vt 0.447266 0.727783
vt 0.447266 0.723877
vt 0.447266 0.719727
vt 0.583496 0.719727
vt 0.447266 0.715576
vt 0.583496 0.715576
vt 0.479492 0.789063
vt 0.447266 0.785034
vt 0.479492 0.785034
vt 0.447266 0.781006
vt 0.479492 0.781128
vt 0.447266 0.776978
vt 0.531250 0.781128
vt 0.583496 0.777100
vt 0.447266 0.772827
vt 0.583496 0.772949
vt 0.447266 0.768799
vt 0.583496 0.768921
vt 0.447266 0.764771
vt 0.583496 0.764893
vt 0.447266 0.760498
vt 0.583496 0.760742
vt 0.447266 0.756470
vt 0.553711 0.785034
vt 0.531250 0.784912
vt 0.531250 0.797119
vt 0.531250 0.793213
vt 0.553711 0.793213
vt 0.583496 0.781128
vt 0.583496 0.785156
vt 0.553711 0.789063
vt 0.583496 0.789063
vt 0.583496 0.793091
vt 0.583496 0.797119
vt 0.583496 0.801147
vt 0.447266 0.801025
vt 0.479492 0.796997
vt 0.447266 0.797119
vt 0.479492 0.793091
vt 0.447266 0.792969
vt 0.447266 0.789063
vt 0.583496 0.813354
vt 0.447266 0.813354
vt 0.447266 0.809326
vt 0.583496 0.809326
vt 0.447266 0.805298
vt 0.583496 0.805298
vt 0.898926 0.187500
vt 0.973145 0.187500
vt 0.973145 0.209961
vt 0.898926 0.209961
vt 0.581543 0.509521
vt 0.583496 0.510498
vt 0.579590 0.509521
vt 0.577637 0.510498
vt 0.576660 0.512451
vt 0.576660 0.514648
vt 0.577637 0.516357
vt 0.579590 0.517578
vt 0.581543 0.517578
vt 0.584473 0.512451
vt 0.583496 0.516357
vt 0.584473 0.514648
vt 0.532227 0.554688
vt 0.534180 0.555908
vt 0.530273 0.554688
vt 0.528320 0.555908
vt 0.527344 0.557617
vt 0.527344 0.559814
vt 0.528320 0.561768
vt 0.530273 0.562744
vt 0.532227 0.562744
vt 0.535156 0.557617
vt 0.534180 0.561768
vt 0.535156 0.559814
vt 0.474365 0.996260
vt 0.467773 0.996260
vt 0.474365 0.989670
vt 0.357178 0.989670
vt 0.357178 0.996260
vt 0.915527 0.866577
vt 0.904297 0.893921
vt 0.913086 0.860718
vt 0.909180 0.855591
vt 0.904297 0.851807
vt 0.898438 0.849365
vt 0.892090 0.848511
vt 0.885742 0.849365
vt 0.879883 0.851807
vt 0.898438 0.896301
vt 0.875000 0.855591
vt 0.871094 0.860718
vt 0.868652 0.866577
vt 0.867676 0.872803
vt 0.868652 0.879028
vt 0.871094 0.885010
vt 0.875000 0.889954
vt 0.879883 0.893921
vt 0.885742 0.896301
vt 0.892090 0.897095
vt 0.909180 0.889954
vt 0.913086 0.885010
vt 0.915527 0.879028
vt 0.916504 0.872803
vt 0.690918 0.296387
vt 0.690918 0.299316
vt 0.660645 0.296387
vt 0.660645 0.310547
vt 0.690918 0.308105
vt 0.690918 0.310547
vt 0.727539 0.296387
vt 0.757813 0.296387
vt 0.727539 0.299316
vt 0.727539 0.310547
vt 0.727539 0.308105
vt 0.757813 0.310547
vt 0.721680 0.308105
vt 0.721680 0.299316
vt 0.715332 0.308105
vt 0.715332 0.299316
vt 0.709473 0.308105
vt 0.709473 0.299316
vt 0.703125 0.308105
vt 0.703125 0.299316
vt 0.696777 0.308105
vt 0.696777 0.299316
vt 0.860840 0.901428
vt 0.857422 0.930786
vt 0.857422 0.896362
vt 0.852051 0.892517
vt 0.846191 0.890076
vt 0.852051 0.934631
vt 0.839844 0.889282
vt 0.833984 0.890076
vt 0.827637 0.892517
vt 0.822754 0.896362
vt 0.818848 0.901428
vt 0.816406 0.907349
vt 0.815918 0.913635
vt 0.816406 0.919861
vt 0.818848 0.925720
vt 0.822754 0.930786
vt 0.827637 0.934631
vt 0.833984 0.937073
vt 0.839844 0.937927
vt 0.846191 0.937073
vt 0.860840 0.925720
vt 0.863281 0.919861
vt 0.864258 0.913635
vt 0.863281 0.907349
vt 0.196533 0.633545
vt 0.195801 0.631104
vt 0.198364 0.635254
vt 0.200562 0.636475
vt 0.203125 0.636475
vt 0.195923 0.628418
vt 0.197144 0.626221
vt 0.198975 0.624512
vt 0.201416 0.623535
vt 0.203979 0.623779
vt 0.206177 0.625000
vt 0.207886 0.626953
vt 0.208740 0.629150
vt 0.208618 0.631836
vt 0.207397 0.634033
vt 0.205444 0.635986
vt 0.114075 0.785278
vt 0.115967 0.786865
vt 0.111633 0.784546
vt 0.109131 0.784668
vt 0.106812 0.785767
vt 0.105042 0.787720
vt 0.104309 0.790161
vt 0.104492 0.792603
vt 0.105591 0.794800
vt 0.117126 0.789185
vt 0.117249 0.791748
vt 0.116516 0.794189
vt 0.114746 0.796021
vt 0.112427 0.797241
vt 0.109924 0.797363
vt 0.107483 0.796631
vt 0.006767 0.875549
vt 0.000492 0.889648
vt 0.000492 0.875549
vt 0.006767 0.889648
vt 0.013153 0.875549
vt 0.013153 0.889648
vt 0.019547 0.875549
vt 0.019547 0.889648
vt 0.025818 0.875549
vt 0.025818 0.889648
vt 0.032196 0.875549
vt 0.032196 0.889648
vt 0.038605 0.875549
vt 0.038605 0.889648
vt 0.086609 0.875549
vt 0.086609 0.878174
vt 0.051270 0.875549
vt 0.086609 0.889648
vt 0.051270 0.889648
vt 0.086609 0.887085
vt 0.044861 0.875549
vt 0.044861 0.889648
vt 0.094116 0.878174
vt 0.094116 0.887085
vt 0.101563 0.878174
vt 0.101563 0.887085
vt 0.108948 0.878174
vt 0.108948 0.887085
vt 0.116455 0.878174
vt 0.116455 0.887085
vt 0.123962 0.878174
vt 0.123962 0.887085
vt 0.131470 0.878174
vt 0.131470 0.887085
vt 0.131470 0.889648
vt 0.166748 0.889648
vt 0.131470 0.875549
vt 0.166748 0.875549
vt 0.173096 0.875549
vt 0.173096 0.889648
vt 0.179443 0.875549
vt 0.179443 0.889648
vt 0.185791 0.875549
vt 0.185791 0.889648
vt 0.192261 0.875549
vt 0.192261 0.889648
vt 0.198486 0.875549
vt 0.198486 0.889648
vt 0.204834 0.875549
vt 0.204834 0.889648
vt 0.211304 0.875549
vt 0.211304 0.889648
vt 0.217529 0.875549
vt 0.217529 0.889648
vt 0.560059 0.186523
vt 0.562500 0.183594
vt 0.574707 0.186523
vt 0.563965 0.179688
vt 0.564453 0.175781
vt 0.574707 0.164551
vt 0.563965 0.171875
vt 0.562500 0.167969
vt 0.559570 0.164551
vt 0.279297 0.707520
vt 0.261719 0.700439
vt 0.283203 0.706055
vt 0.286377 0.703613
vt 0.260254 0.696533
vt 0.259766 0.692627
vt 0.289063 0.700439
vt 0.290527 0.696533
vt 0.291016 0.692627
vt 0.290527 0.688477
vt 0.289063 0.684570
vt 0.286377 0.681396
vt 0.283203 0.678955
vt 0.260254 0.688477
vt 0.279297 0.677246
vt 0.275391 0.676758
vt 0.271484 0.677246
vt 0.267578 0.678955
vt 0.264404 0.681396
vt 0.261719 0.684570
vt 0.264404 0.703613
vt 0.267578 0.706055
vt 0.271484 0.707520
vt 0.275391 0.708252
vt 0.958984 0.951935
vt 0.960938 0.958984
vt 0.954102 0.946869
vt 0.946777 0.944885
vt 0.939941 0.946869
vt 0.934570 0.951935
vt 0.932617 0.958984
vt 0.958984 0.966125
vt 0.934570 0.966125
vt 0.939941 0.971191
vt 0.946777 0.973175
vt 0.954102 0.971191
vt 0.142456 0.700195
vt 0.183960 0.717285
vt 0.138550 0.705078
vt 0.136108 0.710938
vt 0.135254 0.717285
vt 0.183105 0.723633
vt 0.136108 0.723633
vt 0.138550 0.729492
vt 0.180664 0.729492
vt 0.177246 0.740967
vt 0.141968 0.740967
vt 0.143433 0.751221
vt 0.175781 0.751221
vt 0.143677 0.764038
vt 0.175659 0.764038
vt 0.173462 0.772095
vt 0.167603 0.777954
vt 0.159546 0.780029
vt 0.151611 0.777954
vt 0.145752 0.772095
vt 0.183105 0.710938
vt 0.180664 0.705078
vt 0.176880 0.700195
vt 0.171753 0.696289
vt 0.165894 0.693848
vt 0.159546 0.693115
vt 0.153320 0.693848
vt 0.147461 0.696289
vt 0.956055 0.538818
vt 0.938477 0.530762
vt 0.974121 0.530762
vt 0.977051 0.519287
vt 0.935059 0.519287
vt 0.979492 0.513428
vt 0.932617 0.513428
vt 0.931641 0.507324
vt 0.980469 0.507324
vt 0.932617 0.500977
vt 0.935059 0.495117
vt 0.938965 0.490234
vt 0.943848 0.486328
vt 0.949707 0.483887
vt 0.956055 0.482910
vt 0.962402 0.483887
vt 0.968262 0.486328
vt 0.973633 0.490234
vt 0.977051 0.495117
vt 0.979492 0.500732
vt 0.942383 0.538818
vt 0.939941 0.541260
vt 0.948242 0.538818
vt 0.949219 0.541748
vt 0.943848 0.546875
vt 0.942383 0.553955
vt 0.940430 0.553955
vt 0.943848 0.561035
vt 0.963379 0.541748
vt 0.956055 0.539795
vt 0.942383 0.562012
vt 0.949219 0.566406
vt 0.948242 0.568115
vt 0.956055 0.568359
vt 0.956055 0.570313
vt 0.962891 0.566406
vt 0.963867 0.567871
vt 0.968262 0.561035
vt 0.969727 0.562012
vt 0.970215 0.553955
vt 0.972168 0.553955
vt 0.972168 0.541016
vt 0.968262 0.546875
vt 0.969727 0.538818
vt 0.964355 0.538818
vt 0.668457 0.704834
vt 0.673828 0.724854
vt 0.663086 0.726074
vt 0.673340 0.702637
vt 0.684082 0.720703
vt 0.672363 0.700684
vt 0.667969 0.702637
vt 0.663086 0.705566
vt 0.652344 0.724854
vt 0.684082 0.684814
vt 0.704590 0.684814
vt 0.703125 0.695313
vt 0.683105 0.690186
vt 0.699219 0.705322
vt 0.681152 0.695068
vt 0.692383 0.714111
vt 0.677734 0.699463
vt 0.676270 0.697754
vt 0.679199 0.675537
vt 0.663086 0.703125
vt 0.657715 0.704834
vt 0.652832 0.702881
vt 0.642578 0.720703
vt 0.681641 0.684814
vt 0.681152 0.679932
vt 0.681152 0.689453
vt 0.679199 0.693848
vt 0.683105 0.679443
vt 0.681152 0.674316
vt 0.676270 0.671631
vt 0.677734 0.669922
vt 0.672363 0.668701
vt 0.673340 0.666748
vt 0.667969 0.666992
vt 0.652832 0.666748
vt 0.642578 0.648682
vt 0.652344 0.644775
vt 0.657715 0.664551
vt 0.663086 0.643311
vt 0.663086 0.664063
vt 0.673828 0.644775
vt 0.668457 0.664551
vt 0.684082 0.648926
vt 0.692383 0.655518
vt 0.699219 0.664063
vt 0.703125 0.674072
vt 0.643066 0.690186
vt 0.623047 0.695313
vt 0.621582 0.684814
vt 0.627441 0.705322
vt 0.645020 0.695068
vt 0.645508 0.689453
vt 0.646973 0.693848
vt 0.642578 0.684814
vt 0.623047 0.674072
vt 0.633789 0.714111
vt 0.648438 0.699463
vt 0.650391 0.697754
vt 0.645020 0.684814
vt 0.643066 0.679443
vt 0.645020 0.674316
vt 0.627441 0.664063
vt 0.633789 0.655518
vt 0.648438 0.669922
vt 0.663086 0.666260
vt 0.658691 0.666992
vt 0.653809 0.668701
vt 0.650391 0.671631
vt 0.646973 0.675537
vt 0.645508 0.679932
vt 0.653809 0.700684
vt 0.658691 0.702637
vt 0.724609 0.221680
vt 0.724609 0.218262
vt 0.734375 0.218262
vt 0.709473 0.218262
vt 0.694824 0.221680
vt 0.709473 0.221680
vt 0.709473 0.225098
vt 0.694824 0.225098
vt 0.694824 0.228516
vt 0.684570 0.225098
vt 0.684570 0.221680
vt 0.684570 0.218262
vt 0.694824 0.218262
vt 0.724609 0.225098
vt 0.684570 0.238770
vt 0.694824 0.242188
vt 0.684570 0.242188
vt 0.684570 0.245605
vt 0.694824 0.245605
vt 0.709473 0.245605
vt 0.709473 0.242188
vt 0.684570 0.228516
vt 0.684570 0.231934
vt 0.694824 0.231934
vt 0.724609 0.242188
vt 0.709473 0.238770
vt 0.694824 0.238770
vt 0.694824 0.235352
vt 0.684570 0.235352
vt 0.709473 0.231934
vt 0.709473 0.228516
vt 0.724609 0.228516
vt 0.734375 0.225098
vt 0.734375 0.221680
vt 0.734375 0.238770
vt 0.724609 0.235352
vt 0.734375 0.235352
vt 0.734375 0.231934
vt 0.724609 0.231934
vt 0.734375 0.228516
vt 0.709473 0.235352
vt 0.724609 0.238770
vt 0.734375 0.242188
vt 0.734375 0.245605
vt 0.724609 0.245605
vt 0.574219 0.563965
vt 0.576660 0.566406
vt 0.570801 0.563232
vt 0.567383 0.563965
vt 0.564941 0.566406
vt 0.577637 0.569824
vt 0.564453 0.569824
vt 0.563477 0.569824
vt 0.563477 0.574219
vt 0.563965 0.574219
vt 0.577637 0.574219
vt 0.578613 0.574219
vt 0.578613 0.569824
vt 0.577637 0.565918
vt 0.574707 0.563232
vt 0.570801 0.562012
vt 0.566895 0.563232
vt 0.564453 0.565918
vt 0.990723 0.092285
vt 0.992188 0.095215
vt 0.987305 0.095215
vt 0.990723 0.098145
vt 0.987305 0.099609
vt 0.984375 0.098145
vt 0.982910 0.095215
vt 0.984375 0.092285
vt 0.987305 0.090820
vt 0.714355 0.584473
vt 0.670898 0.583252
vt 0.668457 0.576660
vt 0.715820 0.587158
vt 0.671875 0.590088
vt 0.716309 0.590088
vt 0.715820 0.593262
vt 0.670898 0.597168
vt 0.714355 0.595947
vt 0.668457 0.603760
vt 0.711914 0.597900
vt 0.666504 0.611572
vt 0.664063 0.609375
vt 0.659668 0.616211
vt 0.658203 0.613281
vt 0.652344 0.619141
vt 0.651367 0.615967
vt 0.644531 0.620117
vt 0.644531 0.616699
vt 0.636719 0.619141
vt 0.637207 0.615967
vt 0.629395 0.616211
vt 0.630859 0.613281
vt 0.622559 0.611572
vt 0.625000 0.609375
vt 0.620605 0.603760
vt 0.577148 0.597900
vt 0.574707 0.595947
vt 0.617676 0.597168
vt 0.573242 0.593262
vt 0.617188 0.590088
vt 0.572754 0.590088
vt 0.573242 0.587158
vt 0.617676 0.583252
vt 0.574707 0.584473
vt 0.620605 0.576660
vt 0.577148 0.582275
vt 0.622559 0.568604
vt 0.625000 0.571045
vt 0.629395 0.563965
vt 0.630859 0.566650
vt 0.636719 0.561035
vt 0.637207 0.564209
vt 0.644531 0.560059
vt 0.644531 0.563477
vt 0.652344 0.561035
vt 0.651367 0.564209
vt 0.659668 0.563965
vt 0.658203 0.566650
vt 0.666504 0.568604
vt 0.664063 0.571045
vt 0.711914 0.582275
vt 0.980957 0.087891
vt 0.981445 0.087402
vt 0.984863 0.087891
vt 0.978027 0.085449
vt 0.979004 0.084961
vt 0.977051 0.081543
vt 0.978027 0.081543
vt 0.977051 0.077148
vt 0.978027 0.077148
vt 0.991211 0.077148
vt 0.991211 0.081543
vt 0.992188 0.077148
vt 0.992188 0.081543
vt 0.990723 0.084961
vt 0.991211 0.085449
vt 0.988770 0.087891
vt 0.988281 0.087402
vt 0.984863 0.088867
vt 0.010826 0.903076
vt 0.013123 0.982468
vt 0.010826 0.982468
vt 0.013123 0.987183
vt 0.010826 0.987183
vt 0.013123 0.991135
vt 0.010826 0.991135
vt 0.010826 0.995960
vt 0.013123 0.995960
vt 0.017181 0.991135
vt 0.017181 0.995960
vt 0.019485 0.991135
vt 0.019485 0.995960
vt 0.021790 0.995960
vt 0.021790 0.991135
vt 0.025848 0.995960
vt 0.025848 0.991135
vt 0.028152 0.995960
vt 0.028152 0.991135
vt 0.028152 0.987183
vt 0.017181 0.987183
vt 0.019485 0.899963
vt 0.017181 0.899963
vt 0.017181 0.895508
vt 0.017181 0.903076
vt 0.013123 0.903076
vt 0.017181 0.982468
vt 0.019485 0.987183
vt 0.021790 0.987183
vt 0.025848 0.987183
vt 0.028152 0.982468
vt 0.025848 0.982468
vt 0.028152 0.903076
vt 0.025848 0.903076
vt 0.028152 0.899963
vt 0.021790 0.982468
vt 0.021790 0.903076
vt 0.019485 0.982468
vt 0.019485 0.903076
vt 0.021790 0.899963
vt 0.025848 0.899963
vt 0.025848 0.895508
vt 0.021790 0.895508
vt 0.019485 0.895508
vt 0.028152 0.895508
vt 0.028152 0.891785
vt 0.025848 0.891785
vt 0.021790 0.891785
vt 0.019485 0.891785
vt 0.017181 0.891785
vt 0.013123 0.891785
vt 0.013123 0.895508
vt 0.013123 0.899963
vt 0.010826 0.891785
vt 0.010826 0.895508
vt 0.010826 0.899963
vt 0.843262 0.745605
vt 0.838867 0.745605
vt 0.843262 0.706787
vt 0.662598 0.924561
vt 0.661133 0.918457
vt 0.668945 0.918762
vt 0.663086 0.912231
vt 0.669434 0.914856
vt 0.670898 0.911560
vt 0.676270 0.912781
vt 0.676270 0.915771
vt 0.676270 0.918884
vt 0.669434 0.922424
vt 0.670898 0.925964
vt 0.666016 0.929199
vt 0.670898 0.931763
vt 0.683105 0.914856
vt 0.689453 0.912231
vt 0.691406 0.918457
vt 0.685059 0.907959
vt 0.681152 0.911560
vt 0.676270 0.905518
vt 0.679199 0.929443
vt 0.686035 0.929199
vt 0.681152 0.931763
vt 0.676270 0.932556
vt 0.672852 0.929443
vt 0.676270 0.928528
vt 0.681641 0.925964
vt 0.683105 0.922424
vt 0.689941 0.924561
vt 0.683594 0.918762
vt 0.666992 0.907959
vt 0.676270 0.921875
vt 0.676270 0.925110
vt 0.986328 0.597900
vt 0.986328 0.559082
vt 0.991211 0.559082
vt 0.801758 0.372070
vt 0.800293 0.366211
vt 0.808105 0.366211
vt 0.802246 0.359863
vt 0.808594 0.362305
vt 0.810059 0.358887
vt 0.815430 0.360352
vt 0.815430 0.363281
vt 0.815430 0.366211
vt 0.808594 0.370117
vt 0.810059 0.373535
vt 0.805664 0.376465
vt 0.810059 0.379395
vt 0.822266 0.362305
vt 0.828613 0.359863
vt 0.830566 0.366211
vt 0.824707 0.355469
vt 0.820801 0.358887
vt 0.815430 0.353027
vt 0.818848 0.376953
vt 0.825684 0.376465
vt 0.820801 0.379395
vt 0.815430 0.380371
vt 0.812012 0.376953
vt 0.815430 0.375977
vt 0.820801 0.373535
vt 0.822266 0.370117
vt 0.829102 0.372070
vt 0.822754 0.366211
vt 0.806152 0.355469
vt 0.815430 0.369629
vt 0.815430 0.372559
vt 0.035187 0.685547
vt 0.031982 0.682617
vt 0.035187 0.646240
vt 0.842773 0.785400
vt 0.842773 0.774170
vt 0.872070 0.774170
vt 0.872070 0.785400
vt 0.099548 0.866699
vt 0.099548 0.869873
vt 0.083679 0.869873
vt 0.083679 0.866699
vt 0.075500 0.869873
vt 0.075500 0.866699
vt 0.068359 0.869873
vt 0.068359 0.866699
vt 0.061920 0.869873
vt 0.061920 0.866699
vt 0.055481 0.869873
vt 0.055481 0.866699
vt 0.049042 0.869873
vt 0.049042 0.866699
vt 0.042572 0.869873
vt 0.042572 0.866699
vt 0.036133 0.869873
vt 0.036133 0.866699
vt 0.028046 0.869873
vt 0.028046 0.866699
vt 0.808105 0.150391
vt 0.816406 0.150391
vt 0.816406 0.153320
vt 0.808105 0.153320
vt 0.801758 0.153320
vt 0.801758 0.150391
vt 0.795410 0.153320
vt 0.795410 0.150391
vt 0.789063 0.153320
vt 0.789063 0.150391
vt 0.782715 0.153320
vt 0.782715 0.150391
vt 0.775879 0.153320
vt 0.775879 0.150391
vt 0.769043 0.150391
vt 0.769043 0.153320
vt 0.760742 0.150391
vt 0.760742 0.153320
vt 0.744629 0.150391
vt 0.744629 0.153320
vt 0.199829 0.746582
vt 0.196533 0.746582
vt 0.202759 0.744873
vt 0.204468 0.741943
vt 0.204468 0.738525
vt 0.202759 0.735596
vt 0.199829 0.733887
vt 0.196533 0.733887
vt 0.193604 0.735596
vt 0.191895 0.738525
vt 0.191895 0.741943
vt 0.193604 0.744873
vt 0.040344 0.923706
vt 0.040344 0.915405
vt 0.060425 0.915405
vt 0.060425 0.923706
vt 0.060425 0.930725
vt 0.040344 0.930725
vt 0.060425 0.937744
vt 0.040344 0.937744
vt 0.060425 0.944763
vt 0.040344 0.944763
vt 0.060425 0.951782
vt 0.040344 0.951782
vt 0.060425 0.958832
vt 0.040344 0.958832
vt 0.060425 0.966583
vt 0.040344 0.966583
vt 0.060425 0.975403
vt 0.040344 0.975403
vt 0.060425 0.990479
vt 0.040344 0.990479
vt 0.060425 0.895142
vt 0.040344 0.891785
vt 0.060425 0.891785
vt 0.040344 0.895142
vt 0.060425 0.898499
vt 0.040344 0.898499
vt 0.060425 0.901855
vt 0.040344 0.901855
vt 0.060425 0.905273
vt 0.040344 0.905273
vt 0.060425 0.908630
vt 0.040344 0.908630
vt 0.060425 0.911987
vt 0.040344 0.911987
vt 0.909180 0.106934
vt 0.909180 0.098633
vt 0.929199 0.098633
vt 0.929199 0.106934
vt 0.929199 0.113281
vt 0.909180 0.113281
vt 0.929199 0.119141
vt 0.909180 0.119141
vt 0.929199 0.125488
vt 0.909180 0.125488
vt 0.929199 0.131348
vt 0.909180 0.131348
vt 0.929199 0.137695
vt 0.909180 0.137695
vt 0.929199 0.144531
vt 0.909180 0.144531
vt 0.929199 0.152344
vt 0.909180 0.152344
vt 0.929199 0.169922
vt 0.909180 0.169922
vt 0.929199 0.056641
vt 0.909180 0.050781
vt 0.929199 0.050781
vt 0.909180 0.056641
vt 0.929199 0.062988
vt 0.909180 0.062988
vt 0.929199 0.069336
vt 0.909180 0.069336
vt 0.929199 0.075195
vt 0.909180 0.075195
vt 0.929199 0.081543
vt 0.909180 0.081543
vt 0.929199 0.088379
vt 0.909180 0.088379
vt 0.929199 0.091797
vt 0.909180 0.091797
vt 0.929199 0.095215
vt 0.909180 0.095215
vt 0.929199 0.013184
vt 0.909180 0.010742
vt 0.929199 0.010742
vt 0.909180 0.013184
vt 0.929199 0.015625
vt 0.909180 0.015625
vt 0.929199 0.018555
vt 0.909180 0.018555
vt 0.929199 0.020996
vt 0.909180 0.020996
vt 0.929199 0.023926
vt 0.909180 0.023926
vt 0.929199 0.028320
vt 0.909180 0.028320
vt 0.929199 0.036133
vt 0.909180 0.036133
vt 0.929199 0.043945
vt 0.909180 0.043945
vt 0.909180 0.000977
vt 0.929199 0.000977
vt 0.929199 0.003418
vt 0.909180 0.003418
vt 0.929199 0.007813
vt 0.909180 0.007813
vt 0.940430 0.763794
vt 0.940430 0.766235
vt 0.920410 0.766235
vt 0.920410 0.763794
vt 0.727051 0.861328
vt 0.719238 0.864624
vt 0.719238 0.861328
vt 0.727051 0.864624
vt 0.735352 0.861328
vt 0.735352 0.864624
vt 0.742676 0.861328
vt 0.742676 0.864624
vt 0.749023 0.861328
vt 0.749023 0.864624
vt 0.755371 0.861328
vt 0.755371 0.864624
vt 0.762207 0.861328
vt 0.762207 0.864624
vt 0.768555 0.861328
vt 0.768555 0.864624
vt 0.775391 0.861328
vt 0.775391 0.864624
vt 0.782227 0.861328
vt 0.782227 0.864624
vt 0.064209 0.653320
vt 0.061005 0.653320
vt 0.061005 0.650146
vt 0.328369 0.908813
vt 0.330566 0.907043
vt 0.330566 0.908813
vt 0.328369 0.907043
vt 0.326172 0.908813
vt 0.326172 0.907043
vt 0.323730 0.908813
vt 0.323730 0.907043
vt 0.321533 0.908813
vt 0.321533 0.907043
vt 0.319092 0.908813
vt 0.319092 0.907043
vt 0.316895 0.908813
vt 0.316895 0.907043
vt 0.314453 0.908813
vt 0.314453 0.907043
vt 0.312256 0.908813
vt 0.312256 0.907043
vt 0.309814 0.908813
vt 0.309814 0.907043
vt 0.349121 0.908813
vt 0.351318 0.907043
vt 0.351318 0.908813
vt 0.349121 0.907043
vt 0.346924 0.908813
vt 0.346924 0.907043
vt 0.344482 0.908813
vt 0.344482 0.907043
vt 0.342285 0.908813
vt 0.342285 0.907043
vt 0.339844 0.908813
vt 0.339844 0.907043
vt 0.337646 0.908813
vt 0.337646 0.907043
vt 0.335205 0.908813
vt 0.335205 0.907043
vt 0.333008 0.908813
vt 0.333008 0.907043
vt 0.416016 0.556152
vt 0.407959 0.557373
vt 0.407959 0.556152
vt 0.416016 0.557373
vt 0.423828 0.556152
vt 0.423828 0.557373
vt 0.431641 0.556152
vt 0.423828 0.554688
vt 0.416016 0.554688
vt 0.407959 0.554688
vt 0.400146 0.556152
vt 0.400146 0.557373
vt 0.407959 0.558838
vt 0.416016 0.558838
vt 0.423828 0.558838
vt 0.895020 0.976944
vt 0.893555 0.981476
vt 0.893555 0.976944
vt 0.895020 0.981476
vt 0.896973 0.976913
vt 0.896973 0.981445
vt 0.898926 0.976913
vt 0.898926 0.981445
vt 0.900391 0.976913
vt 0.900391 0.981445
vt 0.902344 0.976913
vt 0.902344 0.981445
vt 0.904297 0.976913
vt 0.904297 0.981445
vt 0.905762 0.976913
vt 0.905762 0.981445
vt 0.907715 0.976913
vt 0.907715 0.981445
vt 0.909668 0.976883
vt 0.909668 0.981445
vt 0.940430 0.162598
vt 0.940430 0.185547
vt 0.931641 0.185059
vt 0.932129 0.162109
vt 0.934570 0.151855
vt 0.943848 0.151855
vt 0.937012 0.143066
vt 0.945801 0.143066
vt 0.939453 0.131836
vt 0.947266 0.131836
vt 0.941406 0.120605
vt 0.949219 0.121094
vt 0.949219 0.108398
vt 0.944824 0.102051
vt 0.941406 0.094727
vt 0.824707 0.949341
vt 0.824707 0.959167
vt 0.812500 0.958984
vt 0.812500 0.949493
vt 0.798340 0.949677
vt 0.798340 0.958801
vt 0.789551 0.958069
vt 0.789551 0.950470
vt 0.778809 0.951233
vt 0.776855 0.954254
vt 0.778809 0.957306
vt 0.604980 0.610840
vt 0.601563 0.622070
vt 0.601563 0.610840
vt 0.604980 0.622070
vt 0.601563 0.634766
vt 0.604980 0.634766
vt 0.601563 0.643066
vt 0.604980 0.643066
vt 0.601563 0.653320
vt 0.604980 0.653320
vt 0.764648 0.276855
vt 0.767090 0.277832
vt 0.766113 0.279297
vt 0.768066 0.280762
vt 0.769043 0.279297
vt 0.757813 0.286621
vt 0.756348 0.287109
vt 0.755859 0.284668
vt 0.757324 0.284668
vt 0.755859 0.281738
vt 0.757813 0.282227
vt 0.757324 0.279785
vt 0.758789 0.280762
vt 0.759277 0.277832
vt 0.760254 0.279297
vt 0.761719 0.276855
vt 0.762207 0.278809
vt 0.764160 0.278320
vt 0.769043 0.282227
vt 0.770508 0.281738
vt 0.769531 0.284180
vt 0.770996 0.284180
vt 0.769043 0.286621
vt 0.770508 0.287109
vt 0.768066 0.288086
vt 0.769531 0.289551
vt 0.766602 0.289551
vt 0.767578 0.291016
vt 0.764648 0.290527
vt 0.764648 0.291992
vt 0.762207 0.291992
vt 0.762207 0.290527
vt 0.759766 0.291016
vt 0.760254 0.289551
vt 0.757324 0.289551
vt 0.758789 0.288086
vt 0.774902 0.165039
vt 0.775879 0.157715
vt 0.775879 0.166504
vt 0.776855 0.167480
vt 0.778320 0.167969
vt 0.780273 0.168457
vt 0.781738 0.167969
vt 0.783203 0.167480
vt 0.784668 0.166504
vt 0.785645 0.165039
vt 0.786133 0.163574
vt 0.786621 0.162109
vt 0.786133 0.160645
vt 0.785645 0.158691
vt 0.784668 0.157715
vt 0.783203 0.156738
vt 0.781738 0.156250
vt 0.776855 0.156738
vt 0.778320 0.156250
vt 0.780273 0.155762
vt 0.774902 0.158691
vt 0.773926 0.160645
vt 0.773926 0.162109
vt 0.773926 0.163574
vt 0.967285 0.896729
vt 0.961426 0.896729
vt 0.961426 0.880249
vt 0.967285 0.880249
vt 0.961426 0.863770
vt 0.967285 0.863770
vt 0.805664 0.755249
vt 0.807129 0.752075
vt 0.807129 0.755249
vt 0.805664 0.752075
vt 0.804199 0.755249
vt 0.804199 0.752075
vt 0.802246 0.755249
vt 0.802246 0.752075
vt 0.800781 0.755249
vt 0.800781 0.752075
vt 0.799316 0.755249
vt 0.799316 0.752075
vt 0.797363 0.755249
vt 0.797363 0.752075
vt 0.795898 0.755249
vt 0.795898 0.752075
vt 0.794434 0.755249
vt 0.794434 0.752075
vt 0.792480 0.755249
vt 0.792480 0.752075
vt 0.820313 0.755249
vt 0.821777 0.752075
vt 0.821777 0.755249
vt 0.820313 0.752075
vt 0.818848 0.755249
vt 0.818848 0.752075
vt 0.816895 0.755249
vt 0.816895 0.752075
vt 0.815430 0.755249
vt 0.815430 0.752075
vt 0.813965 0.755249
vt 0.813965 0.752075
vt 0.812012 0.755249
vt 0.812012 0.752075
vt 0.810547 0.755249
vt 0.810547 0.752075
vt 0.809082 0.755249
vt 0.809082 0.752075
vt 0.830078 0.755249
vt 0.832031 0.752075
vt 0.832031 0.755249
vt 0.830078 0.752075
vt 0.828613 0.755249
vt 0.828613 0.752075
vt 0.827148 0.755249
vt 0.827148 0.752075
vt 0.825195 0.755249
vt 0.825195 0.752075
vt 0.823730 0.755249
vt 0.823730 0.752075
vt 0.878906 0.977020
vt 0.877441 0.981552
vt 0.877441 0.977020
vt 0.878906 0.981552
vt 0.880859 0.977020
vt 0.880859 0.981552
vt 0.882813 0.977020
vt 0.882813 0.981552
vt 0.884277 0.976990
vt 0.884277 0.981522
vt 0.886230 0.976990
vt 0.886230 0.981522
vt 0.888184 0.976990
vt 0.888184 0.981522
vt 0.889648 0.976944
vt 0.889648 0.981522
vt 0.891602 0.976944
vt 0.891602 0.981476
vt 0.334473 0.592773
vt 0.334473 0.589600
vt 0.350098 0.589600
vt 0.350098 0.592773
vt 0.365723 0.589600
vt 0.365723 0.592773
vt 0.381592 0.589600
vt 0.381592 0.592773
vt 0.397217 0.589600
vt 0.397217 0.592773
vt 0.412842 0.589600
vt 0.412842 0.592773
vt 0.428467 0.589600
vt 0.428467 0.592773
vt 0.444336 0.589600
vt 0.444336 0.592773
vt 0.459961 0.589600
vt 0.459961 0.592773
vt 0.490234 0.589600
vt 0.490234 0.592773
vt 0.302979 0.592773
vt 0.302979 0.589600
vt 0.318848 0.589600
vt 0.318848 0.592773
vt 0.769531 0.943970
vt 0.758789 0.933167
vt 0.784180 0.947937
vt 0.798828 0.943970
vt 0.810059 0.933167
vt 0.813965 0.918396
vt 0.810059 0.903625
vt 0.798828 0.892761
vt 0.754883 0.918396
vt 0.758789 0.903625
vt 0.769531 0.892761
vt 0.649414 0.153809
vt 0.650391 0.156738
vt 0.647461 0.151367
vt 0.644043 0.150391
vt 0.640625 0.151367
vt 0.638184 0.153809
vt 0.637695 0.156738
vt 0.638184 0.160156
vt 0.640625 0.162598
vt 0.644043 0.163086
vt 0.647461 0.162598
vt 0.649414 0.160156
vt 0.846191 0.726074
vt 0.848145 0.718018
vt 0.848145 0.733643
vt 0.854004 0.739258
vt 0.861816 0.741455
vt 0.869629 0.739258
vt 0.875488 0.733398
vt 0.877441 0.725342
vt 0.875000 0.717773
vt 0.876465 0.692139
vt 0.853027 0.689697
vt 0.844238 0.695557
vt 0.839355 0.685791
vt 0.844238 0.678955
vt 0.831543 0.680664
vt 0.834473 0.673096
vt 0.821777 0.676025
vt 0.823242 0.669189
vt 0.811035 0.671631
vt 0.811523 0.665771
vt 0.798340 0.665527
vt 0.798340 0.671631
vt 0.791992 0.985901
vt 0.780273 0.995487
vt 0.780273 0.985733
vt 0.791992 0.995312
vt 0.805664 0.985939
vt 0.805664 0.995281
vt 0.814453 0.986626
vt 0.814453 0.994591
vt 0.825684 0.986832
vt 0.825684 0.994385
vt 0.858887 0.403809
vt 0.855469 0.403809
vt 0.855469 0.392578
vt 0.858887 0.392578
vt 0.855469 0.379883
vt 0.858887 0.379883
vt 0.855469 0.371582
vt 0.858887 0.371582
vt 0.855469 0.361328
vt 0.858887 0.361328
vt 0.406494 0.609131
vt 0.406494 0.604492
vt 0.415283 0.604492
vt 0.415283 0.609131
vt 0.424072 0.604492
vt 0.424072 0.609131
vt 0.433105 0.604492
vt 0.433105 0.609131
vt 0.441895 0.604492
vt 0.441895 0.609131
vt 0.450684 0.604492
vt 0.450684 0.609131
vt 0.459473 0.604492
vt 0.459473 0.609131
vt 0.468506 0.604492
vt 0.468506 0.609131
vt 0.477295 0.604492
vt 0.477295 0.609131
vt 0.486084 0.604492
vt 0.486084 0.609131
vt 0.335693 0.604492
vt 0.326660 0.609131
vt 0.326660 0.604492
vt 0.335693 0.609131
vt 0.344482 0.604492
vt 0.344482 0.609131
vt 0.353271 0.604492
vt 0.353271 0.609131
vt 0.362061 0.604492
vt 0.362061 0.609131
vt 0.370850 0.604492
vt 0.370850 0.609131
vt 0.379883 0.604492
vt 0.379883 0.609131
vt 0.388672 0.604492
vt 0.388672 0.609131
vt 0.397705 0.604492
vt 0.397705 0.609131
vt 0.282471 0.604492
vt 0.273438 0.609131
vt 0.273438 0.604492
vt 0.282471 0.609131
vt 0.291260 0.604492
vt 0.291260 0.609131
vt 0.300293 0.609131
vt 0.300293 0.604492
vt 0.309082 0.609131
vt 0.309082 0.604492
vt 0.317871 0.604492
vt 0.317871 0.609131
vt 0.895996 0.133301
vt 0.892090 0.125000
vt 0.895996 0.125000
vt 0.892090 0.133301
vt 0.895996 0.141602
vt 0.892090 0.141602
vt 0.892090 0.149902
vt 0.895996 0.149902
vt 0.895996 0.158203
vt 0.892090 0.158203
vt 0.892090 0.166504
vt 0.895996 0.166504
vt 0.895996 0.174805
vt 0.892090 0.174805
vt 0.892090 0.183105
vt 0.895996 0.183105
vt 0.895996 0.191406
vt 0.892090 0.191406
vt 0.892090 0.199707
vt 0.895996 0.199707
vt 0.254883 0.574219
vt 0.257813 0.572998
vt 0.258545 0.577637
vt 0.253174 0.571045
vt 0.255371 0.569092
vt 0.250488 0.568604
vt 0.251953 0.566162
vt 0.247192 0.567383
vt 0.247803 0.564697
vt 0.243530 0.567383
vt 0.243042 0.564697
vt 0.238770 0.566162
vt 0.240234 0.568604
vt 0.235229 0.569092
vt 0.237549 0.571045
vt 0.233032 0.572998
vt 0.235840 0.574219
vt 0.232178 0.577637
vt 0.235229 0.577637
vt 0.233032 0.582031
vt 0.243164 0.590576
vt 0.238892 0.589111
vt 0.240356 0.586426
vt 0.237549 0.584229
vt 0.235352 0.585938
vt 0.235840 0.581055
vt 0.255615 0.577637
vt 0.243652 0.587646
vt 0.247192 0.587646
vt 0.247681 0.590576
vt 0.250488 0.586426
vt 0.251953 0.589111
vt 0.253174 0.584229
vt 0.255371 0.585938
vt 0.254883 0.581055
vt 0.257813 0.582031
vt 0.892090 0.000977
vt 0.895996 0.000977
vt 0.895996 0.009277
vt 0.892090 0.009277
vt 0.892090 0.017578
vt 0.895996 0.017578
vt 0.895996 0.025879
vt 0.892090 0.025879
vt 0.892090 0.033691
vt 0.895996 0.033691
vt 0.895996 0.042480
vt 0.892090 0.042480
vt 0.892090 0.050293
vt 0.895996 0.050293
vt 0.895996 0.059082
vt 0.892090 0.059082
vt 0.892090 0.066895
vt 0.895996 0.066895
vt 0.892090 0.075195
vt 0.895996 0.075195
vt 0.892090 0.083496
vt 0.895996 0.083496
vt 0.895996 0.091797
vt 0.892090 0.091797
vt 0.892090 0.100098
vt 0.895996 0.100098
vt 0.895996 0.108398
vt 0.892090 0.108398
vt 0.892090 0.117188
vt 0.895996 0.117188
vt 0.275391 0.263184
vt 0.275391 0.270020
vt 0.272949 0.270020
vt 0.275391 0.276855
vt 0.273193 0.276855
vt 0.275391 0.256348
vt 0.273193 0.263184
vt 0.270752 0.263184
vt 0.270752 0.270020
vt 0.270752 0.276855
vt 0.273193 0.283691
vt 0.275391 0.283691
vt 0.275391 0.290527
vt 0.275391 0.249512
vt 0.273193 0.256348
vt 0.270752 0.256348
vt 0.268555 0.263184
vt 0.268311 0.270020
vt 0.268555 0.276855
vt 0.270752 0.283691
vt 0.270752 0.290527
vt 0.273193 0.290527
vt 0.275391 0.297363
vt 0.270752 0.249512
vt 0.273193 0.249512
vt 0.268311 0.256348
vt 0.266113 0.263184
vt 0.266113 0.270020
vt 0.266113 0.276855
vt 0.268311 0.283691
vt 0.268555 0.290039
vt 0.270996 0.296875
vt 0.273193 0.297363
vt 0.275391 0.304199
vt 0.266113 0.331055
vt 0.268311 0.338379
vt 0.266113 0.338379
vt 0.268555 0.331055
vt 0.270752 0.338379
vt 0.270752 0.331055
vt 0.273193 0.338379
vt 0.273193 0.331055
vt 0.275391 0.331055
vt 0.273193 0.324707
vt 0.275391 0.324707
vt 0.275391 0.317383
vt 0.273193 0.317383
vt 0.275391 0.311035
vt 0.273193 0.311035
vt 0.273193 0.304199
vt 0.270752 0.304199
vt 0.270752 0.324707
vt 0.270752 0.317383
vt 0.268555 0.317383
vt 0.270752 0.311035
vt 0.268311 0.311035
vt 0.268311 0.304199
vt 0.268311 0.297363
vt 0.266113 0.304199
vt 0.266113 0.297363
vt 0.263916 0.304199
vt 0.263916 0.297363
vt 0.261475 0.297363
vt 0.263672 0.290039
vt 0.261475 0.290039
vt 0.261475 0.283691
vt 0.259033 0.283691
vt 0.261475 0.276855
vt 0.263672 0.276855
vt 0.261475 0.270020
vt 0.263672 0.270020
vt 0.263672 0.263184
vt 0.263672 0.283691
vt 0.266113 0.283691
vt 0.266113 0.290039
vt 0.266113 0.256348
vt 0.263916 0.256348
vt 0.263916 0.249023
vt 0.261475 0.256348
vt 0.261475 0.249023
vt 0.259277 0.249023
vt 0.261475 0.242188
vt 0.266113 0.249023
vt 0.266113 0.242188
vt 0.268311 0.242676
vt 0.266113 0.235352
vt 0.268311 0.235840
vt 0.268311 0.229004
vt 0.270752 0.229004
vt 0.270752 0.235840
vt 0.270996 0.242188
vt 0.268311 0.249512
vt 0.026566 0.683105
vt 0.028152 0.683594
vt 0.025375 0.684326
vt 0.025085 0.685791
vt 0.026108 0.687012
vt 0.029160 0.684814
vt 0.028870 0.686279
vt 0.027679 0.687256
vt 0.257080 0.889893
vt 0.254639 0.890564
vt 0.259277 0.888367
vt 0.260742 0.886169
vt 0.261475 0.883728
vt 0.261230 0.881104
vt 0.260010 0.878784
vt 0.258301 0.876892
vt 0.255859 0.875793
vt 0.253418 0.875549
vt 0.250732 0.876221
vt 0.248779 0.877686
vt 0.247192 0.879822
vt 0.246460 0.882446
vt 0.246704 0.885010
vt 0.247803 0.887390
vt 0.249756 0.889282
vt 0.251953 0.890320
vt 0.685059 0.969498
vt 0.742188 0.969498
vt 0.742188 0.992989
vt 0.685059 0.992989
vt 0.906738 0.152832
vt 0.898438 0.152832
vt 0.898438 0.137695
vt 0.906738 0.137695
vt 0.898438 0.122070
vt 0.906738 0.122070
vt 0.898438 0.106934
vt 0.906738 0.106934
vt 0.898438 0.091797
vt 0.906738 0.091797
vt 0.898438 0.076172
vt 0.906738 0.076172
vt 0.898438 0.061035
vt 0.906738 0.061035
vt 0.898438 0.045898
vt 0.906738 0.045898
vt 0.898438 0.030273
vt 0.906738 0.030273
vt 0.898438 0.000977
vt 0.906738 0.000977
vt 0.906738 0.183594
vt 0.898438 0.183594
vt 0.898438 0.168457
vt 0.906738 0.168457
vt 0.821289 0.967010
vt 0.823730 0.961639
vt 0.823730 0.967010
vt 0.821289 0.961639
vt 0.818848 0.967010
vt 0.818848 0.961639
vt 0.815918 0.967010
vt 0.815918 0.961639
vt 0.813477 0.967010
vt 0.813477 0.961639
vt 0.811035 0.967010
vt 0.811035 0.961639
vt 0.808105 0.967010
vt 0.808105 0.961639
vt 0.805664 0.967010
vt 0.805664 0.961639
vt 0.803223 0.967010
vt 0.803223 0.961639
vt 0.800293 0.967010
vt 0.800293 0.961639
vt 0.797852 0.967010
vt 0.797852 0.961639
vt 0.794922 0.967010
vt 0.794922 0.961639
vt 0.792480 0.967010
vt 0.792480 0.961639
vt 0.790039 0.967010
vt 0.790039 0.961639
vt 0.787109 0.967010
vt 0.787109 0.961639
vt 0.784668 0.967010
vt 0.784668 0.961639
vt 0.782227 0.967010
vt 0.782227 0.961639
vt 0.779297 0.967010
vt 0.779297 0.961639
vt 0.776855 0.967010
vt 0.776855 0.961639
vt 0.577637 0.950714
vt 0.553223 0.959320
vt 0.554199 0.953491
vt 0.585449 0.959442
vt 0.591309 0.946899
vt 0.586426 0.940186
vt 0.599121 0.941833
vt 0.595703 0.934387
vt 0.608887 0.937073
vt 0.606934 0.930298
vt 0.619141 0.932861
vt 0.618652 0.926880
vt 0.631836 0.926697
vt 0.631836 0.932800
vt 0.291992 0.642334
vt 0.292969 0.648193
vt 0.277100 0.644043
vt 0.276367 0.614258
vt 0.177612 0.588135
vt 0.169800 0.623535
vt 0.169800 0.588135
vt 0.177490 0.623535
vt 0.185303 0.588135
vt 0.185303 0.623535
vt 0.193237 0.588379
vt 0.193115 0.623779
vt 0.201050 0.590332
vt 0.200928 0.621582
vt 0.227051 0.621582
vt 0.227173 0.590576
vt 0.245483 0.593262
vt 0.237549 0.625732
vt 0.261963 0.601074
vt 0.247559 0.630615
vt 0.255127 0.635498
vt 0.261230 0.648438
vt 0.099487 0.623779
vt 0.099365 0.588379
vt 0.107239 0.588379
vt 0.107361 0.623779
vt 0.114990 0.588135
vt 0.115112 0.623535
vt 0.122803 0.588135
vt 0.122864 0.623535
vt 0.130615 0.588135
vt 0.130615 0.623535
vt 0.138428 0.588135
vt 0.138428 0.623535
vt 0.146240 0.588135
vt 0.146240 0.623535
vt 0.154175 0.588135
vt 0.154175 0.623535
vt 0.161987 0.588135
vt 0.161987 0.623535
vt 0.001716 0.667725
vt 0.000492 0.642090
vt 0.007500 0.661865
vt 0.015327 0.659912
vt 0.032501 0.645264
vt 0.016113 0.614258
vt 0.037323 0.635742
vt 0.045044 0.630615
vt 0.030670 0.601074
vt 0.055054 0.625977
vt 0.047089 0.593262
vt 0.065613 0.621582
vt 0.065491 0.590576
vt 0.091736 0.621582
vt 0.091614 0.590576
vt 0.028839 0.667969
vt 0.023163 0.662109
vt 0.066650 0.640381
vt 0.070007 0.635986
vt 0.070007 0.640381
vt 0.066650 0.635986
vt 0.063293 0.640381
vt 0.063293 0.635986
vt 0.059937 0.640381
vt 0.059937 0.635986
vt 0.056580 0.640381
vt 0.056580 0.635986
vt 0.053253 0.640381
vt 0.053253 0.635986
vt 0.049896 0.640381
vt 0.049896 0.635986
vt 0.046539 0.640381
vt 0.046539 0.635986
vt 0.043213 0.640381
vt 0.043213 0.635986
vt 0.039856 0.640381
vt 0.039856 0.635986
vt 0.076721 0.640381
vt 0.080078 0.635986
vt 0.080078 0.640381
vt 0.076721 0.635986
vt 0.073364 0.640381
vt 0.073364 0.635986
vt 0.577637 0.496582
vt 0.576660 0.507080
vt 0.576660 0.496582
vt 0.577637 0.507080
vt 0.578125 0.496582
vt 0.578125 0.507080
vt 0.579102 0.496582
vt 0.579102 0.507080
vt 0.580078 0.496582
vt 0.580078 0.507080
vt 0.581055 0.496582
vt 0.581055 0.507080
vt 0.582031 0.496582
vt 0.582031 0.507080
vt 0.583008 0.496582
vt 0.583008 0.507080
vt 0.583496 0.496582
vt 0.583496 0.507080
vt 0.584473 0.496582
vt 0.584473 0.507080
vt 0.585449 0.496582
vt 0.585449 0.507080
vt 0.586426 0.496582
vt 0.586426 0.507080
vt 0.587402 0.496582
vt 0.587402 0.507080
vt 0.329590 0.568115
vt 0.328369 0.575439
vt 0.328369 0.568115
vt 0.329590 0.575439
vt 0.330566 0.568115
vt 0.330566 0.575439
vt 0.331787 0.568115
vt 0.331787 0.575439
vt 0.332764 0.568115
vt 0.332764 0.575439
vt 0.333984 0.568115
vt 0.333984 0.575439
vt 0.334961 0.568115
vt 0.334961 0.575439
vt 0.336182 0.568115
vt 0.336182 0.575439
vt 0.337402 0.568115
vt 0.337402 0.575439
vt 0.338379 0.568115
vt 0.338379 0.575439
vt 0.326172 0.568115
vt 0.325195 0.575439
vt 0.325195 0.568115
vt 0.326172 0.575439
vt 0.327393 0.568115
vt 0.327393 0.575439
vt 0.023499 0.599365
vt 0.022354 0.600098
vt 0.022247 0.599609
vt 0.021210 0.600830
vt 0.020660 0.600098
vt 0.019043 0.600342
vt 0.019012 0.601807
vt 0.017044 0.600586
vt 0.017426 0.600098
vt 0.017471 0.599854
vt 0.019043 0.599854
vt 0.015854 0.599609
vt 0.015991 0.599365
vt 0.014847 0.598389
vt 0.014595 0.598633
vt 0.013840 0.597168
vt 0.024796 0.597412
vt 0.023468 0.598633
vt 0.024445 0.597168
vt 0.024155 0.597168
vt 0.023224 0.598389
vt 0.013588 0.597412
vt 0.013344 0.597656
vt 0.014595 0.599365
vt 0.015747 0.600098
vt 0.020630 0.599854
vt 0.022110 0.599365
vt 0.025772 0.598633
vt 0.012299 0.598877
vt 0.080139 0.626709
vt 0.080139 0.628662
vt 0.058044 0.628662
vt 0.058044 0.626709
vt 0.206665 0.571045
vt 0.228760 0.571045
vt 0.228760 0.572998
vt 0.206665 0.572998
vt 0.200317 0.586670
vt 0.199219 0.564697
vt 0.204956 0.564697
vt 0.203857 0.586670
vt 0.037384 0.647217
vt 0.043152 0.647217
vt 0.042023 0.669189
vt 0.038513 0.669189
vt 0.261963 0.806641
vt 0.262695 0.805420
vt 0.262695 0.806396
vt 0.263672 0.806641
vt 0.265137 0.805542
vt 0.264160 0.807251
vt 0.266846 0.806152
vt 0.264404 0.808228
vt 0.263672 0.809692
vt 0.262695 0.810791
vt 0.262695 0.809937
vt 0.261963 0.809692
vt 0.260498 0.810791
vt 0.261230 0.808960
vt 0.258789 0.810181
vt 0.260986 0.808105
vt 0.258057 0.808105
vt 0.258789 0.806152
vt 0.261230 0.807251
vt 0.260498 0.805542
vt 0.262695 0.804688
vt 0.265869 0.804810
vt 0.267578 0.805786
vt 0.267334 0.808228
vt 0.266846 0.810181
vt 0.264160 0.809082
vt 0.265137 0.810791
vt 0.262695 0.811523
vt 0.259766 0.811401
vt 0.258057 0.810547
vt 0.257324 0.808105
vt 0.258057 0.805664
vt 0.259766 0.804810
vt 0.268311 0.808228
vt 0.267578 0.810547
vt 0.265869 0.811523
vt 0.675293 0.293945
vt 0.666992 0.293945
vt 0.666992 0.285645
vt 0.731934 0.293945
vt 0.723633 0.293945
vt 0.731934 0.285645
vt 0.723633 0.283203
vt 0.715332 0.293945
vt 0.715332 0.283203
vt 0.707520 0.293945
vt 0.707520 0.283203
vt 0.699219 0.293945
vt 0.699219 0.283203
vt 0.691406 0.293945
vt 0.691406 0.283203
vt 0.683105 0.293945
vt 0.683105 0.283203
vt 0.675293 0.283203
vt 0.666992 0.283203
vt 0.658691 0.285645
vt 0.658691 0.283203
vt 0.650879 0.285645
vt 0.650879 0.283203
vt 0.731934 0.283203
vt 0.739746 0.283203
vt 0.739746 0.285645
vt 0.748047 0.283203
vt 0.748047 0.285645
vt 0.711426 0.328613
vt 0.712402 0.329590
vt 0.710449 0.328613
vt 0.712891 0.329102
vt 0.715332 0.330078
vt 0.711426 0.324219
vt 0.710449 0.324219
vt 0.712402 0.323242
vt 0.710938 0.326660
vt 0.709961 0.326172
vt 0.715332 0.326660
vt 0.715332 0.329102
vt 0.717773 0.329102
vt 0.718750 0.329590
vt 0.719238 0.328613
vt 0.720215 0.329102
vt 0.720215 0.326660
vt 0.721191 0.326660
vt 0.720215 0.324219
vt 0.719727 0.324707
vt 0.718750 0.323242
vt 0.717773 0.323730
vt 0.715332 0.323242
vt 0.715332 0.323730
vt 0.712891 0.323730
vt 0.201782 0.758423
vt 0.202759 0.756592
vt 0.203979 0.757690
vt 0.203003 0.755737
vt 0.204590 0.755371
vt 0.203003 0.753662
vt 0.197754 0.748535
vt 0.196533 0.750366
vt 0.195435 0.749268
vt 0.194702 0.751465
vt 0.203491 0.751343
vt 0.201294 0.751221
vt 0.201782 0.749756
vt 0.199463 0.750122
vt 0.200562 0.757324
vt 0.194946 0.755859
vt 0.201416 0.754028
vt 0.201904 0.751831
vt 0.199097 0.751709
vt 0.197388 0.750122
vt 0.195801 0.752563
vt 0.193604 0.753296
vt 0.192505 0.752197
vt 0.193359 0.754150
vt 0.191895 0.754395
vt 0.193359 0.756226
vt 0.194458 0.758057
vt 0.197266 0.758179
vt 0.198975 0.759766
vt 0.199951 0.759521
vt 0.192993 0.758545
vt 0.195068 0.758667
vt 0.196899 0.759766
vt 0.198608 0.761230
vt 0.200928 0.760620
vt 0.194580 0.760132
vt 0.736328 0.905518
vt 0.736328 0.918762
vt 0.729980 0.910278
vt 0.722656 0.913330
vt 0.714844 0.914429
vt 0.693848 0.918762
vt 0.737793 0.930908
vt 0.692383 0.930908
vt 0.739258 0.942719
vt 0.690430 0.942719
vt 0.740234 0.953644
vt 0.688965 0.953613
vt 0.742676 0.967102
vt 0.685547 0.967102
vt 0.693848 0.905518
vt 0.700195 0.910278
vt 0.707031 0.913330
vt 0.852051 0.367188
vt 0.852051 0.393555
vt 0.849121 0.374512
vt 0.844238 0.380859
vt 0.837891 0.385742
vt 0.831055 0.389160
vt 0.823242 0.390137
vt 0.793945 0.367676
vt 0.797363 0.375000
vt 0.793945 0.394043
vt 0.801758 0.381348
vt 0.808105 0.385742
vt 0.815430 0.388672
vt 0.792480 0.412598
vt 0.854492 0.412109
vt 0.790527 0.430664
vt 0.856445 0.430176
vt 0.789063 0.450195
vt 0.858887 0.449707
vt 0.795898 0.481934
vt 0.785645 0.481934
vt 0.795898 0.487793
vt 0.785645 0.487793
vt 0.861816 0.506836
vt 0.853027 0.507080
vt 0.853027 0.481445
vt 0.861328 0.481445
vt 0.341797 0.578369
vt 0.358398 0.584229
vt 0.341797 0.584229
vt 0.341797 0.568115
vt 0.358398 0.568115
vt 0.375000 0.568115
vt 0.375000 0.584229
vt 0.391357 0.568115
vt 0.391357 0.584229
vt 0.407959 0.568115
vt 0.407959 0.584229
vt 0.424316 0.568115
vt 0.424316 0.584229
vt 0.440918 0.568115
vt 0.440918 0.584229
vt 0.457275 0.568115
vt 0.457275 0.584229
vt 0.473877 0.568115
vt 0.473877 0.584229
vt 0.490479 0.568115
vt 0.490479 0.584229
vt 0.506836 0.578369
vt 0.506836 0.584229
vt 0.506836 0.568115
vt 0.571289 0.496582
vt 0.574219 0.489258
vt 0.574707 0.515381
vt 0.566895 0.502930
vt 0.566895 0.515381
vt 0.568359 0.526611
vt 0.576660 0.526611
vt 0.569824 0.537598
vt 0.578613 0.537354
vt 0.570801 0.546631
vt 0.580078 0.546631
vt 0.573730 0.560303
vt 0.583984 0.560303
vt 0.708984 0.312500
vt 0.716797 0.312500
vt 0.716797 0.314941
vt 0.724609 0.314941
vt 0.724609 0.312500
vt 0.732422 0.314941
vt 0.732422 0.312500
vt 0.740234 0.314941
vt 0.740234 0.312500
vt 0.748047 0.314941
vt 0.748047 0.312500
vt 0.755859 0.312500
vt 0.662109 0.312500
vt 0.669922 0.312500
vt 0.669922 0.314941
vt 0.677734 0.312500
vt 0.677734 0.314941
vt 0.685547 0.314941
vt 0.685547 0.312500
vt 0.693359 0.314941
vt 0.693359 0.312500
vt 0.701172 0.312500
vt 0.701172 0.314941
vt 0.708984 0.314941
vt 0.716797 0.320801
vt 0.724609 0.320801
vt 0.732422 0.320801
vt 0.708984 0.320801
vt 0.701172 0.320801
vt 0.693359 0.320801
vt 0.685547 0.320801
vt 0.441895 0.597168
vt 0.434326 0.595215
vt 0.441895 0.595215
vt 0.449951 0.597168
vt 0.449951 0.595215
vt 0.457520 0.597168
vt 0.457520 0.595215
vt 0.465332 0.595215
vt 0.465332 0.597168
vt 0.473389 0.597168
vt 0.473389 0.595215
vt 0.480957 0.597168
vt 0.480957 0.595215
vt 0.489014 0.597168
vt 0.489014 0.595215
vt 0.496582 0.597168
vt 0.496582 0.595215
vt 0.504395 0.595215
vt 0.504395 0.597168
vt 0.512207 0.595215
vt 0.426270 0.595215
vt 0.426270 0.597168
vt 0.418701 0.595215
vt 0.434326 0.597168
vt 0.807129 0.177734
vt 0.807129 0.187012
vt 0.799316 0.185059
vt 0.804199 0.177246
vt 0.793945 0.179199
vt 0.801758 0.174805
vt 0.791504 0.171387
vt 0.800781 0.171387
vt 0.793945 0.163574
vt 0.801758 0.167969
vt 0.799316 0.157715
vt 0.804199 0.166016
vt 0.807129 0.155762
vt 0.807129 0.165039
vt 0.814941 0.157715
vt 0.810547 0.166016
vt 0.820801 0.163574
vt 0.812988 0.167969
vt 0.822754 0.171387
vt 0.813965 0.171387
vt 0.820801 0.179199
vt 0.812988 0.174805
vt 0.814941 0.185059
vt 0.810547 0.177246
vt 0.649902 0.969849
vt 0.649902 0.997908
vt 0.641113 0.996401
vt 0.648438 0.969559
vt 0.632813 0.992950
vt 0.646973 0.968918
vt 0.625977 0.987671
vt 0.645508 0.967957
vt 0.644531 0.966705
vt 0.620605 0.980774
vt 0.617188 0.972473
vt 0.644043 0.965149
vt 0.643555 0.963531
vt 0.615723 0.963776
vt 0.617188 0.954895
vt 0.644043 0.961914
vt 0.644531 0.960388
vt 0.620605 0.946747
vt 0.625977 0.939697
vt 0.645508 0.959106
vt 0.646484 0.958099
vt 0.632813 0.934265
vt 0.641113 0.930969
vt 0.648438 0.957489
vt 0.649902 0.957245
vt 0.649902 0.929626
vt 0.658691 0.930969
vt 0.651367 0.957489
vt 0.652832 0.958099
vt 0.666992 0.934265
vt 0.673828 0.939697
vt 0.654297 0.959106
vt 0.655273 0.960388
vt 0.679688 0.946747
vt 0.682617 0.954895
vt 0.655762 0.961914
vt 0.656250 0.963531
vt 0.684082 0.963776
vt 0.682617 0.972504
vt 0.655762 0.965149
vt 0.679199 0.980591
vt 0.655273 0.966644
vt 0.654297 0.967926
vt 0.673828 0.987564
vt 0.652832 0.968979
vt 0.666992 0.993313
vt 0.658691 0.996401
vt 0.651367 0.969559
vt 0.997559 0.927368
vt 0.996094 0.928894
vt 0.996094 0.927368
vt 0.997559 0.928894
vt 0.996094 0.930420
vt 0.997559 0.930420
vt 0.996094 0.931885
vt 0.997559 0.931885
vt 0.996094 0.933472
vt 0.997559 0.933472
vt 0.996094 0.934998
vt 0.997559 0.934998
vt 0.996094 0.936523
vt 0.997559 0.936523
vt 0.996094 0.938019
vt 0.997559 0.938019
vt 0.996094 0.939545
vt 0.997559 0.939545
vt 0.996094 0.941071
vt 0.997559 0.941071
vt 0.997559 0.922791
vt 0.996094 0.924316
vt 0.996094 0.922791
vt 0.997559 0.924316
vt 0.996094 0.925842
vt 0.997559 0.925842
vt 0.910156 0.732666
vt 0.941895 0.732666
vt 0.937500 0.748779
vt 0.937500 0.716797
vt 0.925781 0.705078
vt 0.910156 0.700928
vt 0.894043 0.705078
vt 0.882324 0.716797
vt 0.878418 0.732666
vt 0.882324 0.748779
vt 0.894043 0.760254
vt 0.910156 0.764648
vt 0.925781 0.760254
vt 0.944336 0.768311
vt 0.949219 0.774414
vt 0.944336 0.774414
vt 0.949219 0.768311
vt 0.944336 0.762329
vt 0.949219 0.762329
vt 0.944336 0.756226
vt 0.949219 0.756226
vt 0.944336 0.750244
vt 0.949219 0.750244
vt 0.944336 0.744141
vt 0.949219 0.744141
vt 0.944336 0.738281
vt 0.949219 0.738281
vt 0.944336 0.732178
vt 0.949219 0.732178
vt 0.944336 0.726074
vt 0.949219 0.726074
vt 0.944336 0.720215
vt 0.949219 0.720215
vt 0.761719 0.942108
vt 0.757813 0.938019
vt 0.761719 0.938019
vt 0.757813 0.942108
vt 0.761719 0.945160
vt 0.757813 0.945160
vt 0.761719 0.950287
vt 0.757813 0.950287
vt 0.761719 0.955444
vt 0.757813 0.955444
vt 0.761719 0.958496
vt 0.757813 0.958496
vt 0.761719 0.962585
vt 0.757813 0.962585
vt 0.761719 0.966675
vt 0.757813 0.966675
vt 0.761719 0.969727
vt 0.757813 0.969727
vt 0.761719 0.974869
vt 0.757813 0.974869
vt 0.761719 0.980042
vt 0.757813 0.980042
vt 0.761719 0.983063
vt 0.757813 0.983063
vt 0.761719 0.987190
vt 0.757813 0.987190
vt 0.275391 0.419922
vt 0.275391 0.426758
vt 0.273193 0.426758
vt 0.272949 0.433594
vt 0.270752 0.426758
vt 0.270752 0.433594
vt 0.268555 0.426758
vt 0.268311 0.433594
vt 0.266113 0.426758
vt 0.266113 0.433594
vt 0.263672 0.426758
vt 0.266113 0.419922
vt 0.263916 0.420410
vt 0.266113 0.413086
vt 0.263916 0.413086
vt 0.266113 0.406250
vt 0.263916 0.406250
vt 0.263672 0.399414
vt 0.261475 0.406738
vt 0.261475 0.399414
vt 0.268311 0.419922
vt 0.268311 0.413086
vt 0.270752 0.413086
vt 0.273193 0.413086
vt 0.273193 0.419922
vt 0.270752 0.420410
vt 0.268311 0.406250
vt 0.266113 0.399414
vt 0.266113 0.393066
vt 0.268555 0.372559
vt 0.270752 0.365723
vt 0.270752 0.372070
vt 0.270752 0.378906
vt 0.268311 0.378906
vt 0.268555 0.385742
vt 0.266113 0.385742
vt 0.268311 0.393066
vt 0.268555 0.399414
vt 0.270996 0.406250
vt 0.273193 0.406250
vt 0.275391 0.413086
vt 0.275391 0.365723
vt 0.275391 0.372070
vt 0.273193 0.372070
vt 0.273193 0.378906
vt 0.270752 0.385742
vt 0.270752 0.393066
vt 0.270752 0.399414
vt 0.273193 0.399414
vt 0.275391 0.406250
vt 0.275391 0.378906
vt 0.275391 0.385742
vt 0.273193 0.385742
vt 0.273193 0.393066
vt 0.275391 0.399414
vt 0.275391 0.393066
vt 0.275391 0.208496
vt 0.272949 0.196289
vt 0.275391 0.195801
vt 0.275391 0.222168
vt 0.272949 0.215332
vt 0.275391 0.215332
vt 0.272949 0.208496
vt 0.270996 0.199219
vt 0.270752 0.208496
vt 0.268799 0.198730
vt 0.268311 0.208008
vt 0.266113 0.208008
vt 0.268311 0.215332
vt 0.266113 0.214844
vt 0.270752 0.215332
vt 0.266113 0.228516
vt 0.263672 0.221680
vt 0.266113 0.221680
vt 0.268311 0.221680
vt 0.270752 0.222168
vt 0.272949 0.222168
vt 0.272949 0.229004
vt 0.275391 0.229004
vt 0.273193 0.235840
vt 0.275391 0.235840
vt 0.275391 0.242676
vt 0.273193 0.242676
vt 0.263916 0.242188
vt 0.263672 0.235352
vt 0.259277 0.194336
vt 0.256836 0.208008
vt 0.256836 0.194824
vt 0.263672 0.208008
vt 0.263672 0.214844
vt 0.261475 0.214844
vt 0.261475 0.208008
vt 0.259033 0.214844
vt 0.259033 0.208008
vt 0.256836 0.214844
vt 0.261719 0.193848
vt 0.264160 0.193848
vt 0.266602 0.196777
vt 0.261475 0.235352
vt 0.261475 0.221680
vt 0.259033 0.228516
vt 0.259033 0.221680
vt 0.261475 0.228516
vt 0.263672 0.228516
vt 0.259033 0.242188
vt 0.259033 0.235352
vt 0.256836 0.228516
vt 0.256836 0.221680
vt 0.256836 0.283691
vt 0.256836 0.276855
vt 0.259033 0.276855
vt 0.256836 0.269531
vt 0.259033 0.269531
vt 0.259033 0.262695
vt 0.256836 0.262695
vt 0.259033 0.256348
vt 0.256836 0.255859
vt 0.256836 0.249023
vt 0.256836 0.242188
vt 0.256836 0.235352
vt 0.261475 0.263184
vt 0.259033 0.311035
vt 0.259033 0.317383
vt 0.256836 0.317383
vt 0.256836 0.310547
vt 0.259277 0.304199
vt 0.256836 0.304199
vt 0.256836 0.297363
vt 0.259033 0.296875
vt 0.256836 0.290527
vt 0.259033 0.290527
vt 0.261475 0.304199
vt 0.261475 0.311035
vt 0.261475 0.317383
vt 0.259033 0.324707
vt 0.261475 0.338379
vt 0.263672 0.338379
vt 0.263672 0.344727
vt 0.263672 0.331055
vt 0.261475 0.331055
vt 0.261475 0.324707
vt 0.263672 0.317383
vt 0.263916 0.311035
vt 0.266113 0.311035
vt 0.266113 0.317383
vt 0.268311 0.324707
vt 0.266113 0.324707
vt 0.263672 0.324707
vt 0.266113 0.461426
vt 0.263916 0.461426
vt 0.263672 0.454102
vt 0.266113 0.454102
vt 0.268311 0.461426
vt 0.268555 0.454102
vt 0.270996 0.460938
vt 0.270752 0.454102
vt 0.270752 0.447266
vt 0.268311 0.447266
vt 0.266113 0.447754
vt 0.263672 0.447754
vt 0.261475 0.447754
vt 0.263672 0.440918
vt 0.266113 0.440918
vt 0.268555 0.440430
vt 0.270752 0.440430
vt 0.273193 0.447754
vt 0.273193 0.454102
vt 0.273193 0.460938
vt 0.270752 0.467773
vt 0.275391 0.433594
vt 0.275391 0.440430
vt 0.273193 0.440430
vt 0.273193 0.467773
vt 0.272949 0.488281
vt 0.270752 0.481445
vt 0.273193 0.481445
vt 0.270752 0.475098
vt 0.273193 0.474609
vt 0.275391 0.467773
vt 0.275391 0.460938
vt 0.275391 0.454102
vt 0.275391 0.447266
vt 0.275391 0.474609
vt 0.275391 0.481445
vt 0.275391 0.495117
vt 0.272949 0.495117
vt 0.275391 0.488281
vt 0.275391 0.501953
vt 0.272949 0.501953
vt 0.270752 0.495117
vt 0.270752 0.488281
vt 0.268311 0.481445
vt 0.268311 0.475098
vt 0.268311 0.467773
vt 0.266113 0.467773
vt 0.263916 0.468262
vt 0.261475 0.461426
vt 0.270508 0.501953
vt 0.268311 0.495117
vt 0.268066 0.502197
vt 0.268555 0.509033
vt 0.270752 0.508789
vt 0.272949 0.508545
vt 0.266113 0.481934
vt 0.266113 0.475098
vt 0.268311 0.488281
vt 0.266113 0.495117
vt 0.266113 0.509277
vt 0.268799 0.518799
vt 0.270996 0.518311
vt 0.273193 0.522217
vt 0.275391 0.521484
vt 0.275391 0.508545
vt 0.266602 0.520752
vt 0.263672 0.495605
vt 0.263672 0.502441
vt 0.261475 0.502441
vt 0.263916 0.509277
vt 0.261475 0.509277
vt 0.264160 0.523682
vt 0.261719 0.523193
vt 0.259277 0.522705
vt 0.259277 0.509277
vt 0.259033 0.502441
vt 0.261475 0.495605
vt 0.261475 0.488770
vt 0.263672 0.488770
vt 0.263672 0.481934
vt 0.266113 0.488770
vt 0.263916 0.475098
vt 0.256836 0.509277
vt 0.256836 0.522461
vt 0.256836 0.502441
vt 0.259033 0.495605
vt 0.259033 0.488770
vt 0.261475 0.481934
vt 0.261475 0.475098
vt 0.259033 0.475098
vt 0.256836 0.481934
vt 0.256836 0.475098
vt 0.259033 0.481934
vt 0.256836 0.488770
vt 0.256836 0.495605
vt 0.259277 0.468262
vt 0.256836 0.468262
vt 0.261475 0.468262
vt 0.259033 0.454590
vt 0.256836 0.454590
vt 0.256836 0.447754
vt 0.259033 0.460938
vt 0.256836 0.461426
vt 0.261475 0.454590
vt 0.259033 0.447754
vt 0.259033 0.440918
vt 0.256836 0.440918
vt 0.256836 0.433594
vt 0.261475 0.440918
vt 0.259033 0.433594
vt 0.259033 0.426758
vt 0.256836 0.426758
vt 0.259033 0.420410
vt 0.256836 0.419922
vt 0.259277 0.413086
vt 0.256836 0.413086
vt 0.256836 0.406738
vt 0.259033 0.406250
vt 0.256836 0.399902
vt 0.259033 0.399414
vt 0.256836 0.393066
vt 0.261475 0.419922
vt 0.261475 0.426758
vt 0.261475 0.433594
vt 0.261475 0.413086
vt 0.263672 0.433594
vt 0.259033 0.393066
vt 0.261475 0.393066
vt 0.275391 0.358398
vt 0.273193 0.365723
vt 0.263672 0.385742
vt 0.263672 0.393066
vt 0.261475 0.385742
vt 0.263672 0.379395
vt 0.266113 0.379395
vt 0.266113 0.372559
vt 0.268311 0.365723
vt 0.270508 0.358398
vt 0.273193 0.358398
vt 0.273193 0.352051
vt 0.275391 0.352051
vt 0.275391 0.338379
vt 0.275391 0.345215
vt 0.273193 0.345215
vt 0.270752 0.351563
vt 0.270752 0.345215
vt 0.268555 0.344727
vt 0.268311 0.352051
vt 0.268311 0.358398
vt 0.265869 0.365723
vt 0.263672 0.372559
vt 0.261475 0.378906
vt 0.266113 0.344727
vt 0.263916 0.365723
vt 0.265625 0.358398
vt 0.265869 0.352051
vt 0.256836 0.385742
vt 0.259033 0.385742
vt 0.256836 0.378906
vt 0.259033 0.378906
vt 0.259033 0.372070
vt 0.261475 0.372070
vt 0.261719 0.365723
vt 0.263916 0.358398
vt 0.263916 0.352051
vt 0.256836 0.338379
vt 0.259033 0.345215
vt 0.256836 0.345215
vt 0.259033 0.351563
vt 0.256836 0.352051
vt 0.261475 0.345215
vt 0.259033 0.338379
vt 0.259033 0.331055
vt 0.256836 0.331055
vt 0.256836 0.324707
vt 0.261719 0.358398
vt 0.259033 0.365723
vt 0.259277 0.358398
vt 0.261719 0.352051
vt 0.256836 0.372070
vt 0.256836 0.365234
vt 0.256836 0.358398
vt 0.728027 0.731445
vt 0.727051 0.733887
vt 0.726563 0.733643
vt 0.726563 0.735840
vt 0.726074 0.736328
vt 0.727539 0.740723
vt 0.725098 0.738281
vt 0.726563 0.740234
vt 0.725098 0.739990
vt 0.724609 0.739990
vt 0.724609 0.738037
vt 0.725586 0.736328
vt 0.726074 0.733643
vt 0.726563 0.729004
vt 0.725586 0.729004
vt 0.725586 0.727051
vt 0.726074 0.730957
vt 0.726563 0.730713
vt 0.729980 0.728516
vt 0.727539 0.725586
vt 0.726074 0.727051
vt 0.725098 0.724365
vt 0.724609 0.724365
vt 0.724121 0.721680
vt 0.723633 0.722168
vt 0.722168 0.720947
vt 0.722656 0.720459
vt 0.720703 0.719727
vt 0.721191 0.719238
vt 0.723633 0.718506
vt 0.722656 0.718018
vt 0.725098 0.721924
vt 0.726074 0.723877
vt 0.962891 0.976944
vt 0.945313 0.975403
vt 0.962891 0.975403
vt 0.945313 0.976944
vt 0.962891 0.978500
vt 0.945313 0.978500
vt 0.962891 0.980011
vt 0.945313 0.980011
vt 0.962891 0.981552
vt 0.945313 0.981552
vt 0.962891 0.983093
vt 0.945313 0.983093
vt 0.962891 0.984604
vt 0.945313 0.984604
vt 0.962891 0.986153
vt 0.945313 0.986153
vt 0.962891 0.987701
vt 0.945313 0.987701
vt 0.962891 0.989243
vt 0.945313 0.989243
vt 0.962891 0.990753
vt 0.945313 0.990753
vt 0.962891 0.992302
vt 0.945313 0.992302
vt 0.962891 0.993851
vt 0.945313 0.993851
vt 0.943848 0.055176
vt 0.960938 0.057617
vt 0.943848 0.057617
vt 0.960938 0.055176
vt 0.943848 0.052246
vt 0.960938 0.052246
vt 0.943848 0.049805
vt 0.960938 0.049805
vt 0.943848 0.047363
vt 0.960938 0.047363
vt 0.943848 0.044434
vt 0.960938 0.044434
vt 0.943848 0.041992
vt 0.960938 0.041992
vt 0.943848 0.039551
vt 0.960938 0.039551
vt 0.943848 0.036621
vt 0.960938 0.036621
vt 0.943848 0.034180
vt 0.960938 0.034180
vt 0.943848 0.062988
vt 0.960938 0.065430
vt 0.943848 0.065430
vt 0.960938 0.062988
vt 0.943848 0.060059
vt 0.960938 0.060547
vt 0.229492 0.624756
vt 0.233521 0.626709
vt 0.225098 0.624023
vt 0.220703 0.625000
vt 0.217041 0.627441
vt 0.214355 0.631104
vt 0.213013 0.635254
vt 0.236572 0.629883
vt 0.213257 0.639893
vt 0.215088 0.644043
vt 0.218140 0.647217
vt 0.222046 0.649170
vt 0.226440 0.649658
vt 0.230835 0.648682
vt 0.234497 0.646240
vt 0.237183 0.642578
vt 0.238525 0.638428
vt 0.238281 0.634033
vt 0.495361 0.604736
vt 0.493164 0.606201
vt 0.495850 0.602783
vt 0.495361 0.601074
vt 0.490479 0.605957
vt 0.489014 0.604736
vt 0.488525 0.602783
vt 0.489014 0.601074
vt 0.493164 0.599609
vt 0.490479 0.599854
vt 0.947754 0.164063
vt 0.946289 0.164551
vt 0.948730 0.163086
vt 0.949219 0.161621
vt 0.948730 0.160156
vt 0.944824 0.164063
vt 0.947754 0.159180
vt 0.943359 0.163086
vt 0.946289 0.158691
vt 0.943359 0.161621
vt 0.944824 0.159180
vt 0.943359 0.160156
vt 0.661133 0.276855
vt 0.655762 0.281250
vt 0.655762 0.276855
vt 0.661133 0.281250
vt 0.666504 0.276855
vt 0.666504 0.281250
vt 0.672363 0.276855
vt 0.672363 0.281250
vt 0.677734 0.276855
vt 0.677734 0.281250
vt 0.683105 0.276855
vt 0.683105 0.281250
vt 0.688477 0.276855
vt 0.688477 0.281250
vt 0.693848 0.276855
vt 0.693848 0.281250
vt 0.699707 0.276855
vt 0.699707 0.281250
vt 0.705078 0.276855
vt 0.705078 0.281250
vt 0.710449 0.276855
vt 0.710449 0.281250
vt 0.715820 0.276855
vt 0.715820 0.281250
vt 0.721191 0.276855
vt 0.721191 0.281250
vt 0.727051 0.276855
vt 0.727051 0.281250
vt 0.732422 0.276855
vt 0.732422 0.281250
vt 0.737793 0.276855
vt 0.737793 0.281250
vt 0.743164 0.276855
vt 0.743164 0.281250
vt 0.748535 0.276855
vt 0.748535 0.281250
vt 0.753906 0.276855
vt 0.753906 0.281250
vt 0.983887 0.940125
vt 0.985352 0.936157
vt 0.985352 0.941406
vt 0.979492 0.928101
vt 0.975098 0.932129
vt 0.976074 0.929260
vt 0.982910 0.929260
vt 0.983887 0.932129
vt 0.975098 0.936157
vt 0.983887 0.936157
vt 0.985352 0.930847
vt 0.983398 0.927979
vt 0.979492 0.926697
vt 0.975586 0.927979
vt 0.973633 0.930847
vt 0.973633 0.936157
vt 0.975098 0.940125
vt 0.982910 0.942993
vt 0.983398 0.944244
vt 0.979492 0.944183
vt 0.979492 0.945587
vt 0.975586 0.944244
vt 0.976074 0.942993
vt 0.973633 0.941406
vt 0.618652 0.836670
vt 0.609375 0.832275
vt 0.618652 0.832275
vt 0.609375 0.836670
vt 0.618652 0.841187
vt 0.609375 0.841187
vt 0.618652 0.845581
vt 0.609375 0.845581
vt 0.618652 0.850098
vt 0.609375 0.850098
vt 0.618652 0.854492
vt 0.609375 0.854492
vt 0.618652 0.859009
vt 0.609375 0.859009
vt 0.618652 0.863403
vt 0.609375 0.863403
vt 0.618652 0.867676
vt 0.609375 0.867676
vt 0.618652 0.872192
vt 0.609375 0.872192
vt 0.618652 0.876648
vt 0.609375 0.876648
vt 0.618652 0.881042
vt 0.609375 0.881042
vt 0.618652 0.885498
vt 0.609375 0.885498
vt 0.618652 0.889954
vt 0.609375 0.889954
vt 0.618652 0.894470
vt 0.609375 0.894470
vt 0.618652 0.898987
vt 0.609375 0.898987
vt 0.618652 0.903503
vt 0.609375 0.903503
vt 0.618652 0.907959
vt 0.609375 0.907959
vt 0.618652 0.912476
vt 0.609375 0.912476
vt 0.969238 0.786621
vt 0.968262 0.783691
vt 0.972656 0.787720
vt 0.976074 0.786621
vt 0.977051 0.783691
vt 0.968262 0.779663
vt 0.977051 0.779663
vt 0.977051 0.775757
vt 0.978516 0.779663
vt 0.978027 0.774414
vt 0.972656 0.771606
vt 0.976563 0.771606
vt 0.976074 0.772827
vt 0.968262 0.775757
vt 0.966797 0.779663
vt 0.966797 0.784912
vt 0.968262 0.787842
vt 0.972656 0.789185
vt 0.976563 0.787842
vt 0.978027 0.784912
vt 0.966797 0.774414
vt 0.969238 0.772827
vt 0.968262 0.771606
vt 0.972656 0.770264
vt 0.668945 0.841553
vt 0.664551 0.842896
vt 0.664063 0.839111
vt 0.679688 0.859253
vt 0.680664 0.854492
vt 0.684082 0.856201
vt 0.679688 0.847412
vt 0.675781 0.843994
vt 0.679199 0.841919
vt 0.662109 0.849365
vt 0.662598 0.843994
vt 0.668945 0.845459
vt 0.673828 0.842896
vt 0.674316 0.839111
vt 0.676270 0.849365
vt 0.680664 0.852295
vt 0.684082 0.850586
vt 0.676270 0.857300
vt 0.675781 0.862793
vt 0.679199 0.864746
vt 0.674316 0.867554
vt 0.657715 0.854492
vt 0.658691 0.859253
vt 0.654297 0.856201
vt 0.654297 0.850586
vt 0.657715 0.852295
vt 0.658691 0.847412
vt 0.662598 0.862793
vt 0.668945 0.861328
vt 0.664551 0.863892
vt 0.662109 0.857300
vt 0.673828 0.863892
vt 0.668945 0.865112
vt 0.664063 0.867554
vt 0.659180 0.864746
vt 0.659180 0.841919
vt 0.964844 0.769775
vt 0.960938 0.765259
vt 0.964844 0.765259
vt 0.960938 0.769775
vt 0.964844 0.774170
vt 0.960938 0.774170
vt 0.964844 0.778564
vt 0.960938 0.778564
vt 0.964844 0.783081
vt 0.914551 0.814209
vt 0.917969 0.818604
vt 0.914551 0.818604
vt 0.917969 0.814209
vt 0.914551 0.809692
vt 0.917969 0.809692
vt 0.914551 0.805298
vt 0.917969 0.805298
vt 0.914551 0.800781
vt 0.960938 0.805298
vt 0.917969 0.778564
vt 0.914551 0.783081
vt 0.964844 0.787476
vt 0.914551 0.787476
vt 0.964844 0.791992
vt 0.914551 0.791992
vt 0.964844 0.796387
vt 0.914551 0.796387
vt 0.964844 0.800781
vt 0.964844 0.805298
vt 0.964844 0.809692
vt 0.960938 0.809692
vt 0.964844 0.814209
vt 0.960938 0.814209
vt 0.964844 0.818604
vt 0.960938 0.818604
vt 0.914551 0.765259
vt 0.917969 0.765259
vt 0.917969 0.769775
vt 0.914551 0.769775
vt 0.917969 0.774170
vt 0.914551 0.774170
vt 0.914551 0.778564
vt 0.306885 0.892761
vt 0.349854 0.892761
vt 0.349854 0.904663
vt 0.306885 0.904663
vt 0.524414 0.742432
vt 0.481689 0.742432
vt 0.481689 0.730469
vt 0.524414 0.730469
vt 0.447266 0.815552
vt 0.459229 0.815552
vt 0.460205 0.819824
vt 0.447266 0.841309
vt 0.463379 0.822998
vt 0.467773 0.824097
vt 0.488281 0.841309
vt 0.471924 0.822998
vt 0.475098 0.819824
vt 0.488281 0.815552
vt 0.476318 0.815552
vt 0.257813 0.648682
vt 0.246094 0.674561
vt 0.245972 0.648682
vt 0.259033 0.653076
vt 0.262207 0.656250
vt 0.266357 0.657227
vt 0.286865 0.674561
vt 0.270752 0.656250
vt 0.273926 0.653076
vt 0.286865 0.648682
vt 0.274902 0.648682
vt 0.309570 0.994095
vt 0.309570 0.997797
vt 0.268555 0.997797
vt 0.268555 0.994095
vt 0.193848 0.869385
vt 0.193848 0.865723
vt 0.234863 0.865723
vt 0.234863 0.869385
vt 0.256836 0.566162
vt 0.256836 0.525146
vt 0.260254 0.525146
vt 0.260254 0.566162
vt 0.561035 0.597656
vt 0.564453 0.593750
vt 0.564453 0.597656
vt 0.561035 0.593750
vt 0.559570 0.595703
vt 0.557129 0.592285
vt 0.561035 0.568115
vt 0.551758 0.588379
vt 0.545898 0.585938
vt 0.539551 0.585205
vt 0.518066 0.568115
vt 0.533203 0.585938
vt 0.527344 0.588379
vt 0.521973 0.592285
vt 0.518066 0.593750
vt 0.519531 0.595703
vt 0.518066 0.597656
vt 0.514648 0.593750
vt 0.514648 0.597656
vt 0.876465 0.848633
vt 0.872559 0.852417
vt 0.872559 0.848633
vt 0.876465 0.852417
vt 0.877441 0.850708
vt 0.880371 0.847290
vt 0.876465 0.822876
vt 0.885254 0.843262
vt 0.891602 0.840820
vt 0.897949 0.839966
vt 0.919434 0.822876
vt 0.904297 0.840820
vt 0.910156 0.843262
vt 0.915039 0.847290
vt 0.919434 0.848633
vt 0.917969 0.850708
vt 0.919434 0.852417
vt 0.922852 0.852417
vt 0.922852 0.848633
vt 0.854004 0.846069
vt 0.854004 0.886963
vt 0.847656 0.886963
vt 0.847656 0.846069
vt 0.841309 0.886963
vt 0.841309 0.846069
vt 0.834961 0.886963
vt 0.834961 0.846069
vt 0.828125 0.886963
vt 0.828125 0.846069
vt 0.821777 0.886963
vt 0.821777 0.846069
vt 0.815430 0.886963
vt 0.815430 0.846069
vt 0.811035 0.886963
vt 0.811035 0.846069
vt 0.809082 0.886963
vt 0.809082 0.846069
vt 0.805176 0.886963
vt 0.805176 0.846069
vt 0.860352 0.886963
vt 0.864258 0.846069
vt 0.864258 0.886963
vt 0.860352 0.846069
vt 0.858398 0.886963
vt 0.858398 0.846069
vt 0.989746 0.244141
vt 0.993652 0.244141
vt 0.993652 0.285156
vt 0.989746 0.285156
vt 0.614258 0.396973
vt 0.611816 0.396484
vt 0.615723 0.395508
vt 0.615234 0.393555
vt 0.616211 0.389648
vt 0.616699 0.391602
vt 0.613770 0.388672
vt 0.613281 0.386719
vt 0.611328 0.386230
vt 0.609375 0.387695
vt 0.607422 0.387207
vt 0.605469 0.388672
vt 0.605957 0.391113
vt 0.610352 0.398438
vt 0.604492 0.392578
vt 0.607422 0.395508
vt 0.607910 0.397461
vt 0.604980 0.395020
vt 0.928711 0.700928
vt 0.926270 0.703125
vt 0.926270 0.700928
vt 0.928711 0.703125
vt 0.930664 0.700928
vt 0.930664 0.703125
vt 0.933594 0.700928
vt 0.933594 0.703125
vt 0.936523 0.700928
vt 0.936523 0.703125
vt 0.938477 0.700928
vt 0.938477 0.703125
vt 0.940918 0.700928
vt 0.940918 0.703125
vt 0.943359 0.700928
vt 0.943359 0.703125
vt 0.944824 0.700928
vt 0.944824 0.703125
vt 0.947754 0.700928
vt 0.947754 0.703125
vt 0.950684 0.700928
vt 0.950684 0.703125
vt 0.952637 0.700928
vt 0.952637 0.703125
vt 0.955078 0.700928
vt 0.955078 0.703125
vt 0.525391 0.564209
vt 0.525391 0.565674
vt 0.518066 0.565674
vt 0.494629 0.564209
vt 0.502441 0.562988
vt 0.502441 0.564209
vt 0.510254 0.564209
vt 0.510254 0.562988
vt 0.518066 0.564209
vt 0.518066 0.562988
vt 0.525391 0.562988
vt 0.510254 0.565674
vt 0.502441 0.565674
vt 0.494629 0.565674
vt 0.486816 0.565674
vt 0.525391 0.556152
vt 0.518066 0.554688
vt 0.525391 0.554688
vt 0.502441 0.554688
vt 0.502441 0.556152
vt 0.494629 0.556152
vt 0.510254 0.556152
vt 0.510254 0.554688
vt 0.518066 0.556152
vt 0.518066 0.557373
vt 0.525391 0.557373
vt 0.518066 0.558838
vt 0.525391 0.558838
vt 0.518066 0.560059
vt 0.525391 0.560059
vt 0.525391 0.561523
vt 0.518066 0.561523
vt 0.510254 0.561523
vt 0.494629 0.554688
vt 0.486816 0.554688
vt 0.486816 0.557373
vt 0.479004 0.556152
vt 0.486816 0.556152
vt 0.479004 0.557373
vt 0.470947 0.557373
vt 0.470947 0.558838
vt 0.463135 0.557373
vt 0.463135 0.556152
vt 0.470947 0.556152
vt 0.479004 0.554688
vt 0.494629 0.557373
vt 0.486816 0.558838
vt 0.479004 0.558838
vt 0.470947 0.560059
vt 0.463135 0.558838
vt 0.470947 0.554688
vt 0.463135 0.554688
vt 0.455322 0.554688
vt 0.431641 0.554688
vt 0.439453 0.554688
vt 0.439453 0.556152
vt 0.447510 0.554688
vt 0.455322 0.557373
vt 0.455322 0.556152
vt 0.447510 0.556152
vt 0.439453 0.557373
vt 0.431641 0.557373
vt 0.431641 0.558838
vt 0.431641 0.560059
vt 0.423828 0.560059
vt 0.431641 0.561523
vt 0.439453 0.560059
vt 0.439453 0.558838
vt 0.447510 0.557373
vt 0.447510 0.558838
vt 0.463135 0.560059
vt 0.455322 0.558838
vt 0.447510 0.560059
vt 0.455322 0.560059
vt 0.439453 0.561523
vt 0.447510 0.561523
vt 0.455322 0.561523
vt 0.463135 0.561523
vt 0.470947 0.561523
vt 0.479004 0.560059
vt 0.486816 0.560059
vt 0.494629 0.558838
vt 0.502441 0.557373
vt 0.502441 0.558838
vt 0.494629 0.560059
vt 0.486816 0.561523
vt 0.479004 0.561523
vt 0.510254 0.557373
vt 0.510254 0.558838
vt 0.510254 0.560059
vt 0.502441 0.560059
vt 0.494629 0.561523
vt 0.486816 0.562988
vt 0.479004 0.562988
vt 0.470947 0.562988
vt 0.463135 0.562988
vt 0.470947 0.564209
vt 0.479004 0.564209
vt 0.486816 0.564209
vt 0.494629 0.562988
vt 0.502441 0.561523
vt 0.479004 0.565674
vt 0.470947 0.565674
vt 0.463135 0.564209
vt 0.455322 0.562988
vt 0.447510 0.562988
vt 0.439453 0.562988
vt 0.455322 0.564209
vt 0.455322 0.565674
vt 0.447510 0.565674
vt 0.447510 0.564209
vt 0.439453 0.565674
vt 0.439453 0.564209
vt 0.431641 0.564209
vt 0.431641 0.565674
vt 0.423828 0.565674
vt 0.463135 0.565674
vt 0.431641 0.562988
vt 0.423828 0.561523
vt 0.416016 0.561523
vt 0.416016 0.560059
vt 0.407959 0.561523
vt 0.407959 0.560059
vt 0.400146 0.560059
vt 0.400146 0.561523
vt 0.392334 0.560059
vt 0.392334 0.561523
vt 0.384521 0.561523
vt 0.384521 0.562988
vt 0.376709 0.561523
vt 0.376709 0.562988
vt 0.368652 0.562988
vt 0.368652 0.564209
vt 0.407959 0.562988
vt 0.416016 0.562988
vt 0.423828 0.562988
vt 0.423828 0.564209
vt 0.416016 0.564209
vt 0.407959 0.564209
vt 0.400146 0.562988
vt 0.416016 0.565674
vt 0.407959 0.565674
vt 0.400146 0.564209
vt 0.392334 0.562988
vt 0.384521 0.564209
vt 0.376709 0.564209
vt 0.376709 0.565674
vt 0.368652 0.565674
vt 0.360840 0.565674
vt 0.400146 0.565674
vt 0.392334 0.565674
vt 0.392334 0.564209
vt 0.384521 0.565674
vt 0.345215 0.554688
vt 0.337891 0.556152
vt 0.337891 0.554688
vt 0.360840 0.558838
vt 0.360840 0.557373
vt 0.368652 0.557373
vt 0.368652 0.556152
vt 0.360840 0.556152
vt 0.360840 0.554688
vt 0.353027 0.554688
vt 0.353027 0.556152
vt 0.345215 0.556152
vt 0.345215 0.557373
vt 0.337891 0.557373
vt 0.337891 0.558838
vt 0.345215 0.558838
vt 0.337891 0.560059
vt 0.353027 0.557373
vt 0.353027 0.558838
vt 0.353027 0.565674
vt 0.345215 0.565674
vt 0.345215 0.564209
vt 0.337891 0.564209
vt 0.337891 0.565674
vt 0.337891 0.562988
vt 0.360840 0.564209
vt 0.353027 0.564209
vt 0.345215 0.562988
vt 0.345215 0.561523
vt 0.337891 0.561523
vt 0.345215 0.560059
vt 0.353027 0.560059
vt 0.360840 0.560059
vt 0.368652 0.558838
vt 0.353027 0.561523
vt 0.353027 0.562988
vt 0.360840 0.562988
vt 0.368652 0.561523
vt 0.376709 0.560059
vt 0.384521 0.560059
vt 0.392334 0.558838
vt 0.384521 0.558838
vt 0.392334 0.557373
vt 0.384521 0.557373
vt 0.392334 0.556152
vt 0.376709 0.558838
vt 0.368652 0.560059
vt 0.360840 0.561523
vt 0.384521 0.556152
vt 0.376709 0.556152
vt 0.376709 0.557373
vt 0.400146 0.554688
vt 0.392334 0.554688
vt 0.376709 0.554688
vt 0.368652 0.554688
vt 0.384521 0.554688
vt 0.400146 0.558838
vt 0.970215 0.923279
vt 0.970215 0.917786
vt 0.974609 0.925964
vt 0.979492 0.923279
vt 0.993652 0.909607
vt 0.988770 0.906860
vt 0.993652 0.915039
vt 0.988770 0.917786
vt 0.988770 0.923279
vt 0.984375 0.925964
vt 0.965332 0.915039
vt 0.974609 0.898682
vt 0.979492 0.901367
vt 0.988770 0.901367
vt 0.984375 0.898682
vt 0.970215 0.901367
vt 0.970215 0.906860
vt 0.965332 0.909607
s 1
usemtl 106mmRR
f 3395/1/1 3445/2/2 3394/3/3
f 3395/1/1 3443/4/1 3445/2/2
f 3444/5/1 3443/4/1 3395/1/1
f 3443/4/1 3444/5/1 3442/6/1
f 3443/4/1 3442/6/1 3441/7/1
f 3441/7/1 3442/6/1 3440/8/1
f 3441/7/1 3440/8/1 3439/9/1
f 3439/9/1 3440/8/1 3438/10/1
f 3439/9/1 3438/10/1 3437/11/1
f 3436/12/4 3437/11/1 3438/10/1
f 3436/12/4 3435/13/4 3437/11/1
f 3434/14/5 3435/13/4 3436/12/4
f 3434/14/5 3433/15/6 3435/13/4
f 3432/16/6 3433/15/6 3434/14/5
f 3432/16/6 3431/17/4 3433/15/6
f 3432/16/6 3429/18/2 3431/17/4
f 3430/19/7 3431/17/4 3429/18/2
f 3430/19/7 3429/18/2 3428/20/1
f 3427/21/4 3428/20/1 3429/18/2
f 3427/21/4 3426/22/8 3428/20/1
f 3424/23/9 3426/22/8 3427/21/4
f 3424/23/9 3425/24/10 3426/22/8
f 3423/25/8 3425/24/10 3424/23/9
f 3423/25/8 3424/23/9 3422/26/10
f 3421/27/3 3423/25/8 3422/26/10
f 3421/27/3 3422/26/10 3419/28/3
f 3420/29/1 3421/27/3 3419/28/3
f 3420/29/1 3419/28/3 3417/30/10
f 3418/31/8 3417/30/10 3419/28/3
f 3416/32/8 3417/30/10 3418/31/8
f 3416/32/8 3415/33/8 3417/30/10
f 3414/34/8 3415/33/8 3416/32/8
f 3414/34/8 3413/35/10 3415/33/8
f 3412/36/11 3413/35/10 3414/34/8
f 3412/36/11 3411/37/11 3413/35/10
f 3411/37/11 3412/36/11 3410/38/11
f 3411/37/11 3410/38/11 3409/39/11
f 3409/39/11 3410/38/11 3408/40/12
f 3409/39/11 3408/40/12 3407/41/12
f 3407/41/12 3408/40/12 3406/42/13
f 3407/41/12 3406/42/13 3405/43/12
f 3406/42/13 3403/44/11 3405/43/12
f 3404/45/3 3405/43/12 3403/44/11
f 3404/45/3 3403/44/11 3402/46/1
f 3402/46/1 3403/44/11 3401/47/3
f 3402/46/1 3401/47/3 3400/48/11
f 3400/48/11 3401/47/3 3398/49/3
f 3400/48/11 3398/49/3 3399/50/3
f 3398/49/3 3397/51/14 3399/50/3
f 3398/49/3 3396/52/3 3397/51/14
f 3396/52/3 3394/3/3 3397/51/14
f 3396/52/3 3395/1/1 3394/3/3
f 3393/53/15 3369/54/16 3370/55/17
f 3393/53/15 3392/56/15 3369/54/16
f 3391/57/18 3392/56/15 3393/53/15
f 3391/57/18 3390/58/18 3392/56/15
f 3389/59/19 3390/58/18 3391/57/18
f 3389/59/19 3388/60/19 3390/58/18
f 3387/61/20 3388/60/19 3389/59/19
f 3387/61/20 3386/62/20 3388/60/19
f 3385/63/21 3386/62/20 3387/61/20
f 3385/63/21 3384/64/22 3386/62/20
f 3383/65/23 3384/64/22 3385/63/21
f 3383/65/23 3382/66/24 3384/64/22
f 3381/67/25 3382/66/24 3383/65/23
f 3381/67/25 3380/68/26 3382/66/24
f 3379/69/27 3380/68/26 3381/67/25
f 3379/69/27 3376/70/28 3380/68/26
f 3378/71/29 3376/70/28 3379/69/27
f 3378/71/29 3377/72/29 3376/70/28
f 3373/73/30 3374/74/31 3375/75/32
f 3373/73/30 3372/76/30 3374/74/31
f 3371/77/33 3372/76/30 3373/73/30
f 3371/77/33 3368/78/34 3372/76/30
f 3370/55/17 3368/78/34 3371/77/33
f 3370/55/17 3369/54/16 3368/78/34
f 3332/79/35 3333/80/36 3367/81/37
f 3332/79/35 3367/81/37 3366/82/37
f 3366/82/37 3367/81/37 3365/83/38
f 3366/82/37 3365/83/38 3364/84/39
f 3364/84/39 3365/83/38 3363/85/40
f 3364/84/39 3363/85/40 3362/86/40
f 3362/86/40 3363/85/40 3361/87/41
f 3362/86/40 3361/87/41 3360/88/41
f 3360/88/41 3361/87/41 3359/89/42
f 3360/88/41 3359/89/42 3358/90/42
f 3358/90/42 3359/89/42 3357/91/43
f 3358/90/42 3357/91/43 3356/92/44
f 3356/92/44 3357/91/43 3355/93/45
f 3356/92/44 3355/93/45 3354/94/46
f 3354/94/46 3355/93/45 3353/95/47
f 3354/94/46 3353/95/47 3352/96/47
f 3352/96/47 3353/95/47 3351/97/48
f 3352/96/47 3351/97/48 3350/98/49
f 3318/99/50 3319/100/50 3349/101/51
f 3318/99/50 3349/101/51 3348/102/52
f 3347/103/53 3348/102/52 3349/101/51
f 3347/103/53 3346/104/53 3348/102/52
f 3346/104/53 3347/103/53 3345/105/54
f 3346/104/53 3345/105/54 3344/106/55
f 3344/106/55 3345/105/54 3343/107/56
f 3344/106/55 3343/107/56 3342/108/57
f 3342/108/57 3343/107/56 3341/109/58
f 3342/108/57 3341/109/58 3340/110/58
f 3340/110/58 3341/109/58 3339/111/59
f 3340/110/58 3339/111/59 3338/112/60
f 3338/112/60 3339/111/59 3337/113/61
f 3338/112/60 3337/113/61 3336/114/62
f 3336/114/62 3337/113/61 3335/115/63
f 3336/114/62 3335/115/63 3334/116/63
f 3334/116/63 3335/115/63 3333/80/36
f 3334/116/63 3333/80/36 3332/79/35
f 3330/117/64 3331/118/64 3329/119/65
f 3330/117/64 3329/119/65 3328/120/66
f 3328/120/66 3329/119/65 3327/121/67
f 3328/120/66 3327/121/67 3326/122/68
f 3326/122/68 3327/121/67 3325/123/69
f 3326/122/68 3325/123/69 3324/124/69
f 3324/124/69 3325/123/69 3323/125/70
f 3324/124/69 3323/125/70 3322/126/70
f 3321/127/71 3322/126/70 3323/125/70
f 3321/127/71 3320/128/72 3322/126/70
f 3320/128/72 3321/127/71 3319/100/50
f 3320/128/72 3319/100/50 3318/99/50
f 3315/129/73 3316/130/64 3317/131/74
f 3315/129/73 3314/132/66 3316/130/64
f 3313/133/75 3314/132/66 3315/129/73
f 3313/133/75 3312/134/68 3314/132/66
f 3311/135/69 3312/134/68 3313/133/75
f 3311/135/69 3310/136/69 3312/134/68
f 3308/137/76 3310/136/69 3311/135/69
f 3308/137/76 3309/138/77 3310/136/69
f 3306/139/78 3309/138/77 3308/137/76
f 3306/139/78 3308/137/76 3307/140/71
f 3305/141/50 3306/139/78 3307/140/71
f 3305/141/50 3304/142/50 3306/139/78
f 3302/143/51 3304/142/50 3305/141/50
f 3302/143/51 3303/144/79 3304/142/50
f 3300/145/80 3303/144/79 3302/143/51
f 3300/145/80 3302/143/51 3301/146/81
f 3299/147/55 3300/145/80 3301/146/81
f 3299/147/55 3298/148/82 3300/145/80
f 3297/149/83 3298/148/82 3299/147/55
f 3297/149/83 3296/150/84 3298/148/82
f 3295/151/85 3296/150/84 3297/149/83
f 3295/151/85 3294/152/58 3296/150/84
f 3293/153/86 3294/152/58 3295/151/85
f 3293/153/86 3292/154/86 3294/152/58
f 3291/155/87 3292/154/86 3293/153/86
f 3291/155/87 3290/156/88 3292/154/86
f 3289/157/63 3290/156/88 3291/155/87
f 3289/157/63 3288/158/63 3290/156/88
f 3287/159/89 3288/158/63 3289/157/63
f 3287/159/89 3286/160/89 3288/158/63
f 3285/161/90 3286/160/89 3287/159/89
f 3285/161/90 3284/162/90 3286/160/89
f 3283/163/91 3284/162/90 3285/161/90
f 3283/163/91 3282/164/91 3284/162/90
f 3281/165/40 3282/164/91 3283/163/91
f 3281/165/40 3280/166/40 3282/164/91
f 3279/167/92 3280/166/40 3281/165/40
f 3279/167/92 3278/168/92 3280/166/40
f 3277/169/93 3278/168/92 3279/167/92
f 3277/169/93 3276/170/94 3278/168/92
f 3275/171/95 3276/170/94 3277/169/93
f 3275/171/95 3274/172/43 3276/170/94
f 3273/173/46 3274/172/43 3275/171/95
f 3273/173/46 3272/174/96 3274/172/43
f 3271/175/97 3272/174/96 3273/173/46
f 3271/175/97 3268/176/97 3272/174/96
f 3270/177/48 3268/176/97 3271/175/97
f 3270/177/48 3269/178/49 3268/176/97
f 3264/179/98 3267/180/99 3266/181/100
f 3264/179/98 3266/181/100 3265/182/98
f 3263/183/98 3264/179/98 3265/182/98
f 3263/183/98 3262/184/98 3264/179/98
f 3261/185/101 3262/184/98 3263/183/98
f 3261/185/101 3260/186/98 3262/184/98
f 3259/187/102 3260/186/98 3261/185/101
f 3259/187/102 3258/188/102 3260/186/98
f 3257/189/102 3258/188/102 3259/187/102
f 3257/189/102 3256/190/102 3258/188/102
f 3254/191/103 3256/190/102 3257/189/102
f 3254/191/103 3255/192/103 3256/190/102
f 3253/193/102 3255/192/103 3254/191/103
f 3253/193/102 3254/191/103 3252/194/102
f 3251/195/102 3253/193/102 3252/194/102
f 3251/195/102 3252/194/102 3250/196/102
f 3250/196/102 3248/197/104 3251/195/102
f 3250/196/102 3249/198/105 3248/197/104
f 3212/199/106 3247/200/107 3211/201/108
f 3247/200/107 3246/202/109 3211/201/108
f 3211/201/108 3246/202/109 3245/203/110
f 3211/201/108 3245/203/110 3244/204/111
f 3244/204/111 3245/203/110 3243/205/112
f 3244/204/111 3243/205/112 3242/206/113
f 3242/206/113 3243/205/112 3241/207/114
f 3242/206/113 3241/207/114 3240/208/115
f 3240/208/115 3241/207/114 3238/209/116
f 3240/208/115 3238/209/116 3239/210/117
f 3238/209/116 3237/211/118 3239/210/117
f 3238/209/116 3236/212/119 3237/211/118
f 3236/212/119 3235/213/120 3237/211/118
f 3236/212/119 3234/214/121 3235/213/120
f 3234/214/121 3233/215/122 3235/213/120
f 3234/214/121 3232/216/123 3233/215/122
f 3232/216/123 3230/217/124 3233/215/122
f 3232/216/123 3231/218/125 3230/217/124
f 3227/219/126 3228/220/127 3229/221/127
f 3227/219/126 3226/222/126 3228/220/127
f 3226/222/126 3227/219/126 3225/223/128
f 3226/222/126 3225/223/128 3224/224/129
f 3224/224/129 3225/223/128 3223/225/130
f 3224/224/129 3223/225/130 3222/226/130
f 3222/226/130 3223/225/130 3221/227/131
f 3222/226/130 3221/227/131 3220/228/131
f 3220/228/131 3221/227/131 3219/229/132
f 3220/228/131 3219/229/132 3218/230/133
f 3218/230/133 3219/229/132 3217/231/46
f 3218/230/133 3217/231/46 3216/232/45
f 3216/232/45 3217/231/46 3215/233/43
f 3216/232/45 3215/233/43 3214/234/95
f 3214/234/95 3215/233/43 3213/235/134
f 3214/234/95 3213/235/134 3210/236/135
f 3212/199/106 3210/236/135 3213/235/134
f 3212/199/106 3211/201/108 3210/236/135
f 3184/237/136 3185/238/136 3209/239/68
f 3184/237/136 3209/239/68 3208/240/137
f 3208/240/137 3209/239/68 3207/241/70
f 3208/240/137 3207/241/70 3206/242/70
f 3206/242/70 3207/241/70 3205/243/50
f 3206/242/70 3205/243/50 3204/244/50
f 3204/244/50 3205/243/50 3203/245/53
f 3204/244/50 3203/245/53 3202/246/81
f 3202/246/81 3203/245/53 3201/247/83
f 3202/246/81 3201/247/83 3200/248/57
f 3200/248/57 3201/247/83 3199/249/86
f 3200/248/57 3199/249/86 3198/250/86
f 3198/250/86 3199/249/86 3197/251/63
f 3198/250/86 3197/251/63 3196/252/63
f 3196/252/63 3197/251/63 3195/253/90
f 3196/252/63 3195/253/90 3194/254/138
f 3194/254/138 3195/253/90 3193/255/91
f 3194/254/138 3193/255/91 3192/256/139
f 3190/257/92 3191/258/140 3189/259/141
f 3190/257/92 3189/259/141 3188/260/142
f 3188/260/142 3189/259/141 3187/261/45
f 3188/260/142 3187/261/45 3186/262/46
f 3186/262/46 3187/261/45 3185/238/136
f 3186/262/46 3185/238/136 3184/237/136
f 3181/263/69 3182/264/143 3183/265/144
f 3181/263/69 3180/266/69 3182/264/143
f 3179/267/50 3180/266/69 3181/263/69
f 3179/267/50 3178/268/145 3180/266/69
f 3177/269/55 3178/268/145 3179/267/50
f 3177/269/55 3176/270/146 3178/268/145
f 3175/271/86 3176/270/146 3177/269/55
f 3175/271/86 3174/272/86 3176/270/146
f 3173/273/147 3174/272/86 3175/271/86
f 3173/273/147 3172/274/147 3174/272/86
f 3171/275/148 3172/274/147 3173/273/147
f 3171/275/148 3170/276/40 3172/274/147
f 3169/277/149 3170/276/40 3171/275/148
f 3169/277/149 3166/278/149 3170/276/40
f 3168/279/150 3166/278/149 3169/277/149
f 3168/279/150 3167/280/150 3166/278/149
f 3165/281/151 3161/282/152 3164/283/153
f 3164/283/153 3161/282/152 3163/284/154
f 3163/284/154 3161/282/152 3162/285/151
f 3162/285/151 3161/282/152 3159/286/98
f 3159/286/98 3161/282/152 3160/287/98
f 3159/286/98 3160/287/98 3158/288/98
f 3159/286/98 3158/288/98 3157/289/98
f 3157/289/98 3158/288/98 3154/290/98
f 3157/289/98 3154/290/98 3156/291/98
f 3155/292/98 3156/291/98 3154/290/98
f 3155/292/98 3154/290/98 3153/293/98
f 3152/294/10 3151/295/155 3149/296/10
f 3149/296/10 3151/295/155 3150/297/156
f 3149/296/10 3150/297/156 3148/298/10
f 3149/296/10 3148/298/10 3146/299/10
f 3146/299/10 3148/298/10 3147/300/10
f 3146/299/10 3147/300/10 3144/301/10
f 3146/299/10 3144/301/10 3145/302/10
f 3143/303/4 3145/302/10 3144/301/10
f 3143/303/4 3144/301/10 3141/304/6
f 3142/305/10 3143/303/4 3141/304/6
f 3142/305/10 3141/304/6 3140/306/10
f 3114/307/157 3115/308/158 3139/309/159
f 3114/307/157 3139/309/159 3138/310/160
f 3138/310/160 3139/309/159 3137/311/83
f 3138/310/160 3137/311/83 3136/312/84
f 3136/312/84 3137/311/83 3135/313/86
f 3136/312/84 3135/313/86 3134/314/86
f 3134/314/86 3135/313/86 3133/315/161
f 3134/314/86 3133/315/161 3132/316/162
f 3132/316/162 3133/315/161 3131/317/163
f 3132/316/162 3131/317/163 3130/318/164
f 3130/318/164 3131/317/163 3128/319/165
f 3130/318/164 3128/319/165 3129/320/165
f 3127/321/166 3129/320/165 3128/319/165
f 3127/321/166 3128/319/165 3126/322/167
f 3126/322/167 3124/323/168 3127/321/166
f 3126/322/167 3125/324/169 3124/323/168
f 3124/323/168 3125/324/169 3123/325/170
f 3124/323/168 3123/325/170 3122/326/170
f 3120/327/171 3119/328/172 3121/329/171
f 3120/327/171 3118/330/173 3119/328/172
f 3117/331/174 3119/328/172 3118/330/173
f 3117/331/174 3118/330/173 3116/332/174
f 3116/332/174 3114/307/157 3117/331/174
f 3116/332/174 3115/308/158 3114/307/157
f 3113/333/102 3109/334/102 3112/335/102
f 3112/335/102 3109/334/102 3111/336/175
f 3111/336/175 3109/334/102 3110/337/102
f 3110/337/102 3109/334/102 3107/338/102
f 3107/338/102 3109/334/102 3108/339/102
f 3106/340/175 3107/338/102 3108/339/102
f 3106/340/175 3105/341/102 3107/338/102
f 3105/341/102 3106/340/175 3102/342/175
f 3105/341/102 3102/342/175 3104/343/102
f 3103/344/98 3104/343/102 3102/342/175
f 3103/344/98 3102/342/175 3101/345/98
f 3097/346/176 3099/347/177 3100/348/177
f 3097/346/176 3098/349/176 3099/347/177
f 3096/350/174 3098/349/176 3097/346/176
f 3096/350/174 3097/346/176 3095/351/174
f 3093/352/178 3096/350/174 3095/351/174
f 3093/352/178 3095/351/174 3094/353/179
f 3092/354/180 3093/352/178 3094/353/179
f 3092/354/180 3091/355/180 3093/352/178
f 3090/356/56 3091/355/180 3092/354/180
f 3090/356/56 3089/357/181 3091/355/180
f 3088/358/86 3089/357/181 3090/356/56
f 3088/358/86 3087/359/86 3089/357/181
f 3086/360/63 3087/359/86 3088/358/86
f 3086/360/63 3085/361/182 3087/359/86
f 3084/362/183 3085/361/182 3086/360/63
f 3084/362/183 3083/363/183 3085/361/182
f 3081/364/184 3083/363/183 3084/362/183
f 3081/364/184 3082/365/185 3083/363/183
f 3081/364/184 3080/366/186 3082/365/185
f 3081/364/184 3079/367/187 3080/366/186
f 3079/367/187 3078/368/168 3080/366/186
f 3079/367/187 3076/369/168 3078/368/168
f 3077/370/188 3078/368/168 3076/369/168
f 3077/370/188 3076/369/168 3075/371/189
f 3072/372/58 3073/373/190 3074/374/190
f 3072/372/58 3071/375/191 3073/373/190
f 3070/376/83 3071/375/191 3072/372/58
f 3070/376/83 3069/377/83 3071/375/191
f 3068/378/192 3069/377/83 3070/376/83
f 3068/378/192 3067/379/192 3069/377/83
f 3067/379/192 3068/378/192 3066/380/80
f 3067/379/192 3066/380/80 3065/381/193
f 3065/381/193 3066/380/80 3064/382/194
f 3065/381/193 3064/382/194 3063/383/195
f 3062/384/50 3063/383/195 3064/382/194
f 3062/384/50 3061/385/50 3063/383/195
f 3060/386/78 3061/385/50 3062/384/50
f 3060/386/78 3059/387/196 3061/385/50
f 3059/387/196 3060/386/78 3057/388/70
f 3059/387/196 3057/388/70 3058/389/76
f 3057/388/70 3055/390/69 3058/389/76
f 3057/388/70 3056/391/69 3055/390/69
f 3054/392/197 3055/390/69 3056/391/69
f 3054/392/197 3053/393/67 3055/390/69
f 3052/394/73 3053/393/67 3054/392/197
f 3052/394/73 3051/395/198 3053/393/67
f 3050/396/136 3051/395/198 3052/394/73
f 3050/396/136 3049/397/136 3051/395/198
f 3048/398/199 3049/397/136 3050/396/136
f 3048/398/199 3047/399/200 3049/397/136
f 3046/400/45 3047/399/200 3048/398/199
f 3046/400/45 3045/401/46 3047/399/200
f 3044/402/43 3045/401/46 3046/400/45
f 3044/402/43 3043/403/43 3045/401/46
f 3042/404/142 3043/403/43 3044/402/43
f 3042/404/142 3041/405/142 3043/403/43
f 3040/406/201 3041/405/142 3042/404/142
f 3040/406/201 3039/407/41 3041/405/142
f 3038/408/40 3039/407/41 3040/406/201
f 3038/408/40 3037/409/40 3039/407/41
f 3036/410/91 3037/409/40 3038/408/40
f 3036/410/91 3035/411/202 3037/409/40
f 3034/412/90 3035/411/202 3036/410/91
f 3034/412/90 3033/413/90 3035/411/202
f 3032/414/147 3033/413/90 3034/412/90
f 3032/414/147 3031/415/147 3033/413/90
f 3030/416/63 3031/415/147 3032/414/147
f 3030/416/63 3029/417/63 3031/415/147
f 3028/418/203 3029/417/63 3030/416/63
f 3028/418/203 3025/419/204 3029/417/63
f 3027/420/205 3025/419/204 3028/418/203
f 3027/420/205 3026/421/205 3025/419/204
f 3019/422/10 3020/423/206 3024/424/10
f 3024/424/10 3020/423/206 3021/425/207
f 3024/424/10 3021/425/207 3023/426/10
f 3021/425/207 3022/427/3 3023/426/10
f 3022/427/3 2926/428/208 2931/429/209
f 3022/427/3 2929/430/210 2926/428/208
f 3021/425/207 2929/430/210 3022/427/3
f 2930/431/211 2929/430/210 3021/425/207
f 3020/423/206 2930/431/211 3021/425/207
f 3020/423/206 3004/432/212 2930/431/211
f 3006/433/213 3004/432/212 3020/423/206
f 3019/422/10 3006/433/213 3020/423/206
f 3008/434/214 3006/433/213 3019/422/10
f 3008/434/214 3019/422/10 3018/435/3
f 3017/436/3 3008/434/214 3018/435/3
f 3017/436/3 3010/437/215 3008/434/214
f 3016/438/1 3010/437/215 3017/436/3
f 3016/438/1 3011/439/216 3010/437/215
f 3015/440/2 3011/439/216 3016/438/1
f 3015/440/2 3014/441/217 3011/439/216
f 3014/441/217 3012/442/218 3011/439/216
f 3014/441/217 3013/443/219 3012/442/218
f 3011/439/216 3012/442/218 3009/444/220
f 3011/439/216 3009/444/220 3010/437/215
f 3008/434/214 3010/437/215 3009/444/220
f 3008/434/214 3009/444/220 3007/445/221
f 3007/445/221 3006/433/213 3008/434/214
f 3007/445/221 3005/446/222 3006/433/213
f 3006/433/213 3005/446/222 3004/432/212
f 3002/447/40 3003/448/40 3001/449/40
f 3002/447/40 3001/449/40 3000/450/40
f 2998/451/40 3000/450/40 3001/449/40
f 2998/451/40 2999/452/40 3000/450/40
f 2998/451/40 2996/453/40 2999/452/40
f 2998/451/40 2997/454/40 2996/453/40
f 2995/455/103 2994/456/103 2992/457/102
f 2994/456/103 2993/458/102 2992/457/102
f 2993/458/102 2991/459/102 2992/457/102
f 2991/459/102 2987/460/102 2992/457/102
f 2990/461/102 2987/460/102 2991/459/102
f 2989/462/175 2987/460/102 2990/461/102
f 2989/462/175 2988/463/175 2987/460/102
f 2985/464/50 2986/465/50 2984/466/50
f 2985/464/50 2984/466/50 2983/467/50
f 2981/468/50 2983/467/50 2984/466/50
f 2981/468/50 2982/469/50 2983/467/50
f 2981/468/50 2979/470/50 2982/469/50
f 2981/468/50 2980/471/50 2979/470/50
f 2978/472/223 2976/473/1 2977/474/1
f 2977/474/1 2976/473/1 2975/475/2
f 2975/475/2 2976/473/1 2974/476/2
f 2975/475/2 2974/476/2 2972/477/224
f 2972/477/224 2974/476/2 2973/478/225
f 2970/479/12 2972/477/224 2973/478/225
f 2970/479/12 2971/480/209 2972/477/224
f 2969/481/209 2971/480/209 2970/479/12
f 2969/481/209 2970/479/12 2968/482/12
f 2968/482/12 2966/483/209 2969/481/209
f 2968/482/12 2967/484/209 2966/483/209
f 2964/485/1 2943/486/226 2965/487/227
f 2964/485/1 2945/488/228 2943/486/226
f 2963/489/3 2945/488/228 2964/485/1
f 2963/489/3 2947/490/229 2945/488/228
f 2962/491/209 2947/490/229 2963/489/3
f 2962/491/209 2949/492/230 2947/490/229
f 2961/493/10 2949/492/230 2962/491/209
f 2961/493/10 2951/494/231 2949/492/230
f 2960/495/3 2951/494/231 2961/493/10
f 2960/495/3 2953/496/232 2951/494/231
f 2959/497/3 2953/496/232 2960/495/3
f 2959/497/3 2955/498/233 2953/496/232
f 2942/499/10 2955/498/233 2959/497/3
f 2942/499/10 2941/500/234 2955/498/233
f 2912/501/235 2913/502/236 2958/503/237
f 2912/501/235 2958/503/237 2939/504/238
f 2939/504/238 2958/503/237 2957/505/239
f 2939/504/238 2957/505/239 2941/500/234
f 2941/500/234 2957/505/239 2956/506/240
f 2941/500/234 2956/506/240 2955/498/233
f 2955/498/233 2956/506/240 2954/507/241
f 2955/498/233 2954/507/241 2953/496/232
f 2953/496/232 2954/507/241 2952/508/242
f 2953/496/232 2952/508/242 2951/494/231
f 2951/494/231 2952/508/242 2950/509/243
f 2951/494/231 2950/509/243 2949/492/230
f 2949/492/230 2950/509/243 2948/510/244
f 2949/492/230 2948/510/244 2947/490/229
f 2947/490/229 2948/510/244 2946/511/245
f 2947/490/229 2946/511/245 2945/488/228
f 2945/488/228 2946/511/245 2944/512/246
f 2945/488/228 2944/512/246 2943/486/226
f 2940/513/3 2941/500/234 2942/499/10
f 2940/513/3 2939/504/238 2941/500/234
f 2938/514/3 2939/504/238 2940/513/3
f 2938/514/3 2912/501/235 2939/504/238
f 2937/515/1 2912/501/235 2938/514/3
f 2937/515/1 2914/516/247 2912/501/235
f 2936/517/2 2914/516/247 2937/515/1
f 2936/517/2 2916/518/248 2914/516/247
f 2935/519/209 2916/518/248 2936/517/2
f 2935/519/209 2918/520/249 2916/518/248
f 2934/521/250 2918/520/249 2935/519/209
f 2934/521/250 2920/522/251 2918/520/249
f 2933/523/10 2920/522/251 2934/521/250
f 2933/523/10 2922/524/252 2920/522/251
f 2932/525/3 2922/524/252 2933/523/10
f 2932/525/3 2924/526/253 2922/524/252
f 2931/429/209 2924/526/253 2932/525/3
f 2931/429/209 2926/428/208 2924/526/253
f 2930/431/211 2928/527/254 2929/430/210
f 2926/428/208 2929/430/210 2928/527/254
f 2926/428/208 2928/527/254 2927/528/255
f 2926/428/208 2927/528/255 2925/529/256
f 2926/428/208 2925/529/256 2924/526/253
f 2924/526/253 2925/529/256 2923/530/257
f 2924/526/253 2923/530/257 2922/524/252
f 2922/524/252 2923/530/257 2921/531/258
f 2922/524/252 2921/531/258 2920/522/251
f 2920/522/251 2921/531/258 2919/532/259
f 2920/522/251 2919/532/259 2918/520/249
f 2918/520/249 2919/532/259 2917/533/260
f 2918/520/249 2917/533/260 2916/518/248
f 2916/518/248 2917/533/260 2915/534/261
f 2916/518/248 2915/534/261 2914/516/247
f 2914/516/247 2915/534/261 2913/502/236
f 2914/516/247 2913/502/236 2912/501/235
f 1611/535/58 1607/536/262 1609/537/263
f 1611/535/58 1609/537/263 2911/538/264
f 2911/538/264 1609/537/263 1628/539/265
f 2911/538/264 1628/539/265 2910/540/55
f 2910/540/55 1628/539/265 1629/541/266
f 2910/540/55 1629/541/266 2909/542/53
f 2909/542/53 1629/541/266 1631/543/267
f 2909/542/53 1631/543/267 2908/544/268
f 2908/544/268 1631/543/267 1633/545/269
f 2908/544/268 1633/545/269 2907/546/50
f 2907/546/50 1633/545/269 1635/547/270
f 2907/546/50 1635/547/270 2906/548/71
f 2906/548/71 1635/547/270 1637/549/271
f 2906/548/71 1637/549/271 2905/550/77
f 2905/550/77 1637/549/271 1639/551/272
f 2905/550/77 1639/551/272 2904/552/69
f 2904/552/69 1639/551/272 1641/553/273
f 2904/552/69 1641/553/273 1644/554/67
f 2902/555/274 2903/556/274 2901/557/275
f 2902/555/274 2901/557/275 2900/558/276
f 2899/559/277 2900/558/276 2901/557/275
f 2899/559/277 2896/560/277 2900/558/276
f 2898/561/278 2896/560/277 2899/559/277
f 2898/561/278 2897/562/279 2896/560/277
f 2894/563/136 2893/564/136 2895/565/136
f 2893/564/136 2894/563/136 2892/566/136
f 2893/564/136 2892/566/136 2891/567/136
f 2867/568/10 2868/569/10 2890/570/10
f 2867/568/10 2890/570/10 2889/571/10
f 2889/571/10 2890/570/10 2888/572/8
f 2889/571/10 2888/572/8 2887/573/8
f 2887/573/8 2888/572/8 2886/574/4
f 2887/573/8 2886/574/4 2885/575/4
f 2885/575/4 2886/574/4 2884/576/4
f 2885/575/4 2884/576/4 2883/577/4
f 2883/577/4 2884/576/4 2882/578/12
f 2883/577/4 2882/578/12 2881/579/12
f 2881/579/12 2882/578/12 2880/580/10
f 2881/579/12 2880/580/10 2879/581/8
f 2879/581/8 2880/580/10 2878/582/10
f 2879/581/8 2878/582/10 2877/583/10
f 2877/583/10 2878/582/10 2876/584/10
f 2877/583/10 2876/584/10 2875/585/10
f 2875/585/10 2876/584/10 2874/586/6
f 2875/585/10 2874/586/6 2873/587/4
f 2873/587/4 2874/586/6 2872/588/1
f 2873/587/4 2872/588/1 2871/589/1
f 2871/589/1 2872/588/1 2870/590/3
f 2871/589/1 2870/590/3 2869/591/3
f 2869/591/3 2870/590/3 2868/569/10
f 2869/591/3 2868/569/10 2867/568/10
f 2843/592/1 2844/593/1 2866/594/4
f 2843/592/1 2866/594/4 2865/595/4
f 2865/595/4 2866/594/4 2864/596/4
f 2865/595/4 2864/596/4 2863/597/4
f 2863/597/4 2864/596/4 2862/598/4
f 2863/597/4 2862/598/4 2861/599/4
f 2861/599/4 2862/598/4 2860/600/10
f 2861/599/4 2860/600/10 2859/601/10
f 2859/601/10 2860/600/10 2858/602/10
f 2859/601/10 2858/602/10 2857/603/10
f 2857/603/10 2858/602/10 2856/604/11
f 2857/603/10 2856/604/11 2855/605/3
f 2855/605/3 2856/604/11 2854/606/3
f 2855/605/3 2854/606/3 2853/607/3
f 2853/607/3 2854/606/3 2852/608/3
f 2853/607/3 2852/608/3 2851/609/3
f 2851/609/3 2852/608/3 2850/610/3
f 2851/609/3 2850/610/3 2849/611/3
f 2849/611/3 2850/610/3 2848/612/3
f 2849/611/3 2848/612/3 2847/613/3
f 2847/613/3 2848/612/3 2846/614/3
f 2847/613/3 2846/614/3 2845/615/3
f 2845/615/3 2846/614/3 2844/593/1
f 2845/615/3 2844/593/1 2843/592/1
f 2819/616/98 2820/617/98 2842/618/98
f 2819/616/98 2842/618/98 2841/619/98
f 2841/619/98 2842/618/98 2840/620/98
f 2841/619/98 2840/620/98 2839/621/98
f 2839/621/98 2840/620/98 2838/622/98
f 2839/621/98 2838/622/98 2837/623/98
f 2837/623/98 2838/622/98 2836/624/98
f 2837/623/98 2836/624/98 2835/625/101
f 2835/625/101 2836/624/98 2834/626/103
f 2835/625/101 2834/626/103 2833/627/103
f 2833/627/103 2834/626/103 2832/628/102
f 2833/627/103 2832/628/102 2831/629/102
f 2831/629/102 2832/628/102 2830/630/102
f 2831/629/102 2830/630/102 2829/631/102
f 2829/631/102 2830/630/102 2828/632/102
f 2829/631/102 2828/632/102 2827/633/102
f 2827/633/102 2828/632/102 2826/634/102
f 2827/633/102 2826/634/102 2825/635/102
f 2825/635/102 2826/634/102 2824/636/102
f 2825/635/102 2824/636/102 2823/637/102
f 2823/637/102 2824/636/102 2822/638/151
f 2823/637/102 2822/638/151 2821/639/151
f 2821/639/151 2822/638/151 2820/617/98
f 2821/639/151 2820/617/98 2819/616/98
f 2794/640/280 2795/641/281 2810/642/282
f 2794/640/280 2810/642/282 2818/643/283
f 2818/643/283 2810/642/282 2809/644/284
f 2818/643/283 2809/644/284 2817/645/285
f 2817/645/285 2809/644/284 2808/646/286
f 2817/645/285 2808/646/286 2816/647/287
f 2816/647/287 2808/646/286 2807/648/288
f 2816/647/287 2807/648/288 2815/649/289
f 2815/649/289 2807/648/288 2806/650/290
f 2815/649/289 2806/650/290 2814/651/291
f 2814/651/291 2806/650/290 2805/652/292
f 2814/651/291 2805/652/292 2813/653/293
f 2813/653/293 2805/652/292 2804/654/294
f 2813/653/293 2804/654/294 2812/655/295
f 2812/655/295 2804/654/294 2803/656/296
f 2812/655/295 2803/656/296 2811/657/297
f 2811/657/297 2803/656/296 2801/658/298
f 2811/657/297 2801/658/298 2800/659/299
f 2802/660/300 2797/661/301 2799/662/302
f 2802/660/300 2795/641/281 2797/661/301
f 2802/660/300 2810/642/282 2795/641/281
f 2802/660/300 2809/644/284 2810/642/282
f 2802/660/300 2808/646/286 2809/644/284
f 2802/660/300 2807/648/288 2808/646/286
f 2802/660/300 2806/650/290 2807/648/288
f 2802/660/300 2805/652/292 2806/650/290
f 2802/660/300 2804/654/294 2805/652/292
f 2802/660/300 2803/656/296 2804/654/294
f 2802/660/300 2801/658/298 2803/656/296
f 2802/660/300 2799/662/302 2801/658/298
f 2800/659/299 2801/658/298 2799/662/302
f 2800/659/299 2799/662/302 2798/663/303
f 2798/663/303 2799/662/302 2797/661/301
f 2798/663/303 2797/661/301 2796/664/304
f 2796/664/304 2797/661/301 2795/641/281
f 2796/664/304 2795/641/281 2794/640/280
f 2792/665/305 2793/666/306 2791/667/170
f 2792/665/305 2791/667/170 2790/668/306
f 2788/669/86 2789/670/86 2787/671/86
f 2788/669/86 2787/671/86 2786/672/86
f 2784/673/307 2785/674/308 2783/675/308
f 2784/673/307 2783/675/308 2782/676/177
f 2780/677/136 2781/678/136 2779/679/136
f 2780/677/136 2779/679/136 2778/680/136
f 2776/681/309 2777/682/310 2775/683/311
f 2776/681/309 2775/683/311 2774/684/312
f 2774/684/312 2775/683/311 2773/685/313
f 2774/684/312 2773/685/313 2770/686/313
f 2772/687/314 2770/686/313 2773/685/313
f 2772/687/314 2771/688/315 2770/686/313
f 2769/689/3 2760/690/1 2768/691/3
f 2768/691/3 2760/690/1 2767/692/3
f 2767/692/3 2760/690/1 2766/693/2
f 2766/693/2 2760/690/1 2765/694/3
f 2760/690/1 2759/695/2 2765/694/3
f 2765/694/3 2759/695/2 2764/696/4
f 2764/696/4 2759/695/2 2763/697/1
f 2763/697/1 2759/695/2 2761/698/2
f 2759/695/2 2762/699/1 2761/698/2
f 2746/700/316 2745/701/1 2760/690/1
f 2760/690/1 2745/701/1 2758/702/1
f 2760/690/1 2758/702/1 2759/695/2
f 2758/702/1 2756/703/317 2759/695/2
f 2758/702/1 2757/704/318 2756/703/317
f 2755/705/319 2756/703/317 2757/704/318
f 2755/705/319 2754/706/320 2756/703/317
f 2753/707/321 2754/706/320 2755/705/319
f 2753/707/321 2752/708/322 2754/706/320
f 2751/709/136 2752/708/322 2753/707/321
f 2751/709/136 2750/710/323 2752/708/322
f 2749/711/324 2750/710/323 2751/709/136
f 2749/711/324 2748/712/324 2750/710/323
f 2747/713/325 2748/712/324 2749/711/324
f 2747/713/325 2744/714/326 2748/712/324
f 2743/715/327 2744/714/326 2747/713/325
f 2729/716/328 2727/717/329 2746/700/316
f 2746/700/316 2727/717/329 2745/701/1
f 2743/715/327 2742/718/327 2744/714/326
f 2742/718/327 2743/715/327 2741/719/102
f 2742/718/327 2741/719/102 2717/720/102
f 2717/720/102 2741/719/102 2740/721/102
f 2717/720/102 2740/721/102 2722/722/102
f 2740/721/102 2738/723/327 2722/722/102
f 2740/721/102 2739/724/327 2738/723/327
f 2738/723/327 2739/724/327 2737/725/330
f 2738/723/327 2737/725/330 2736/726/330
f 2736/726/330 2737/725/330 2735/727/331
f 2736/726/330 2735/727/331 2734/728/332
f 2734/728/332 2735/727/331 2733/729/323
f 2734/728/332 2733/729/323 2732/730/323
f 2732/730/323 2733/729/323 2731/731/321
f 2732/730/323 2731/731/321 2730/732/322
f 2730/732/322 2731/731/321 2728/733/333
f 2730/732/322 2728/733/333 2729/716/328
f 2729/716/328 2728/733/333 2727/717/329
f 2726/734/102 2725/735/102 2722/722/102
f 2725/735/102 2724/736/102 2722/722/102
f 2724/736/102 2723/737/103 2722/722/102
f 2723/737/103 2721/738/102 2722/722/102
f 2721/738/102 2717/720/102 2722/722/102
f 2720/739/102 2717/720/102 2721/738/102
f 2719/740/102 2717/720/102 2720/739/102
f 2716/741/98 2717/720/102 2719/740/102
f 2718/742/334 2717/720/102 2716/741/98
f 2715/743/154 2709/744/335 2714/745/151
f 2714/745/151 2709/744/335 2713/746/336
f 2713/746/336 2709/744/335 2712/747/151
f 2712/747/151 2709/744/335 2711/748/151
f 2711/748/151 2709/744/335 2710/749/98
f 2709/744/335 2707/750/98 2710/749/98
f 2708/751/104 2707/750/98 2709/744/335
f 2708/751/104 2706/752/105 2707/750/98
f 2707/750/98 2706/752/105 2705/753/334
f 2704/754/337 2698/755/3 2703/756/338
f 2703/756/338 2698/755/3 2702/757/11
f 2702/757/11 2698/755/3 2701/758/225
f 2701/758/225 2698/755/3 2700/759/209
f 2700/759/209 2698/755/3 2699/760/11
f 2698/755/3 2697/761/339 2699/760/11
f 2695/762/3 2697/761/339 2698/755/3
f 2696/763/340 2697/761/339 2695/762/3
f 2696/763/340 2695/762/3 2694/764/3
f 2693/765/175 2688/766/175 2692/767/102
f 2692/767/102 2688/766/175 2691/768/102
f 2691/768/102 2688/766/175 2690/769/102
f 2690/769/102 2688/766/175 2689/770/102
f 2689/770/102 2688/766/175 2687/771/102
f 2687/771/102 2688/766/175 2683/772/102
f 2687/771/102 2683/772/102 2686/773/341
f 2686/773/341 2683/772/102 2685/774/342
f 2685/774/342 2683/772/102 2684/775/342
f 2684/775/342 2683/772/102 2682/776/102
f 2681/777/343 2676/778/8 2680/779/155
f 2680/779/155 2676/778/8 2679/780/8
f 2679/780/8 2676/778/8 2678/781/10
f 2678/781/10 2676/778/8 2677/782/10
f 2677/782/10 2676/778/8 2675/783/10
f 2675/783/10 2676/778/8 2671/784/8
f 2675/783/10 2671/784/8 2674/785/10
f 2674/785/10 2671/784/8 2673/786/10
f 2673/786/10 2671/784/8 2672/787/10
f 2672/787/10 2671/784/8 2670/788/10
f 2668/789/136 2669/790/136 2667/791/136
f 2668/789/136 2667/791/136 2666/792/136
f 2665/793/3 2365/794/1 2363/795/1
f 2665/793/3 2664/796/3 2365/794/1
f 2663/797/10 2664/796/3 2665/793/3
f 2663/797/10 2662/798/10 2664/796/3
f 2661/799/10 2662/798/10 2663/797/10
f 2661/799/10 2660/800/10 2662/798/10
f 2659/801/4 2660/800/10 2661/799/10
f 2659/801/4 2658/802/4 2660/800/10
f 2657/803/10 2658/802/4 2659/801/4
f 2657/803/10 2656/804/10 2658/802/4
f 2655/805/3 2656/804/10 2657/803/10
f 2655/805/3 2654/806/3 2656/804/10
f 2653/807/1 2654/806/3 2655/805/3
f 2653/807/1 2652/808/1 2654/806/3
f 2651/809/2 2652/808/1 2653/807/1
f 2651/809/2 2648/810/1 2652/808/1
f 2650/811/344 2648/810/1 2651/809/2
f 2650/811/344 2649/812/345 2648/810/1
f 2584/813/346 2423/814/347 2640/815/348
f 2584/813/346 2640/815/348 2585/816/349
f 2585/816/349 2640/815/348 2638/817/350
f 2585/816/349 2638/817/350 2586/818/351
f 2586/818/351 2638/817/350 2636/819/352
f 2586/818/351 2636/819/352 2587/820/353
f 2587/820/353 2636/819/352 2634/821/354
f 2587/820/353 2634/821/354 2588/822/355
f 2588/822/355 2634/821/354 2632/823/356
f 2588/822/355 2632/823/356 2590/824/357
f 2590/824/357 2632/823/356 2630/825/358
f 2590/824/357 2630/825/358 2592/826/359
f 2592/826/359 2630/825/358 2628/827/360
f 2592/826/359 2628/827/360 2594/828/361
f 2594/828/361 2628/827/360 2626/829/362
f 2594/828/361 2626/829/362 2596/830/363
f 2596/830/363 2626/829/362 2624/831/364
f 2596/830/363 2624/831/364 2598/832/365
f 2627/833/366 2647/834/367 2625/835/368
f 2627/833/366 2646/836/369 2647/834/367
f 2629/837/370 2646/836/369 2627/833/366
f 2629/837/370 2645/838/371 2646/836/369
f 2631/839/372 2645/838/371 2629/837/370
f 2631/839/372 2644/840/373 2645/838/371
f 2633/841/374 2644/840/373 2631/839/372
f 2633/841/374 2643/842/375 2644/840/373
f 2635/843/376 2643/842/375 2633/841/374
f 2635/843/376 2642/844/377 2643/842/375
f 2637/845/378 2642/844/377 2635/843/376
f 2637/845/378 2641/846/379 2642/844/377
f 2639/847/380 2641/846/379 2637/845/378
f 2639/847/380 2456/848/381 2641/846/379
f 2455/849/382 2456/848/381 2639/847/380
f 2423/814/347 2424/850/383 2455/849/382
f 2423/814/347 2455/849/382 2640/815/348
f 2640/815/348 2455/849/382 2639/847/380
f 2640/815/348 2639/847/380 2638/817/350
f 2638/817/350 2639/847/380 2637/845/378
f 2638/817/350 2637/845/378 2636/819/352
f 2636/819/352 2637/845/378 2635/843/376
f 2636/819/352 2635/843/376 2634/821/354
f 2634/821/354 2635/843/376 2633/841/374
f 2634/821/354 2633/841/374 2632/823/356
f 2632/823/356 2633/841/374 2631/839/372
f 2632/823/356 2631/839/372 2630/825/358
f 2630/825/358 2631/839/372 2629/837/370
f 2630/825/358 2629/837/370 2628/827/360
f 2628/827/360 2629/837/370 2627/833/366
f 2628/827/360 2627/833/366 2626/829/362
f 2626/829/362 2627/833/366 2625/835/368
f 2626/829/362 2625/835/368 2624/831/364
f 2620/851/384 2621/852/385 2623/853/386
f 2620/851/384 2623/853/386 2619/854/387
f 2619/854/387 2623/853/386 2622/855/388
f 2619/854/387 2622/855/388 2618/856/389
f 2618/856/389 2622/855/388 2551/857/390
f 2618/856/389 2551/857/390 2550/858/391
f 2616/859/392 2617/860/393 2621/852/385
f 2616/859/392 2621/852/385 2620/851/384
f 2620/851/384 2615/861/394 2616/859/392
f 2620/851/384 2614/862/395 2615/861/394
f 2619/854/387 2614/862/395 2620/851/384
f 2619/854/387 2613/863/396 2614/862/395
f 2618/856/389 2613/863/396 2619/854/387
f 2618/856/389 2612/864/397 2613/863/396
f 2550/858/391 2612/864/397 2618/856/389
f 2550/858/391 2560/865/398 2612/864/397
f 2603/866/399 2600/867/400 2617/860/393
f 2603/866/399 2617/860/393 2616/859/392
f 2616/859/392 2605/868/401 2603/866/399
f 2616/859/392 2615/861/394 2605/868/401
f 2615/861/394 2607/869/402 2605/868/401
f 2615/861/394 2608/870/403 2607/869/402
f 2614/862/395 2608/870/403 2615/861/394
f 2614/862/395 2609/871/404 2608/870/403
f 2613/863/396 2609/871/404 2614/862/395
f 2613/863/396 2610/872/405 2609/871/404
f 2612/864/397 2610/872/405 2613/863/396
f 2612/864/397 2611/873/406 2610/872/405
f 2560/865/398 2611/873/406 2612/864/397
f 2560/865/398 2569/874/407 2611/873/406
f 2569/874/407 2570/875/408 2589/876/409
f 2569/874/407 2589/876/409 2611/873/406
f 2611/873/406 2589/876/409 2591/877/410
f 2611/873/406 2591/877/410 2610/872/405
f 2610/872/405 2591/877/410 2593/878/411
f 2610/872/405 2593/878/411 2609/871/404
f 2609/871/404 2593/878/411 2595/879/412
f 2609/871/404 2595/879/412 2608/870/403
f 2608/870/403 2595/879/412 2597/880/413
f 2608/870/403 2597/880/413 2607/869/402
f 2607/869/402 2597/880/413 2599/881/414
f 2607/869/402 2599/881/414 2606/882/415
f 2605/868/401 2607/869/402 2606/882/415
f 2605/868/401 2606/882/415 2604/883/416
f 2603/866/399 2605/868/401 2604/883/416
f 2603/866/399 2604/883/416 2602/884/417
f 2602/884/417 2600/867/400 2603/866/399
f 2602/884/417 2601/885/418 2600/867/400
f 2598/832/365 2599/881/414 2597/880/413
f 2598/832/365 2597/880/413 2596/830/363
f 2596/830/363 2597/880/413 2595/879/412
f 2596/830/363 2595/879/412 2594/828/361
f 2594/828/361 2595/879/412 2593/878/411
f 2594/828/361 2593/878/411 2592/826/359
f 2592/826/359 2593/878/411 2591/877/410
f 2592/826/359 2591/877/410 2590/824/357
f 2590/824/357 2591/877/410 2589/876/409
f 2590/824/357 2589/876/409 2588/822/355
f 2588/822/355 2589/876/409 2570/875/408
f 2588/822/355 2570/875/408 2587/820/353
f 2457/886/419 2441/887/420 2439/888/421
f 2457/886/419 2439/888/421 2472/889/422
f 2439/888/421 2437/890/423 2472/889/422
f 2472/889/422 2437/890/423 2474/891/424
f 2474/891/424 2437/890/423 2435/892/425
f 2474/891/424 2435/892/425 2476/893/426
f 2476/893/426 2435/892/425 2433/894/427
f 2476/893/426 2433/894/427 2579/895/428
f 2579/895/428 2433/894/427 2431/896/429
f 2579/895/428 2431/896/429 2580/897/430
f 2580/897/430 2431/896/429 2429/898/431
f 2580/897/430 2429/898/431 2581/899/432
f 2581/899/432 2429/898/431 2427/900/433
f 2581/899/432 2427/900/433 2582/901/434
f 2582/901/434 2427/900/433 2425/902/435
f 2582/901/434 2425/902/435 2583/903/436
f 2583/903/436 2425/902/435 2423/814/347
f 2583/903/436 2423/814/347 2584/813/346
f 2587/820/353 2570/875/408 2571/904/437
f 2587/820/353 2571/904/437 2586/818/351
f 2586/818/351 2571/904/437 2572/905/438
f 2586/818/351 2572/905/438 2585/816/349
f 2585/816/349 2572/905/438 2573/906/439
f 2585/816/349 2573/906/439 2584/813/346
f 2584/813/346 2573/906/439 2574/907/440
f 2584/813/346 2574/907/440 2583/903/436
f 2583/903/436 2574/907/440 2575/908/441
f 2583/903/436 2575/908/441 2582/901/434
f 2582/901/434 2575/908/441 2576/909/442
f 2582/901/434 2576/909/442 2581/899/432
f 2581/899/432 2576/909/442 2577/910/443
f 2581/899/432 2577/910/443 2580/897/430
f 2580/897/430 2577/910/443 2578/911/444
f 2580/897/430 2578/911/444 2579/895/428
f 2579/895/428 2578/911/444 2477/912/445
f 2579/895/428 2477/912/445 2476/893/426
f 2481/913/446 2477/912/445 2578/911/444
f 2481/913/446 2578/911/444 2561/914/447
f 2561/914/447 2578/911/444 2577/910/443
f 2561/914/447 2577/910/443 2562/915/448
f 2562/915/448 2577/910/443 2576/909/442
f 2562/915/448 2576/909/442 2563/916/449
f 2563/916/449 2576/909/442 2575/908/441
f 2563/916/449 2575/908/441 2564/917/450
f 2564/917/450 2575/908/441 2574/907/440
f 2564/917/450 2574/907/440 2565/918/451
f 2565/918/451 2574/907/440 2573/906/439
f 2565/918/451 2573/906/439 2566/919/452
f 2566/919/452 2573/906/439 2572/905/438
f 2566/919/452 2572/905/438 2567/920/453
f 2567/920/453 2572/905/438 2571/904/437
f 2567/920/453 2571/904/437 2568/921/454
f 2568/921/454 2571/904/437 2570/875/408
f 2568/921/454 2570/875/408 2569/874/407
f 2559/922/455 2569/874/407 2560/865/398
f 2559/922/455 2568/921/454 2569/874/407
f 2558/923/456 2568/921/454 2559/922/455
f 2558/923/456 2567/920/453 2568/921/454
f 2557/924/457 2567/920/453 2558/923/456
f 2557/924/457 2566/919/452 2567/920/453
f 2556/925/458 2566/919/452 2557/924/457
f 2556/925/458 2565/918/451 2566/919/452
f 2555/926/459 2565/918/451 2556/925/458
f 2555/926/459 2564/917/450 2565/918/451
f 2554/927/460 2564/917/450 2555/926/459
f 2554/927/460 2563/916/449 2564/917/450
f 2553/928/461 2563/916/449 2554/927/460
f 2553/928/461 2562/915/448 2563/916/449
f 2552/929/462 2562/915/448 2553/928/461
f 2552/929/462 2561/914/447 2562/915/448
f 2500/930/463 2561/914/447 2552/929/462
f 2500/930/463 2481/913/446 2561/914/447
f 2548/931/464 2560/865/398 2550/858/391
f 2548/931/464 2559/922/455 2560/865/398
f 2546/932/465 2559/922/455 2548/931/464
f 2546/932/465 2558/923/456 2559/922/455
f 2544/933/466 2558/923/456 2546/932/465
f 2544/933/466 2557/924/457 2558/923/456
f 2542/934/467 2557/924/457 2544/933/466
f 2542/934/467 2556/925/458 2557/924/457
f 2540/935/468 2556/925/458 2542/934/467
f 2540/935/468 2555/926/459 2556/925/458
f 2538/936/469 2555/926/459 2540/935/468
f 2538/936/469 2554/927/460 2555/926/459
f 2536/937/470 2554/927/460 2538/936/469
f 2536/937/470 2553/928/461 2554/927/460
f 2534/938/471 2553/928/461 2536/937/470
f 2534/938/471 2552/929/462 2553/928/461
f 2510/939/472 2552/929/462 2534/938/471
f 2510/939/472 2500/930/463 2552/929/462
f 2550/858/391 2551/857/390 2549/940/473
f 2550/858/391 2549/940/473 2548/931/464
f 2548/931/464 2549/940/473 2547/941/474
f 2548/931/464 2547/941/474 2546/932/465
f 2546/932/465 2547/941/474 2545/942/475
f 2546/932/465 2545/942/475 2544/933/466
f 2544/933/466 2545/942/475 2543/943/476
f 2544/933/466 2543/943/476 2542/934/467
f 2542/934/467 2543/943/476 2541/944/477
f 2542/934/467 2541/944/477 2540/935/468
f 2540/935/468 2541/944/477 2539/945/478
f 2540/935/468 2539/945/478 2538/936/469
f 2538/936/469 2539/945/478 2537/946/479
f 2538/936/469 2537/946/479 2536/937/470
f 2536/937/470 2537/946/479 2535/947/480
f 2536/937/470 2535/947/480 2534/938/471
f 2534/938/471 2535/947/480 2520/948/481
f 2534/938/471 2520/948/481 2510/939/472
f 2526/949/482 2533/950/483 2525/951/484
f 2525/951/484 2533/950/483 2532/952/485
f 2525/951/484 2532/952/485 2524/953/486
f 2524/953/486 2532/952/485 2531/954/487
f 2524/953/486 2531/954/487 2523/955/488
f 2523/955/488 2531/954/487 2530/956/489
f 2523/955/488 2530/956/489 2522/957/490
f 2522/957/490 2530/956/489 2529/958/491
f 2522/957/490 2529/958/491 2521/959/492
f 2519/960/493 2528/961/494 2518/962/495
f 2518/962/495 2528/961/494 2527/963/496
f 2518/962/495 2527/963/496 2517/964/497
f 2517/964/497 2527/963/496 2526/949/482
f 2517/964/497 2526/949/482 2516/965/498
f 2526/949/482 2525/951/484 2516/965/498
f 2515/966/499 2516/965/498 2525/951/484
f 2524/953/486 2515/966/499 2525/951/484
f 2524/953/486 2514/967/500 2515/966/499
f 2523/955/488 2514/967/500 2524/953/486
f 2523/955/488 2513/968/501 2514/967/500
f 2522/957/490 2513/968/501 2523/955/488
f 2522/957/490 2512/969/502 2513/968/501
f 2521/959/492 2512/969/502 2522/957/490
f 2521/959/492 2511/970/416 2512/969/502
f 2510/939/472 2520/948/481 2519/960/493
f 2510/939/472 2519/960/493 2509/971/503
f 2519/960/493 2518/962/495 2509/971/503
f 2508/972/504 2509/971/503 2518/962/495
f 2517/964/497 2508/972/504 2518/962/495
f 2517/964/497 2507/973/505 2508/972/504
f 2516/965/498 2507/973/505 2517/964/497
f 2516/965/498 2506/974/506 2507/973/505
f 2515/966/499 2506/974/506 2516/965/498
f 2505/975/507 2506/974/506 2515/966/499
f 2514/967/500 2505/975/507 2515/966/499
f 2514/967/500 2504/976/508 2505/975/507
f 2513/968/501 2504/976/508 2514/967/500
f 2513/968/501 2503/977/509 2504/976/508
f 2512/969/502 2503/977/509 2513/968/501
f 2512/969/502 2502/978/510 2503/977/509
f 2511/970/416 2502/978/510 2512/969/502
f 2511/970/416 2501/979/511 2502/978/510
f 2509/971/503 2500/930/463 2510/939/472
f 2509/971/503 2499/980/512 2500/930/463
f 2508/972/504 2499/980/512 2509/971/503
f 2498/981/513 2499/980/512 2508/972/504
f 2507/973/505 2498/981/513 2508/972/504
f 2507/973/505 2497/982/514 2498/981/513
f 2506/974/506 2497/982/514 2507/973/505
f 2506/974/506 2496/983/515 2497/982/514
f 2505/975/507 2496/983/515 2506/974/506
f 2495/984/516 2496/983/515 2505/975/507
f 2504/976/508 2495/984/516 2505/975/507
f 2504/976/508 2494/985/517 2495/984/516
f 2503/977/509 2494/985/517 2504/976/508
f 2503/977/509 2493/986/518 2494/985/517
f 2502/978/510 2493/986/518 2503/977/509
f 2502/978/510 2492/987/519 2493/986/518
f 2501/979/511 2492/987/519 2502/978/510
f 2501/979/511 2491/988/414 2492/987/519
f 2499/980/512 2481/913/446 2500/930/463
f 2499/980/512 2482/989/520 2481/913/446
f 2498/981/513 2482/989/520 2499/980/512
f 2483/990/521 2482/989/520 2498/981/513
f 2497/982/514 2483/990/521 2498/981/513
f 2497/982/514 2484/991/522 2483/990/521
f 2496/983/515 2484/991/522 2497/982/514
f 2496/983/515 2485/992/523 2484/991/522
f 2495/984/516 2485/992/523 2496/983/515
f 2485/992/523 2495/984/516 2486/993/524
f 2486/993/524 2495/984/516 2494/985/517
f 2486/993/524 2494/985/517 2487/994/525
f 2487/994/525 2494/985/517 2493/986/518
f 2487/994/525 2493/986/518 2488/995/526
f 2488/995/526 2493/986/518 2492/987/519
f 2488/995/526 2492/987/519 2489/996/527
f 2489/996/527 2492/987/519 2491/988/414
f 2489/996/527 2491/988/414 2490/997/365
f 2490/997/365 2478/998/528 2466/999/529
f 2490/997/365 2466/999/529 2489/996/527
f 2489/996/527 2466/999/529 2467/1000/530
f 2489/996/527 2467/1000/530 2488/995/526
f 2488/995/526 2467/1000/530 2468/1001/531
f 2488/995/526 2468/1001/531 2487/994/525
f 2487/994/525 2468/1001/531 2469/1002/532
f 2487/994/525 2469/1002/532 2486/993/524
f 2469/1002/532 2470/1003/533 2486/993/524
f 2485/992/523 2486/993/524 2470/1003/533
f 2471/1004/534 2485/992/523 2470/1003/533
f 2471/1004/534 2484/991/522 2485/992/523
f 2473/1005/535 2484/991/522 2471/1004/534
f 2473/1005/535 2483/990/521 2484/991/522
f 2475/1006/536 2483/990/521 2473/1005/535
f 2483/990/521 2475/1006/536 2482/989/520
f 2482/989/520 2475/1006/536 2477/912/445
f 2482/989/520 2477/912/445 2481/913/446
f 2479/1007/368 2480/1008/537 2464/1009/538
f 2479/1007/368 2464/1009/538 2465/1010/539
f 2478/998/528 2479/1007/368 2465/1010/539
f 2478/998/528 2465/1010/539 2466/999/529
f 2476/893/426 2477/912/445 2475/1006/536
f 2476/893/426 2475/1006/536 2474/891/424
f 2475/1006/536 2473/1005/535 2474/891/424
f 2472/889/422 2474/891/424 2473/1005/535
f 2471/1004/534 2472/889/422 2473/1005/535
f 2471/1004/534 2457/886/419 2472/889/422
f 2470/1003/533 2457/886/419 2471/1004/534
f 2470/1003/533 2458/1011/540 2457/886/419
f 2469/1002/532 2458/1011/540 2470/1003/533
f 2459/1012/541 2458/1011/540 2469/1002/532
f 2468/1001/531 2459/1012/541 2469/1002/532
f 2468/1001/531 2460/1013/542 2459/1012/541
f 2467/1000/530 2460/1013/542 2468/1001/531
f 2467/1000/530 2462/1014/543 2460/1013/542
f 2466/999/529 2462/1014/543 2467/1000/530
f 2466/999/529 2465/1010/539 2462/1014/543
f 2465/1010/539 2463/1015/544 2462/1014/543
f 2465/1010/539 2464/1009/538 2463/1015/544
f 2462/1014/543 2463/1015/544 2461/1016/545
f 2462/1014/543 2461/1016/545 2460/1013/542
f 2460/1013/542 2461/1016/545 2445/1017/546
f 2460/1013/542 2445/1017/546 2459/1012/541
f 2445/1017/546 2443/1018/547 2459/1012/541
f 2459/1012/541 2443/1018/547 2458/1011/540
f 2458/1011/540 2443/1018/547 2441/887/420
f 2458/1011/540 2441/887/420 2457/886/419
f 2455/849/382 2454/1019/548 2456/848/381
f 2424/850/383 2454/1019/548 2455/849/382
f 2424/850/383 2453/1020/549 2454/1019/548
f 2426/1021/550 2453/1020/549 2424/850/383
f 2426/1021/550 2452/1022/551 2453/1020/549
f 2428/1023/552 2452/1022/551 2426/1021/550
f 2428/1023/552 2451/1024/553 2452/1022/551
f 2430/1025/554 2451/1024/553 2428/1023/552
f 2430/1025/554 2450/1026/555 2451/1024/553
f 2432/1027/556 2450/1026/555 2430/1025/554
f 2432/1027/556 2449/1028/557 2450/1026/555
f 2434/1029/558 2449/1028/557 2432/1027/556
f 2434/1029/558 2448/1030/559 2449/1028/557
f 2436/1031/560 2448/1030/559 2434/1029/558
f 2436/1031/560 2447/1032/561 2448/1030/559
f 2438/1033/562 2447/1032/561 2436/1031/560
f 2438/1033/562 2446/1034/563 2447/1032/561
f 2440/1035/564 2446/1034/563 2438/1033/562
f 2445/1017/546 2444/1036/565 2443/1018/547
f 2443/1018/547 2444/1036/565 2442/1037/566
f 2443/1018/547 2442/1037/566 2441/887/420
f 2441/887/420 2442/1037/566 2440/1035/564
f 2441/887/420 2440/1035/564 2439/888/421
f 2440/1035/564 2438/1033/562 2439/888/421
f 2439/888/421 2438/1033/562 2437/890/423
f 2437/890/423 2438/1033/562 2436/1031/560
f 2437/890/423 2436/1031/560 2435/892/425
f 2435/892/425 2436/1031/560 2434/1029/558
f 2435/892/425 2434/1029/558 2433/894/427
f 2433/894/427 2434/1029/558 2432/1027/556
f 2433/894/427 2432/1027/556 2431/896/429
f 2431/896/429 2432/1027/556 2430/1025/554
f 2431/896/429 2430/1025/554 2429/898/431
f 2429/898/431 2430/1025/554 2428/1023/552
f 2429/898/431 2428/1023/552 2427/900/433
f 2427/900/433 2428/1023/552 2426/1021/550
f 2427/900/433 2426/1021/550 2425/902/435
f 2425/902/435 2426/1021/550 2424/850/383
f 2425/902/435 2424/850/383 2423/814/347
f 2421/1038/3 2422/1039/3 2420/1040/3
f 2421/1038/3 2420/1040/3 2419/1041/3
f 2417/1042/102 2418/1043/102 2416/1044/102
f 2417/1042/102 2416/1044/102 2415/1045/102
f 2413/1046/40 2414/1047/40 2412/1048/40
f 2413/1046/40 2412/1048/40 2411/1049/40
f 2409/1050/86 2410/1051/86 2408/1052/86
f 2409/1050/86 2408/1052/86 2407/1053/86
f 2405/1054/136 2406/1055/136 2404/1056/136
f 2405/1054/136 2404/1056/136 2403/1057/136
f 2401/1058/86 2402/1059/86 2400/1060/86
f 2401/1058/86 2400/1060/86 2399/1061/86
f 2397/1062/136 2398/1063/136 2396/1064/136
f 2397/1062/136 2396/1064/136 2395/1065/136
f 2392/1066/4 2393/1067/345 2394/1068/344
f 2392/1066/4 2391/1069/6 2393/1067/345
f 2390/1070/3 2391/1069/6 2392/1066/4
f 2390/1070/3 2389/1071/3 2391/1069/6
f 2388/1072/209 2389/1071/3 2390/1070/3
f 2388/1072/209 2387/1073/209 2389/1071/3
f 2386/1074/3 2387/1073/209 2388/1072/209
f 2386/1074/3 2385/1075/250 2387/1073/209
f 2385/1075/250 2386/1074/3 2384/1076/10
f 2385/1075/250 2384/1076/10 2383/1077/10
f 2383/1077/10 2384/1076/10 2382/1078/209
f 2383/1077/10 2382/1078/209 2381/1079/209
f 2379/1080/10 2381/1079/209 2382/1078/209
f 2379/1080/10 2380/1081/10 2381/1079/209
f 2378/1082/250 2380/1081/10 2379/1080/10
f 2378/1082/250 2379/1080/10 2377/1083/3
f 2375/1084/1 2378/1082/250 2377/1083/3
f 2375/1084/1 2377/1083/3 2376/1085/1
f 2374/1086/3 2375/1084/1 2376/1085/1
f 2374/1086/3 2373/1087/3 2375/1084/1
f 2372/1088/10 2373/1087/3 2374/1086/3
f 2372/1088/10 2371/1089/8 2373/1087/3
f 2369/1090/3 2371/1089/8 2372/1088/10
f 2369/1090/3 2370/1091/3 2371/1089/8
f 2367/1092/3 2370/1091/3 2369/1090/3
f 2367/1092/3 2369/1090/3 2368/1093/11
f 2364/1094/3 2367/1092/3 2368/1093/11
f 2364/1094/3 2366/1095/3 2367/1092/3
f 2365/794/1 2366/1095/3 2364/1094/3
f 2365/794/1 2364/1094/3 2363/795/1
f 2354/1096/195 2362/1097/567 2361/1098/567
f 2354/1096/195 2361/1098/567 2352/1099/568
f 2353/1100/50 2350/1101/50 2360/1102/569
f 2353/1100/50 2360/1102/569 2356/1103/570
f 2358/1104/571 2356/1103/570 2359/1105/572
f 2358/1104/571 2357/1106/71 2356/1103/570
f 2356/1103/570 2357/1106/71 2355/1107/50
f 2356/1103/570 2355/1107/50 2353/1100/50
f 2353/1100/50 2355/1107/50 2354/1096/195
f 2353/1100/50 2354/1096/195 2352/1099/568
f 2352/1099/568 2350/1101/50 2353/1100/50
f 2352/1099/568 2351/1108/573 2350/1101/50
f 2325/1109/574 2349/1110/575 2324/1111/576
f 2325/1109/574 2348/1112/575 2349/1110/575
f 2348/1112/575 2347/1113/577 2349/1110/575
f 2348/1112/575 2346/1114/578 2347/1113/577
f 2346/1114/578 2345/1115/579 2347/1113/577
f 2346/1114/578 2344/1116/579 2345/1115/579
f 2344/1116/579 2343/1117/580 2345/1115/579
f 2344/1116/579 2342/1118/581 2343/1117/580
f 2342/1118/581 2341/1119/582 2343/1117/580
f 2342/1118/581 2340/1120/583 2341/1119/582
f 2340/1120/583 2339/1121/584 2341/1119/582
f 2340/1120/583 2338/1122/585 2339/1121/584
f 2338/1122/585 2337/1123/586 2339/1121/584
f 2338/1122/585 2336/1124/586 2337/1123/586
f 2336/1124/586 2335/1125/587 2337/1123/586
f 2336/1124/586 2334/1126/587 2335/1125/587
f 2334/1126/587 2332/1127/588 2335/1125/587
f 2334/1126/587 2333/1128/589 2332/1127/588
f 2330/1129/136 2329/1130/590 2331/1131/136
f 2330/1129/136 2328/1132/590 2329/1130/590
f 2328/1132/590 2327/1133/591 2329/1130/590
f 2328/1132/590 2326/1134/592 2327/1133/591
f 2326/1134/592 2324/1111/576 2327/1133/591
f 2326/1134/592 2325/1109/574 2324/1111/576
f 2323/1135/593 2291/1136/594 2292/1137/594
f 2323/1135/593 2322/1138/593 2291/1136/594
f 2321/1139/595 2322/1138/593 2323/1135/593
f 2321/1139/595 2320/1140/596 2322/1138/593
f 2319/1141/597 2320/1140/596 2321/1139/595
f 2319/1141/597 2318/1142/598 2320/1140/596
f 2317/1143/599 2318/1142/598 2319/1141/597
f 2317/1143/599 2316/1144/600 2318/1142/598
f 2315/1145/601 2316/1144/600 2317/1143/599
f 2315/1145/601 2314/1146/601 2316/1144/600
f 2313/1147/602 2314/1146/601 2315/1145/601
f 2313/1147/602 2312/1148/603 2314/1146/601
f 2311/1149/604 2312/1148/603 2313/1147/602
f 2311/1149/604 2310/1150/604 2312/1148/603
f 2309/1151/605 2310/1150/604 2311/1149/604
f 2309/1151/605 2306/1152/606 2310/1150/604
f 2308/1153/607 2306/1152/606 2309/1151/605
f 2308/1153/607 2307/1154/608 2306/1152/606
f 2303/1155/589 2304/1156/609 2305/1157/610
f 2303/1155/589 2302/1158/611 2304/1156/609
f 2301/1159/612 2302/1158/611 2303/1155/589
f 2301/1159/612 2300/1160/613 2302/1158/611
f 2299/1161/614 2300/1160/613 2301/1159/612
f 2299/1161/614 2298/1162/615 2300/1160/613
f 2297/1163/616 2298/1162/615 2299/1161/614
f 2297/1163/616 2296/1164/616 2298/1162/615
f 2295/1165/617 2296/1164/616 2297/1163/616
f 2295/1165/617 2294/1166/618 2296/1164/616
f 2293/1167/619 2294/1166/618 2295/1165/617
f 2293/1167/619 2290/1168/620 2294/1166/618
f 2292/1137/594 2290/1168/620 2293/1167/619
f 2292/1137/594 2291/1136/594 2290/1168/620
f 2288/1169/86 2289/1170/86 2287/1171/86
f 2288/1169/86 2287/1171/86 2286/1172/86
f 2284/1173/136 2285/1174/136 2283/1175/136
f 2284/1173/136 2283/1175/136 2282/1176/136
f 2280/1177/86 2281/1178/86 2279/1179/86
f 2280/1177/86 2279/1179/86 2278/1180/86
f 2275/1181/621 2276/1182/622 2277/1183/622
f 2275/1181/621 2274/1184/621 2276/1182/622
f 2273/1185/623 2274/1184/621 2275/1181/621
f 2273/1185/623 2272/1186/624 2274/1184/621
f 2271/1187/594 2272/1186/624 2273/1185/623
f 2271/1187/594 2270/1188/625 2272/1186/624
f 2269/1189/577 2270/1188/625 2271/1187/594
f 2269/1189/577 2268/1190/577 2270/1188/625
f 2267/1191/576 2268/1190/577 2269/1189/577
f 2267/1191/576 2264/1192/626 2268/1190/577
f 2266/1193/627 2264/1192/626 2267/1191/576
f 2266/1193/627 2265/1194/628 2264/1192/626
f 2260/1195/196 2263/1196/629 2262/1197/572
f 2260/1195/196 2262/1197/572 2261/1198/78
f 2260/1195/196 2261/1198/78 2259/1199/50
f 2260/1195/196 2259/1199/50 2258/1200/50
f 2258/1200/50 2259/1199/50 2256/1201/195
f 2258/1200/50 2256/1201/195 2257/1202/194
f 2256/1201/195 2254/1203/630 2257/1202/194
f 2256/1201/195 2255/1204/631 2254/1203/630
f 2251/1205/102 2253/1206/151 2252/1207/151
f 2251/1205/102 2252/1207/151 2250/1208/102
f 2248/1209/102 2251/1205/102 2250/1208/102
f 2248/1209/102 2250/1208/102 2249/1210/99
f 2247/1211/102 2248/1209/102 2249/1210/99
f 2247/1211/102 2244/1212/102 2248/1209/102
f 2246/1213/98 2244/1212/102 2247/1211/102
f 2246/1213/98 2245/1214/98 2244/1212/102
f 2241/1215/98 2243/1216/98 2242/1217/98
f 2241/1215/98 2242/1217/98 2240/1218/98
f 2238/1219/342 2241/1215/98 2240/1218/98
f 2238/1219/342 2240/1218/98 2239/1220/342
f 2237/1221/151 2238/1219/342 2239/1220/342
f 2237/1221/151 2236/1222/152 2238/1219/342
f 2236/1222/152 2237/1221/151 2235/1223/151
f 2236/1222/152 2235/1223/151 2234/1224/151
f 2232/1225/136 2233/1226/136 2231/1227/136
f 2232/1225/136 2231/1227/136 2230/1228/136
f 2228/1229/9 2229/1230/10 2227/1231/8
f 2228/1229/9 2227/1231/8 2226/1232/10
f 2224/1233/10 2225/1234/9 2223/1235/8
f 2224/1233/10 2223/1235/8 2222/1236/10
f 2220/1237/86 2221/1238/86 2219/1239/86
f 2220/1237/86 2219/1239/86 2218/1240/86
f 2216/1241/3 2217/1242/250 2215/1243/3
f 2216/1241/3 2215/1243/3 2214/1244/209
f 2214/1244/209 2215/1243/3 2212/1245/209
f 2214/1244/209 2212/1245/209 2213/1246/209
f 2212/1245/209 2211/1247/209 2213/1246/209
f 2212/1245/209 2210/1248/3 2211/1247/209
f 2210/1248/3 2208/1249/1 2211/1247/209
f 2210/1248/3 2209/1250/1 2208/1249/1
f 2204/1251/91 2207/1252/632 2206/1253/633
f 2204/1251/91 2206/1253/633 2205/1254/39
f 2203/1255/40 2204/1251/91 2205/1254/39
f 2203/1255/40 2202/1256/40 2204/1251/91
f 2202/1256/40 2203/1255/40 2200/1257/140
f 2202/1256/40 2200/1257/140 2201/1258/41
f 2200/1257/140 2198/1259/634 2201/1258/41
f 2200/1257/140 2199/1260/635 2198/1259/634
f 2196/1261/136 2195/1262/636 2197/1263/136
f 2196/1261/136 2194/1264/637 2195/1262/636
f 2190/1265/638 2195/1262/636 2194/1264/637
f 2190/1265/638 2194/1264/637 2193/1266/638
f 2192/1267/209 2190/1265/638 2193/1266/638
f 2192/1267/209 2191/1268/209 2190/1265/638
f 2188/1269/50 2187/1270/50 2189/1271/50
f 2188/1269/50 2186/1272/50 2187/1270/50
f 2186/1272/50 2185/1273/50 2187/1270/50
f 2186/1272/50 2184/1274/50 2185/1273/50
f 2184/1274/50 2182/1275/300 2185/1273/50
f 2184/1274/50 2183/1276/300 2182/1275/300
f 2180/1277/136 2179/1278/639 2181/1279/136
f 2180/1277/136 2178/1280/640 2179/1278/639
f 2178/1280/640 2176/1281/641 2179/1278/639
f 2178/1280/640 2177/1282/642 2176/1281/641
f 2174/1283/86 2173/1284/643 2175/1285/86
f 2174/1283/86 2172/1286/644 2173/1284/643
f 2172/1286/644 2170/1287/645 2173/1284/643
f 2172/1286/644 2171/1288/646 2170/1287/645
f 2169/1289/192 2145/1290/51 2146/1291/79
f 2169/1289/192 2168/1292/146 2145/1290/51
f 2167/1293/58 2168/1292/146 2169/1289/192
f 2167/1293/58 2166/1294/58 2168/1292/146
f 2165/1295/647 2166/1294/58 2167/1293/58
f 2165/1295/647 2164/1296/648 2166/1294/58
f 2163/1297/649 2164/1296/648 2165/1295/647
f 2163/1297/649 2162/1298/650 2164/1296/648
f 2161/1299/651 2162/1298/650 2163/1297/649
f 2161/1299/651 2160/1300/651 2162/1298/650
f 2159/1301/41 2160/1300/651 2161/1299/651
f 2159/1301/41 2158/1302/41 2160/1300/651
f 2157/1303/43 2158/1302/41 2159/1301/41
f 2157/1303/43 2156/1304/43 2158/1302/41
f 2155/1305/200 2156/1304/43 2157/1303/43
f 2155/1305/200 2152/1306/200 2156/1304/43
f 2154/1307/136 2152/1306/200 2155/1305/200
f 2154/1307/136 2153/1308/136 2152/1306/200
f 2149/1309/69 2150/1310/652 2151/1311/653
f 2149/1309/69 2148/1312/69 2150/1310/652
f 2147/1313/78 2148/1312/69 2149/1309/69
f 2147/1313/78 2144/1314/654 2148/1312/69
f 2146/1291/79 2144/1314/654 2147/1313/78
f 2146/1291/79 2145/1290/51 2144/1314/654
f 2142/1315/655 2143/1316/656 2141/1317/657
f 2140/1318/658 2142/1315/655 2141/1317/657
f 2140/1318/658 2141/1317/657 2139/1319/659
f 2139/1319/659 2138/1320/660 2140/1318/658
f 2139/1319/659 2137/1321/660 2138/1320/660
f 2137/1321/660 2136/1322/661 2138/1320/660
f 2137/1321/660 2135/1323/661 2136/1322/661
f 2134/1324/662 2136/1322/661 2135/1323/661
f 2134/1324/662 2135/1323/661 2133/1325/662
f 2132/1326/663 2134/1324/662 2133/1325/662
f 2132/1326/663 2133/1325/662 2131/1327/664
f 2131/1327/664 2130/1328/665 2132/1326/663
f 2131/1327/664 2129/1329/665 2130/1328/665
f 2127/1330/666 2130/1328/665 2129/1329/665
f 2127/1330/666 2129/1329/665 2128/1331/667
f 2125/1332/668 2127/1330/666 2128/1331/667
f 2125/1332/668 2126/1333/668 2127/1330/666
f 2125/1332/668 2123/1334/669 2126/1333/668
f 2125/1332/668 2124/1335/670 2123/1334/669
f 2122/1336/671 2121/1337/671 2119/1338/672
f 2119/1338/672 2121/1337/671 2120/1339/671
f 2119/1338/672 2120/1339/671 2118/1340/671
f 2119/1338/672 2118/1340/671 2116/1341/50
f 2116/1341/50 2118/1340/671 2117/1342/50
f 2116/1341/50 2117/1342/50 2115/1343/673
f 2116/1341/50 2115/1343/673 2112/1344/674
f 2114/1345/675 2112/1344/674 2115/1343/673
f 2114/1345/675 2113/1346/675 2112/1344/674
f 2111/1347/192 2087/1348/195 2088/1349/195
f 2111/1347/192 2110/1350/146 2087/1348/195
f 2109/1351/58 2110/1350/146 2111/1347/192
f 2109/1351/58 2108/1352/85 2110/1350/146
f 2107/1353/676 2108/1352/85 2109/1351/58
f 2107/1353/676 2106/1354/677 2108/1352/85
f 2105/1355/678 2106/1354/677 2107/1353/676
f 2105/1355/678 2104/1356/678 2106/1354/677
f 2103/1357/651 2104/1356/678 2105/1355/678
f 2103/1357/651 2102/1358/679 2104/1356/678
f 2101/1359/41 2102/1358/679 2103/1357/651
f 2101/1359/41 2100/1360/140 2102/1358/679
f 2099/1361/95 2100/1360/140 2101/1359/41
f 2099/1361/95 2098/1362/43 2100/1360/140
f 2097/1363/200 2098/1362/43 2099/1361/95
f 2097/1363/200 2094/1364/680 2098/1362/43
f 2096/1365/136 2094/1364/680 2097/1363/200
f 2096/1365/136 2095/1366/136 2094/1364/680
f 2091/1367/681 2092/1368/652 2093/1369/137
f 2091/1367/681 2090/1370/69 2092/1368/652
f 2089/1371/654 2090/1370/69 2091/1367/681
f 2089/1371/654 2086/1372/78 2090/1370/69
f 2088/1349/195 2086/1372/78 2089/1371/654
f 2088/1349/195 2087/1348/195 2086/1372/78
f 2084/1373/40 2085/1374/40 2083/1375/40
f 2084/1373/40 2083/1375/40 2082/1376/40
f 2080/1377/3 2081/1378/3 2079/1379/3
f 2080/1377/3 2079/1379/3 2078/1380/3
f 2068/1381/682 2077/1382/683 2076/1383/684
f 2068/1381/682 2076/1383/684 2069/1384/685
f 2069/1384/685 2076/1383/684 2075/1385/686
f 2069/1384/685 2075/1385/686 1197/1386/687
f 1197/1386/687 2075/1385/686 2074/1387/688
f 1197/1386/687 2074/1387/688 1196/1388/689
f 1196/1388/689 2074/1387/688 2073/1389/690
f 1196/1388/689 2073/1389/690 1200/1390/691
f 1200/1390/691 2073/1389/690 2072/1391/692
f 1200/1390/691 2072/1391/692 1202/1392/693
f 1202/1392/693 2072/1391/692 2071/1393/694
f 1202/1392/693 2071/1393/694 1204/1394/695
f 1204/1394/695 2071/1393/694 2070/1395/696
f 1204/1394/695 2070/1395/696 1195/1396/697
f 1195/1396/697 2070/1395/696 1194/1397/698
f 1198/1398/699 1211/1399/700 2061/1400/701
f 1198/1398/699 2061/1400/701 2060/1401/702
f 1198/1398/699 2060/1401/702 1197/1386/687
f 2060/1401/702 2069/1384/685 1197/1386/687
f 2060/1401/702 2058/1402/703 2069/1384/685
f 2058/1402/703 2068/1381/682 2069/1384/685
f 2058/1402/703 2067/1403/704 2068/1381/682
f 2058/1402/703 2066/1404/705 2067/1403/704
f 2058/1402/703 2059/1405/706 2066/1404/705
f 2059/1405/706 2065/1406/707 2066/1404/705
f 2059/1405/706 2064/1407/65 2065/1406/707
f 2061/1400/701 2064/1407/65 2059/1405/706
f 2061/1400/701 2063/1408/708 2064/1407/65
f 1211/1399/700 2063/1408/708 2061/1400/701
f 1211/1399/700 2062/1409/69 2063/1408/708
f 1212/1410/709 2062/1409/69 1211/1399/700
f 1212/1410/709 1232/1411/70 2062/1409/69
f 1213/1412/710 1232/1411/70 1212/1410/709
f 2060/1401/702 2061/1400/701 2059/1405/706
f 2060/1401/702 2059/1405/706 2058/1402/703
f 2056/1413/10 2057/1414/10 2055/1415/10
f 2056/1413/10 2055/1415/10 2054/1416/10
f 2053/1417/711 2050/1418/711 2052/1419/711
f 2052/1419/711 2050/1418/711 2051/1420/712
f 2051/1420/712 2050/1418/711 2049/1421/711
f 2049/1421/711 2050/1418/711 2047/1422/40
f 2049/1421/711 2047/1422/40 2048/1423/40
f 2047/1422/40 2043/1424/713 2048/1423/40
f 2047/1422/40 2046/1425/714 2043/1424/713
f 2045/1426/715 2043/1424/713 2046/1425/714
f 2045/1426/715 2044/1427/715 2043/1424/713
f 2040/1428/40 2042/1429/40 2041/1430/40
f 2040/1428/40 2041/1430/40 2038/1431/40
f 2039/1432/40 2040/1428/40 2038/1431/40
f 2039/1432/40 2038/1431/40 2037/1433/40
f 2035/1434/671 2036/1435/671 2034/1436/671
f 2035/1434/671 2034/1436/671 2033/1437/671
f 2031/1438/671 2032/1439/671 2030/1440/671
f 2031/1438/671 2030/1440/671 2029/1441/671
f 2027/1442/716 2028/1443/716 2026/1444/716
f 2027/1442/716 2026/1444/716 2025/1445/717
f 2023/1446/300 2024/1447/300 2022/1448/300
f 2023/1446/300 2022/1448/300 2021/1449/50
f 2019/1450/136 2020/1451/136 2018/1452/136
f 2019/1450/136 2018/1452/136 2017/1453/136
f 2015/1454/86 2016/1455/86 2014/1456/86
f 2015/1454/86 2014/1456/86 2013/1457/86
f 2011/1458/136 2012/1459/136 2010/1460/136
f 2011/1458/136 2010/1460/136 2009/1461/136
f 2007/1462/86 2008/1463/86 2006/1464/86
f 2007/1462/86 2006/1464/86 2005/1465/86
f 1969/1466/69 1970/1467/69 2004/1468/70
f 1969/1466/69 2004/1468/70 2003/1469/76
f 2003/1469/76 2004/1468/70 2002/1470/78
f 2003/1469/76 2002/1470/78 2001/1471/72
f 2001/1471/72 2002/1470/78 2000/1472/50
f 2001/1471/72 2000/1472/50 1999/1473/50
f 1999/1473/50 2000/1472/50 1998/1474/195
f 1999/1473/50 1998/1474/195 1997/1475/52
f 1997/1475/52 1998/1474/195 1996/1476/718
f 1997/1475/52 1996/1476/718 1995/1477/193
f 1995/1477/193 1996/1476/718 1994/1478/55
f 1995/1477/193 1994/1478/55 1993/1479/55
f 1993/1479/55 1994/1478/55 1992/1480/84
f 1993/1479/55 1992/1480/84 1991/1481/181
f 1991/1481/181 1992/1480/84 1990/1482/58
f 1991/1481/181 1990/1482/58 1989/1483/58
f 1989/1483/58 1990/1482/58 1988/1484/719
f 1989/1483/58 1988/1484/719 1987/1485/719
f 1986/1486/41 1956/1487/40 1957/1488/40
f 1986/1486/41 1985/1489/41 1956/1487/40
f 1984/1490/42 1985/1489/41 1986/1486/41
f 1984/1490/42 1983/1491/42 1985/1489/41
f 1982/1492/43 1983/1491/42 1984/1490/42
f 1982/1492/43 1981/1493/43 1983/1491/42
f 1980/1494/720 1981/1493/43 1982/1492/43
f 1980/1494/720 1979/1495/96 1981/1493/43
f 1978/1496/721 1979/1495/96 1980/1494/720
f 1978/1496/721 1977/1497/200 1979/1495/96
f 1976/1498/136 1977/1497/200 1978/1496/721
f 1976/1498/136 1975/1499/136 1977/1497/200
f 1975/1499/136 1976/1498/136 1974/1500/66
f 1975/1499/136 1974/1500/66 1973/1501/73
f 1973/1501/73 1974/1500/66 1972/1502/68
f 1973/1501/73 1972/1502/68 1971/1503/652
f 1971/1503/652 1972/1502/68 1970/1467/69
f 1971/1503/652 1970/1467/69 1969/1466/69
f 1966/1504/203 1967/1505/722 1968/1506/722
f 1966/1504/203 1965/1507/204 1967/1505/722
f 1964/1508/63 1965/1507/204 1966/1504/203
f 1964/1508/63 1963/1509/63 1965/1507/204
f 1962/1510/147 1963/1509/63 1964/1508/63
f 1962/1510/147 1961/1511/147 1963/1509/63
f 1960/1512/90 1961/1511/147 1962/1510/147
f 1960/1512/90 1959/1513/90 1961/1511/147
f 1958/1514/723 1959/1513/90 1960/1512/90
f 1958/1514/723 1955/1515/723 1959/1513/90
f 1957/1488/40 1955/1515/723 1958/1514/723
f 1957/1488/40 1956/1487/40 1955/1515/723
f 1954/1516/724 1920/1517/725 1921/1518/726
f 1954/1516/724 1953/1519/727 1920/1517/725
f 1952/1520/40 1953/1519/727 1954/1516/724
f 1952/1520/40 1951/1521/40 1953/1519/727
f 1950/1522/728 1951/1521/40 1952/1520/40
f 1950/1522/728 1949/1523/729 1951/1521/40
f 1948/1524/730 1949/1523/729 1950/1522/728
f 1948/1524/730 1947/1525/730 1949/1523/729
f 1945/1526/731 1947/1525/730 1948/1524/730
f 1945/1526/731 1946/1527/732 1947/1525/730
f 1945/1526/731 1943/1528/733 1946/1527/732
f 1945/1526/731 1944/1529/733 1943/1528/733
f 1942/1530/45 1943/1528/733 1944/1529/733
f 1942/1530/45 1941/1531/720 1943/1528/733
f 1940/1532/200 1941/1531/720 1942/1530/45
f 1940/1532/200 1937/1533/721 1941/1531/720
f 1939/1534/49 1937/1533/721 1940/1532/200
f 1939/1534/49 1938/1535/734 1937/1533/721
f 1898/1536/735 1935/1537/736 1897/1538/737
f 1898/1536/735 1936/1539/736 1935/1537/736
f 1935/1537/736 1936/1539/736 1934/1540/738
f 1935/1537/736 1934/1540/738 1933/1541/738
f 1933/1541/738 1934/1540/738 1932/1542/58
f 1933/1541/738 1932/1542/58 1931/1543/58
f 1931/1543/58 1932/1542/58 1930/1544/86
f 1931/1543/58 1930/1544/86 1929/1545/86
f 1928/1546/204 1929/1545/86 1930/1544/86
f 1928/1546/204 1927/1547/204 1929/1545/86
f 1926/1548/63 1927/1547/204 1928/1546/204
f 1926/1548/63 1925/1549/63 1927/1547/204
f 1923/1550/739 1925/1549/63 1926/1548/63
f 1923/1550/739 1924/1551/740 1925/1549/63
f 1919/1552/741 1924/1551/740 1923/1550/739
f 1919/1552/741 1923/1550/739 1922/1553/741
f 1921/1518/726 1919/1552/741 1922/1553/741
f 1921/1518/726 1920/1517/725 1919/1552/741
f 1917/1554/64 1918/1555/64 1916/1556/65
f 1917/1554/64 1916/1556/65 1915/1557/742
f 1915/1557/742 1916/1556/65 1914/1558/75
f 1915/1557/742 1914/1558/75 1913/1559/67
f 1913/1559/67 1914/1558/75 1911/1560/743
f 1913/1559/67 1911/1560/743 1912/1561/743
f 1909/1562/744 1912/1561/743 1911/1560/743
f 1909/1562/744 1911/1560/743 1910/1563/745
f 1909/1562/744 1910/1563/745 1908/1564/746
f 1909/1562/744 1908/1564/746 1907/1565/746
f 1907/1565/746 1908/1564/746 1906/1566/747
f 1907/1565/746 1906/1566/747 1905/1567/748
f 1905/1567/748 1906/1566/747 1904/1568/671
f 1905/1567/748 1904/1568/671 1903/1569/671
f 1903/1569/671 1904/1568/671 1902/1570/749
f 1903/1569/671 1902/1570/749 1901/1571/750
f 1901/1571/750 1902/1570/749 1900/1572/751
f 1901/1571/750 1900/1572/751 1899/1573/752
f 1899/1573/752 1900/1572/751 1898/1536/735
f 1899/1573/752 1898/1536/735 1897/1538/737
f 1896/1574/136 1894/1575/136 1895/1576/136
f 1894/1575/136 1891/1577/136 1895/1576/136
f 1894/1575/136 1893/1578/136 1891/1577/136
f 1893/1578/136 1892/1579/753 1891/1577/136
f 1889/1580/754 1887/1581/755 1890/1582/754
f 1889/1580/754 1888/1583/756 1887/1581/755
f 1886/1584/757 1887/1581/755 1888/1583/756
f 1886/1584/757 1885/1585/757 1887/1581/755
f 1884/1586/758 1885/1585/757 1886/1584/757
f 1884/1586/758 1883/1587/748 1885/1585/757
f 1882/1588/671 1883/1587/748 1884/1586/758
f 1882/1588/671 1881/1589/671 1883/1587/748
f 1880/1590/749 1881/1589/671 1882/1588/671
f 1880/1590/749 1879/1591/759 1881/1589/671
f 1878/1592/760 1879/1591/759 1880/1590/749
f 1878/1592/760 1877/1593/761 1879/1591/759
f 1874/1594/762 1877/1593/761 1878/1592/760
f 1874/1594/762 1876/1595/763 1877/1593/761
f 1875/1596/764 1876/1595/763 1874/1594/762
f 1875/1596/764 1874/1594/762 1873/1597/765
f 1871/1598/766 1872/1599/766 1870/1600/711
f 1871/1598/766 1870/1600/711 1869/1601/40
f 1869/1601/40 1870/1600/711 1868/1602/147
f 1869/1601/40 1868/1602/147 1867/1603/147
f 1867/1603/147 1868/1602/147 1866/1604/86
f 1867/1603/147 1866/1604/86 1865/1605/86
f 1865/1605/86 1866/1604/86 1864/1606/146
f 1865/1605/86 1864/1606/146 1863/1607/146
f 1863/1607/146 1864/1606/146 1862/1608/50
f 1863/1607/146 1862/1608/50 1861/1609/50
f 1861/1609/50 1862/1608/50 1860/1610/69
f 1861/1609/50 1860/1610/69 1859/1611/69
f 1859/1611/69 1860/1610/69 1858/1612/767
f 1859/1611/69 1858/1612/767 1857/1613/767
f 1857/1613/767 1858/1612/767 1856/1614/768
f 1857/1613/767 1856/1614/768 1855/1615/150
f 1852/1616/101 1853/1617/101 1854/1618/334
f 1852/1616/101 1851/1619/98 1853/1617/101
f 1850/1620/98 1851/1619/98 1852/1616/101
f 1850/1620/98 1849/1621/98 1851/1619/98
f 1848/1622/769 1849/1621/98 1850/1620/98
f 1848/1622/769 1847/1623/769 1849/1621/98
f 1846/1624/100 1847/1623/769 1848/1622/769
f 1846/1624/100 1845/1625/100 1847/1623/769
f 1844/1626/100 1845/1625/100 1846/1624/100
f 1844/1626/100 1841/1627/100 1845/1625/100
f 1843/1628/102 1841/1627/100 1844/1626/100
f 1843/1628/102 1842/1629/342 1841/1627/100
f 1839/1630/86 1835/1631/86 1840/1632/86
f 1839/1630/86 1838/1633/86 1835/1631/86
f 1837/1634/86 1835/1631/86 1838/1633/86
f 1837/1634/86 1836/1635/86 1835/1631/86
f 1832/1636/50 1834/1637/716 1833/1638/716
f 1832/1636/50 1833/1638/716 1831/1639/50
f 1827/1640/50 1832/1636/50 1831/1639/50
f 1827/1640/50 1831/1639/50 1830/1641/50
f 1829/1642/50 1827/1640/50 1830/1641/50
f 1829/1642/50 1828/1643/50 1827/1640/50
f 1825/1644/770 1824/1645/771 1826/1646/772
f 1825/1644/770 1823/1647/773 1824/1645/771
f 1823/1647/773 1821/1648/774 1824/1645/771
f 1823/1647/773 1822/1649/774 1821/1648/774
f 1820/1650/775 1821/1648/774 1822/1649/774
f 1820/1650/775 1819/1651/776 1821/1648/774
f 1818/1652/777 1819/1651/776 1820/1650/775
f 1818/1652/777 1817/1653/778 1819/1651/776
f 1815/1654/779 1817/1653/778 1818/1652/777
f 1815/1654/779 1816/1655/780 1817/1653/778
f 1815/1654/779 1813/1656/781 1816/1655/780
f 1815/1654/779 1814/1657/782 1813/1656/781
f 1789/1658/14 1790/1659/3 1812/1660/3
f 1812/1660/3 1790/1659/3 1811/1661/3
f 1811/1661/3 1790/1659/3 1810/1662/3
f 1810/1662/3 1790/1659/3 1807/1663/3
f 1810/1662/3 1807/1663/3 1809/1664/3
f 1809/1664/3 1807/1663/3 1808/1665/3
f 1808/1665/3 1807/1663/3 1806/1666/3
f 1806/1666/3 1807/1663/3 1796/1667/3
f 1806/1666/3 1796/1667/3 1805/1668/3
f 1805/1668/3 1796/1667/3 1804/1669/3
f 1804/1669/3 1796/1667/3 1803/1670/3
f 1803/1670/3 1796/1667/3 1802/1671/3
f 1802/1671/3 1796/1667/3 1801/1672/3
f 1801/1672/3 1796/1667/3 1800/1673/3
f 1800/1673/3 1796/1667/3 1799/1674/250
f 1799/1674/250 1796/1667/3 1798/1675/3
f 1798/1675/3 1796/1667/3 1797/1676/209
f 1797/1676/209 1796/1667/3 1795/1677/3
f 1794/1678/783 1790/1659/3 1793/1679/14
f 1793/1679/14 1790/1659/3 1792/1680/11
f 1792/1680/11 1790/1659/3 1791/1681/3
f 1791/1681/3 1790/1659/3 1789/1658/14
f 1787/1682/40 1788/1683/40 1786/1684/784
f 1787/1682/40 1786/1684/784 1785/1685/785
f 1784/1686/786 1785/1685/785 1786/1684/784
f 1784/1686/786 1783/1687/786 1785/1685/785
f 1782/1688/787 1783/1687/786 1784/1686/786
f 1782/1688/787 1781/1689/787 1783/1687/786
f 1780/1690/10 1781/1689/787 1782/1688/787
f 1780/1690/10 1779/1691/10 1781/1689/787
f 1778/1692/788 1779/1691/10 1780/1690/10
f 1778/1692/788 1777/1693/788 1779/1691/10
f 1776/1694/789 1777/1693/788 1778/1692/788
f 1776/1694/789 1775/1695/789 1777/1693/788
f 1774/1696/790 1775/1695/789 1776/1694/789
f 1774/1696/790 1771/1697/790 1775/1695/789
f 1773/1698/671 1771/1697/790 1774/1696/790
f 1773/1698/671 1772/1699/671 1771/1697/790
f 1748/1700/791 1747/1701/792 1766/1702/793
f 1766/1702/793 1758/1703/794 1748/1700/791
f 1766/1702/793 1768/1704/795 1758/1703/794
f 1768/1704/795 1770/1705/796 1758/1703/794
f 1769/1706/797 1770/1705/796 1768/1704/795
f 1769/1706/797 1768/1704/795 1767/1707/798
f 1767/1707/798 1768/1704/795 1766/1702/793
f 1767/1707/798 1766/1702/793 1765/1708/102
f 1765/1708/102 1766/1702/793 1747/1701/792
f 1765/1708/102 1747/1701/792 1746/1709/799
f 1752/1710/800 1764/1711/801 1753/1712/802
f 1755/1713/803 1753/1712/802 1764/1711/801
f 1755/1713/803 1764/1711/801 1763/1714/804
f 1762/1715/805 1755/1713/803 1763/1714/804
f 1762/1715/805 1757/1716/806 1755/1713/803
f 1761/1717/807 1757/1716/806 1762/1715/805
f 1761/1717/807 1760/1718/808 1757/1716/806
f 1759/1719/809 1757/1716/806 1760/1718/808
f 1759/1719/809 1756/1720/810 1757/1716/806
f 1749/1721/811 1748/1700/791 1758/1703/794
f 1756/1720/810 1755/1713/803 1757/1716/806
f 1756/1720/810 1754/1722/812 1755/1713/803
f 1754/1722/812 1753/1712/802 1755/1713/803
f 1754/1722/812 1735/1723/813 1753/1712/802
f 1736/1724/814 1753/1712/802 1735/1723/813
f 1752/1710/800 1753/1712/802 1736/1724/814
f 1752/1710/800 1736/1724/814 1737/1725/815
f 1752/1710/800 1737/1725/815 1751/1726/816
f 1751/1726/816 1737/1725/815 1740/1727/817
f 1751/1726/816 1740/1727/817 1750/1728/818
f 1742/1729/819 1750/1728/818 1740/1727/817
f 1742/1729/819 1749/1721/811 1750/1728/818
f 1749/1721/811 1742/1729/819 1748/1700/791
f 1743/1730/820 1748/1700/791 1742/1729/819
f 1748/1700/791 1743/1730/820 1747/1701/792
f 1743/1730/820 1745/1731/821 1747/1701/792
f 1746/1709/799 1747/1701/792 1745/1731/821
f 1746/1709/799 1745/1731/821 1744/1732/822
f 1743/1730/820 1742/1729/819 1741/1733/823
f 1741/1733/823 1742/1729/819 1740/1727/817
f 1741/1733/823 1740/1727/817 1739/1734/824
f 1739/1734/824 1740/1727/817 1737/1725/815
f 1739/1734/824 1737/1725/815 1738/1735/825
f 1737/1725/815 1734/1736/826 1738/1735/825
f 1737/1725/815 1736/1724/814 1734/1736/826
f 1736/1724/814 1735/1723/813 1734/1736/826
f 1693/1737/827 1733/1738/828 1691/1739/829
f 1733/1738/828 1693/1737/827 1688/1740/830
f 1733/1738/828 1688/1740/830 1689/1741/831
f 1732/1742/832 1733/1738/828 1689/1741/831
f 1732/1742/832 1689/1741/831 1708/1743/833
f 1708/1743/833 1731/1744/834 1732/1742/832
f 1708/1743/833 1709/1745/835 1731/1744/834
f 1709/1745/835 1730/1746/836 1731/1744/834
f 1709/1745/835 1710/1747/837 1730/1746/836
f 1710/1747/837 1729/1748/838 1730/1746/836
f 1710/1747/837 1711/1749/839 1729/1748/838
f 1729/1748/838 1711/1749/839 1713/1750/840
f 1729/1748/838 1713/1750/840 1728/1751/841
f 1715/1752/842 1728/1751/841 1713/1750/840
f 1715/1752/842 1727/1753/843 1728/1751/841
f 1717/1754/844 1727/1753/843 1715/1752/842
f 1717/1754/844 1726/1755/845 1727/1753/843
f 1720/1756/846 1726/1755/845 1717/1754/844
f 1719/1757/847 1724/1758/848 1725/1759/849
f 1719/1757/847 1718/1760/850 1724/1758/848
f 1723/1761/851 1724/1758/848 1718/1760/850
f 1723/1761/851 1718/1760/850 1716/1762/852
f 1722/1763/853 1723/1761/851 1716/1762/852
f 1722/1763/853 1716/1762/852 1714/1764/854
f 1721/1765/855 1722/1763/853 1714/1764/854
f 1721/1765/855 1714/1764/854 1712/1766/856
f 1707/1767/857 1721/1765/855 1712/1766/856
f 1707/1767/857 1712/1766/856 1706/1768/858
f 1720/1756/846 1717/1754/844 1719/1757/847
f 1718/1760/850 1719/1757/847 1717/1754/844
f 1718/1760/850 1717/1754/844 1716/1762/852
f 1716/1762/852 1717/1754/844 1715/1752/842
f 1716/1762/852 1715/1752/842 1714/1764/854
f 1714/1764/854 1715/1752/842 1713/1750/840
f 1714/1764/854 1713/1750/840 1712/1766/856
f 1712/1766/856 1713/1750/840 1711/1749/839
f 1712/1766/856 1711/1749/839 1706/1768/858
f 1706/1768/858 1711/1749/839 1710/1747/837
f 1706/1768/858 1710/1747/837 1704/1769/859
f 1702/1770/860 1704/1769/859 1710/1747/837
f 1702/1770/860 1710/1747/837 1709/1745/835
f 1700/1771/861 1702/1770/860 1709/1745/835
f 1700/1771/861 1709/1745/835 1708/1743/833
f 1708/1743/833 1698/1772/862 1700/1771/861
f 1708/1743/833 1689/1741/831 1698/1772/862
f 1689/1741/831 1687/1773/863 1698/1772/862
f 1705/1774/864 1707/1767/857 1706/1768/858
f 1705/1774/864 1706/1768/858 1704/1769/859
f 1703/1775/865 1705/1774/864 1704/1769/859
f 1703/1775/865 1704/1769/859 1702/1770/860
f 1701/1776/866 1703/1775/865 1702/1770/860
f 1701/1776/866 1702/1770/860 1700/1771/861
f 1700/1771/861 1699/1777/867 1701/1776/866
f 1700/1771/861 1698/1772/862 1699/1777/867
f 1698/1772/862 1697/1778/868 1699/1777/867
f 1687/1773/863 1697/1778/868 1698/1772/862
f 1696/1779/869 1697/1778/868 1687/1773/863
f 1696/1779/869 1687/1773/863 1695/1780/870
f 1695/1780/870 1687/1773/863 1688/1740/830
f 1695/1780/870 1688/1740/830 1694/1781/3
f 1694/1781/3 1688/1740/830 1693/1737/827
f 1694/1781/3 1693/1737/827 1692/1782/871
f 1692/1782/871 1693/1737/827 1691/1739/829
f 1692/1782/871 1691/1739/829 1690/1783/872
f 1689/1741/831 1688/1740/830 1687/1773/863
f 1686/1784/873 1684/1785/712 1685/1786/711
f 1685/1786/711 1684/1785/712 1680/1787/874
f 1680/1787/874 1684/1785/712 1683/1788/711
f 1680/1787/874 1683/1788/711 1682/1789/711
f 1680/1787/874 1682/1789/711 1681/1790/874
f 1680/1787/874 1681/1790/874 1679/1791/874
f 1680/1787/874 1679/1791/874 1678/1792/874
f 1677/1793/875 1673/1794/876 1676/1795/308
f 1676/1795/308 1673/1794/876 1675/1796/50
f 1675/1796/50 1673/1794/876 1674/1797/876
f 1674/1797/876 1673/1794/876 1671/1798/50
f 1671/1798/50 1673/1794/876 1672/1799/50
f 1671/1798/50 1672/1799/50 1670/1800/50
f 1671/1798/50 1670/1800/50 1669/1801/50
f 1668/1802/10 1658/1803/8 1667/1804/10
f 1667/1804/10 1658/1803/8 1666/1805/877
f 1666/1805/877 1658/1803/8 1665/1806/878
f 1665/1806/878 1658/1803/8 1664/1807/10
f 1664/1807/10 1658/1803/8 1663/1808/10
f 1663/1808/10 1658/1803/8 1662/1809/8
f 1662/1809/8 1658/1803/8 1661/1810/8
f 1661/1810/8 1658/1803/8 1660/1811/9
f 1660/1811/9 1658/1803/8 1659/1812/10
f 1659/1812/10 1658/1803/8 1657/1813/8
f 1645/1814/65 1655/1815/879 1656/1816/707
f 1645/1814/65 1643/1817/880 1655/1815/879
f 1643/1817/880 1654/1818/881 1655/1815/879
f 1643/1817/880 1642/1819/882 1654/1818/881
f 1642/1819/882 1653/1820/707 1654/1818/881
f 1642/1819/882 1652/1821/73 1653/1820/707
f 1640/1822/883 1652/1821/73 1642/1819/882
f 1640/1822/883 1651/1823/68 1652/1821/73
f 1638/1824/884 1651/1823/68 1640/1822/883
f 1638/1824/884 1650/1825/69 1651/1823/68
f 1636/1826/885 1650/1825/69 1638/1824/884
f 1636/1826/885 1649/1827/76 1650/1825/69
f 1634/1828/886 1649/1827/76 1636/1826/885
f 1634/1828/886 1648/1829/78 1649/1827/76
f 1632/1830/887 1648/1829/78 1634/1828/886
f 1632/1830/887 1647/1831/50 1648/1829/78
f 1630/1832/888 1647/1831/50 1632/1830/887
f 1630/1832/888 1646/1833/79 1647/1831/50
f 1627/1834/889 1646/1833/79 1630/1832/888
f 1627/1834/889 1626/1835/193 1646/1833/79
f 1644/554/67 1643/1817/880 1645/1814/65
f 1644/554/67 1641/553/273 1643/1817/880
f 1641/553/273 1642/1819/882 1643/1817/880
f 1641/553/273 1640/1822/883 1642/1819/882
f 1639/551/272 1640/1822/883 1641/553/273
f 1639/551/272 1638/1824/884 1640/1822/883
f 1637/549/271 1638/1824/884 1639/551/272
f 1637/549/271 1636/1826/885 1638/1824/884
f 1635/547/270 1636/1826/885 1637/549/271
f 1635/547/270 1634/1828/886 1636/1826/885
f 1633/545/269 1634/1828/886 1635/547/270
f 1633/545/269 1632/1830/887 1634/1828/886
f 1631/543/267 1632/1830/887 1633/545/269
f 1631/543/267 1630/1832/888 1632/1830/887
f 1629/541/266 1630/1832/888 1631/543/267
f 1629/541/266 1627/1834/889 1630/1832/888
f 1628/539/265 1627/1834/889 1629/541/266
f 1628/539/265 1610/1836/890 1627/1834/889
f 1609/537/263 1610/1836/890 1628/539/265
f 1610/1836/890 1626/1835/193 1627/1834/889
f 1610/1836/890 1625/1837/55 1626/1835/193
f 1608/1838/891 1625/1837/55 1610/1836/890
f 1608/1838/891 1624/1839/83 1625/1837/55
f 1606/1840/892 1624/1839/83 1608/1838/891
f 1606/1840/892 1623/1841/58 1624/1839/83
f 1604/1842/893 1623/1841/58 1606/1840/892
f 1604/1842/893 1622/1843/86 1623/1841/58
f 1602/1844/894 1622/1843/86 1604/1842/893
f 1602/1844/894 1621/1845/895 1622/1843/86
f 1600/1846/896 1621/1845/895 1602/1844/894
f 1600/1846/896 1620/1847/63 1621/1845/895
f 1598/1848/897 1620/1847/63 1600/1846/896
f 1598/1848/897 1619/1849/147 1620/1847/63
f 1597/1850/898 1619/1849/147 1598/1848/897
f 1597/1850/898 1618/1851/90 1619/1849/147
f 1618/1851/90 1597/1850/898 1589/1852/899
f 1618/1851/90 1589/1852/899 1590/1853/38
f 1594/1854/40 1595/1855/900 1617/1856/901
f 1595/1855/900 1616/1857/902 1617/1856/901
f 1595/1855/900 1596/1858/903 1616/1857/902
f 1616/1857/902 1596/1858/903 1599/1859/904
f 1616/1857/902 1599/1859/904 1615/1860/905
f 1615/1860/905 1599/1859/904 1601/1861/906
f 1615/1860/905 1601/1861/906 1614/1862/63
f 1614/1862/63 1601/1861/906 1603/1863/907
f 1614/1862/63 1603/1863/907 1613/1864/908
f 1613/1864/908 1603/1863/907 1605/1865/909
f 1613/1864/908 1605/1865/909 1612/1866/86
f 1612/1866/86 1605/1865/909 1607/536/262
f 1612/1866/86 1607/536/262 1611/535/58
f 1609/537/263 1608/1838/891 1610/1836/890
f 1607/536/262 1608/1838/891 1609/537/263
f 1607/536/262 1606/1840/892 1608/1838/891
f 1605/1865/909 1606/1840/892 1607/536/262
f 1605/1865/909 1604/1842/893 1606/1840/892
f 1603/1863/907 1604/1842/893 1605/1865/909
f 1603/1863/907 1602/1844/894 1604/1842/893
f 1601/1861/906 1602/1844/894 1603/1863/907
f 1601/1861/906 1600/1846/896 1602/1844/894
f 1599/1859/904 1600/1846/896 1601/1861/906
f 1599/1859/904 1598/1848/897 1600/1846/896
f 1596/1858/903 1598/1848/897 1599/1859/904
f 1596/1858/903 1597/1850/898 1598/1848/897
f 1589/1852/899 1597/1850/898 1596/1858/903
f 1589/1852/899 1596/1858/903 1595/1855/900
f 1587/1867/910 1589/1852/899 1595/1855/900
f 1594/1854/40 1587/1867/910 1595/1855/900
f 1585/1868/201 1587/1867/910 1594/1854/40
f 1592/1869/911 1593/1870/41 1591/1871/40
f 1593/1870/41 1582/1872/912 1581/1873/42
f 1593/1870/41 1592/1869/911 1582/1872/912
f 1582/1872/912 1592/1869/911 1586/1874/913
f 1586/1874/913 1592/1869/911 1588/1875/914
f 1592/1869/911 1591/1871/40 1588/1875/914
f 1588/1875/914 1591/1871/40 1590/1853/38
f 1582/1872/912 1586/1874/913 1583/1876/915
f 1588/1875/914 1590/1853/38 1589/1852/899
f 1587/1867/910 1588/1875/914 1589/1852/899
f 1586/1874/913 1588/1875/914 1587/1867/910
f 1585/1868/201 1586/1874/913 1587/1867/910
f 1583/1876/915 1586/1874/913 1585/1868/201
f 1583/1876/915 1585/1868/201 1584/1877/916
f 1572/1878/917 1583/1876/915 1584/1877/916
f 1572/1878/917 1571/1879/918 1583/1876/915
f 1571/1879/918 1582/1872/912 1583/1876/915
f 1571/1879/918 1573/1880/919 1582/1872/912
f 1573/1880/919 1581/1873/42 1582/1872/912
f 1573/1880/919 1580/1881/43 1581/1873/42
f 1574/1882/920 1580/1881/43 1573/1880/919
f 1574/1882/920 1579/1883/46 1580/1881/43
f 1575/1884/921 1579/1883/46 1574/1882/920
f 1575/1884/921 1577/1885/200 1579/1883/46
f 1576/1886/881 1577/1885/200 1575/1884/921
f 1576/1886/881 1578/1887/922 1577/1885/200
f 1566/1888/923 1576/1886/881 1575/1884/921
f 1566/1888/923 1575/1884/921 1565/1889/924
f 1565/1889/924 1575/1884/921 1574/1882/920
f 1565/1889/924 1574/1882/920 1569/1890/925
f 1569/1890/925 1574/1882/920 1573/1880/919
f 1569/1890/925 1573/1880/919 1571/1879/918
f 1570/1891/45 1571/1879/918 1572/1878/917
f 1570/1891/45 1569/1890/925 1571/1879/918
f 1568/1892/721 1569/1890/925 1570/1891/45
f 1568/1892/721 1565/1889/924 1569/1890/925
f 1567/1893/922 1565/1889/924 1568/1892/721
f 1567/1893/922 1566/1888/923 1565/1889/924
f 1563/1894/86 1564/1895/86 1562/1896/86
f 1563/1894/86 1562/1896/86 1561/1897/86
f 1559/1898/86 1560/1899/86 1558/1900/86
f 1559/1898/86 1558/1900/86 1557/1901/86
f 1555/1902/926 1556/1903/926 1554/1904/264
f 1555/1902/926 1554/1904/264 1553/1905/56
f 1553/1905/56 1554/1904/264 1552/1906/58
f 1553/1905/56 1552/1906/58 1551/1907/58
f 1551/1907/58 1552/1906/58 1550/1908/86
f 1551/1907/58 1550/1908/86 1549/1909/86
f 1549/1909/86 1550/1908/86 1548/1910/203
f 1549/1909/86 1548/1910/203 1547/1911/203
f 1547/1911/203 1548/1910/203 1546/1912/63
f 1547/1911/203 1546/1912/63 1545/1913/63
f 1545/1913/63 1546/1912/63 1544/1914/927
f 1545/1913/63 1544/1914/927 1543/1915/928
f 1541/1916/1 1542/1917/1 1540/1918/1
f 1541/1916/1 1540/1918/1 1539/1919/1
f 1539/1919/1 1540/1918/1 1538/1920/1
f 1539/1919/1 1538/1920/1 1537/1921/1
f 1537/1921/1 1538/1920/1 1536/1922/1
f 1537/1921/1 1536/1922/1 1535/1923/1
f 1535/1923/1 1536/1922/1 1534/1924/4
f 1535/1923/1 1534/1924/4 1533/1925/4
f 1533/1925/4 1534/1924/4 1532/1926/4
f 1533/1925/4 1532/1926/4 1531/1927/5
f 1531/1927/5 1532/1926/4 1530/1928/4
f 1531/1927/5 1530/1928/4 1529/1929/4
f 1527/1930/929 1528/1931/929 1526/1932/929
f 1527/1930/929 1526/1932/929 1525/1933/929
f 1523/1934/86 1524/1935/86 1522/1936/86
f 1523/1934/86 1522/1936/86 1521/1937/86
f 1519/1938/3 1520/1939/3 1518/1940/3
f 1519/1938/3 1518/1940/3 1517/1941/3
f 1515/1942/99 1516/1943/102 1514/1944/102
f 1515/1942/99 1514/1944/102 1513/1945/99
f 1511/1946/10 1512/1947/930 1510/1948/931
f 1511/1946/10 1510/1948/931 1509/1949/10
f 1507/1950/98 1508/1951/98 1506/1952/932
f 1507/1950/98 1506/1952/932 1505/1953/933
f 1503/1954/136 1504/1955/136 1502/1956/136
f 1503/1954/136 1502/1956/136 1501/1957/136
f 1499/1958/86 1500/1959/86 1498/1960/86
f 1499/1958/86 1498/1960/86 1497/1961/86
f 1495/1962/3 1496/1963/3 1494/1964/3
f 1495/1962/3 1494/1964/3 1493/1965/3
f 1491/1966/102 1492/1967/102 1490/1968/102
f 1491/1966/102 1490/1968/102 1489/1969/102
f 1453/1970/934 1454/1971/934 1488/1972/935
f 1453/1970/934 1488/1972/935 1487/1973/935
f 1486/1974/936 1487/1973/935 1488/1972/935
f 1486/1974/936 1485/1975/936 1487/1973/935
f 1485/1975/936 1486/1974/936 1484/1976/38
f 1485/1975/936 1484/1976/38 1483/1977/91
f 1483/1977/91 1484/1976/38 1482/1978/40
f 1483/1977/91 1482/1978/40 1481/1979/40
f 1481/1979/40 1482/1978/40 1480/1980/140
f 1481/1979/40 1480/1980/140 1479/1981/201
f 1479/1981/201 1480/1980/140 1478/1982/142
f 1479/1981/201 1478/1982/142 1477/1983/94
f 1477/1983/94 1478/1982/142 1476/1984/95
f 1477/1983/94 1476/1984/95 1475/1985/95
f 1475/1985/95 1476/1984/95 1474/1986/46
f 1475/1985/95 1474/1986/46 1473/1987/96
f 1473/1987/96 1474/1986/46 1472/1988/937
f 1473/1987/96 1472/1988/937 1471/1989/938
f 1431/1990/939 1432/1991/939 1470/1992/940
f 1431/1990/939 1470/1992/940 1469/1993/940
f 1468/1994/941 1469/1993/940 1470/1992/940
f 1468/1994/941 1467/1995/941 1469/1993/940
f 1467/1995/941 1468/1994/941 1466/1996/193
f 1467/1995/941 1466/1996/193 1465/1997/53
f 1465/1997/53 1466/1996/193 1464/1998/56
f 1465/1997/53 1464/1998/56 1463/1999/56
f 1463/1999/56 1464/1998/56 1462/2000/86
f 1463/1999/56 1462/2000/86 1461/2001/86
f 1461/2001/86 1462/2000/86 1460/2002/63
f 1461/2001/86 1460/2002/63 1459/2003/63
f 1459/2003/63 1460/2002/63 1458/2004/90
f 1459/2003/63 1458/2004/90 1457/2005/90
f 1457/2005/90 1458/2004/90 1456/2006/942
f 1457/2005/90 1456/2006/942 1455/2007/942
f 1455/2007/942 1456/2006/942 1454/1971/934
f 1455/2007/942 1454/1971/934 1453/1970/934
f 1451/2008/48 1452/2009/734 1450/2010/136
f 1451/2008/48 1450/2010/136 1449/2011/136
f 1449/2011/136 1450/2010/136 1448/2012/66
f 1449/2011/136 1448/2012/66 1447/2013/66
f 1447/2013/66 1448/2012/66 1446/2014/67
f 1447/2013/66 1446/2014/67 1445/2015/68
f 1445/2015/68 1446/2014/67 1444/2016/69
f 1445/2015/68 1444/2016/69 1443/2017/69
f 1443/2017/69 1444/2016/69 1442/2018/70
f 1443/2017/69 1442/2018/70 1441/2019/70
f 1441/2019/70 1442/2018/70 1440/2020/943
f 1441/2019/70 1440/2020/943 1439/2021/944
f 1439/2021/944 1440/2020/943 1438/2022/671
f 1439/2021/944 1438/2022/671 1437/2023/671
f 1437/2023/671 1438/2022/671 1436/2024/945
f 1437/2023/671 1436/2024/945 1435/2025/946
f 1435/2025/946 1436/2024/945 1434/2026/947
f 1435/2025/946 1434/2026/947 1433/2027/947
f 1433/2027/947 1434/2026/947 1432/1991/939
f 1433/2027/947 1432/1991/939 1431/1990/939
f 1405/2028/671 1406/2029/671 1430/2030/76
f 1405/2028/671 1430/2030/76 1429/2031/948
f 1429/2031/948 1430/2030/76 1428/2032/197
f 1429/2031/948 1428/2032/197 1427/2033/652
f 1427/2033/652 1428/2032/197 1426/2034/136
f 1427/2033/652 1426/2034/136 1425/2035/136
f 1425/2035/136 1426/2034/136 1424/2036/45
f 1425/2035/136 1424/2036/45 1423/2037/949
f 1423/2037/949 1424/2036/45 1422/2038/950
f 1423/2037/949 1422/2038/950 1421/2039/950
f 1421/2039/950 1422/2038/950 1420/2040/40
f 1421/2039/950 1420/2040/40 1419/2041/40
f 1419/2041/40 1420/2040/40 1418/2042/90
f 1419/2041/40 1418/2042/90 1417/2043/90
f 1417/2043/90 1418/2042/90 1416/2044/63
f 1417/2043/90 1416/2044/63 1415/2045/63
f 1415/2045/63 1416/2044/63 1414/2046/951
f 1415/2045/63 1414/2046/951 1413/2047/952
f 1411/2048/191 1412/2049/85 1410/2050/181
f 1411/2048/191 1410/2050/181 1409/2051/953
f 1409/2051/953 1410/2050/181 1408/2052/954
f 1409/2051/953 1408/2052/954 1407/2053/954
f 1407/2053/954 1408/2052/954 1406/2029/671
f 1407/2053/954 1406/2029/671 1405/2028/671
f 1374/2054/955 1359/2055/956 1360/2056/957
f 1374/2054/955 1402/2057/958 1359/2055/956
f 1372/2058/959 1402/2057/958 1374/2054/955
f 1372/2058/959 1403/2059/960 1402/2057/958
f 1370/2060/961 1403/2059/960 1372/2058/959
f 1370/2060/961 1404/2061/962 1403/2059/960
f 1368/2062/963 1404/2061/962 1370/2060/961
f 1368/2062/963 1389/2063/964 1404/2061/962
f 1391/2064/965 1404/2061/962 1389/2063/964
f 1391/2064/965 1393/2065/966 1404/2061/962
f 1404/2061/962 1393/2065/966 1395/2066/967
f 1404/2061/962 1395/2066/967 1403/2059/960
f 1403/2059/960 1395/2066/967 1397/2067/968
f 1403/2059/960 1397/2067/968 1402/2057/958
f 1402/2057/958 1397/2067/968 1399/2068/969
f 1402/2057/958 1399/2068/969 1359/2055/956
f 1359/2055/956 1399/2068/969 1358/2069/970
f 1359/2055/956 1358/2069/970 1357/2070/971
f 1332/2071/972 1401/2072/973 1331/2073/974
f 1358/2069/970 1401/2072/973 1332/2071/972
f 1358/2069/970 1400/2074/975 1401/2072/973
f 1399/2068/969 1400/2074/975 1358/2069/970
f 1399/2068/969 1398/2075/976 1400/2074/975
f 1397/2067/968 1398/2075/976 1399/2068/969
f 1397/2067/968 1396/2076/977 1398/2075/976
f 1395/2066/967 1396/2076/977 1397/2067/968
f 1395/2066/967 1394/2077/978 1396/2076/977
f 1393/2065/966 1394/2077/978 1395/2066/967
f 1393/2065/966 1392/2078/979 1394/2077/978
f 1391/2064/965 1392/2078/979 1393/2065/966
f 1391/2064/965 1386/2079/980 1392/2078/979
f 1388/2080/981 1386/2079/980 1391/2064/965
f 1388/2080/981 1391/2064/965 1389/2063/964
f 1388/2080/981 1389/2063/964 1390/2081/982
f 1367/2082/983 1390/2081/982 1389/2063/964
f 1367/2082/983 1389/2063/964 1368/2062/963
f 1388/2080/981 1387/2083/984 1386/2079/980
f 1369/2084/985 1364/2085/199 1365/2086/986
f 1369/2084/985 1385/2087/43 1364/2085/199
f 1371/2088/987 1385/2087/43 1369/2084/985
f 1371/2088/987 1384/2089/140 1385/2087/43
f 1373/2090/988 1384/2089/140 1371/2088/987
f 1373/2090/988 1383/2091/989 1384/2089/140
f 1375/2092/990 1383/2091/989 1373/2090/988
f 1375/2092/990 1382/2093/991 1383/2091/989
f 1376/2094/992 1382/2093/991 1375/2092/990
f 1376/2094/992 1381/2095/993 1382/2093/991
f 1377/2096/994 1381/2095/993 1376/2094/992
f 1377/2096/994 1380/2097/58 1381/2095/993
f 1349/2098/995 1380/2097/58 1377/2096/994
f 1349/2098/995 1379/2099/146 1380/2097/58
f 1350/2100/996 1379/2099/146 1349/2098/995
f 1350/2100/996 1378/2101/997 1379/2099/146
f 1347/2102/998 1378/2101/997 1350/2100/996
f 1347/2102/998 1346/2103/196 1378/2101/997
f 1349/2098/995 1362/2104/999 1348/2105/1000
f 1349/2098/995 1377/2096/994 1362/2104/999
f 1377/2096/994 1361/2106/1001 1362/2104/999
f 1377/2096/994 1376/2094/992 1361/2106/1001
f 1376/2094/992 1360/2056/957 1361/2106/1001
f 1376/2094/992 1375/2092/990 1360/2056/957
f 1375/2092/990 1374/2054/955 1360/2056/957
f 1375/2092/990 1373/2090/988 1374/2054/955
f 1373/2090/988 1372/2058/959 1374/2054/955
f 1373/2090/988 1371/2088/987 1372/2058/959
f 1371/2088/987 1370/2060/961 1372/2058/959
f 1371/2088/987 1369/2084/985 1370/2060/961
f 1369/2084/985 1368/2062/963 1370/2060/961
f 1369/2084/985 1365/2086/986 1368/2062/963
f 1365/2086/986 1367/2082/983 1368/2062/963
f 1365/2086/986 1366/2107/1002 1367/2082/983
f 1365/2086/986 1363/2108/73 1366/2107/1002
f 1365/2086/986 1364/2085/199 1363/2108/73
f 1351/2109/1003 1353/2110/1004 1352/2111/1005
f 1351/2109/1003 1354/2112/1006 1353/2110/1004
f 1348/2105/1000 1354/2112/1006 1351/2109/1003
f 1348/2105/1000 1355/2113/1007 1354/2112/1006
f 1362/2104/999 1355/2113/1007 1348/2105/1000
f 1362/2104/999 1356/2114/1008 1355/2113/1007
f 1361/2106/1001 1356/2114/1008 1362/2104/999
f 1361/2106/1001 1357/2070/971 1356/2114/1008
f 1360/2056/957 1357/2070/971 1361/2106/1001
f 1360/2056/957 1359/2055/956 1357/2070/971
f 1357/2070/971 1358/2069/970 1332/2071/972
f 1357/2070/971 1332/2071/972 1356/2114/1008
f 1356/2114/1008 1332/2071/972 1330/2115/1009
f 1356/2114/1008 1330/2115/1009 1355/2113/1007
f 1355/2113/1007 1330/2115/1009 1334/2116/1010
f 1355/2113/1007 1334/2116/1010 1354/2112/1006
f 1354/2112/1006 1334/2116/1010 1336/2117/1011
f 1354/2112/1006 1336/2117/1011 1353/2110/1004
f 1353/2110/1004 1336/2117/1011 1338/2118/1012
f 1353/2110/1004 1338/2118/1012 1341/2119/1013
f 1352/2111/1005 1353/2110/1004 1341/2119/1013
f 1352/2111/1005 1341/2119/1013 1343/2120/1014
f 1345/2121/1015 1352/2111/1005 1343/2120/1014
f 1345/2121/1015 1347/2102/998 1352/2111/1005
f 1347/2102/998 1351/2109/1003 1352/2111/1005
f 1347/2102/998 1350/2100/996 1351/2109/1003
f 1350/2100/996 1348/2105/1000 1351/2109/1003
f 1350/2100/996 1349/2098/995 1348/2105/1000
f 1345/2121/1015 1346/2103/196 1347/2102/998
f 1345/2121/1015 1327/2122/1016 1346/2103/196
f 1329/2123/1002 1327/2122/1016 1345/2121/1015
f 1329/2123/1002 1345/2121/1015 1343/2120/1014
f 1329/2123/1002 1343/2120/1014 1344/2124/1017
f 1343/2120/1014 1342/2125/1018 1344/2124/1017
f 1343/2120/1014 1341/2119/1013 1342/2125/1018
f 1341/2119/1013 1340/2126/1019 1342/2125/1018
f 1341/2119/1013 1338/2118/1012 1340/2126/1019
f 1338/2118/1012 1339/2127/1020 1340/2126/1019
f 1338/2118/1012 1337/2128/1021 1339/2127/1020
f 1336/2117/1011 1337/2128/1021 1338/2118/1012
f 1336/2117/1011 1335/2129/1022 1337/2128/1021
f 1334/2116/1010 1335/2129/1022 1336/2117/1011
f 1334/2116/1010 1333/2130/1023 1335/2129/1022
f 1330/2115/1009 1333/2130/1023 1334/2116/1010
f 1330/2115/1009 1331/2073/974 1333/2130/1023
f 1332/2071/972 1331/2073/974 1330/2115/1009
f 1329/2123/1002 1328/2131/1024 1327/2122/1016
f 1325/2132/1025 1326/2133/103 1324/2134/1026
f 1325/2132/1025 1324/2134/1026 1323/2135/1026
f 1322/2136/618 1323/2135/1026 1324/2134/1026
f 1322/2136/618 1321/2137/617 1323/2135/1026
f 1320/2138/1027 1321/2137/617 1322/2136/618
f 1320/2138/1027 1319/2139/1028 1321/2137/617
f 1318/2140/929 1319/2139/1028 1320/2138/1027
f 1318/2140/929 1317/2141/929 1319/2139/1028
f 1316/2142/596 1317/2141/929 1318/2140/929
f 1316/2142/596 1315/2143/596 1317/2141/929
f 1314/2144/1029 1315/2143/596 1316/2142/596
f 1314/2144/1029 1313/2145/1030 1315/2143/596
f 1312/2146/1031 1313/2145/1030 1314/2144/1029
f 1312/2146/1031 1309/2147/1031 1313/2145/1030
f 1311/2148/11 1309/2147/1031 1312/2146/1031
f 1311/2148/11 1310/2149/11 1309/2147/1031
f 1308/2150/1032 1284/2151/1033 1285/2152/1034
f 1308/2150/1032 1307/2153/1035 1284/2151/1033
f 1306/2154/29 1307/2153/1035 1308/2150/1032
f 1306/2154/29 1305/2155/31 1307/2153/1035
f 1304/2156/1036 1305/2155/31 1306/2154/29
f 1304/2156/1036 1303/2157/1037 1305/2155/31
f 1302/2158/1038 1303/2157/1037 1304/2156/1036
f 1302/2158/1038 1301/2159/1039 1303/2157/1037
f 1300/2160/1040 1301/2159/1039 1302/2158/1038
f 1300/2160/1040 1299/2161/1041 1301/2159/1039
f 1298/2162/1042 1299/2161/1041 1300/2160/1040
f 1298/2162/1042 1297/2163/1043 1299/2161/1041
f 1296/2164/1044 1297/2163/1043 1298/2162/1042
f 1296/2164/1044 1295/2165/1044 1297/2163/1043
f 1294/2166/1045 1295/2165/1044 1296/2164/1044
f 1294/2166/1045 1291/2167/1045 1295/2165/1044
f 1293/2168/1046 1291/2167/1045 1294/2166/1045
f 1293/2168/1046 1292/2169/1047 1291/2167/1045
f 1288/2170/1048 1289/2171/1049 1290/2172/1049
f 1288/2170/1048 1287/2173/15 1289/2171/1049
f 1286/2174/17 1287/2173/15 1288/2170/1048
f 1286/2174/17 1283/2175/1050 1287/2173/15
f 1285/2152/1034 1283/2175/1050 1286/2174/17
f 1285/2152/1034 1284/2151/1033 1283/2175/1050
f 1279/2176/136 1281/2177/136 1282/2178/136
f 1279/2176/136 1280/2179/136 1281/2177/136
f 1275/2180/136 1280/2179/136 1279/2176/136
f 1275/2180/136 1279/2176/136 1278/2181/136
f 1277/2182/136 1275/2180/136 1278/2181/136
f 1277/2182/136 1276/2183/136 1275/2180/136
f 1274/2184/15 1250/2185/1051 1251/2186/1052
f 1274/2184/15 1273/2187/1053 1250/2185/1051
f 1272/2188/18 1273/2187/1053 1274/2184/15
f 1272/2188/18 1271/2189/1054 1273/2187/1053
f 1270/2190/19 1271/2189/1054 1272/2188/18
f 1270/2190/19 1269/2191/19 1271/2189/1054
f 1268/2192/20 1269/2191/19 1270/2190/19
f 1268/2192/20 1267/2193/20 1269/2191/19
f 1266/2194/22 1267/2193/20 1268/2192/20
f 1266/2194/22 1265/2195/1055 1267/2193/20
f 1264/2196/24 1265/2195/1055 1266/2194/22
f 1264/2196/24 1263/2197/24 1265/2195/1055
f 1262/2198/25 1263/2197/24 1264/2196/24
f 1262/2198/25 1261/2199/1056 1263/2197/24
f 1260/2200/1057 1261/2199/1056 1262/2198/25
f 1260/2200/1057 1257/2201/1058 1261/2199/1056
f 1259/2202/1059 1257/2201/1058 1260/2200/1057
f 1259/2202/1059 1258/2203/29 1257/2201/1058
f 1254/2204/30 1255/2205/31 1256/2206/1060
f 1254/2204/30 1253/2207/30 1255/2205/31
f 1252/2208/1033 1253/2207/30 1254/2204/30
f 1252/2208/1033 1249/2209/1033 1253/2207/30
f 1251/2186/1052 1249/2209/1033 1252/2208/1033
f 1251/2186/1052 1250/2185/1051 1249/2209/1033
f 1246/2210/1061 1247/2211/40 1248/2212/40
f 1246/2210/1061 1245/2213/1062 1247/2211/40
f 1244/2214/1063 1245/2213/1062 1246/2210/1061
f 1244/2214/1063 1241/2215/1063 1245/2213/1062
f 1243/2216/874 1241/2215/1063 1244/2214/1063
f 1243/2216/874 1242/2217/874 1241/2215/1063
f 1223/2218/1064 1240/2219/63 1222/2220/204
f 1236/2221/1065 1240/2219/63 1223/2218/1064
f 1236/2221/1065 1239/2222/147 1240/2219/63
f 1239/2222/147 1236/2221/1065 1237/2223/1066
f 1239/2222/147 1237/2223/1066 1136/2224/90
f 1138/2225/1067 1136/2224/90 1237/2223/1066
f 1138/2225/1067 1237/2223/1066 1238/2226/1068
f 1138/2225/1067 1238/2226/1068 1154/2227/1069
f 1156/2228/1070 1154/2227/1069 1238/2226/1068
f 1238/2226/1068 1179/2229/1071 1156/2228/1070
f 1238/2226/1068 1235/2230/1072 1179/2229/1071
f 1235/2230/1072 1181/2231/1073 1179/2229/1071
f 1235/2230/1072 1234/2232/1074 1181/2231/1073
f 1234/2232/1074 1183/2233/1075 1181/2231/1073
f 1234/2232/1074 1233/2234/1076 1183/2233/1075
f 1233/2234/1076 1185/2235/1077 1183/2233/1075
f 1233/2234/1076 1210/2236/1078 1185/2235/1077
f 1210/2236/1078 1187/2237/1079 1185/2235/1077
f 1235/2230/1072 1238/2226/1068 1237/2223/1066
f 1235/2230/1072 1237/2223/1066 1236/2221/1065
f 1235/2230/1072 1236/2221/1065 1223/2218/1064
f 1235/2230/1072 1223/2218/1064 1234/2232/1074
f 1234/2232/1074 1223/2218/1064 1221/2238/1080
f 1234/2232/1074 1221/2238/1080 1233/2234/1076
f 1233/2234/1076 1221/2238/1080 1220/2239/1081
f 1233/2234/1076 1220/2239/1081 1210/2236/1078
f 1213/1412/710 1231/2240/78 1232/1411/70
f 1231/2240/78 1213/1412/710 1214/2241/1082
f 1231/2240/78 1214/2241/1082 1230/2242/50
f 1230/2242/50 1214/2241/1082 1215/2243/1083
f 1230/2242/50 1215/2243/1083 1229/2244/195
f 1216/2245/1084 1229/2244/195 1215/2243/1083
f 1216/2245/1084 1228/2246/53 1229/2244/195
f 1217/2247/1085 1228/2246/53 1216/2245/1084
f 1217/2247/1085 1227/2248/82 1228/2246/53
f 1218/2249/1086 1227/2248/82 1217/2247/1085
f 1218/2249/1086 1226/2250/181 1227/2248/82
f 1219/2251/1087 1226/2250/181 1218/2249/1086
f 1219/2251/1087 1225/2252/58 1226/2250/181
f 1220/2239/1081 1225/2252/58 1219/2251/1087
f 1220/2239/1081 1224/2253/86 1225/2252/58
f 1221/2238/1080 1224/2253/86 1220/2239/1081
f 1221/2238/1080 1222/2220/204 1224/2253/86
f 1223/2218/1064 1222/2220/204 1221/2238/1080
f 1210/2236/1078 1220/2239/1081 1219/2251/1087
f 1210/2236/1078 1219/2251/1087 1209/2254/1088
f 1209/2254/1088 1219/2251/1087 1218/2249/1086
f 1209/2254/1088 1218/2249/1086 1208/2255/1089
f 1208/2255/1089 1218/2249/1086 1217/2247/1085
f 1208/2255/1089 1217/2247/1085 1207/2256/1090
f 1207/2256/1090 1217/2247/1085 1216/2245/1084
f 1207/2256/1090 1216/2245/1084 1206/2257/1091
f 1206/2257/1091 1216/2245/1084 1215/2243/1083
f 1206/2257/1091 1215/2243/1083 1205/2258/1092
f 1205/2258/1092 1215/2243/1083 1214/2241/1082
f 1205/2258/1092 1214/2241/1082 1203/2259/1093
f 1203/2259/1093 1214/2241/1082 1213/1412/710
f 1203/2259/1093 1213/1412/710 1201/2260/1094
f 1201/2260/1094 1213/1412/710 1212/1410/709
f 1201/2260/1094 1212/1410/709 1199/2261/1095
f 1199/2261/1095 1212/1410/709 1211/1399/700
f 1199/2261/1095 1211/1399/700 1198/1398/699
f 1210/2236/1078 1209/2254/1088 1187/2237/1079
f 1209/2254/1088 1189/2262/1096 1187/2237/1079
f 1209/2254/1088 1208/2255/1089 1189/2262/1096
f 1208/2255/1089 1191/2263/1097 1189/2262/1096
f 1208/2255/1089 1207/2256/1090 1191/2263/1097
f 1207/2256/1090 1193/2264/1098 1191/2263/1097
f 1207/2256/1090 1206/2257/1091 1193/2264/1098
f 1206/2257/1091 1195/1396/697 1193/2264/1098
f 1206/2257/1091 1205/2258/1092 1195/1396/697
f 1205/2258/1092 1204/1394/695 1195/1396/697
f 1205/2258/1092 1203/2259/1093 1204/1394/695
f 1203/2259/1093 1202/1392/693 1204/1394/695
f 1203/2259/1093 1201/2260/1094 1202/1392/693
f 1201/2260/1094 1200/1390/691 1202/1392/693
f 1201/2260/1094 1199/2261/1095 1200/1390/691
f 1199/2261/1095 1196/1388/689 1200/1390/691
f 1199/2261/1095 1198/1398/699 1196/1388/689
f 1198/1398/699 1197/1386/687 1196/1388/689
f 1195/1396/697 1194/1397/698 1193/2264/1098
f 1193/2264/1098 1194/1397/698 1192/2265/1099
f 1193/2264/1098 1192/2265/1099 1191/2263/1097
f 1191/2263/1097 1192/2265/1099 1190/2266/1100
f 1191/2263/1097 1190/2266/1100 1189/2262/1096
f 1189/2262/1096 1190/2266/1100 1188/2267/1101
f 1189/2262/1096 1188/2267/1101 1187/2237/1079
f 1187/2237/1079 1188/2267/1101 1186/2268/1102
f 1187/2237/1079 1186/2268/1102 1185/2235/1077
f 1185/2235/1077 1186/2268/1102 1184/2269/1103
f 1185/2235/1077 1184/2269/1103 1183/2233/1075
f 1183/2233/1075 1184/2269/1103 1182/2270/1104
f 1183/2233/1075 1182/2270/1104 1181/2231/1073
f 1181/2231/1073 1182/2270/1104 1180/2271/1105
f 1181/2231/1073 1180/2271/1105 1179/2229/1071
f 1179/2229/1071 1180/2271/1105 1169/2272/1106
f 1179/2229/1071 1169/2272/1106 1156/2228/1070
f 1169/2272/1106 1155/2273/1107 1156/2228/1070
f 1164/2274/1108 1165/2275/1109 1172/2276/1110
f 1163/2277/1111 1164/2274/1108 1172/2276/1110
f 1163/2277/1111 1172/2276/1110 1174/2278/1112
f 1162/2279/1113 1163/2277/1111 1174/2278/1112
f 1162/2279/1113 1174/2278/1112 1176/2280/1114
f 1161/2281/704 1162/2279/1113 1176/2280/1114
f 1161/2281/704 1176/2280/1114 1178/2282/1115
f 1176/2280/1114 1177/2283/1116 1178/2282/1115
f 1176/2280/1114 1175/2284/1117 1177/2283/1116
f 1174/2278/1112 1175/2284/1117 1176/2280/1114
f 1174/2278/1112 1173/2285/1118 1175/2284/1117
f 1172/2276/1110 1173/2285/1118 1174/2278/1112
f 1172/2276/1110 1171/2286/1119 1173/2285/1118
f 1165/2275/1109 1171/2286/1119 1172/2276/1110
f 1165/2275/1109 1170/2287/1120 1171/2286/1119
f 1166/2288/1121 1170/2287/1120 1165/2275/1109
f 1169/2272/1106 1168/2289/1122 1155/2273/1107
f 1155/2273/1107 1168/2289/1122 1167/2290/1123
f 1155/2273/1107 1167/2290/1123 1157/2291/1124
f 1157/2291/1124 1167/2290/1123 1166/2288/1121
f 1157/2291/1124 1166/2288/1121 1160/2292/1125
f 1166/2288/1121 1165/2275/1109 1160/2292/1125
f 1160/2292/1125 1165/2275/1109 1159/2293/1126
f 1164/2274/1108 1159/2293/1126 1165/2275/1109
f 1159/2293/1126 1164/2274/1108 1146/2294/1127
f 1163/2277/1111 1146/2294/1127 1164/2274/1108
f 1163/2277/1111 1144/2295/1128 1146/2294/1127
f 1162/2279/1113 1144/2295/1128 1163/2277/1111
f 1162/2279/1113 1142/2296/1129 1144/2295/1128
f 1161/2281/704 1142/2296/1129 1162/2279/1113
f 1161/2281/704 1141/2297/1130 1142/2296/1129
f 1160/2292/1125 1159/2293/1126 1158/2298/1131
f 1158/2298/1131 1157/2291/1124 1160/2292/1125
f 1159/2293/1126 1146/2294/1127 1148/2299/1132
f 1148/2299/1132 1158/2298/1131 1159/2293/1126
f 1148/2299/1132 1150/2300/1133 1158/2298/1131
f 1158/2298/1131 1150/2300/1133 1152/2301/1134
f 1158/2298/1131 1152/2301/1134 1153/2302/1135
f 1158/2298/1131 1153/2302/1135 1157/2291/1124
f 1153/2302/1135 1155/2273/1107 1157/2291/1124
f 1156/2228/1070 1155/2273/1107 1154/2227/1069
f 1153/2302/1135 1154/2227/1069 1155/2273/1107
f 1153/2302/1135 1138/2225/1067 1154/2227/1069
f 1153/2302/1135 1152/2301/1134 1138/2225/1067
f 1152/2301/1134 1137/2303/139 1138/2225/1067
f 1152/2301/1134 1151/2304/40 1137/2303/139
f 1150/2300/1133 1151/2304/40 1152/2301/1134
f 1150/2300/1133 1149/2305/41 1151/2304/40
f 1148/2299/1132 1149/2305/41 1150/2300/1133
f 1148/2299/1132 1147/2306/950 1149/2305/41
f 1147/2306/950 1148/2299/1132 1146/2294/1127
f 1147/2306/950 1146/2294/1127 1145/2307/43
f 1144/2295/1128 1145/2307/43 1146/2294/1127
f 1144/2295/1128 1143/2308/45 1145/2307/43
f 1142/2296/1129 1143/2308/45 1144/2295/1128
f 1142/2296/1129 1139/2309/200 1143/2308/45
f 1141/2297/1130 1139/2309/200 1142/2296/1129
f 1141/2297/1130 1140/2310/922 1139/2309/200
f 1138/2225/1067 1137/2303/139 1136/2224/90
f 1134/2311/99 1135/2312/99 1133/2313/99
f 1134/2311/99 1133/2313/99 1132/2314/99
f 1130/2315/102 1131/2316/99 1129/2317/102
f 1130/2315/102 1129/2317/102 1128/2318/102
f 1126/2319/40 1127/2320/40 1125/2321/40
f 1126/2319/40 1125/2321/40 1124/2322/40
f 1122/2323/40 1123/2324/40 1121/2325/40
f 1122/2323/40 1121/2325/40 1120/2326/40
f 1118/2327/86 1119/2328/86 1117/2329/86
f 1118/2327/86 1117/2329/86 1116/2330/86
f 1114/2331/136 1115/2332/136 1113/2333/136
f 1114/2331/136 1113/2333/136 1112/2334/136
f 1110/2335/102 1111/2336/102 1109/2337/102
f 1110/2335/102 1109/2337/102 1108/2338/102
f 1106/2339/40 1107/2340/40 1105/2341/40
f 1106/2339/40 1105/2341/40 1104/2342/40
f 1102/2343/3 1103/2344/3 1101/2345/3
f 1102/2343/3 1101/2345/3 1100/2346/3
f 1098/2347/3 1099/2348/3 1097/2349/3
f 1098/2347/3 1097/2349/3 1096/2350/3
f 1095/2351/712 1088/2352/712 1094/2353/711
f 1094/2353/711 1088/2352/712 1093/2354/711
f 1093/2354/711 1088/2352/712 1092/2355/711
f 1092/2355/711 1088/2352/712 1091/2356/711
f 1091/2356/711 1088/2352/712 1090/2357/711
f 1090/2357/711 1088/2352/712 1089/2358/711
f 1089/2358/711 1088/2352/712 1087/2359/711
f 1086/2360/1136 1083/2361/50 1085/2362/1137
f 1085/2362/1137 1083/2361/50 1084/2363/145
f 1084/2363/145 1083/2361/50 1082/2364/50
f 1082/2364/50 1083/2361/50 1081/2365/50
f 1082/2364/50 1081/2365/50 1080/2366/50
f 1080/2366/50 1081/2365/50 1079/2367/50
f 1080/2366/50 1079/2367/50 1078/2368/50
f 1076/2369/136 1077/2370/136 1074/2371/136
f 1076/2369/136 1074/2371/136 1075/2372/136
f 1074/2371/136 1072/2373/136 1075/2372/136
f 1074/2371/136 1073/2374/136 1072/2373/136
f 1070/2375/136 1072/2373/136 1073/2374/136
f 1070/2375/136 1071/2376/136 1072/2373/136
f 1069/2377/136 1071/2376/136 1070/2375/136
f 1069/2377/136 1070/2375/136 1068/2378/136
f 1067/2379/136 1069/2377/136 1068/2378/136
f 1067/2379/136 1068/2378/136 1065/2380/136
f 1066/2381/136 1067/2379/136 1065/2380/136
f 1066/2381/136 1065/2380/136 1064/2382/136
f 1061/2383/1061 1062/2384/40 1063/2385/40
f 1061/2383/1061 1060/2386/1062 1062/2384/40
f 1059/2387/1063 1060/2386/1062 1061/2383/1061
f 1059/2387/1063 1058/2388/1063 1060/2386/1062
f 1057/2389/1138 1058/2388/1063 1059/2387/1063
f 1057/2389/1138 1056/2390/1138 1058/2388/1063
f 1055/2391/1139 1056/2390/1138 1057/2389/1138
f 1055/2391/1139 1054/2392/1140 1056/2390/1138
f 1054/2392/1140 1055/2391/1139 1051/2393/1141
f 1054/2392/1140 1051/2393/1141 1053/2394/1142
f 1052/2395/98 1053/2394/1142 1051/2393/1141
f 1052/2395/98 1051/2393/1141 1050/2396/98
f 1046/2397/929 1048/2398/929 1049/2399/929
f 1046/2397/929 1047/2400/929 1048/2398/929
f 1046/2397/929 1044/2401/86 1047/2400/929
f 1046/2397/929 1045/2402/86 1044/2401/86
f 1043/2403/86 1044/2401/86 1045/2402/86
f 1043/2403/86 1042/2404/86 1044/2401/86
f 1041/2405/86 1042/2404/86 1043/2403/86
f 1041/2405/86 1040/2406/86 1042/2404/86
f 1039/2407/86 1040/2406/86 1041/2405/86
f 1039/2407/86 1038/2408/86 1040/2406/86
f 1038/2408/86 1039/2407/86 1037/2409/86
f 1038/2408/86 1037/2409/86 1036/2410/86
f 1033/2411/1143 1034/2412/50 1035/2413/50
f 1033/2411/1143 1032/2414/1143 1034/2412/50
f 1032/2414/1143 1033/2411/1143 1031/2415/1144
f 1032/2414/1143 1031/2415/1144 1030/2416/1145
f 1029/2417/1146 1030/2416/1145 1031/2415/1144
f 1029/2417/1146 1028/2418/1147 1030/2416/1145
f 1027/2419/1148 1028/2418/1147 1029/2417/1146
f 1027/2419/1148 1026/2420/1148 1028/2418/1147
f 1026/2420/1148 1027/2419/1148 1024/2421/1149
f 1026/2420/1148 1024/2421/1149 1025/2422/1149
f 1022/2423/1150 1025/2422/1149 1024/2421/1149
f 1022/2423/1150 1024/2421/1149 1023/2424/1151
f 1022/2423/1150 1023/2424/1151 1021/2425/300
f 1022/2423/1150 1021/2425/300 1020/2426/300
f 1018/2427/3 1019/2428/3 1017/2429/3
f 1018/2427/3 1017/2429/3 1016/2430/3
f 1015/2431/4 1005/2432/3 1007/2433/209
f 1014/2434/1152 1011/2435/209 1013/2436/209
f 1013/2436/209 1011/2435/209 1012/2437/250
f 1012/2437/250 1011/2435/209 1009/2438/3
f 1009/2438/3 1011/2435/209 1010/2439/250
f 1009/2438/3 1010/2439/250 1008/2440/3
f 1009/2438/3 1008/2440/3 1002/2441/209
f 1002/2441/209 1008/2440/3 1007/2433/209
f 1001/2442/11 1002/2441/209 1007/2433/209
f 1001/2442/11 1007/2433/209 1005/2432/3
f 1001/2442/11 1005/2432/3 1006/2443/209
f 1006/2443/209 1005/2432/3 1004/2444/3
f 1003/2445/11 1002/2441/209 1001/2442/11
f 997/2446/86 999/2447/86 1000/2448/86
f 997/2446/86 998/2449/86 999/2447/86
f 993/2450/86 998/2449/86 997/2446/86
f 993/2450/86 997/2446/86 996/2451/86
f 995/2452/86 993/2450/86 996/2451/86
f 995/2452/86 994/2453/86 993/2450/86
f 991/2454/136 989/2455/136 992/2456/136
f 991/2454/136 990/2457/136 989/2455/136
f 989/2455/136 990/2457/136 988/2458/136
f 989/2455/136 988/2458/136 987/2459/136
f 986/2460/102 985/2461/102 984/2462/102
f 984/2462/102 985/2461/102 979/2463/102
f 984/2462/102 979/2463/102 980/2464/102
f 983/2465/102 984/2462/102 980/2464/102
f 983/2465/102 980/2464/102 982/2466/102
f 981/2467/102 980/2464/102 979/2463/102
f 977/2468/151 978/2469/151 976/2470/151
f 977/2468/151 976/2470/151 975/2471/151
f 975/2471/151 976/2470/151 974/2472/151
f 975/2471/151 974/2472/151 973/2473/151
f 972/2474/3 968/2475/11 971/2476/12
f 971/2476/12 968/2475/11 970/2477/12
f 970/2477/12 968/2475/11 969/2478/11
f 969/2478/11 968/2475/11 967/2479/1153
f 966/2480/783 963/2481/3 965/2482/12
f 965/2482/12 963/2481/3 964/2483/12
f 964/2483/12 963/2481/3 962/2484/3
f 962/2484/3 963/2481/3 961/2485/3
f 962/2484/3 961/2485/3 960/2486/3
f 960/2486/3 961/2485/3 956/2487/3
f 960/2486/3 956/2487/3 959/2488/3
f 959/2488/3 956/2487/3 958/2489/1154
f 958/2489/1154 956/2487/3 957/2490/14
f 957/2490/14 956/2487/3 955/2491/209
f 952/2492/1143 953/2493/50 954/2494/50
f 952/2492/1143 951/2495/1143 953/2493/50
f 951/2495/1143 952/2492/1143 950/2496/1144
f 951/2495/1143 950/2496/1144 947/2497/1145
f 949/2498/50 947/2497/1145 950/2496/1144
f 949/2498/50 948/2499/50 947/2497/1145
f 923/2500/102 924/2501/175 946/2502/102
f 946/2502/102 924/2501/175 945/2503/102
f 945/2503/102 924/2501/175 944/2504/102
f 944/2504/102 924/2501/175 941/2505/102
f 944/2504/102 941/2505/102 943/2506/102
f 943/2506/102 941/2505/102 942/2507/102
f 942/2507/102 941/2505/102 940/2508/102
f 940/2508/102 941/2505/102 937/2509/102
f 940/2508/102 937/2509/102 939/2510/102
f 939/2510/102 937/2509/102 938/2511/102
f 938/2511/102 937/2509/102 936/2512/102
f 936/2512/102 937/2509/102 930/2513/102
f 936/2512/102 930/2513/102 935/2514/102
f 935/2514/102 930/2513/102 934/2515/102
f 934/2515/102 930/2513/102 933/2516/342
f 933/2516/342 930/2513/102 932/2517/99
f 932/2517/99 930/2513/102 931/2518/342
f 931/2518/342 930/2513/102 929/2519/1155
f 928/2520/100 924/2501/175 927/2521/769
f 927/2521/769 924/2501/175 926/2522/102
f 926/2522/102 924/2501/175 925/2523/102
f 925/2523/102 924/2501/175 923/2500/102
f 922/2524/102 919/2525/342 921/2526/342
f 921/2526/342 919/2525/342 920/2527/99
f 920/2527/99 919/2525/342 917/2528/102
f 917/2528/102 919/2525/342 918/2529/102
f 917/2528/102 918/2529/102 916/2530/102
f 917/2528/102 916/2530/102 911/2531/102
f 911/2531/102 916/2530/102 914/2532/102
f 911/2531/102 914/2532/102 907/2533/102
f 915/2534/98 907/2533/102 914/2532/102
f 909/2535/102 913/2536/103 910/2537/102
f 912/2538/102 911/2531/102 910/2537/102
f 911/2531/102 907/2533/102 910/2537/102
f 909/2535/102 910/2537/102 907/2533/102
f 909/2535/102 907/2533/102 908/2539/102
f 908/2539/102 907/2533/102 906/2540/102
f 861/2541/1156 858/2542/1157 905/2543/1158
f 904/2544/1159 861/2541/1156 905/2543/1158
f 903/2545/90 904/2544/1159 905/2543/1158
f 903/2545/90 902/2546/90 904/2544/1159
f 901/2547/1160 902/2546/90 903/2545/90
f 901/2547/1160 900/2548/91 902/2546/90
f 899/2549/40 900/2548/91 901/2547/1160
f 899/2549/40 898/2550/40 900/2548/91
f 897/2551/41 898/2550/40 899/2549/40
f 897/2551/41 896/2552/1161 898/2550/40
f 895/2553/42 896/2552/1161 897/2551/41
f 895/2553/42 894/2554/950 896/2552/1161
f 892/2555/1162 894/2554/950 895/2553/42
f 892/2555/1162 893/2556/1163 894/2554/950
f 878/2557/1164 893/2556/1163 892/2555/1162
f 878/2557/1164 892/2555/1162 880/2558/1165
f 858/2542/1157 859/2559/1159 891/2560/90
f 858/2542/1157 891/2560/90 890/2561/90
f 890/2561/90 891/2560/90 889/2562/38
f 890/2561/90 889/2562/38 888/2563/1166
f 888/2563/1166 889/2562/38 887/2564/40
f 888/2563/1166 887/2564/40 886/2565/40
f 886/2565/40 887/2564/40 885/2566/1161
f 886/2565/40 885/2566/1161 884/2567/41
f 884/2567/41 885/2566/1161 883/2568/94
f 884/2567/41 883/2568/94 882/2569/950
f 882/2569/950 883/2568/94 881/2570/1167
f 882/2569/950 881/2570/1167 880/2558/1165
f 881/2570/1167 879/2571/1168 880/2558/1165
f 878/2557/1164 880/2558/1165 879/2571/1168
f 878/2557/1164 879/2571/1168 877/2572/721
f 878/2557/1164 877/2572/721 876/2573/200
f 876/2573/200 877/2572/721 875/2574/922
f 876/2573/200 875/2574/922 874/2575/922
f 840/2576/1169 838/2577/1170 873/2578/1171
f 872/2579/1172 873/2578/1171 838/2577/1170
f 872/2579/1172 871/2580/1173 873/2578/1171
f 872/2579/1172 870/2581/1174 871/2580/1173
f 870/2581/1174 854/2582/1175 871/2580/1173
f 870/2581/1174 855/2583/1176 854/2582/1175
f 855/2583/1176 870/2581/1174 869/2584/57
f 855/2583/1176 869/2584/57 868/2585/83
f 868/2585/83 869/2584/57 867/2586/58
f 868/2585/83 867/2586/58 866/2587/58
f 866/2587/58 867/2586/58 865/2588/86
f 866/2587/58 865/2588/86 864/2589/86
f 864/2589/86 865/2588/86 863/2590/88
f 864/2589/86 863/2590/88 862/2591/88
f 862/2591/88 863/2590/88 860/2592/1177
f 862/2591/88 860/2592/1177 861/2541/1156
f 861/2541/1156 860/2592/1177 858/2542/1157
f 860/2592/1177 859/2559/1159 858/2542/1157
f 852/2593/1178 857/2594/50 854/2582/1175
f 845/2595/1179 856/2596/50 847/2597/1180
f 855/2583/1176 853/2598/1181 854/2582/1175
f 852/2593/1178 854/2582/1175 853/2598/1181
f 851/2599/1182 852/2593/1178 853/2598/1181
f 851/2599/1182 849/2600/1183 852/2593/1178
f 851/2599/1182 850/2601/1184 849/2600/1183
f 849/2600/1183 850/2601/1184 848/2602/1185
f 849/2600/1183 848/2602/1185 847/2597/1180
f 846/2603/1186 847/2597/1180 848/2602/1185
f 845/2595/1179 847/2597/1180 846/2603/1186
f 846/2603/1186 830/2604/1187 845/2595/1179
f 845/2595/1179 830/2604/1187 831/2605/1188
f 845/2595/1179 831/2605/1188 844/2606/1189
f 843/2607/1190 844/2606/1189 831/2605/1188
f 843/2607/1190 842/2608/1191 844/2606/1189
f 843/2607/1190 841/2609/1192 842/2608/1191
f 841/2609/1192 840/2576/1169 842/2608/1191
f 841/2609/1192 839/2610/1193 840/2576/1169
f 840/2576/1169 839/2610/1193 838/2577/1170
f 836/2611/707 837/2612/707 835/2613/65
f 836/2611/707 835/2613/65 834/2614/65
f 834/2614/65 835/2613/65 833/2615/708
f 834/2614/65 833/2615/708 832/2616/67
f 832/2616/67 833/2615/708 831/2605/1188
f 832/2616/67 831/2605/1188 830/2604/1187
f 828/2617/40 829/2618/40 827/2619/40
f 828/2617/40 827/2619/40 826/2620/40
f 825/2621/1194 818/2622/102 824/2623/100
f 824/2623/100 818/2622/102 823/2624/99
f 823/2624/99 818/2622/102 822/2625/99
f 822/2625/99 818/2622/102 821/2626/99
f 821/2626/99 818/2622/102 820/2627/102
f 820/2627/102 818/2622/102 819/2628/175
f 819/2628/175 818/2622/102 817/2629/102
f 817/2629/102 818/2622/102 815/2630/102
f 817/2629/102 815/2630/102 816/2631/1195
f 816/2631/1195 815/2630/102 814/2632/1196
f 813/2633/102 806/2634/102 812/2635/100
f 812/2635/100 806/2634/102 811/2636/99
f 811/2636/99 806/2634/102 810/2637/99
f 810/2637/99 806/2634/102 809/2638/99
f 809/2638/99 806/2634/102 808/2639/102
f 808/2639/102 806/2634/102 807/2640/175
f 807/2640/175 806/2634/102 805/2641/102
f 805/2641/102 806/2634/102 803/2642/102
f 805/2641/102 803/2642/102 804/2643/1195
f 804/2643/1195 803/2642/102 802/2644/1197
f 801/2645/86 799/2646/86 800/2647/86
f 799/2646/86 797/2648/86 800/2647/86
f 799/2646/86 798/2649/86 797/2648/86
f 773/2650/102 774/2651/102 796/2652/102
f 796/2652/102 774/2651/102 795/2653/102
f 795/2653/102 774/2651/102 794/2654/102
f 794/2654/102 774/2651/102 793/2655/102
f 793/2655/102 774/2651/102 792/2656/102
f 792/2656/102 774/2651/102 791/2657/102
f 791/2657/102 774/2651/102 790/2658/102
f 790/2658/102 774/2651/102 780/2659/102
f 790/2658/102 780/2659/102 789/2660/102
f 789/2660/102 780/2659/102 788/2661/102
f 788/2661/102 780/2659/102 787/2662/102
f 787/2662/102 780/2659/102 786/2663/102
f 786/2663/102 780/2659/102 785/2664/102
f 785/2664/102 780/2659/102 784/2665/102
f 784/2665/102 780/2659/102 783/2666/102
f 783/2666/102 780/2659/102 782/2667/102
f 782/2667/102 780/2659/102 781/2668/1194
f 781/2668/1194 780/2659/102 779/2669/175
f 778/2670/932 774/2651/102 777/2671/1198
f 777/2671/1198 774/2651/102 776/2672/102
f 776/2672/102 774/2651/102 775/2673/102
f 775/2673/102 774/2651/102 773/2650/102
f 772/2674/1199 752/2675/1200 771/2676/1201
f 752/2675/1200 769/2677/1202 771/2676/1201
f 752/2675/1200 753/2678/1203 769/2677/1202
f 770/2679/1201 769/2677/1202 753/2678/1203
f 768/2680/1204 765/2681/1204 763/2682/1205
f 767/2683/1204 764/2684/1205 766/2685/1204
f 764/2684/1205 765/2681/1204 766/2685/1204
f 764/2684/1205 763/2682/1205 765/2681/1204
f 762/2686/93 763/2682/1205 764/2684/1205
f 762/2686/93 761/2687/950 763/2682/1205
f 760/2688/45 761/2687/950 762/2686/93
f 760/2688/45 759/2689/45 761/2687/950
f 758/2690/136 759/2689/45 760/2688/45
f 758/2690/136 757/2691/136 759/2689/45
f 756/2692/652 757/2691/136 758/2690/136
f 756/2692/652 755/2693/68 757/2691/136
f 754/2694/1206 755/2693/68 756/2692/652
f 754/2694/1206 751/2695/76 755/2693/68
f 753/2678/1203 751/2695/76 754/2694/1206
f 753/2678/1203 752/2675/1200 751/2695/76
f 727/2696/3 728/2697/3 750/2698/3
f 750/2698/3 728/2697/3 749/2699/3
f 749/2699/3 728/2697/3 748/2700/3
f 748/2700/3 728/2697/3 734/2701/3
f 748/2700/3 734/2701/3 747/2702/3
f 747/2702/3 734/2701/3 746/2703/3
f 746/2703/3 734/2701/3 745/2704/3
f 745/2704/3 734/2701/3 744/2705/3
f 744/2705/3 734/2701/3 743/2706/3
f 743/2706/3 734/2701/3 742/2707/3
f 742/2707/3 734/2701/3 741/2708/3
f 741/2708/3 734/2701/3 740/2709/3
f 740/2709/3 734/2701/3 739/2710/930
f 739/2710/930 734/2701/3 738/2711/931
f 738/2711/931 734/2701/3 737/2712/3
f 737/2712/3 734/2701/3 736/2713/11
f 736/2713/11 734/2701/3 735/2714/3
f 735/2714/3 734/2701/3 733/2715/3
f 732/2716/3 728/2697/3 731/2717/250
f 731/2717/250 728/2697/3 730/2718/3
f 730/2718/3 728/2697/3 729/2719/1207
f 729/2719/1207 728/2697/3 727/2696/3
f 726/2720/672 723/2721/671 725/2722/671
f 725/2722/671 723/2721/671 724/2723/671
f 724/2723/671 723/2721/671 713/2724/671
f 713/2724/671 723/2721/671 722/2725/671
f 713/2724/671 722/2725/671 721/2726/671
f 713/2724/671 721/2726/671 720/2727/671
f 713/2724/671 720/2727/671 719/2728/671
f 713/2724/671 719/2728/671 718/2729/671
f 713/2724/671 718/2729/671 717/2730/671
f 713/2724/671 717/2730/671 716/2731/671
f 713/2724/671 716/2731/671 715/2732/671
f 713/2724/671 715/2732/671 714/2733/671
f 713/2724/671 714/2733/671 712/2734/671
f 713/2724/671 712/2734/671 711/2735/671
f 710/2736/148 703/2737/40 709/2738/1208
f 709/2738/1208 703/2737/40 708/2739/1209
f 708/2739/1209 703/2737/40 707/2740/40
f 707/2740/40 703/2737/40 706/2741/1210
f 706/2741/1210 703/2737/40 705/2742/40
f 705/2742/40 703/2737/40 704/2743/1211
f 704/2743/1211 703/2737/40 697/2744/148
f 697/2744/148 703/2737/40 702/2745/40
f 697/2744/148 702/2745/40 701/2746/148
f 697/2744/148 701/2746/148 700/2747/40
f 697/2744/148 700/2747/40 699/2748/1212
f 697/2744/148 699/2748/1212 698/2749/148
f 697/2744/148 698/2749/148 696/2750/40
f 697/2744/148 696/2750/40 695/2751/40
f 692/2752/47 693/2753/734 694/2754/49
f 692/2752/47 691/2755/200 693/2753/734
f 690/2756/96 691/2755/200 692/2752/47
f 690/2756/96 689/2757/949 691/2755/200
f 688/2758/149 689/2757/949 690/2756/96
f 688/2758/149 687/2759/43 689/2757/949
f 686/2760/93 687/2759/43 688/2758/149
f 686/2760/93 685/2761/1213 687/2759/43
f 684/2762/92 685/2761/1213 686/2760/93
f 684/2762/92 683/2763/41 685/2761/1213
f 680/2764/40 683/2763/41 684/2762/92
f 680/2764/40 679/2765/40 683/2763/41
f 682/2766/1214 674/2767/1215 676/2768/1216
f 681/2769/1217 675/2770/1216 673/2771/1218
f 678/2772/1166 679/2765/40 680/2764/40
f 678/2772/1166 677/2773/39 679/2765/40
f 676/2768/1216 677/2773/39 678/2772/1166
f 676/2768/1216 675/2770/1216 677/2773/39
f 674/2767/1215 675/2770/1216 676/2768/1216
f 674/2767/1215 673/2771/1218 675/2770/1216
f 673/2771/1218 674/2767/1215 672/2774/90
f 673/2771/1218 672/2774/90 671/2775/90
f 671/2775/90 672/2774/90 670/2776/63
f 671/2775/90 670/2776/63 669/2777/63
f 669/2777/63 670/2776/63 668/2778/86
f 669/2777/63 668/2778/86 667/2779/86
f 667/2779/86 668/2778/86 666/2780/84
f 667/2779/86 666/2780/84 665/2781/84
f 665/2781/84 666/2780/84 664/2782/193
f 665/2781/84 664/2782/193 663/2783/1219
f 663/2783/1219 664/2782/193 660/2784/1220
f 663/2783/1219 660/2784/1220 659/2785/1220
f 662/2786/1221 659/2785/1220 657/2787/1222
f 661/2788/1223 658/2789/1222 660/2784/1220
f 659/2785/1220 660/2784/1220 658/2789/1222
f 659/2785/1220 658/2789/1222 657/2787/1222
f 656/2790/195 657/2787/1222 658/2789/1222
f 656/2790/195 655/2791/79 657/2787/1222
f 654/2792/50 655/2791/79 656/2790/195
f 654/2792/50 653/2793/50 655/2791/79
f 652/2794/71 653/2793/50 654/2792/50
f 652/2794/71 651/2795/196 653/2793/50
f 650/2796/77 651/2795/196 652/2794/71
f 650/2796/77 649/2797/1224 651/2795/196
f 648/2798/69 649/2797/1224 650/2796/77
f 648/2798/69 647/2799/69 649/2797/1224
f 646/2800/1225 647/2799/69 648/2798/69
f 646/2800/1225 645/2801/652 647/2799/69
f 644/2802/742 645/2801/652 646/2800/1225
f 644/2802/742 641/2803/742 645/2801/652
f 643/2804/64 641/2803/742 644/2802/742
f 643/2804/64 642/2805/1226 641/2803/742
f 640/2806/2 639/2807/2 637/2808/3
f 639/2807/2 638/2809/3 637/2808/3
f 638/2809/3 636/2810/10 637/2808/3
f 636/2810/10 632/2811/3 637/2808/3
f 635/2812/3 632/2811/3 636/2810/10
f 634/2813/3 632/2811/3 635/2812/3
f 634/2813/3 633/2814/3 632/2811/3
f 608/2815/11 609/2816/3 631/2817/3
f 631/2817/3 609/2816/3 629/2818/14
f 629/2818/14 609/2816/3 630/2819/14
f 629/2818/14 630/2819/14 622/2820/3
f 629/2818/14 622/2820/3 628/2821/3
f 628/2821/3 622/2820/3 627/2822/3
f 627/2822/3 622/2820/3 626/2823/3
f 626/2823/3 622/2820/3 625/2824/3
f 625/2824/3 622/2820/3 624/2825/3
f 624/2825/3 622/2820/3 623/2826/3
f 623/2826/3 622/2820/3 621/2827/3
f 621/2827/3 622/2820/3 615/2828/12
f 621/2827/3 615/2828/12 620/2829/3
f 620/2829/3 615/2828/12 619/2830/11
f 619/2830/11 615/2828/12 618/2831/3
f 618/2831/3 615/2828/12 617/2832/3
f 617/2832/3 615/2828/12 616/2833/1227
f 616/2833/1227 615/2828/12 614/2834/1228
f 613/2835/3 609/2816/3 612/2836/3
f 612/2836/3 609/2816/3 611/2837/3
f 611/2837/3 609/2816/3 610/2838/3
f 610/2838/3 609/2816/3 608/2815/11
f 607/2839/1153 602/2840/3 606/2841/3
f 606/2841/3 602/2840/3 605/2842/3
f 605/2842/3 602/2840/3 604/2843/3
f 604/2843/3 602/2840/3 603/2844/3
f 603/2844/3 602/2840/3 601/2845/3
f 601/2845/3 602/2840/3 597/2846/3
f 601/2845/3 597/2846/3 600/2847/3
f 600/2847/3 597/2846/3 599/2848/3
f 599/2848/3 597/2846/3 598/2849/11
f 598/2849/11 597/2846/3 596/2850/12
f 568/2851/102 569/2852/102 595/2853/102
f 595/2853/102 569/2852/102 594/2854/102
f 594/2854/102 569/2852/102 593/2855/102
f 593/2855/102 569/2852/102 591/2856/102
f 593/2855/102 591/2856/102 592/2857/102
f 592/2857/102 591/2856/102 589/2858/102
f 589/2858/102 591/2856/102 590/2859/102
f 589/2858/102 590/2859/102 587/2860/102
f 589/2858/102 587/2860/102 588/2861/102
f 587/2860/102 586/2862/102 588/2861/102
f 587/2860/102 585/2863/102 586/2862/102
f 585/2863/102 579/2864/102 586/2862/102
f 584/2865/102 579/2864/102 585/2863/102
f 583/2866/102 579/2864/102 584/2865/102
f 582/2867/102 579/2864/102 583/2866/102
f 581/2868/102 579/2864/102 582/2867/102
f 578/2869/102 579/2864/102 581/2868/102
f 580/2870/102 579/2864/102 578/2869/102
f 577/2871/342 569/2852/102 576/2872/102
f 576/2872/102 569/2852/102 575/2873/102
f 575/2873/102 569/2852/102 574/2874/342
f 574/2874/342 569/2852/102 573/2875/102
f 573/2875/102 569/2852/102 572/2876/102
f 572/2876/102 569/2852/102 571/2877/102
f 571/2877/102 569/2852/102 570/2878/102
f 570/2878/102 569/2852/102 568/2851/102
f 527/2879/2 550/2880/3 523/2881/3
f 550/2880/3 567/2882/3 523/2881/3
f 550/2880/3 566/2883/3 567/2882/3
f 566/2883/3 564/2884/3 567/2882/3
f 565/2885/3 564/2884/3 566/2883/3
f 563/2886/3 564/2884/3 565/2885/3
f 563/2886/3 552/2887/3 564/2884/3
f 562/2888/3 552/2887/3 563/2886/3
f 561/2889/3 552/2887/3 562/2888/3
f 560/2890/3 552/2887/3 561/2889/3
f 559/2891/3 552/2887/3 560/2890/3
f 558/2892/3 552/2887/3 559/2891/3
f 557/2893/3 552/2887/3 558/2892/3
f 556/2894/3 552/2887/3 557/2893/3
f 555/2895/3 552/2887/3 556/2894/3
f 554/2896/3 552/2887/3 555/2895/3
f 551/2897/3 552/2887/3 554/2896/3
f 553/2898/250 552/2887/3 551/2897/3
f 548/2899/10 546/2900/1 550/2880/3
f 549/2901/11 548/2899/10 550/2880/3
f 527/2879/2 549/2901/11 550/2880/3
f 527/2879/2 543/2902/8 549/2901/11
f 543/2902/8 548/2899/10 549/2901/11
f 543/2902/8 547/2903/3 548/2899/10
f 547/2903/3 546/2900/1 548/2899/10
f 547/2903/3 545/2904/1 546/2900/1
f 546/2900/1 545/2904/1 542/2905/1
f 542/2905/1 545/2904/1 541/2906/1
f 528/2907/1 544/2908/3 527/2879/2
f 527/2879/2 544/2908/3 543/2902/8
f 542/2905/1 541/2906/1 540/2909/2
f 540/2909/2 541/2906/1 539/2910/2
f 540/2909/2 539/2910/2 538/2911/2
f 538/2911/2 539/2910/2 537/2912/3
f 538/2911/2 537/2912/3 536/2913/3
f 536/2913/3 537/2912/3 535/2914/11
f 536/2913/3 535/2914/11 534/2915/11
f 534/2915/11 535/2914/11 533/2916/209
f 534/2915/11 533/2916/209 532/2917/209
f 532/2917/209 533/2916/209 530/2918/250
f 532/2917/209 530/2918/250 531/2919/250
f 530/2918/250 526/2920/10 531/2919/250
f 530/2918/250 529/2921/3 526/2920/10
f 526/2920/10 529/2921/3 525/2922/1
f 525/2922/1 529/2921/3 528/2907/1
f 525/2922/1 528/2907/1 524/2923/1
f 528/2907/1 527/2879/2 524/2923/1
f 524/2923/1 527/2879/2 523/2881/3
f 526/2920/10 525/2922/1 523/2881/3
f 525/2922/1 524/2923/1 523/2881/3
f 521/2924/1229 522/2925/102 520/2926/102
f 522/2925/102 515/2927/1230 516/2928/102
f 522/2925/102 521/2924/1229 515/2927/1230
f 514/2929/1231 515/2927/1230 521/2924/1229
f 514/2929/1231 521/2924/1229 513/2930/1232
f 513/2930/1232 521/2924/1229 512/2931/1233
f 521/2924/1229 520/2926/102 512/2931/1233
f 512/2931/1233 520/2926/102 511/2932/102
f 491/2933/1234 492/2934/102 519/2935/102
f 491/2933/1234 519/2935/102 505/2936/1235
f 518/2937/102 505/2936/1235 519/2935/102
f 518/2937/102 507/2938/1236 505/2936/1235
f 517/2939/102 507/2938/1236 518/2937/102
f 517/2939/102 509/2940/1237 507/2938/1236
f 516/2928/102 509/2940/1237 517/2939/102
f 516/2928/102 515/2927/1230 509/2940/1237
f 510/2941/1238 509/2940/1237 515/2927/1230
f 510/2941/1238 515/2927/1230 514/2929/1231
f 514/2929/1231 454/2942/1239 510/2941/1238
f 513/2930/1232 454/2942/1239 514/2929/1231
f 453/2943/1240 454/2942/1239 513/2930/1232
f 513/2930/1232 512/2931/1233 453/2943/1240
f 453/2943/1240 512/2931/1233 452/2944/1241
f 512/2931/1233 511/2932/102 452/2944/1241
f 511/2932/102 456/2945/1242 452/2944/1241
f 511/2932/102 487/2946/102 456/2945/1242
f 504/2947/1243 454/2942/1239 503/2948/1244
f 506/2949/1245 454/2942/1239 504/2947/1243
f 508/2950/1246 454/2942/1239 506/2949/1245
f 510/2941/1238 454/2942/1239 508/2950/1246
f 508/2950/1246 509/2940/1237 510/2941/1238
f 508/2950/1246 507/2938/1236 509/2940/1237
f 506/2949/1245 507/2938/1236 508/2950/1246
f 506/2949/1245 505/2936/1235 507/2938/1236
f 504/2947/1243 505/2936/1235 506/2949/1245
f 504/2947/1243 491/2933/1234 505/2936/1235
f 503/2948/1244 491/2933/1234 504/2947/1243
f 503/2948/1244 493/2951/1247 491/2933/1234
f 454/2942/1239 493/2951/1247 503/2948/1244
f 454/2942/1239 495/2952/1248 493/2951/1247
f 464/2953/1249 495/2952/1248 454/2942/1239
f 464/2953/1249 497/2954/1250 495/2952/1248
f 463/2955/1251 497/2954/1250 464/2953/1249
f 463/2955/1251 476/2956/1252 497/2954/1250
f 462/2957/1253 476/2956/1252 463/2955/1251
f 465/2958/1254 477/2959/102 502/2960/102
f 465/2958/1254 502/2960/102 473/2961/1255
f 473/2961/1255 502/2960/102 501/2962/102
f 473/2961/1255 501/2962/102 474/2963/1256
f 474/2963/1256 501/2962/102 500/2964/102
f 474/2963/1256 500/2964/102 475/2965/1257
f 475/2965/1257 500/2964/102 499/2966/102
f 475/2965/1257 499/2966/102 476/2956/1252
f 476/2956/1252 499/2966/102 498/2967/102
f 476/2956/1252 498/2967/102 497/2954/1250
f 497/2954/1250 498/2967/102 496/2968/102
f 497/2954/1250 496/2968/102 495/2952/1248
f 495/2952/1248 496/2968/102 494/2969/102
f 495/2952/1248 494/2969/102 493/2951/1247
f 493/2951/1247 494/2969/102 492/2934/102
f 493/2951/1247 492/2934/102 491/2933/1234
f 489/2970/1258 490/2971/102 488/2972/101
f 485/2973/102 490/2971/102 489/2970/1258
f 485/2973/102 489/2970/1258 484/2974/1259
f 484/2974/1259 482/2975/1260 483/2976/1261
f 484/2974/1259 489/2970/1258 482/2975/1260
f 482/2975/1260 489/2970/1258 481/2977/1262
f 489/2970/1258 488/2972/101 481/2977/1262
f 481/2977/1262 488/2972/101 480/2978/102
f 456/2945/1242 487/2946/102 486/2979/102
f 456/2945/1242 486/2979/102 457/2980/1263
f 485/2973/102 457/2980/1263 486/2979/102
f 485/2973/102 484/2974/1259 457/2980/1263
f 458/2981/1264 457/2980/1263 484/2974/1259
f 458/2981/1264 484/2974/1259 483/2976/1261
f 483/2976/1261 454/2942/1239 458/2981/1264
f 482/2975/1260 454/2942/1239 483/2976/1261
f 472/2982/1265 454/2942/1239 482/2975/1260
f 482/2975/1260 481/2977/1262 472/2982/1265
f 472/2982/1265 481/2977/1262 470/2983/1266
f 481/2977/1262 480/2978/102 470/2983/1266
f 480/2978/102 469/2984/1267 470/2983/1266
f 480/2978/102 479/2985/98 469/2984/1267
f 478/2986/98 469/2984/1267 479/2985/98
f 478/2986/98 466/2987/1268 469/2984/1267
f 466/2987/1268 478/2986/98 477/2959/102
f 466/2987/1268 477/2959/102 465/2958/1254
f 462/2957/1253 475/2965/1257 476/2956/1252
f 461/2988/1269 475/2965/1257 462/2957/1253
f 461/2988/1269 474/2963/1256 475/2965/1257
f 460/2989/1270 474/2963/1256 461/2988/1269
f 460/2989/1270 473/2961/1255 474/2963/1256
f 459/2990/1271 473/2961/1255 460/2989/1270
f 459/2990/1271 465/2958/1254 473/2961/1255
f 467/2991/1272 465/2958/1254 459/2990/1271
f 459/2990/1271 454/2942/1239 467/2991/1272
f 467/2991/1272 454/2942/1239 468/2992/1273
f 468/2992/1273 454/2942/1239 471/2993/1274
f 471/2993/1274 454/2942/1239 472/2982/1265
f 472/2982/1265 470/2983/1266 471/2993/1274
f 470/2983/1266 468/2992/1273 471/2993/1274
f 470/2983/1266 469/2984/1267 468/2992/1273
f 468/2992/1273 469/2984/1267 466/2987/1268
f 468/2992/1273 466/2987/1268 467/2991/1272
f 467/2991/1272 466/2987/1268 465/2958/1254
f 464/2953/1249 454/2942/1239 463/2955/1251
f 463/2955/1251 454/2942/1239 462/2957/1253
f 462/2957/1253 454/2942/1239 461/2988/1269
f 461/2988/1269 454/2942/1239 460/2989/1270
f 460/2989/1270 454/2942/1239 459/2990/1271
f 458/2981/1264 454/2942/1239 455/2994/1275
f 455/2994/1275 457/2980/1263 458/2981/1264
f 455/2994/1275 456/2945/1242 457/2980/1263
f 452/2944/1241 456/2945/1242 455/2994/1275
f 452/2944/1241 455/2994/1275 451/2995/1276
f 455/2994/1275 454/2942/1239 451/2995/1276
f 451/2995/1276 454/2942/1239 453/2943/1240
f 453/2943/1240 452/2944/1241 451/2995/1276
f 429/2996/96 450/2997/73 428/2998/1277
f 429/2996/96 444/2999/65 450/2997/73
f 445/3000/1278 443/3001/96 431/3002/140
f 445/3000/1278 431/3002/140 449/3003/1279
f 432/3004/1280 449/3003/1279 431/3002/140
f 439/3005/1281 449/3003/1279 432/3004/1280
f 445/3000/1278 449/3003/1279 439/3005/1281
f 445/3000/1278 439/3005/1281 448/3006/1282
f 447/3007/1283 445/3000/1278 448/3006/1282
f 447/3007/1283 446/3008/1284 445/3000/1278
f 445/3000/1278 446/3008/1284 444/2999/65
f 445/3000/1278 444/2999/65 443/3001/96
f 429/2996/96 443/3001/96 444/2999/65
f 429/2996/96 431/3002/140 443/3001/96
f 429/2996/96 430/3009/41 431/3002/140
f 436/3010/1285 437/3011/1286 442/3012/1287
f 437/3011/1286 441/3013/1288 442/3012/1287
f 437/3011/1286 440/3014/1289 441/3013/1288
f 437/3011/1286 412/3015/73 440/3014/1289
f 437/3011/1286 411/3016/70 412/3015/73
f 439/3005/1281 432/3004/1280 438/3017/1290
f 432/3004/1280 434/3018/1291 438/3017/1290
f 432/3004/1280 433/3019/1292 434/3018/1291
f 408/3020/1293 411/3016/70 407/3021/1294
f 437/3011/1286 407/3021/1294 411/3016/70
f 437/3011/1286 409/3022/946 407/3021/1294
f 436/3010/1285 409/3022/946 437/3011/1286
f 410/3023/1295 409/3022/946 436/3010/1285
f 410/3023/1295 436/3010/1285 435/3024/1296
f 434/3018/1291 410/3023/1295 435/3024/1296
f 434/3018/1291 433/3019/1292 410/3023/1295
f 410/3023/1295 433/3019/1292 419/3025/203
f 432/3004/1280 419/3025/203 433/3019/1292
f 432/3004/1280 425/3026/90 419/3025/203
f 432/3004/1280 431/3002/140 425/3026/90
f 422/3027/1297 425/3026/90 431/3002/140
f 422/3027/1297 431/3002/140 430/3009/41
f 422/3027/1297 430/3009/41 424/3028/1298
f 424/3028/1298 430/3009/41 429/2996/96
f 424/3028/1298 429/2996/96 427/3029/1299
f 429/2996/96 428/2998/1277 427/3029/1299
f 416/3030/1300 417/3031/1301 426/3032/1302
f 417/3031/1301 421/3033/1303 426/3032/1302
f 422/3027/1297 420/3034/993 419/3025/203
f 422/3027/1297 419/3025/203 425/3026/90
f 422/3027/1297 424/3028/1298 423/3035/1304
f 421/3033/1303 422/3027/1297 423/3035/1304
f 421/3033/1303 420/3034/993 422/3027/1297
f 417/3031/1301 420/3034/993 421/3033/1303
f 417/3031/1301 419/3025/203 420/3034/993
f 417/3031/1301 418/3036/57 419/3025/203
f 410/3023/1295 419/3025/203 418/3036/57
f 410/3023/1295 418/3036/57 407/3021/1294
f 417/3031/1301 407/3021/1294 418/3036/57
f 417/3031/1301 406/3037/268 407/3021/1294
f 416/3030/1300 406/3037/268 417/3031/1301
f 408/3020/1293 406/3037/268 416/3030/1300
f 408/3020/1293 416/3030/1300 415/3038/1305
f 414/3039/1306 408/3020/1293 415/3038/1305
f 414/3039/1306 413/3040/1307 408/3020/1293
f 408/3020/1293 413/3040/1307 412/3015/73
f 408/3020/1293 412/3015/73 411/3016/70
f 410/3023/1295 407/3021/1294 409/3022/946
f 408/3020/1293 407/3021/1294 406/3037/268
f 396/3041/136 398/3042/136 394/3043/136
f 394/3043/136 398/3042/136 392/3044/136
f 392/3044/136 398/3042/136 390/3045/136
f 390/3045/136 398/3042/136 400/3046/136
f 390/3045/136 400/3046/136 404/3047/136
f 390/3045/136 404/3047/136 389/3048/136
f 404/3047/136 405/3049/136 389/3048/136
f 404/3047/136 403/3050/136 405/3049/136
f 400/3046/136 403/3050/136 404/3047/136
f 400/3046/136 402/3051/136 403/3050/136
f 401/3052/136 402/3051/136 400/3046/136
f 401/3052/136 400/3046/136 399/3053/136
f 399/3053/136 400/3046/136 398/3042/136
f 399/3053/136 398/3042/136 397/3054/136
f 397/3054/136 398/3042/136 396/3041/136
f 397/3054/136 396/3041/136 395/3055/136
f 395/3055/136 396/3041/136 394/3043/136
f 395/3055/136 394/3043/136 393/3056/131
f 393/3056/131 394/3043/136 392/3044/136
f 393/3056/131 392/3044/136 391/3057/136
f 391/3057/136 392/3044/136 390/3045/136
f 391/3057/136 390/3045/136 388/3058/136
f 390/3045/136 389/3048/136 388/3058/136
f 380/3059/1308 387/3060/1309 379/3061/102
f 387/3060/1309 386/3062/1310 379/3061/102
f 386/3062/1310 385/3063/1311 379/3061/102
f 385/3063/1311 384/3064/1312 379/3061/102
f 384/3064/1312 383/3065/1313 379/3061/102
f 383/3065/1313 382/3066/1314 379/3061/102
f 382/3066/1314 381/3067/1315 379/3061/102
f 381/3067/1315 380/3059/1308 379/3061/102
f 328/3068/102 378/3069/102 327/3070/175
f 328/3068/102 377/3071/175 378/3069/102
f 377/3071/175 375/3072/102 378/3069/102
f 377/3071/175 376/3073/102 375/3072/102
f 375/3072/102 376/3073/102 374/3074/1025
f 375/3072/102 374/3074/1025 373/3075/103
f 373/3075/103 374/3074/1025 372/3076/103
f 373/3075/103 372/3076/103 370/3077/103
f 370/3077/103 372/3076/103 371/3078/1316
f 370/3077/103 371/3078/1316 369/3079/103
f 368/3080/1316 370/3077/103 369/3079/103
f 368/3080/1316 369/3079/103 367/3081/103
f 368/3080/1316 367/3081/103 366/3082/1316
f 366/3082/1316 367/3081/103 365/3083/1316
f 366/3082/1316 365/3083/1316 364/3084/103
f 364/3084/103 365/3083/1316 363/3085/1316
f 364/3084/103 363/3085/1316 362/3086/1316
f 361/3087/152 362/3086/1316 363/3085/1316
f 361/3087/152 360/3088/152 362/3086/1316
f 359/3089/151 360/3088/152 361/3087/152
f 359/3089/151 358/3090/152 360/3088/152
f 356/3091/151 358/3090/152 359/3089/151
f 356/3091/151 357/3092/151 358/3090/152
f 357/3092/151 356/3091/151 354/3093/1025
f 354/3093/1025 356/3091/151 355/3094/1317
f 354/3093/1025 355/3094/1317 353/3095/102
f 352/3096/102 354/3093/1025 353/3095/102
f 352/3096/102 353/3095/102 351/3097/103
f 349/3098/102 352/3096/102 351/3097/103
f 349/3098/102 351/3097/103 350/3099/102
f 348/3100/102 349/3098/102 350/3099/102
f 348/3100/102 347/3101/103 349/3098/102
f 346/3102/1316 347/3101/103 348/3100/102
f 346/3102/1316 344/3103/334 347/3101/103
f 345/3104/334 344/3103/334 346/3102/1316
f 345/3104/334 343/3105/98 344/3103/334
f 342/3106/101 344/3103/334 343/3105/98
f 341/3107/98 342/3106/101 343/3105/98
f 341/3107/98 340/3108/98 342/3106/101
f 339/3109/98 340/3108/98 341/3107/98
f 339/3109/98 338/3110/98 340/3108/98
f 337/3111/175 338/3110/98 339/3109/98
f 337/3111/175 336/3112/175 338/3110/98
f 336/3112/175 337/3111/175 335/3113/769
f 336/3112/175 335/3113/769 334/3114/769
f 334/3114/769 335/3113/769 333/3115/1318
f 334/3114/769 333/3115/1318 332/3116/1318
f 332/3116/1318 333/3115/1318 330/3117/100
f 332/3116/1318 330/3117/100 331/3118/1319
f 331/3118/1319 330/3117/100 327/3070/175
f 329/3119/175 327/3070/175 330/3117/100
f 329/3119/175 328/3068/102 327/3070/175
f 317/3120/86 311/3121/86 309/3122/86
f 326/3123/86 311/3121/86 317/3120/86
f 326/3123/86 310/3124/86 311/3121/86
f 325/3125/86 310/3124/86 326/3123/86
f 325/3125/86 314/3126/86 310/3124/86
f 324/3127/86 314/3126/86 325/3125/86
f 324/3127/86 323/3128/86 314/3126/86
f 314/3126/86 323/3128/86 322/3129/86
f 314/3126/86 322/3129/86 315/3130/86
f 315/3130/86 322/3129/86 321/3131/86
f 315/3130/86 321/3131/86 320/3132/86
f 313/3133/86 315/3130/86 320/3132/86
f 313/3133/86 320/3132/86 319/3134/86
f 318/3135/86 313/3133/86 319/3134/86
f 318/3135/86 312/3136/86 313/3133/86
f 316/3137/86 312/3136/86 318/3135/86
f 316/3137/86 309/3122/86 312/3136/86
f 317/3120/86 309/3122/86 316/3137/86
f 313/3133/86 314/3126/86 315/3130/86
f 313/3133/86 310/3124/86 314/3126/86
f 312/3136/86 310/3124/86 313/3133/86
f 309/3122/86 310/3124/86 312/3136/86
f 311/3121/86 310/3124/86 309/3122/86
f 254/3138/1320 260/3139/1321 308/3140/1322
f 308/3140/1322 260/3139/1321 297/3141/1323
f 308/3140/1322 297/3141/1323 307/3142/1324
f 307/3142/1324 297/3141/1323 296/3143/1325
f 307/3142/1324 296/3143/1325 306/3144/1326
f 305/3145/1327 306/3144/1326 296/3143/1325
f 305/3145/1327 296/3143/1325 304/3146/1328
f 304/3146/1328 296/3143/1325 295/3147/1329
f 304/3146/1328 295/3147/1329 303/3148/1330
f 293/3149/1331 303/3148/1330 295/3147/1329
f 293/3149/1331 302/3150/102 303/3148/1330
f 293/3149/1331 301/3151/1332 302/3150/102
f 293/3149/1331 292/3152/1333 301/3151/1332
f 292/3152/1333 300/3153/1334 301/3151/1332
f 292/3152/1333 291/3154/1335 300/3153/1334
f 299/3155/1336 300/3153/1334 291/3154/1335
f 299/3155/1336 291/3154/1335 298/3156/1337
f 290/3157/1338 298/3156/1337 291/3154/1335
f 260/3139/1321 294/3158/1339 297/3141/1323
f 297/3141/1323 294/3158/1339 295/3147/1329
f 297/3141/1323 295/3147/1329 296/3143/1325
f 293/3149/1331 295/3147/1329 294/3158/1339
f 276/3159/1340 262/3160/1341 263/3161/1342
f 276/3159/1340 283/3162/1343 262/3160/1341
f 261/3163/1344 262/3160/1341 283/3162/1343
f 261/3163/1344 283/3162/1343 282/3164/1345
f 261/3163/1344 282/3164/1345 260/3139/1321
f 260/3139/1321 282/3164/1345 294/3158/1339
f 281/3165/1346 294/3158/1339 282/3164/1345
f 293/3149/1331 294/3158/1339 281/3165/1346
f 286/3166/1347 293/3149/1331 281/3165/1346
f 286/3166/1347 292/3152/1333 293/3149/1331
f 292/3152/1333 286/3166/1347 287/3167/1348
f 292/3152/1333 287/3167/1348 291/3154/1335
f 290/3157/1338 291/3154/1335 287/3167/1348
f 289/3168/1349 290/3157/1338 287/3167/1348
f 289/3168/1349 287/3167/1348 285/3169/1350
f 288/3170/1351 289/3168/1349 285/3169/1350
f 288/3170/1351 285/3169/1350 275/3171/1352
f 274/3172/1353 288/3170/1351 275/3171/1352
f 286/3166/1347 285/3169/1350 287/3167/1348
f 279/3173/1354 286/3166/1347 281/3165/1346
f 286/3166/1347 279/3173/1354 285/3169/1350
f 279/3173/1354 275/3171/1352 285/3169/1350
f 278/3174/1355 280/3175/1356 284/3176/1357
f 276/3159/1340 277/3177/1358 278/3174/1355
f 276/3159/1340 278/3174/1355 284/3176/1357
f 276/3159/1340 284/3176/1357 283/3162/1343
f 280/3175/1356 283/3162/1343 284/3176/1357
f 280/3175/1356 282/3164/1345 283/3162/1343
f 281/3165/1346 282/3164/1345 280/3175/1356
f 279/3173/1354 281/3165/1346 280/3175/1356
f 278/3174/1355 279/3173/1354 280/3175/1356
f 279/3173/1354 278/3174/1355 275/3171/1352
f 277/3177/1358 275/3171/1352 278/3174/1355
f 277/3177/1358 273/3178/1359 275/3171/1352
f 277/3177/1358 270/3179/1360 273/3178/1359
f 277/3177/1358 268/3180/1361 270/3179/1360
f 268/3180/1361 277/3177/1358 276/3159/1340
f 268/3180/1361 276/3159/1340 265/3181/1362
f 276/3159/1340 263/3161/1342 265/3181/1362
f 274/3172/1353 275/3171/1352 273/3178/1359
f 272/3182/1363 274/3172/1353 273/3178/1359
f 272/3182/1363 273/3178/1359 270/3179/1360
f 271/3183/1364 272/3182/1363 270/3179/1360
f 271/3183/1364 270/3179/1360 269/3184/1365
f 269/3184/1365 270/3179/1360 268/3180/1361
f 269/3184/1365 268/3180/1361 267/3185/1366
f 267/3185/1366 268/3180/1361 265/3181/1362
f 267/3185/1366 265/3181/1362 266/3186/1367
f 265/3181/1362 264/3187/1368 266/3186/1367
f 265/3181/1362 263/3161/1342 264/3187/1368
f 263/3161/1342 259/3188/1369 264/3187/1368
f 263/3161/1342 257/3189/1370 259/3188/1369
f 257/3189/1370 263/3161/1342 262/3160/1341
f 257/3189/1370 262/3160/1341 255/3190/1371
f 261/3163/1344 255/3190/1371 262/3160/1341
f 255/3190/1371 261/3163/1344 254/3138/1320
f 254/3138/1320 261/3163/1344 260/3139/1321
f 258/3191/1372 259/3188/1369 257/3189/1370
f 258/3191/1372 257/3189/1370 256/3192/1373
f 256/3192/1373 257/3189/1370 255/3190/1371
f 256/3192/1373 255/3190/1371 253/3193/1374
f 255/3190/1371 254/3138/1320 253/3193/1374
f 252/3194/40 251/3195/40 250/3196/40
f 246/3197/1375 249/3198/1376 247/3199/1377
f 231/3200/1378 247/3199/1377 249/3198/1376
f 231/3200/1378 248/3201/1379 247/3199/1377
f 231/3200/1378 229/3202/1380 248/3201/1379
f 248/3201/1379 229/3202/1380 233/3203/1381
f 248/3201/1379 233/3203/1381 228/3204/1382
f 248/3201/1379 228/3204/1382 227/3205/1383
f 248/3201/1379 227/3205/1383 247/3199/1377
f 226/3206/1384 247/3199/1377 227/3205/1383
f 246/3197/1375 247/3199/1377 226/3206/1384
f 246/3197/1375 226/3206/1384 225/3207/1385
f 246/3197/1375 225/3207/1385 245/3208/1386
f 241/3209/1387 245/3208/1386 225/3207/1385
f 235/3210/1388 244/3211/1389 236/3212/1390
f 235/3210/1388 243/3213/1391 244/3211/1389
f 235/3210/1388 234/3214/1392 243/3213/1391
f 234/3214/1392 232/3215/1393 243/3213/1391
f 239/3216/1394 238/3217/1395 242/3218/1396
f 239/3216/1394 242/3218/1396 240/3219/1397
f 241/3209/1387 225/3207/1385 224/3220/1398
f 241/3209/1387 224/3220/1398 240/3219/1397
f 224/3220/1398 223/3221/661 240/3219/1397
f 223/3221/661 239/3216/1394 240/3219/1397
f 223/3221/661 221/3222/1399 239/3216/1394
f 239/3216/1394 221/3222/1399 238/3217/1395
f 218/3223/1400 238/3217/1395 221/3222/1399
f 218/3223/1400 237/3224/1401 238/3217/1395
f 218/3223/1400 236/3212/1390 237/3224/1401
f 218/3223/1400 219/3225/1402 236/3212/1390
f 235/3210/1388 236/3212/1390 219/3225/1402
f 228/3204/1382 235/3210/1388 219/3225/1402
f 228/3204/1382 234/3214/1392 235/3210/1388
f 228/3204/1382 233/3203/1381 234/3214/1392
f 233/3203/1381 232/3215/1393 234/3214/1392
f 229/3202/1380 232/3215/1393 233/3203/1381
f 230/3226/1403 232/3215/1393 229/3202/1380
f 231/3200/1378 230/3226/1403 229/3202/1380
f 228/3204/1382 219/3225/1402 227/3205/1383
f 220/3227/727 227/3205/1383 219/3225/1402
f 226/3206/1384 227/3205/1383 220/3227/727
f 226/3206/1384 220/3227/727 222/3228/1404
f 226/3206/1384 222/3228/1404 225/3207/1385
f 224/3220/1398 225/3207/1385 222/3228/1404
f 224/3220/1398 222/3228/1404 223/3221/661
f 223/3221/661 222/3228/1404 221/3222/1399
f 220/3227/727 221/3222/1399 222/3228/1404
f 220/3227/727 218/3223/1400 221/3222/1399
f 220/3227/727 219/3225/1402 218/3223/1400
f 217/3229/40 216/3230/40 215/3231/40
f 211/3232/1405 214/3233/1406 212/3234/1407
f 196/3235/1408 212/3234/1407 214/3233/1406
f 196/3235/1408 213/3236/1409 212/3234/1407
f 196/3235/1408 194/3237/1410 213/3236/1409
f 213/3236/1409 194/3237/1410 198/3238/1411
f 213/3236/1409 198/3238/1411 193/3239/1412
f 213/3236/1409 193/3239/1412 192/3240/1413
f 213/3236/1409 192/3240/1413 212/3234/1407
f 191/3241/1414 212/3234/1407 192/3240/1413
f 211/3232/1405 212/3234/1407 191/3241/1414
f 211/3232/1405 191/3241/1414 190/3242/1415
f 211/3232/1405 190/3242/1415 210/3243/1416
f 206/3244/1417 210/3243/1416 190/3242/1415
f 200/3245/1418 209/3246/1419 201/3247/1420
f 200/3245/1418 208/3248/1421 209/3246/1419
f 200/3245/1418 199/3249/1422 208/3248/1421
f 199/3249/1422 197/3250/1423 208/3248/1421
f 204/3251/1424 203/3252/1425 207/3253/1426
f 204/3251/1424 207/3253/1426 205/3254/1427
f 206/3244/1417 190/3242/1415 189/3255/1428
f 206/3244/1417 189/3255/1428 205/3254/1427
f 189/3255/1428 188/3256/1429 205/3254/1427
f 188/3256/1429 204/3251/1424 205/3254/1427
f 188/3256/1429 186/3257/1430 204/3251/1424
f 204/3251/1424 186/3257/1430 203/3252/1425
f 183/3258/1431 203/3252/1425 186/3257/1430
f 183/3258/1431 202/3259/1432 203/3252/1425
f 183/3258/1431 201/3247/1420 202/3259/1432
f 183/3258/1431 184/3260/1433 201/3247/1420
f 200/3245/1418 201/3247/1420 184/3260/1433
f 193/3239/1412 200/3245/1418 184/3260/1433
f 193/3239/1412 199/3249/1422 200/3245/1418
f 193/3239/1412 198/3238/1411 199/3249/1422
f 198/3238/1411 197/3250/1423 199/3249/1422
f 194/3237/1410 197/3250/1423 198/3238/1411
f 195/3261/1434 197/3250/1423 194/3237/1410
f 196/3235/1408 195/3261/1434 194/3237/1410
f 193/3239/1412 184/3260/1433 192/3240/1413
f 185/3262/1435 192/3240/1413 184/3260/1433
f 191/3241/1414 192/3240/1413 185/3262/1435
f 191/3241/1414 185/3262/1435 187/3263/1436
f 191/3241/1414 187/3263/1436 190/3242/1415
f 189/3255/1428 190/3242/1415 187/3263/1436
f 189/3255/1428 187/3263/1436 188/3256/1429
f 188/3256/1429 187/3263/1436 186/3257/1430
f 185/3262/1435 186/3257/1430 187/3263/1436
f 185/3262/1435 183/3258/1431 186/3257/1430
f 185/3262/1435 184/3260/1433 183/3258/1431
f 182/3264/3 181/3265/3 180/3266/3
f 178/3267/136 179/3268/136 177/3269/136
f 178/3267/136 177/3269/136 176/3270/136
f 174/3271/102 175/3272/102 173/3273/102
f 174/3271/102 173/3273/102 172/3274/102
f 172/3274/102 173/3273/102 171/3275/102
f 172/3274/102 171/3275/102 170/3276/102
f 169/3277/175 170/3276/102 171/3275/102
f 169/3277/175 168/3278/175 170/3276/102
f 167/3279/175 168/3278/175 169/3277/175
f 167/3279/175 166/3280/175 168/3278/175
f 165/3281/102 166/3280/175 167/3279/175
f 165/3281/102 164/3282/102 166/3280/175
f 163/3283/151 164/3282/102 165/3281/102
f 163/3283/151 162/3284/151 164/3282/102
f 161/3285/103 162/3284/151 163/3283/151
f 161/3285/103 160/3286/103 162/3284/151
f 159/3287/103 160/3286/103 161/3285/103
f 159/3287/103 156/3288/103 160/3286/103
f 158/3289/1437 156/3288/103 159/3287/103
f 158/3289/1437 157/3290/1438 156/3288/103
f 152/3291/10 155/3292/10 154/3293/10
f 152/3291/10 154/3293/10 153/3294/10
f 151/3295/8 152/3291/10 153/3294/10
f 151/3295/8 150/3296/10 152/3291/10
f 149/3297/3 150/3296/10 151/3295/8
f 149/3297/3 148/3298/3 150/3296/10
f 147/3299/12 148/3298/3 149/3297/3
f 147/3299/12 146/3300/12 148/3298/3
f 145/3301/3 146/3300/12 147/3299/12
f 145/3301/3 144/3302/3 146/3300/12
f 142/3303/1 144/3302/3 145/3301/3
f 142/3303/1 143/3304/1 144/3302/3
f 141/3305/1 143/3304/1 142/3303/1
f 141/3305/1 142/3303/1 140/3306/1
f 140/3306/1 139/3307/10 141/3305/1
f 140/3306/1 137/3308/11 139/3307/10
f 138/3309/3 139/3307/10 137/3308/11
f 138/3309/3 137/3308/11 136/3310/3
f 135/3311/1439 125/3312/99 134/3313/1440
f 134/3313/1440 125/3312/99 133/3314/1194
f 133/3314/1194 125/3312/99 132/3315/1441
f 132/3315/1441 125/3312/99 131/3316/175
f 131/3316/175 125/3312/99 130/3317/1442
f 130/3317/1442 125/3312/99 129/3318/1442
f 129/3318/1442 125/3312/99 128/3319/102
f 128/3319/102 125/3312/99 127/3320/342
f 127/3320/342 125/3312/99 126/3321/102
f 126/3321/102 125/3312/99 124/3322/1194
f 122/3323/1443 91/3324/1444 92/3325/1444
f 122/3323/1443 92/3325/1444 123/3326/1445
f 122/3323/1443 123/3326/1445 121/3327/147
f 122/3323/1443 121/3327/147 120/3328/147
f 120/3328/147 121/3327/147 119/3329/63
f 120/3328/147 119/3329/63 118/3330/63
f 118/3330/63 119/3329/63 117/3331/204
f 118/3330/63 117/3331/204 116/3332/1446
f 116/3332/1446 117/3331/204 115/3333/86
f 116/3332/1446 115/3333/86 114/3334/86
f 114/3334/86 115/3333/86 113/3335/1447
f 114/3334/86 113/3335/1447 112/3336/1447
f 112/3336/1447 113/3335/1447 111/3337/1448
f 112/3336/1447 111/3337/1448 110/3338/1448
f 109/3339/1449 110/3338/1448 111/3337/1448
f 109/3339/1449 106/3340/1449 110/3338/1448
f 108/3341/86 106/3340/1449 109/3339/1449
f 108/3341/86 107/3342/86 106/3340/1449
f 103/3343/200 104/3344/136 105/3345/136
f 103/3343/200 102/3346/200 104/3344/136
f 101/3347/43 102/3346/200 103/3343/200
f 101/3347/43 100/3348/95 102/3346/200
f 99/3349/1161 100/3348/95 101/3347/43
f 99/3349/1161 98/3350/41 100/3348/95
f 97/3351/91 98/3350/41 99/3349/1161
f 97/3351/91 96/3352/91 98/3350/41
f 95/3353/147 96/3352/91 97/3351/91
f 95/3353/147 94/3354/147 96/3352/91
f 93/3355/204 94/3354/147 95/3353/147
f 93/3355/204 90/3356/1450 94/3354/147
f 92/3325/1444 90/3356/1450 93/3355/204
f 92/3325/1444 91/3324/1444 90/3356/1450
f 88/3357/1451 55/3358/1452 56/3359/1453
f 88/3357/1451 56/3359/1453 89/3360/1451
f 88/3357/1451 89/3360/1451 87/3361/69
f 88/3357/1451 87/3361/69 86/3362/69
f 86/3362/69 87/3361/69 85/3363/67
f 86/3362/69 85/3363/67 84/3364/1225
f 84/3364/1225 85/3363/67 83/3365/66
f 84/3364/1225 83/3365/66 82/3366/73
f 82/3366/73 83/3365/66 81/3367/136
f 82/3366/73 81/3367/136 80/3368/136
f 80/3368/136 81/3367/136 79/3369/1454
f 80/3368/136 79/3369/1454 78/3370/1454
f 78/3370/1454 79/3369/1454 77/3371/1455
f 78/3370/1454 77/3371/1455 76/3372/1455
f 75/3373/1456 76/3372/1455 77/3371/1455
f 75/3373/1456 72/3374/1456 76/3372/1455
f 74/3375/136 72/3374/1456 75/3373/1456
f 74/3375/136 73/3376/136 72/3374/1456
f 71/3377/86 37/3378/1457 38/3379/1458
f 71/3377/86 70/3380/86 37/3378/1457
f 69/3381/1459 70/3380/86 71/3377/86
f 69/3381/1459 68/3382/58 70/3380/86
f 67/3383/84 68/3382/58 69/3381/1459
f 67/3383/84 66/3384/181 68/3382/58
f 65/3385/146 66/3384/181 67/3383/84
f 65/3385/146 64/3386/55 66/3384/181
f 63/3387/1460 64/3386/55 65/3385/146
f 63/3387/1460 62/3388/1460 64/3386/55
f 61/3389/1461 62/3388/1460 63/3387/1460
f 61/3389/1461 60/3390/1462 62/3388/1460
f 59/3391/1463 60/3390/1462 61/3389/1461
f 59/3391/1463 58/3392/196 60/3390/1462
f 57/3393/79 58/3392/196 59/3391/1463
f 57/3393/79 54/3394/51 58/3392/196
f 56/3359/1453 54/3394/51 57/3393/79
f 56/3359/1453 55/3358/1452 54/3394/51
f 53/3395/57 29/3396/1464 30/3397/193
f 53/3395/57 52/3398/83 29/3396/1464
f 51/3399/86 52/3398/83 53/3395/57
f 51/3399/86 50/3400/60 52/3398/83
f 49/3401/182 50/3400/60 51/3399/86
f 49/3401/182 48/3402/182 50/3400/60
f 47/3403/138 48/3402/182 49/3401/182
f 47/3403/138 46/3404/90 48/3402/182
f 45/3405/1465 46/3404/90 47/3403/138
f 45/3405/1465 44/3406/1466 46/3404/90
f 43/3407/1467 44/3406/1466 45/3405/1465
f 43/3407/1467 42/3408/1468 44/3406/1466
f 42/3408/1468 43/3407/1467 41/3409/1469
f 42/3408/1468 41/3409/1469 40/3410/1469
f 39/3411/1470 40/3410/1469 41/3409/1469
f 39/3411/1470 36/3412/1471 40/3410/1469
f 38/3379/1458 36/3412/1471 39/3411/1470
f 38/3379/1458 37/3378/1457 36/3412/1471
f 34/3413/876 35/3414/50 33/3415/50
f 34/3413/876 33/3415/50 32/3416/50
f 31/3417/1472 32/3416/50 33/3415/50
f 31/3417/1472 28/3418/1472 32/3416/50
f 30/3397/193 28/3418/1472 31/3417/1472
f 30/3397/193 29/3396/1464 28/3418/1472
f 26/3419/50 27/3420/50 25/3421/50
f 26/3419/50 25/3421/50 24/3422/50
f 21/3423/10 22/3424/1473 23/3425/340
f 21/3423/10 20/3426/10 22/3424/1473
f 19/3427/3 20/3426/10 21/3423/10
f 19/3427/3 18/3428/12 20/3426/10
f 17/3429/3 18/3428/12 19/3427/3
f 17/3429/3 16/3430/3 18/3428/12
f 15/3431/3 16/3430/3 17/3429/3
f 15/3431/3 14/3432/3 16/3430/3
f 13/3433/1 14/3432/3 15/3431/3
f 13/3433/1 12/3434/1 14/3432/3
f 11/3435/2 12/3434/1 13/3433/1
f 11/3435/2 10/3436/1 12/3434/1
f 9/3437/8 10/3436/1 11/3435/2
f 9/3437/8 8/3438/8 10/3436/1
f 7/3439/4 8/3438/8 9/3437/8
f 7/3439/4 4/3440/4 8/3438/8
f 6/3441/1474 4/3440/4 7/3439/4
f 6/3441/1474 5/3442/878 4/3440/4
f 3/3443/3 2/3444/3 1/3445/3
f 6181/3446/874 6145/3447/40 6146/3448/1475
f 6181/3446/874 6180/3449/874 6145/3447/40
f 6179/3450/1476 6180/3449/874 6181/3446/874
f 6179/3450/1476 6178/3451/1476 6180/3449/874
f 6177/3452/787 6178/3451/1476 6179/3450/1476
f 6177/3452/787 6176/3453/787 6178/3451/1476
f 6175/3454/1477 6176/3453/787 6177/3452/787
f 6175/3454/1477 6174/3455/1478 6176/3453/787
f 6173/3456/1479 6174/3455/1478 6175/3454/1477
f 6173/3456/1479 6172/3457/1479 6174/3455/1478
f 6171/3458/1480 6172/3457/1479 6173/3456/1479
f 6171/3458/1480 6170/3459/1481 6172/3457/1479
f 6169/3460/788 6170/3459/1481 6171/3458/1480
f 6169/3460/788 6168/3461/1481 6170/3459/1481
f 6167/3462/1482 6168/3461/1481 6169/3460/788
f 6167/3462/1482 6164/3463/716 6168/3461/1481
f 6166/3464/1483 6164/3463/716 6167/3462/1482
f 6166/3464/1483 6165/3465/1484 6164/3463/716
f 6161/3466/171 6162/3467/1485 6163/3468/1485
f 6161/3466/171 6160/3469/300 6162/3467/1485
f 6159/3470/1486 6160/3469/300 6161/3466/171
f 6159/3470/1486 6158/3471/1487 6160/3469/300
f 6157/3472/1488 6158/3471/1487 6159/3470/1486
f 6157/3472/1488 6156/3473/1486 6158/3471/1487
f 6155/3474/1489 6156/3473/1486 6157/3472/1488
f 6155/3474/1489 6154/3475/1490 6156/3473/1486
f 6153/3476/1491 6154/3475/1490 6155/3474/1489
f 6153/3476/1491 6152/3477/1491 6154/3475/1490
f 6151/3478/1492 6152/3477/1491 6153/3476/1491
f 6151/3478/1492 6150/3479/1491 6152/3477/1491
f 6149/3480/1493 6150/3479/1491 6151/3478/1492
f 6149/3480/1493 6148/3481/1491 6150/3479/1491
f 6147/3482/40 6148/3481/1491 6149/3480/1493
f 6147/3482/40 6144/3483/40 6148/3481/1491
f 6146/3448/1475 6144/3483/40 6147/3482/40
f 6146/3448/1475 6145/3447/40 6144/3483/40
f 6142/3484/1494 6139/3485/1495 6140/3486/1496
f 6142/3484/1494 6138/3487/1497 6139/3485/1495
f 6143/3488/1498 6138/3487/1497 6142/3484/1494
f 6143/3488/1498 3641/3489/1499 6138/3487/1497
f 3642/3490/1500 3641/3489/1499 6143/3488/1498
f 3642/3490/1500 6143/3488/1498 3651/3491/1501
f 3651/3491/1501 6143/3488/1498 6142/3484/1494
f 3651/3491/1501 6142/3484/1494 6141/3492/1502
f 6141/3492/1502 6142/3484/1494 6140/3486/1496
f 6141/3492/1502 6140/3486/1496 3490/3493/1503
f 3490/3493/1503 6140/3486/1496 3476/3494/1504
f 3476/3494/1504 6140/3486/1496 6139/3485/1495
f 3476/3494/1504 6139/3485/1495 3475/3495/1505
f 3475/3495/1505 6139/3485/1495 3474/3496/1506
f 6138/3487/1497 3474/3496/1506 6139/3485/1495
f 6138/3487/1497 3473/3497/1507 3474/3496/1506
f 3641/3489/1499 3473/3497/1507 6138/3487/1497
f 3641/3489/1499 3472/3498/1508 3473/3497/1507
f 6137/3499/1509 5853/3500/1510 5854/3501/1510
f 6137/3499/1509 6136/3502/1509 5853/3500/1510
f 6135/3503/1511 6136/3502/1509 6137/3499/1509
f 6135/3503/1511 6134/3504/1512 6136/3502/1509
f 6133/3505/1513 6134/3504/1512 6135/3503/1511
f 6133/3505/1513 6132/3506/1514 6134/3504/1512
f 6131/3507/1515 6132/3506/1514 6133/3505/1513
f 6131/3507/1515 6130/3508/335 6132/3506/1514
f 6129/3509/1516 6130/3508/335 6131/3507/1515
f 6129/3509/1516 6128/3510/1517 6130/3508/335
f 6127/3511/1518 6128/3510/1517 6129/3509/1516
f 6127/3511/1518 6126/3512/1519 6128/3510/1517
f 6125/3513/1520 6126/3512/1519 6127/3511/1518
f 6125/3513/1520 6124/3514/1520 6126/3512/1519
f 6123/3515/1521 6124/3514/1520 6125/3513/1520
f 6123/3515/1521 6120/3516/1522 6124/3514/1520
f 6122/3517/671 6120/3516/1522 6123/3515/1521
f 6122/3517/671 6121/3518/671 6120/3516/1522
f 6116/3519/1523 6119/3520/1524 6118/3521/1524
f 6116/3519/1523 6118/3521/1524 6117/3522/1525
f 6116/3519/1523 6117/3522/1525 6115/3523/1526
f 6116/3519/1523 6115/3523/1526 6114/3524/1527
f 6114/3524/1527 6115/3523/1526 6113/3525/1528
f 6114/3524/1527 6113/3525/1528 6112/3526/1529
f 6112/3526/1529 6113/3525/1528 6111/3527/1530
f 6112/3526/1529 6111/3527/1530 6110/3528/1531
f 6110/3528/1531 6111/3527/1530 6106/3529/1532
f 6110/3528/1531 6106/3529/1532 6109/3530/1533
f 6108/3531/86 6109/3530/1533 6106/3529/1532
f 6108/3531/86 6106/3529/1532 6107/3532/86
f 6107/3532/86 6106/3529/1532 6105/3533/86
f 6103/3534/1534 6104/3535/1535 6101/3536/1536
f 6103/3534/1534 6101/3536/1536 6102/3537/1537
f 6099/3538/1538 6102/3537/1537 6101/3536/1536
f 6099/3538/1538 6101/3536/1536 6100/3539/1539
f 6099/3538/1538 6100/3539/1539 6096/3540/1540
f 6099/3538/1538 6096/3540/1540 6098/3541/1541
f 6096/3540/1540 6097/3542/1542 6098/3541/1541
f 6096/3540/1540 6094/3543/1543 6097/3542/1542
f 6096/3540/1540 6095/3544/1544 6094/3543/1543
f 6092/3545/1545 6091/3546/1545 6093/3547/1546
f 6092/3545/1545 6090/3548/1547 6091/3546/1545
f 6090/3548/1547 6089/3549/1548 6091/3546/1545
f 6090/3548/1547 6088/3550/1549 6089/3549/1548
f 6088/3550/1549 6087/3551/1550 6089/3549/1548
f 6088/3550/1549 6086/3552/1550 6087/3551/1550
f 6086/3552/1550 6084/3553/1550 6087/3551/1550
f 6086/3552/1550 6085/3554/1550 6084/3553/1550
f 6079/3540/1551 6083/3544/1552 6082/3543/1553
f 6079/3540/1551 6082/3543/1553 6081/3542/1553
f 6079/3540/1551 6081/3542/1553 6080/3541/1551
f 6077/3538/1554 6079/3540/1551 6080/3541/1551
f 6077/3538/1554 6078/3539/1554 6079/3540/1551
f 6077/3538/1554 6073/3536/1555 6078/3539/1554
f 6077/3538/1554 6076/3537/1556 6073/3536/1555
f 6075/3534/1557 6073/3536/1555 6076/3537/1556
f 6075/3534/1557 6074/3535/1558 6073/3536/1555
f 6071/3545/1559 6070/3546/1559 6072/3547/1559
f 6071/3545/1559 6069/3548/1560 6070/3546/1559
f 6069/3548/1560 6068/3549/1561 6070/3546/1559
f 6069/3548/1560 6067/3550/1562 6068/3549/1561
f 6067/3550/1562 6066/3551/1563 6068/3549/1561
f 6067/3550/1562 6065/3552/1564 6066/3551/1563
f 6065/3552/1564 6063/3553/1564 6066/3551/1563
f 6065/3552/1564 6064/3554/1565 6063/3553/1564
f 6058/3540/1566 6062/3544/1567 6061/3543/1568
f 6058/3540/1566 6061/3543/1568 6060/3542/1569
f 6058/3540/1566 6060/3542/1569 6059/3541/1570
f 6056/3538/1571 6058/3540/1566 6059/3541/1570
f 6056/3538/1571 6057/3539/1572 6058/3540/1566
f 6056/3538/1571 6052/3536/1573 6057/3539/1572
f 6056/3538/1571 6055/3537/1574 6052/3536/1573
f 6054/3534/1575 6052/3536/1573 6055/3537/1574
f 6054/3534/1575 6053/3535/1576 6052/3536/1573
f 6050/3545/1577 6049/3546/1577 6051/3547/1577
f 6050/3545/1577 6048/3548/1577 6049/3546/1577
f 6048/3548/1577 6047/3549/1578 6049/3546/1577
f 6048/3548/1577 6046/3550/1579 6047/3549/1578
f 6046/3550/1579 6045/3551/1580 6047/3549/1578
f 6046/3550/1579 6044/3552/1580 6045/3551/1580
f 6044/3552/1580 6042/3553/1580 6045/3551/1580
f 6044/3552/1580 6043/3554/1580 6042/3553/1580
f 6037/3540/1581 6041/3544/1582 6040/3543/1582
f 6037/3540/1581 6040/3543/1582 6039/3542/1582
f 6037/3540/1581 6039/3542/1582 6038/3541/1583
f 6035/3538/1584 6037/3540/1581 6038/3541/1583
f 6035/3538/1584 6036/3539/1585 6037/3540/1581
f 6035/3538/1584 6031/3536/1586 6036/3539/1585
f 6035/3538/1584 6034/3537/1586 6031/3536/1586
f 6033/3534/1587 6031/3536/1586 6034/3537/1586
f 6033/3534/1587 6032/3535/1587 6031/3536/1586
f 6029/3545/1588 6028/3546/1589 6030/3547/1590
f 6029/3545/1588 6027/3548/1590 6028/3546/1589
f 6027/3548/1590 6026/3549/1591 6028/3546/1589
f 6027/3548/1590 6025/3550/1592 6026/3549/1591
f 6025/3550/1592 6024/3551/1593 6026/3549/1591
f 6025/3550/1592 6023/3552/1593 6024/3551/1593
f 6023/3552/1593 6021/3553/1593 6024/3551/1593
f 6023/3552/1593 6022/3554/1594 6021/3553/1593
f 6016/3540/1595 6020/3544/1596 6019/3543/1597
f 6016/3540/1595 6019/3543/1597 6018/3542/1597
f 6016/3540/1595 6018/3542/1597 6017/3541/1598
f 6014/3538/1599 6016/3540/1595 6017/3541/1598
f 6014/3538/1599 6015/3539/1599 6016/3540/1595
f 6014/3538/1599 6010/3536/1600 6015/3539/1599
f 6014/3538/1599 6013/3537/1600 6010/3536/1600
f 6012/3534/1601 6010/3536/1600 6013/3537/1600
f 6012/3534/1601 6011/3535/1602 6010/3536/1600
f 6008/3545/1603 6007/3546/1603 6009/3547/1603
f 6008/3545/1603 6006/3548/1603 6007/3546/1603
f 6006/3548/1603 6005/3549/1604 6007/3546/1603
f 6006/3548/1603 6004/3550/1605 6005/3549/1604
f 6004/3550/1605 6003/3551/1606 6005/3549/1604
f 6004/3550/1605 6002/3552/1607 6003/3551/1606
f 6002/3552/1607 6000/3553/1606 6003/3551/1606
f 6002/3552/1607 6001/3554/1606 6000/3553/1606
f 5995/3540/1608 5999/3544/1609 5998/3543/1609
f 5995/3540/1608 5998/3543/1609 5997/3542/1610
f 5995/3540/1608 5997/3542/1610 5996/3541/1611
f 5993/3538/1612 5995/3540/1608 5996/3541/1611
f 5993/3538/1612 5994/3539/1613 5995/3540/1608
f 5993/3538/1612 5989/3536/1614 5994/3539/1613
f 5993/3538/1612 5992/3537/1614 5989/3536/1614
f 5991/3534/1615 5989/3536/1614 5992/3537/1614
f 5991/3534/1615 5990/3535/1615 5989/3536/1614
f 5982/3555/1616 5988/3556/1617 5981/3557/1618
f 5988/3556/1617 5980/3558/1619 5981/3557/1618
f 5988/3556/1617 5979/3559/1620 5980/3558/1619
f 5968/3560/1621 5969/3561/1622 5987/3562/1623
f 5968/3560/1621 5987/3562/1623 5954/3563/1624
f 5954/3563/1624 5987/3562/1623 5986/3564/1625
f 5954/3563/1624 5986/3564/1625 5953/3565/1626
f 5953/3565/1626 5986/3564/1625 5985/3566/1627
f 5953/3565/1626 5985/3566/1627 5955/3567/1628
f 5955/3567/1628 5985/3566/1627 5984/3568/1629
f 5955/3567/1628 5984/3568/1629 5956/3569/1630
f 5956/3569/1630 5984/3568/1629 5983/3570/1631
f 5956/3569/1630 5983/3570/1631 5957/3571/1632
f 5957/3571/1632 5983/3570/1631 5982/3555/1616
f 5957/3571/1632 5982/3555/1616 5958/3572/1633
f 5982/3555/1616 5981/3557/1618 5958/3572/1633
f 5981/3557/1618 5954/3563/1624 5958/3572/1633
f 5980/3558/1619 5954/3563/1624 5981/3557/1618
f 5959/3573/1634 5954/3563/1624 5980/3558/1619
f 5979/3559/1620 5959/3573/1634 5980/3558/1619
f 5979/3559/1620 5978/3574/1635 5959/3573/1634
f 5978/3574/1635 5960/3575/1636 5959/3573/1634
f 5978/3574/1635 5977/3576/1637 5960/3575/1636
f 5977/3576/1637 5961/3577/1638 5960/3575/1636
f 5977/3576/1637 5976/3578/1639 5961/3577/1638
f 5976/3578/1639 5962/3579/1640 5961/3577/1638
f 5976/3578/1639 5975/3580/1641 5962/3579/1640
f 5975/3580/1641 5963/3581/1642 5962/3579/1640
f 5975/3580/1641 5974/3582/1643 5963/3581/1642
f 5974/3582/1643 5964/3583/1644 5963/3581/1642
f 5974/3582/1643 5973/3584/1645 5964/3583/1644
f 5964/3583/1644 5973/3584/1645 5972/3585/1646
f 5964/3583/1644 5972/3585/1646 5965/3586/1647
f 5965/3586/1647 5972/3585/1646 5971/3587/1648
f 5965/3586/1647 5971/3587/1648 5966/3588/1649
f 5966/3588/1649 5971/3587/1648 5970/3589/1650
f 5966/3588/1649 5970/3589/1650 5967/3590/1651
f 5967/3590/1651 5970/3589/1650 5969/3561/1622
f 5967/3590/1651 5969/3561/1622 5968/3560/1621
f 5968/3560/1621 5954/3563/1624 5967/3590/1651
f 5967/3590/1651 5954/3563/1624 5966/3588/1649
f 5966/3588/1649 5954/3563/1624 5965/3586/1647
f 5965/3586/1647 5954/3563/1624 5964/3583/1644
f 5964/3583/1644 5954/3563/1624 5963/3581/1642
f 5963/3581/1642 5954/3563/1624 5962/3579/1640
f 5962/3579/1640 5954/3563/1624 5961/3577/1638
f 5961/3577/1638 5954/3563/1624 5960/3575/1636
f 5960/3575/1636 5954/3563/1624 5959/3573/1634
f 5958/3572/1633 5954/3563/1624 5957/3571/1632
f 5957/3571/1632 5954/3563/1624 5956/3569/1630
f 5956/3569/1630 5954/3563/1624 5955/3567/1628
f 5955/3567/1628 5954/3563/1624 5953/3565/1626
f 5929/3591/86 5930/3592/86 5952/3593/86
f 5952/3593/86 5930/3592/86 5951/3594/86
f 5951/3594/86 5930/3592/86 5950/3595/86
f 5950/3595/86 5930/3592/86 5949/3596/86
f 5949/3596/86 5930/3592/86 5948/3597/86
f 5948/3597/86 5930/3592/86 5947/3598/86
f 5947/3598/86 5930/3592/86 5946/3599/86
f 5946/3599/86 5930/3592/86 5945/3600/86
f 5945/3600/86 5930/3592/86 5944/3601/86
f 5944/3601/86 5930/3592/86 5943/3602/86
f 5943/3602/86 5930/3592/86 5942/3603/86
f 5942/3603/86 5930/3592/86 5941/3604/86
f 5941/3604/86 5930/3592/86 5940/3605/86
f 5940/3605/86 5930/3592/86 5939/3606/86
f 5939/3606/86 5930/3592/86 5937/3607/86
f 5937/3607/86 5930/3592/86 5938/3608/86
f 5937/3607/86 5938/3608/86 5936/3609/86
f 5937/3607/86 5936/3609/86 5935/3610/86
f 5934/3611/86 5930/3592/86 5933/3612/86
f 5933/3612/86 5930/3592/86 5932/3613/86
f 5932/3613/86 5930/3592/86 5931/3614/86
f 5931/3614/86 5930/3592/86 5929/3591/86
f 5927/3615/1652 5928/3616/622 5926/3617/136
f 5927/3615/1652 5926/3617/136 5923/3618/136
f 5925/3619/1653 5923/3618/136 5926/3617/136
f 5925/3619/1653 5924/3620/1654 5923/3618/136
f 5922/3621/1655 5888/3622/98 5889/3623/98
f 5922/3621/1655 5921/3624/1656 5888/3622/98
f 5920/3625/1657 5921/3624/1656 5922/3621/1655
f 5920/3625/1657 5919/3626/1657 5921/3624/1656
f 5918/3627/1658 5919/3626/1657 5920/3625/1657
f 5918/3627/1658 5917/3628/1658 5919/3626/1657
f 5916/3629/1659 5917/3628/1658 5918/3627/1658
f 5916/3629/1659 5915/3630/1660 5917/3628/1658
f 5914/3631/1661 5915/3630/1660 5916/3629/1659
f 5914/3631/1661 5913/3632/1662 5915/3630/1660
f 5912/3633/887 5913/3632/1662 5914/3631/1661
f 5912/3633/887 5911/3634/887 5913/3632/1662
f 5910/3635/1663 5911/3634/887 5912/3633/887
f 5910/3635/1663 5909/3636/1664 5911/3634/887
f 5908/3637/1665 5909/3636/1664 5910/3635/1663
f 5908/3637/1665 5905/3638/1666 5909/3636/1664
f 5907/3639/1667 5905/3638/1666 5908/3637/1665
f 5907/3639/1667 5906/3640/1668 5905/3638/1666
f 5904/3641/1669 5874/3642/1670 5875/3643/1671
f 5904/3641/1669 5903/3644/1672 5874/3642/1670
f 5902/3645/1673 5903/3644/1672 5904/3641/1669
f 5902/3645/1673 5901/3646/1673 5903/3644/1672
f 5900/3647/1674 5901/3646/1673 5902/3645/1673
f 5900/3647/1674 5899/3648/1674 5901/3646/1673
f 5898/3649/1675 5899/3648/1674 5900/3647/1674
f 5898/3649/1675 5897/3650/1676 5899/3648/1674
f 5896/3651/1677 5897/3650/1676 5898/3649/1675
f 5896/3651/1677 5895/3652/1678 5897/3650/1676
f 5894/3653/1679 5895/3652/1678 5896/3651/1677
f 5894/3653/1679 5893/3654/1680 5895/3652/1678
f 5892/3655/1681 5893/3654/1680 5894/3653/1679
f 5892/3655/1681 5891/3656/1681 5893/3654/1680
f 5890/3657/1682 5891/3656/1681 5892/3655/1681
f 5890/3657/1682 5887/3658/1683 5891/3656/1681
f 5889/3623/98 5887/3658/1683 5890/3657/1682
f 5889/3623/98 5888/3622/98 5887/3658/1683
f 5884/3659/1684 5885/3660/1685 5886/3661/1686
f 5884/3659/1684 5883/3662/1687 5885/3660/1685
f 5882/3663/1688 5883/3662/1687 5884/3659/1684
f 5882/3663/1688 5881/3664/1689 5883/3662/1687
f 5880/3665/10 5881/3664/1689 5882/3663/1688
f 5880/3665/10 5879/3666/10 5881/3664/1689
f 5878/3667/1690 5879/3666/10 5880/3665/10
f 5878/3667/1690 5877/3668/1691 5879/3666/10
f 5876/3669/1692 5877/3668/1691 5878/3667/1690
f 5876/3669/1692 5873/3670/1693 5877/3668/1691
f 5875/3643/1671 5873/3670/1693 5876/3669/1692
f 5875/3643/1671 5874/3642/1670 5873/3670/1693
f 5870/3671/1694 5871/3672/1695 5872/3673/1696
f 5870/3671/1694 5869/3674/1694 5871/3672/1695
f 5868/3675/1697 5869/3674/1694 5870/3671/1694
f 5868/3675/1697 5867/3676/1698 5869/3674/1694
f 5866/3677/1699 5867/3676/1698 5868/3675/1697
f 5866/3677/1699 5865/3678/1699 5867/3676/1698
f 5864/3679/1700 5865/3678/1699 5866/3677/1699
f 5864/3679/1700 5863/3680/10 5865/3678/1699
f 5862/3681/1701 5863/3680/10 5864/3679/1700
f 5862/3681/1701 5861/3682/1702 5863/3680/10
f 5860/3683/1703 5861/3682/1702 5862/3681/1701
f 5860/3683/1703 5859/3684/1703 5861/3682/1702
f 5858/3685/1704 5859/3684/1703 5860/3683/1703
f 5858/3685/1704 5857/3686/1704 5859/3684/1703
f 5856/3687/1705 5857/3686/1704 5858/3685/1704
f 5856/3687/1705 5855/3688/1706 5857/3686/1704
f 5855/3688/1706 5856/3687/1705 5854/3501/1510
f 5855/3688/1706 5854/3501/1510 5853/3500/1510
f 5829/3689/1707 5830/3690/1708 5852/3691/1709
f 5829/3689/1707 5852/3691/1709 5851/3692/1709
f 5851/3692/1709 5852/3691/1709 5850/3693/1710
f 5851/3692/1709 5850/3693/1710 5849/3694/1711
f 5849/3694/1711 5850/3693/1710 5848/3695/1712
f 5849/3694/1711 5848/3695/1712 5847/3696/1713
f 5847/3696/1713 5848/3695/1712 5846/3697/1714
f 5847/3696/1713 5846/3697/1714 5845/3698/1714
f 5845/3698/1714 5846/3697/1714 5844/3699/1715
f 5845/3698/1714 5844/3699/1715 5843/3700/1716
f 5843/3700/1716 5844/3699/1715 5842/3701/1717
f 5843/3700/1716 5842/3701/1717 5841/3702/1717
f 5841/3702/1717 5842/3701/1717 5840/3703/1718
f 5841/3702/1717 5840/3703/1718 5839/3704/1719
f 5839/3704/1719 5840/3703/1718 5838/3705/1720
f 5839/3704/1719 5838/3705/1720 5837/3706/1721
f 5837/3706/1721 5838/3705/1720 5836/3707/1722
f 5837/3706/1721 5836/3707/1722 5835/3708/1722
f 5833/3709/1723 5834/3710/1724 5832/3711/1725
f 5833/3709/1723 5832/3711/1725 5831/3712/1726
f 5831/3712/1726 5832/3711/1725 5830/3690/1708
f 5831/3712/1726 5830/3690/1708 5829/3689/1707
f 5828/3713/1727 5822/3714/50 5827/3715/50
f 5827/3715/50 5822/3714/50 5826/3716/50
f 5826/3716/50 5822/3714/50 5825/3717/50
f 5825/3717/50 5822/3714/50 5824/3718/50
f 5824/3718/50 5822/3714/50 5823/3719/50
f 5823/3719/50 5822/3714/50 5820/3720/50
f 5820/3720/50 5822/3714/50 5821/3721/50
f 5820/3720/50 5821/3721/50 5819/3722/50
f 5820/3720/50 5819/3722/50 5818/3723/50
f 5817/3724/1728 5807/3725/50 5816/3726/50
f 5816/3726/50 5807/3725/50 5815/3727/50
f 5815/3727/50 5807/3725/50 5814/3728/50
f 5814/3728/50 5807/3725/50 5813/3729/50
f 5813/3729/50 5807/3725/50 5812/3730/50
f 5812/3730/50 5807/3725/50 5811/3731/50
f 5811/3731/50 5807/3725/50 5810/3732/50
f 5810/3732/50 5807/3725/50 5809/3733/50
f 5809/3733/50 5807/3725/50 5808/3734/50
f 5808/3734/50 5807/3725/50 5806/3735/1729
f 5805/3736/1730 5796/3737/40 5804/3738/40
f 5804/3738/40 5796/3737/40 5803/3739/40
f 5803/3739/40 5796/3737/40 5802/3740/40
f 5802/3740/40 5796/3737/40 5801/3741/40
f 5801/3741/40 5796/3737/40 5800/3742/40
f 5800/3742/40 5796/3737/40 5799/3743/40
f 5799/3743/40 5796/3737/40 5798/3744/40
f 5796/3737/40 5797/3745/40 5798/3744/40
f 5794/3746/1731 5797/3745/40 5796/3737/40
f 5794/3746/1731 5796/3737/40 5795/3747/1732
f 5794/3746/1731 5795/3747/1732 5793/3748/1733
f 5794/3746/1731 5793/3748/1733 5792/3749/1734
f 5791/3750/1735 5792/3749/1734 5793/3748/1733
f 5791/3750/1735 5790/3751/1736 5792/3749/1734
f 5790/3751/1736 5791/3750/1735 5789/3752/1737
f 5790/3751/1736 5789/3752/1737 5788/3753/1738
f 5785/3754/1739 5788/3753/1738 5789/3752/1737
f 5785/3754/1739 5787/3755/1740 5788/3753/1738
f 5786/3756/711 5787/3755/1740 5785/3754/1739
f 5786/3756/711 5785/3754/1739 5784/3757/711
f 5781/3758/1741 5782/3759/1742 5783/3760/1743
f 5781/3758/1741 5780/3761/1744 5782/3759/1742
f 5780/3761/1744 5781/3758/1741 5779/3762/1745
f 5780/3761/1744 5779/3762/1745 5778/3763/1746
f 5777/3764/1747 5778/3763/1746 5779/3762/1745
f 5777/3764/1747 5776/3765/1747 5778/3763/1746
f 5776/3765/1747 5777/3764/1747 5775/3766/1748
f 5776/3765/1747 5775/3766/1748 5774/3767/1749
f 5772/3768/1750 5773/3769/1750 5771/3770/1750
f 5772/3768/1750 5771/3770/1750 5770/3771/1751
f 5770/3771/1751 5771/3770/1750 5769/3772/1752
f 5770/3771/1751 5769/3772/1752 5768/3773/1753
f 5768/3773/1753 5769/3772/1752 5767/3774/1754
f 5768/3773/1753 5767/3774/1754 5766/3775/1754
f 5766/3775/1754 5767/3774/1754 5765/3776/1754
f 5766/3775/1754 5765/3776/1754 5764/3777/1754
f 5761/3758/1755 5762/3759/1756 5763/3760/1756
f 5761/3758/1755 5760/3761/1757 5762/3759/1756
f 5760/3761/1757 5761/3758/1755 5759/3762/1758
f 5760/3761/1757 5759/3762/1758 5758/3763/1759
f 5757/3764/1760 5758/3763/1759 5759/3762/1758
f 5757/3764/1760 5756/3765/1761 5758/3763/1759
f 5756/3765/1761 5757/3764/1760 5755/3766/1762
f 5756/3765/1761 5755/3766/1762 5754/3767/1763
f 5752/3768/1764 5753/3769/1764 5751/3770/1764
f 5752/3768/1764 5751/3770/1764 5750/3771/1764
f 5750/3771/1764 5751/3770/1764 5749/3772/1765
f 5750/3771/1764 5749/3772/1765 5748/3773/1766
f 5748/3773/1766 5749/3772/1765 5747/3774/1767
f 5748/3773/1766 5747/3774/1767 5746/3775/1768
f 5746/3775/1768 5747/3774/1767 5745/3776/1767
f 5746/3775/1768 5745/3776/1767 5744/3777/1768
f 5741/3758/1769 5742/3759/1770 5743/3760/1771
f 5741/3758/1769 5740/3761/1772 5742/3759/1770
f 5740/3761/1772 5741/3758/1769 5739/3762/1773
f 5740/3761/1772 5739/3762/1773 5738/3763/1773
f 5737/3764/1774 5738/3763/1773 5739/3762/1773
f 5737/3764/1774 5736/3765/1774 5738/3763/1773
f 5736/3765/1774 5737/3764/1774 5735/3766/1775
f 5736/3765/1774 5735/3766/1775 5734/3767/1775
f 5732/3768/1776 5733/3769/1776 5731/3770/1777
f 5732/3768/1776 5731/3770/1777 5730/3771/1777
f 5730/3771/1777 5731/3770/1777 5729/3772/1778
f 5730/3771/1777 5729/3772/1778 5728/3773/1779
f 5728/3773/1779 5729/3772/1778 5727/3774/1780
f 5728/3773/1779 5727/3774/1780 5726/3775/1781
f 5726/3775/1781 5727/3774/1780 5725/3776/1781
f 5726/3775/1781 5725/3776/1781 5724/3777/1781
f 5721/3758/1782 5722/3759/1783 5723/3760/1783
f 5721/3758/1782 5720/3761/1782 5722/3759/1783
f 5720/3761/1782 5721/3758/1782 5719/3762/1784
f 5720/3761/1782 5719/3762/1784 5718/3763/1785
f 5717/3764/1786 5718/3763/1785 5719/3762/1784
f 5717/3764/1786 5716/3765/1787 5718/3763/1785
f 5716/3765/1787 5717/3764/1786 5715/3766/1788
f 5716/3765/1787 5715/3766/1788 5714/3767/1789
f 5712/3768/1790 5713/3769/1791 5711/3770/1792
f 5712/3768/1790 5711/3770/1792 5710/3771/1793
f 5710/3771/1793 5711/3770/1792 5709/3772/1794
f 5710/3771/1793 5709/3772/1794 5708/3773/1795
f 5708/3773/1795 5709/3772/1794 5707/3774/1796
f 5708/3773/1795 5707/3774/1796 5706/3775/1797
f 5706/3775/1797 5707/3774/1796 5705/3776/1797
f 5706/3775/1797 5705/3776/1797 5704/3777/1797
f 5701/3758/1798 5702/3759/1799 5703/3760/1799
f 5701/3758/1798 5700/3761/1798 5702/3759/1799
f 5700/3761/1798 5701/3758/1798 5699/3762/1800
f 5700/3761/1798 5699/3762/1800 5698/3763/1800
f 5697/3764/1801 5698/3763/1800 5699/3762/1800
f 5697/3764/1801 5696/3765/1802 5698/3763/1800
f 5696/3765/1802 5697/3764/1801 5695/3766/1803
f 5696/3765/1802 5695/3766/1803 5694/3767/1804
f 5692/3768/1805 5693/3769/1805 5691/3770/1806
f 5692/3768/1805 5691/3770/1806 5690/3771/1806
f 5690/3771/1806 5691/3770/1806 5689/3772/1807
f 5690/3771/1806 5689/3772/1807 5688/3773/1808
f 5688/3773/1808 5689/3772/1807 5687/3774/1809
f 5688/3773/1808 5687/3774/1809 5686/3775/1809
f 5686/3775/1809 5687/3774/1809 5685/3776/1809
f 5686/3775/1809 5685/3776/1809 5684/3777/1809
f 5648/3778/1810 5649/3779/1810 5683/3780/1811
f 5648/3778/1810 5683/3780/1811 5682/3781/1812
f 5682/3781/1812 5683/3780/1811 5681/3782/1813
f 5682/3781/1812 5681/3782/1813 5680/3783/1813
f 5680/3783/1813 5681/3782/1813 5679/3784/1814
f 5680/3783/1813 5679/3784/1814 5678/3785/1814
f 5678/3785/1814 5679/3784/1814 5677/3786/1662
f 5678/3785/1814 5677/3786/1662 5676/3787/1815
f 5676/3787/1815 5677/3786/1662 5675/3788/1816
f 5676/3787/1815 5675/3788/1816 5674/3789/1817
f 5674/3789/1817 5675/3788/1816 5673/3790/1818
f 5674/3789/1817 5673/3790/1818 5672/3791/1819
f 5671/3792/1820 5672/3791/1819 5673/3790/1818
f 5671/3792/1820 5670/3793/1821 5672/3791/1819
f 5670/3793/1821 5671/3792/1820 5669/3794/1822
f 5670/3793/1821 5669/3794/1822 5668/3795/1822
f 5668/3795/1822 5669/3794/1822 5667/3796/1823
f 5668/3795/1822 5667/3796/1823 5666/3797/1823
f 5665/3798/1824 5635/3799/1825 5636/3800/1826
f 5665/3798/1824 5664/3801/1824 5635/3799/1825
f 5663/3802/1827 5664/3801/1824 5665/3798/1824
f 5663/3802/1827 5662/3803/1828 5664/3801/1824
f 5661/3804/1671 5662/3803/1828 5663/3802/1827
f 5661/3804/1671 5660/3805/1671 5662/3803/1828
f 5659/3806/1829 5660/3805/1671 5661/3804/1671
f 5659/3806/1829 5658/3807/1829 5660/3805/1671
f 5657/3808/1830 5658/3807/1829 5659/3806/1829
f 5657/3808/1830 5656/3809/1830 5658/3807/1829
f 5655/3810/3 5656/3809/1830 5657/3808/1830
f 5655/3810/3 5654/3811/3 5656/3809/1830
f 5654/3811/3 5655/3810/3 5653/3812/1831
f 5654/3811/3 5653/3812/1831 5652/3813/1832
f 5652/3813/1832 5653/3812/1831 5651/3814/1833
f 5652/3813/1832 5651/3814/1833 5650/3815/1834
f 5650/3815/1834 5651/3814/1833 5649/3779/1810
f 5650/3815/1834 5649/3779/1810 5648/3778/1810
f 5645/3816/1835 5646/3817/1836 5647/3818/1837
f 5645/3816/1835 5644/3819/1835 5646/3817/1836
f 5642/3820/1838 5644/3819/1835 5645/3816/1835
f 5642/3820/1838 5643/3821/1838 5644/3819/1835
f 5642/3820/1838 5641/3822/1839 5643/3821/1838
f 5642/3820/1838 5640/3823/1839 5641/3822/1839
f 5638/3824/1840 5641/3822/1839 5640/3823/1839
f 5638/3824/1840 5640/3823/1839 5639/3825/1840
f 5637/3826/1841 5638/3824/1840 5639/3825/1840
f 5637/3826/1841 5634/3827/1841 5638/3824/1840
f 5636/3800/1826 5634/3827/1841 5637/3826/1841
f 5636/3800/1826 5635/3799/1825 5634/3827/1841
f 5633/3828/86 5549/3829/86 5550/3830/86
f 5633/3828/86 5632/3831/86 5549/3829/86
f 5630/3832/86 5632/3831/86 5633/3828/86
f 5630/3832/86 5631/3833/86 5632/3831/86
f 5628/3834/86 5631/3833/86 5630/3832/86
f 5628/3834/86 5630/3832/86 5629/3835/86
f 5626/3836/86 5628/3834/86 5629/3835/86
f 5626/3836/86 5627/3837/86 5628/3834/86
f 5624/3838/86 5627/3837/86 5626/3836/86
f 5624/3838/86 5626/3836/86 5625/3839/86
f 5624/3838/86 5625/3839/86 5622/3840/86
f 5624/3838/86 5622/3840/86 5623/3841/86
f 5620/3842/86 5623/3841/86 5622/3840/86
f 5620/3842/86 5622/3840/86 5621/3843/86
f 5617/3844/86 5620/3842/86 5621/3843/86
f 5617/3844/86 5619/3845/86 5620/3842/86
f 5618/3846/86 5619/3845/86 5617/3844/86
f 5618/3846/86 5617/3844/86 5616/3847/86
f 5595/3848/1842 5615/3849/1843 5596/3850/1844
f 5594/3851/1845 5615/3849/1843 5595/3848/1842
f 5594/3851/1845 5614/3852/1846 5615/3849/1843
f 5593/3853/1847 5614/3852/1846 5594/3851/1845
f 5593/3853/1847 5613/3854/1848 5614/3852/1846
f 5592/3855/1849 5613/3854/1848 5593/3853/1847
f 5592/3855/1849 5612/3856/1850 5613/3854/1848
f 5591/3857/1851 5612/3856/1850 5592/3855/1849
f 5591/3857/1851 5611/3858/1852 5612/3856/1850
f 5610/3859/1853 5611/3858/1852 5591/3857/1851
f 5610/3859/1853 5591/3857/1851 5590/3860/1854
f 5609/3861/1855 5610/3859/1853 5590/3860/1854
f 5609/3861/1855 5590/3860/1854 5589/3862/1856
f 5608/3863/1857 5609/3861/1855 5589/3862/1856
f 5608/3863/1857 5589/3862/1856 5588/3864/1858
f 5607/3865/1859 5608/3863/1857 5588/3864/1858
f 5607/3865/1859 5588/3864/1858 5587/3866/1860
f 5605/3867/1861 5607/3865/1859 5587/3866/1860
f 5601/3868/1862 5606/3869/1863 5602/3870/1864
f 5606/3869/1863 5603/3871/1865 5602/3870/1864
f 5606/3869/1863 5604/3872/1866 5603/3871/1865
f 5605/3867/1861 5587/3866/1860 5586/3873/1867
f 5604/3872/1866 5605/3867/1861 5586/3873/1867
f 5604/3872/1866 5586/3873/1867 5603/3871/1865
f 5586/3873/1867 5581/3874/1868 5603/3871/1865
f 5603/3871/1865 5581/3874/1868 5602/3870/1864
f 5602/3870/1864 5581/3874/1868 5585/3875/1869
f 5601/3868/1862 5602/3870/1864 5585/3875/1869
f 5584/3876/1870 5601/3868/1862 5585/3875/1869
f 5584/3876/1870 5600/3877/1871 5601/3868/1862
f 5583/3878/1872 5600/3877/1871 5584/3876/1870
f 5583/3878/1872 5599/3879/1873 5600/3877/1871
f 5582/3880/1874 5599/3879/1873 5583/3878/1872
f 5582/3880/1874 5598/3881/1875 5599/3879/1873
f 5580/3882/1876 5598/3881/1875 5582/3880/1874
f 5580/3882/1876 5597/3883/1877 5598/3881/1875
f 5581/3874/1868 5597/3883/1877 5580/3882/1876
f 5581/3874/1868 5596/3850/1844 5597/3883/1877
f 5595/3848/1842 5596/3850/1844 5581/3874/1868
f 5595/3848/1842 5581/3874/1868 5594/3851/1845
f 5594/3851/1845 5581/3874/1868 5593/3853/1847
f 5593/3853/1847 5581/3874/1868 5592/3855/1849
f 5592/3855/1849 5581/3874/1868 5591/3857/1851
f 5591/3857/1851 5581/3874/1868 5590/3860/1854
f 5590/3860/1854 5581/3874/1868 5589/3862/1856
f 5589/3862/1856 5581/3874/1868 5588/3864/1858
f 5588/3864/1858 5581/3874/1868 5587/3866/1860
f 5587/3866/1860 5581/3874/1868 5586/3873/1867
f 5585/3875/1869 5581/3874/1868 5584/3876/1870
f 5584/3876/1870 5581/3874/1868 5583/3878/1872
f 5583/3878/1872 5581/3874/1868 5582/3880/1874
f 5582/3880/1874 5581/3874/1868 5580/3882/1876
f 5578/3884/86 5579/3885/86 5576/3886/86
f 5578/3884/86 5576/3886/86 5577/3887/86
f 5574/3888/86 5577/3887/86 5576/3886/86
f 5574/3888/86 5576/3886/86 5575/3889/86
f 5572/3890/86 5574/3888/86 5575/3889/86
f 5572/3890/86 5573/3891/86 5574/3888/86
f 5572/3890/86 5570/3892/86 5573/3891/86
f 5572/3890/86 5571/3893/86 5570/3892/86
f 5570/3892/86 5571/3893/86 5568/3894/86
f 5570/3892/86 5568/3894/86 5569/3895/86
f 5566/3896/86 5569/3895/86 5568/3894/86
f 5566/3896/86 5568/3894/86 5567/3897/86
f 5566/3896/86 5567/3897/86 5564/3898/86
f 5566/3896/86 5564/3898/86 5565/3899/86
f 5563/3900/86 5565/3899/86 5564/3898/86
f 5563/3900/86 5564/3898/86 5562/3901/86
f 5561/3902/86 5563/3900/86 5562/3901/86
f 5561/3902/86 5562/3901/86 5560/3903/86
f 5558/3904/86 5561/3902/86 5560/3903/86
f 5558/3904/86 5560/3903/86 5559/3905/86
f 5558/3904/86 5559/3905/86 5556/3906/86
f 5558/3904/86 5556/3906/86 5557/3907/86
f 5554/3908/86 5557/3907/86 5556/3906/86
f 5554/3908/86 5556/3906/86 5555/3909/86
f 5552/3910/86 5554/3908/86 5555/3909/86
f 5552/3910/86 5553/3911/86 5554/3908/86
f 5548/3912/86 5553/3911/86 5552/3910/86
f 5548/3912/86 5552/3910/86 5551/3913/86
f 5550/3830/86 5548/3912/86 5551/3913/86
f 5550/3830/86 5549/3829/86 5548/3912/86
f 5546/3914/1878 5547/3915/1879 5545/3916/1880
f 5543/3917/1881 5545/3916/1880 5547/3915/1879
f 5543/3917/1881 5544/3918/1882 5545/3916/1880
f 5541/3919/1883 5546/3914/1878 5540/3920/1884
f 5546/3914/1878 5545/3916/1880 5540/3920/1884
f 5545/3916/1880 5539/3921/1885 5540/3920/1884
f 5545/3916/1880 5538/3922/1886 5539/3921/1885
f 5545/3916/1880 5537/3923/1887 5538/3922/1886
f 5545/3916/1880 5544/3918/1882 5537/3923/1887
f 5537/3923/1887 5544/3918/1882 5536/3924/1888
f 5536/3924/1888 5544/3918/1882 5543/3917/1881
f 5536/3924/1888 5543/3917/1881 5542/3925/1889
f 5536/3924/1888 5542/3925/1889 5535/3926/1890
f 4508/3927/1891 5541/3919/1883 4507/3928/1892
f 5541/3919/1883 5540/3920/1884 4507/3928/1892
f 5540/3920/1884 5534/3929/1893 4507/3928/1892
f 5540/3920/1884 5539/3921/1885 5534/3929/1893
f 5534/3929/1893 5539/3921/1885 5533/3930/1894
f 5538/3922/1886 5533/3930/1894 5539/3921/1885
f 5538/3922/1886 5532/3931/1895 5533/3930/1894
f 5538/3922/1886 5531/3932/1896 5532/3931/1895
f 5538/3922/1886 5537/3923/1887 5531/3932/1896
f 5531/3932/1896 5537/3923/1887 5530/3933/1897
f 5537/3923/1887 5536/3924/1888 5530/3933/1897
f 5536/3924/1888 5529/3934/1898 5530/3933/1897
f 5536/3924/1888 5528/3935/1899 5529/3934/1898
f 5536/3924/1888 5535/3926/1890 5528/3935/1899
f 5528/3935/1899 5535/3926/1890 5527/3936/1900
f 4507/3928/1892 4490/3937/1901 4491/3938/1902
f 4507/3928/1892 5534/3929/1893 4490/3937/1901
f 5493/3939/1903 4490/3937/1901 5534/3929/1893
f 5534/3929/1893 5533/3930/1894 5493/3939/1903
f 5493/3939/1903 5533/3930/1894 5498/3940/1904
f 5532/3931/1895 5498/3940/1904 5533/3930/1894
f 5532/3931/1895 5500/3941/1905 5498/3940/1904
f 5532/3931/1895 5502/3942/1906 5500/3941/1905
f 5532/3931/1895 5531/3932/1896 5502/3942/1906
f 5502/3942/1906 5531/3932/1896 5504/3943/1907
f 5531/3932/1896 5530/3933/1897 5504/3943/1907
f 5530/3933/1897 5506/3944/1908 5504/3943/1907
f 5530/3933/1897 5529/3934/1898 5506/3944/1908
f 5506/3944/1908 5529/3934/1898 5508/3945/1909
f 5508/3945/1909 5529/3934/1898 5528/3935/1899
f 5508/3945/1909 5528/3935/1899 5522/3946/1910
f 5528/3935/1899 5527/3936/1900 5522/3946/1910
f 5522/3946/1910 5527/3936/1900 5523/3947/1911
f 4225/3948/1912 4239/3949/1913 4224/3950/1914
f 4225/3948/1912 4414/3951/1915 4239/3949/1913
f 4414/3951/1915 4241/3952/1916 4239/3949/1913
f 4414/3951/1915 4419/3953/1917 4241/3952/1916
f 4419/3953/1917 4252/3954/1918 4241/3952/1916
f 4419/3953/1917 5521/3955/1919 4252/3954/1918
f 4252/3954/1918 5521/3955/1919 4260/3956/1920
f 5520/3957/1921 4260/3956/1920 5521/3955/1919
f 5520/3957/1921 5526/3958/1922 4260/3956/1920
f 5520/3957/1921 5525/3959/1923 5526/3958/1922
f 5520/3957/1921 5518/3960/1924 5525/3959/1923
f 5524/3961/1925 5525/3959/1923 5518/3960/1924
f 5524/3961/1925 5518/3960/1924 5516/3962/1926
f 5523/3947/1911 5524/3961/1925 5516/3962/1926
f 5523/3947/1911 5516/3962/1926 5517/3963/1927
f 5522/3946/1910 5523/3947/1911 5517/3963/1927
f 5509/3964/1928 5522/3946/1910 5517/3963/1927
f 5509/3964/1928 5508/3945/1909 5522/3946/1910
f 5520/3957/1921 5521/3955/1919 4419/3953/1917
f 5520/3957/1921 4419/3953/1917 4420/3965/1929
f 5519/3966/1930 5520/3957/1921 4420/3965/1929
f 4421/3967/1931 5519/3966/1930 4420/3965/1929
f 4421/3967/1931 5515/3968/1932 5519/3966/1930
f 5519/3966/1930 5518/3960/1924 5520/3957/1921
f 5515/3968/1932 5518/3960/1924 5519/3966/1930
f 5515/3968/1932 5516/3962/1926 5518/3960/1924
f 5509/3964/1928 5516/3962/1926 5515/3968/1932
f 5509/3964/1928 5517/3963/1927 5516/3962/1926
f 4421/3967/1931 4422/3969/1933 5515/3968/1932
f 4422/3969/1933 5509/3964/1928 5515/3968/1932
f 4422/3969/1933 4427/3970/1934 5509/3964/1928
f 5507/3971/1935 5509/3964/1928 4427/3970/1934
f 4423/3972/1936 5507/3971/1935 4427/3970/1934
f 4423/3972/1936 5510/3973/1937 5507/3971/1935
f 4424/3974/1938 5510/3973/1937 4423/3972/1936
f 4424/3974/1938 5514/3975/1939 5510/3973/1937
f 4431/3976/1940 5514/3975/1939 4424/3974/1938
f 4431/3976/1940 5511/3977/1941 5514/3975/1939
f 4431/3976/1940 4433/3978/1942 5511/3977/1941
f 5513/3979/1943 5511/3977/1941 4433/3978/1942
f 4435/3980/1944 5513/3979/1943 4433/3978/1942
f 4435/3980/1944 4442/3981/1945 5513/3979/1943
f 5513/3979/1943 4442/3981/1945 5501/3982/1946
f 5501/3982/1946 4442/3981/1945 4440/3983/1947
f 5501/3982/1946 4440/3983/1947 5499/3984/1948
f 4438/3985/1949 5499/3984/1948 4440/3983/1947
f 5511/3977/1941 5510/3973/1937 5514/3975/1939
f 5513/3979/1943 5512/3986/1950 5511/3977/1941
f 5513/3979/1943 5501/3982/1946 5512/3986/1950
f 5501/3982/1946 5503/3987/1951 5512/3986/1950
f 5503/3987/1951 5511/3977/1941 5512/3986/1950
f 5503/3987/1951 5505/3988/1952 5511/3977/1941
f 5511/3977/1941 5505/3988/1952 5510/3973/1937
f 5505/3988/1952 5507/3971/1935 5510/3973/1937
f 5507/3971/1935 5508/3945/1909 5509/3964/1928
f 5506/3944/1908 5508/3945/1909 5507/3971/1935
f 5505/3988/1952 5506/3944/1908 5507/3971/1935
f 5504/3943/1907 5506/3944/1908 5505/3988/1952
f 5504/3943/1907 5505/3988/1952 5503/3987/1951
f 5502/3942/1906 5504/3943/1907 5503/3987/1951
f 5501/3982/1946 5502/3942/1906 5503/3987/1951
f 5500/3941/1905 5502/3942/1906 5501/3982/1946
f 5500/3941/1905 5501/3982/1946 5499/3984/1948
f 5498/3940/1904 5500/3941/1905 5499/3984/1948
f 5498/3940/1904 5499/3984/1948 4438/3985/1949
f 5497/3989/1953 5498/3940/1904 4438/3985/1949
f 5497/3989/1953 4438/3985/1949 4436/3990/1954
f 5497/3989/1953 4436/3990/1954 4504/3991/1955
f 4437/3992/1956 4504/3991/1955 4436/3990/1954
f 4437/3992/1956 4505/3993/1957 4504/3991/1955
f 4437/3992/1956 4449/3994/1958 4505/3993/1957
f 4477/3995/1959 4505/3993/1957 4449/3994/1958
f 5493/3939/1903 5498/3940/1904 5497/3989/1953
f 5493/3939/1903 5497/3989/1953 5494/3996/1960
f 5497/3989/1953 4504/3991/1955 5494/3996/1960
f 4503/3997/1961 5494/3996/1960 4504/3991/1955
f 5495/3998/1962 5494/3996/1960 4503/3997/1961
f 5495/3998/1962 4503/3997/1961 4502/3999/1963
f 5495/3998/1962 4502/3999/1963 5496/4000/1964
f 4500/4001/1965 5496/4000/1964 4502/3999/1963
f 4497/4002/1966 5496/4000/1964 4500/4001/1965
f 4497/4002/1966 4495/4003/1967 5496/4000/1964
f 4493/4004/1968 5496/4000/1964 4495/4003/1967
f 4493/4004/1968 5495/3998/1962 5496/4000/1964
f 4490/3937/1901 5495/3998/1962 4493/4004/1968
f 4490/3937/1901 5492/4005/1969 5495/3998/1962
f 5495/3998/1962 5492/4005/1969 5494/3996/1960
f 5493/3939/1903 5494/3996/1960 5492/4005/1969
f 5493/3939/1903 5492/4005/1969 4490/3937/1901
f 5491/4006/86 5488/4007/86 5490/4008/86
f 5490/4008/86 5488/4007/86 5489/4009/86
f 5489/4009/86 5488/4007/86 5486/4010/86
f 5486/4010/86 5488/4007/86 5487/4011/86
f 5486/4010/86 5487/4011/86 5485/4012/86
f 5486/4010/86 5485/4012/86 5484/4013/86
f 5483/4014/136 5467/4015/136 5482/4016/136
f 5482/4016/136 5467/4015/136 5481/4017/136
f 5481/4017/136 5467/4015/136 5480/4018/136
f 5480/4018/136 5467/4015/136 5479/4019/136
f 5479/4019/136 5467/4015/136 5478/4020/136
f 5478/4020/136 5467/4015/136 5477/4021/136
f 5477/4021/136 5467/4015/136 5476/4022/136
f 5476/4022/136 5467/4015/136 5475/4023/136
f 5475/4023/136 5467/4015/136 5474/4024/136
f 5474/4024/136 5467/4015/136 5473/4025/136
f 5473/4025/136 5467/4015/136 5472/4026/136
f 5472/4026/136 5467/4015/136 5471/4027/136
f 5471/4027/136 5467/4015/136 5470/4028/136
f 5470/4028/136 5467/4015/136 5469/4029/136
f 5469/4029/136 5467/4015/136 5468/4030/136
f 5468/4030/136 5467/4015/136 5466/4031/136
f 5464/4032/1970 5465/4033/1970 5463/4034/1970
f 5464/4032/1970 5463/4034/1970 5462/4035/1970
f 5438/4036/102 5439/4037/102 5461/4038/1971
f 5438/4036/102 5461/4038/1971 5460/4039/618
f 5460/4039/618 5461/4038/1971 5459/4040/1028
f 5460/4039/618 5459/4040/1028 5458/4041/1028
f 5458/4041/1028 5459/4040/1028 5457/4042/86
f 5458/4041/1028 5457/4042/86 5456/4043/86
f 5456/4043/86 5457/4042/86 5455/4044/596
f 5456/4043/86 5455/4044/596 5454/4045/596
f 5454/4045/596 5455/4044/596 5453/4046/1030
f 5454/4045/596 5453/4046/1030 5452/4047/1030
f 5452/4047/1030 5453/4046/1030 5451/4048/10
f 5452/4047/1030 5451/4048/10 5450/4049/10
f 5450/4049/10 5451/4048/10 5449/4050/1972
f 5450/4049/10 5449/4050/1972 5448/4051/1973
f 5447/4052/1974 5448/4051/1973 5449/4050/1972
f 5447/4052/1974 5446/4053/1975 5448/4051/1973
f 5446/4053/1975 5447/4052/1974 5445/4054/136
f 5446/4053/1975 5445/4054/136 5444/4055/136
f 5442/4056/621 5443/4057/621 5441/4058/1976
f 5442/4056/621 5441/4058/1976 5440/4059/1977
f 5440/4059/1977 5441/4058/1976 5439/4037/102
f 5440/4059/1977 5439/4037/102 5438/4036/102
f 5402/3778/1671 5403/3779/1671 5437/3780/1978
f 5402/3778/1671 5437/3780/1978 5436/3781/1827
f 5436/3781/1827 5437/3780/1978 5435/3782/1824
f 5436/3781/1827 5435/3782/1824 5434/3783/1979
f 5434/3783/1979 5435/3782/1824 5433/3784/1826
f 5434/3783/1979 5433/3784/1826 5432/3785/1980
f 5432/3785/1980 5433/3784/1826 5431/3786/1841
f 5432/3785/1980 5431/3786/1841 5430/3787/1841
f 5430/3787/1841 5431/3786/1841 5429/3788/1981
f 5430/3787/1841 5429/3788/1981 5428/3789/1981
f 5428/3789/1981 5429/3788/1981 5427/3790/1680
f 5428/3789/1981 5427/3790/1680 5426/3791/1680
f 5425/3792/1982 5426/3791/1680 5427/3790/1680
f 5425/3792/1982 5424/3793/1982 5426/3791/1680
f 5424/3793/1982 5425/3792/1982 5423/3794/1983
f 5424/3793/1982 5423/3794/1983 5422/3795/1983
f 5422/3795/1983 5423/3794/1983 5421/3796/1837
f 5422/3795/1983 5421/3796/1837 5420/3797/1837
f 5419/3798/1984 5389/3799/1985 5390/3800/1985
f 5419/3798/1984 5418/3801/1984 5389/3799/1985
f 5417/3802/1812 5418/3801/1984 5419/3798/1984
f 5417/3802/1812 5416/3803/1812 5418/3801/1984
f 5415/3804/1986 5416/3803/1812 5417/3802/1812
f 5415/3804/1986 5414/3805/1987 5416/3803/1812
f 5413/3806/1988 5414/3805/1987 5415/3804/1986
f 5413/3806/1988 5412/3807/1833 5414/3805/1987
f 5411/3808/1989 5412/3807/1833 5413/3806/1988
f 5411/3808/1989 5410/3809/1831 5412/3807/1833
f 5409/3810/3 5410/3809/1831 5411/3808/1989
f 5409/3810/3 5408/3811/3 5410/3809/1831
f 5408/3811/3 5409/3810/3 5407/3812/1990
f 5408/3811/3 5407/3812/1990 5406/3813/1830
f 5406/3813/1830 5407/3812/1990 5405/3814/1991
f 5406/3813/1830 5405/3814/1991 5404/3815/1992
f 5404/3815/1992 5405/3814/1991 5403/3779/1671
f 5404/3815/1992 5403/3779/1671 5402/3778/1671
f 5399/3816/1822 5400/3817/1823 5401/3818/1823
f 5399/3816/1822 5398/3819/1822 5400/3817/1823
f 5396/3820/1993 5398/3819/1822 5399/3816/1822
f 5396/3820/1993 5397/3821/1993 5398/3819/1822
f 5396/3820/1993 5395/3822/1658 5397/3821/1993
f 5396/3820/1993 5394/3823/1819 5395/3822/1658
f 5392/3824/1817 5395/3822/1658 5394/3823/1819
f 5392/3824/1817 5394/3823/1819 5393/3825/1994
f 5391/3826/1815 5392/3824/1817 5393/3825/1994
f 5391/3826/1815 5388/3827/1662 5392/3824/1817
f 5390/3800/1985 5388/3827/1662 5391/3826/1815
f 5390/3800/1985 5389/3799/1985 5388/3827/1662
f 5387/3828/136 5301/3829/136 5302/3830/136
f 5387/3828/136 5386/3831/136 5301/3829/136
f 5384/3832/136 5386/3831/136 5387/3828/136
f 5384/3832/136 5385/3833/136 5386/3831/136
f 5382/3834/136 5385/3833/136 5384/3832/136
f 5382/3834/136 5384/3832/136 5383/3835/136
f 5380/3836/136 5382/3834/136 5383/3835/136
f 5380/3836/136 5381/3837/136 5382/3834/136
f 5378/3838/136 5381/3837/136 5380/3836/136
f 5378/3838/136 5380/3836/136 5379/3839/136
f 5378/3838/136 5379/3839/136 5376/3840/136
f 5378/3838/136 5376/3840/136 5377/3841/136
f 5374/3842/136 5377/3841/136 5376/3840/136
f 5374/3842/136 5376/3840/136 5375/3843/136
f 5371/3844/136 5374/3842/136 5375/3843/136
f 5371/3844/136 5373/3845/136 5374/3842/136
f 5372/3846/136 5373/3845/136 5371/3844/136
f 5372/3846/136 5371/3844/136 5370/3847/136
f 5367/4060/1522 5368/4061/300 5369/4062/300
f 5367/4060/1522 5366/4063/1521 5368/4061/300
f 5365/4064/1995 5366/4063/1521 5367/4060/1522
f 5365/4064/1995 5364/4065/1996 5366/4063/1521
f 5363/4066/1997 5364/4065/1996 5365/4064/1995
f 5363/4066/1997 5362/4067/1998 5364/4065/1996
f 5361/4068/1999 5362/4067/1998 5363/4066/1997
f 5361/4068/1999 5360/4069/2000 5362/4067/1998
f 5359/4070/2001 5360/4069/2000 5361/4068/1999
f 5359/4070/2001 5358/4071/2002 5360/4069/2000
f 5357/4072/2003 5358/4071/2002 5359/4070/2001
f 5357/4072/2003 5356/4073/2003 5358/4071/2002
f 5355/4074/2004 5356/4073/2003 5357/4072/2003
f 5355/4074/2004 5354/4075/2005 5356/4073/2003
f 5353/4076/2006 5354/4075/2005 5355/4074/2004
f 5353/4076/2006 5352/4077/2006 5354/4075/2005
f 5351/4078/2007 5352/4077/2006 5353/4076/2006
f 5351/4078/2007 5350/4079/2008 5352/4077/2006
f 5349/4080/2009 5350/4079/2008 5351/4078/2007
f 5349/4080/2009 5348/4081/2010 5350/4079/2008
f 5347/4082/2011 5348/4081/2010 5349/4080/2009
f 5347/4082/2011 5346/4083/2011 5348/4081/2010
f 5345/4084/2012 5346/4083/2011 5347/4082/2011
f 5345/4084/2012 5344/4085/2013 5346/4083/2011
f 5343/4086/2014 5344/4085/2013 5345/4084/2012
f 5343/4086/2014 5342/4087/2015 5344/4085/2013
f 5341/4088/2016 5342/4087/2015 5343/4086/2014
f 5341/4088/2016 5340/4089/2017 5342/4087/2015
f 5339/4090/2018 5340/4089/2017 5341/4088/2016
f 5339/4090/2018 5338/4091/2019 5340/4089/2017
f 5337/4092/2020 5338/4091/2019 5339/4090/2018
f 5337/4092/2020 5336/4093/2021 5338/4091/2019
f 5335/4094/2022 5336/4093/2021 5337/4092/2020
f 5335/4094/2022 5332/4095/2022 5336/4093/2021
f 5334/4096/2023 5332/4095/2022 5335/4094/2022
f 5334/4096/2023 5333/4097/2023 5332/4095/2022
f 5330/3884/136 5331/3885/136 5328/3886/136
f 5330/3884/136 5328/3886/136 5329/3887/136
f 5326/3888/136 5329/3887/136 5328/3886/136
f 5326/3888/136 5328/3886/136 5327/3889/136
f 5324/3890/136 5326/3888/136 5327/3889/136
f 5324/3890/136 5325/3891/136 5326/3888/136
f 5324/3890/136 5322/3892/136 5325/3891/136
f 5324/3890/136 5323/3893/136 5322/3892/136
f 5322/3892/136 5323/3893/136 5320/3894/136
f 5322/3892/136 5320/3894/136 5321/3895/136
f 5318/3896/136 5321/3895/136 5320/3894/136
f 5318/3896/136 5320/3894/136 5319/3897/136
f 5318/3896/136 5319/3897/136 5316/3898/136
f 5318/3896/136 5316/3898/136 5317/3899/136
f 5315/3900/136 5317/3899/136 5316/3898/136
f 5315/3900/136 5316/3898/136 5314/3901/136
f 5313/3902/136 5315/3900/136 5314/3901/136
f 5313/3902/136 5314/3901/136 5312/3903/136
f 5310/3904/136 5313/3902/136 5312/3903/136
f 5310/3904/136 5312/3903/136 5311/3905/136
f 5310/3904/136 5311/3905/136 5308/3906/136
f 5310/3904/136 5308/3906/136 5309/3907/136
f 5306/3908/136 5309/3907/136 5308/3906/136
f 5306/3908/136 5308/3906/136 5307/3909/136
f 5304/3910/136 5306/3908/136 5307/3909/136
f 5304/3910/136 5305/3911/136 5306/3908/136
f 5300/3912/136 5305/3911/136 5304/3910/136
f 5300/3912/136 5304/3910/136 5303/3913/136
f 5302/3830/136 5300/3912/136 5303/3913/136
f 5302/3830/136 5301/3829/136 5300/3912/136
f 5296/4098/2024 5298/4099/50 5299/4100/876
f 5296/4098/2024 5297/4101/2025 5298/4099/50
f 5296/4098/2024 5295/4102/2026 5297/4101/2025
f 5296/4098/2024 5294/4103/2027 5295/4102/2026
f 5294/4103/2027 5293/4104/2028 5295/4102/2026
f 5294/4103/2027 5292/4105/2029 5293/4104/2028
f 5292/4105/2029 5291/4106/2030 5293/4104/2028
f 5292/4105/2029 5290/4107/2031 5291/4106/2030
f 5290/4107/2031 5286/4108/2032 5291/4106/2030
f 5290/4107/2031 5289/4109/2033 5286/4108/2032
f 5288/4110/1482 5286/4108/2032 5289/4109/2033
f 5288/4110/1482 5287/4111/1482 5286/4108/2032
f 5284/4112/2034 5285/4113/40 5267/4114/2035
f 5284/4112/2034 5267/4114/2035 5269/4115/2036
f 5283/4116/2037 5249/4117/1670 5250/4118/1670
f 5283/4116/2037 5282/4119/2037 5249/4117/1670
f 5281/4120/2038 5282/4119/2037 5283/4116/2037
f 5281/4120/2038 5280/4121/1824 5282/4119/2037
f 5279/4122/2039 5280/4121/1824 5281/4120/2038
f 5279/4122/2039 5278/4123/2039 5280/4121/1824
f 5278/4123/2039 5279/4122/2039 5276/4124/2040
f 5278/4123/2039 5276/4124/2040 5277/4125/2040
f 5274/4126/2041 5277/4125/2040 5276/4124/2040
f 5274/4126/2041 5276/4124/2040 5275/4127/2042
f 5274/4126/2041 5275/4127/2042 5273/4128/2043
f 5274/4126/2041 5273/4128/2043 5272/4129/2044
f 5272/4129/2044 5273/4128/2043 5271/4130/2045
f 5272/4129/2044 5271/4130/2045 5270/4131/2046
f 5270/4131/2046 5271/4130/2045 5269/4115/2036
f 5270/4131/2046 5269/4115/2036 5268/4132/2047
f 5268/4132/2047 5269/4115/2036 5267/4114/2035
f 5268/4132/2047 5267/4114/2035 5266/4133/2048
f 5234/4134/2049 5235/4135/2049 5265/4136/1984
f 5234/4134/2049 5265/4136/1984 5264/4137/1984
f 5264/4137/1984 5265/4136/1984 5263/4138/2050
f 5264/4137/1984 5263/4138/2050 5262/4139/2050
f 5262/4139/2050 5263/4138/2050 5261/4140/1987
f 5262/4139/2050 5261/4140/1987 5260/4141/1987
f 5260/4141/1987 5261/4140/1987 5259/4142/2051
f 5260/4141/1987 5259/4142/2051 5258/4143/2052
f 5258/4143/2052 5259/4142/2051 5257/4144/2053
f 5258/4143/2052 5257/4144/2053 5256/4145/2054
f 5256/4145/2054 5257/4144/2053 5255/4146/1
f 5256/4145/2054 5255/4146/1 5254/4147/1
f 5253/4148/2055 5254/4147/1 5255/4146/1
f 5253/4148/2055 5252/4149/2056 5254/4147/1
f 5251/4150/2057 5252/4149/2056 5253/4148/2055
f 5251/4150/2057 5248/4151/2058 5252/4149/2056
f 5250/4118/1670 5248/4151/2058 5251/4150/2057
f 5250/4118/1670 5249/4117/1670 5248/4151/2058
f 5247/4152/2059 5245/4153/2060 5246/4154/2061
f 5246/4154/2061 5245/4153/2060 5230/4155/2062
f 5230/4155/2062 5245/4153/2060 5229/4156/2063
f 5243/4157/2064 5229/4156/2063 5245/4153/2060
f 5243/4157/2064 5244/4158/2065 5229/4156/2063
f 5242/4159/2066 5244/4158/2065 5243/4157/2064
f 5242/4159/2066 5243/4157/2064 5241/4160/2067
f 5240/4161/2068 5242/4159/2066 5241/4160/2067
f 5240/4161/2068 5241/4160/2067 5239/4162/2069
f 5238/4163/2070 5240/4161/2068 5239/4162/2069
f 5238/4163/2070 5239/4162/2069 5237/4164/2071
f 5237/4164/2071 5233/4165/2072 5238/4163/2070
f 5237/4164/2071 5236/4166/2072 5233/4165/2072
f 5235/4135/2049 5233/4165/2072 5236/4166/2072
f 5235/4135/2049 5234/4134/2049 5233/4165/2072
f 5232/4167/2073 5231/4168/2074 5229/4156/2063
f 5231/4168/2074 5230/4155/2062 5229/4156/2063
f 5228/4169/2075 5204/4170/98 5205/4171/151
f 5228/4169/2075 5227/4172/2075 5204/4170/98
f 5226/4173/2076 5227/4172/2075 5228/4169/2075
f 5226/4173/2076 5225/4174/2077 5227/4172/2075
f 5224/4175/136 5225/4174/2077 5226/4173/2076
f 5224/4175/136 5223/4176/136 5225/4174/2077
f 5222/4177/2078 5223/4176/136 5224/4175/136
f 5222/4177/2078 5221/4178/2078 5223/4176/136
f 5220/4179/2079 5221/4178/2078 5222/4177/2078
f 5220/4179/2079 5219/4180/2080 5221/4178/2078
f 5218/4181/1 5219/4180/2080 5220/4179/2079
f 5218/4181/1 5217/4182/3 5219/4180/2080
f 5216/4183/1030 5217/4182/3 5218/4181/1
f 5216/4183/1030 5215/4184/1030 5217/4182/3
f 5214/4185/596 5215/4184/1030 5216/4183/1030
f 5214/4185/596 5211/4186/596 5215/4184/1030
f 5213/4187/2081 5211/4186/596 5214/4185/596
f 5213/4187/2081 5212/4188/2082 5211/4186/596
f 5208/4189/1028 5209/4190/581 5210/4191/625
f 5208/4189/1028 5207/4192/2083 5209/4190/581
f 5206/4193/2084 5207/4192/2083 5208/4189/1028
f 5206/4193/2084 5203/4194/2085 5207/4192/2083
f 5205/4171/151 5203/4194/2085 5206/4193/2084
f 5205/4171/151 5204/4170/98 5203/4194/2085
f 5200/4195/2086 5201/4196/1987 5202/4197/1987
f 5200/4195/2086 5199/4198/2087 5201/4196/1987
f 5198/4199/10 5199/4198/2087 5200/4195/2086
f 5198/4199/10 5197/4200/10 5199/4198/2087
f 5196/4201/787 5197/4200/10 5198/4199/10
f 5196/4201/787 5195/4202/787 5197/4200/10
f 5194/4203/2088 5195/4202/787 5196/4201/787
f 5194/4203/2088 5193/4204/2088 5195/4202/787
f 5192/4205/1475 5193/4204/2088 5194/4203/2088
f 5192/4205/1475 5191/4206/1475 5193/4204/2088
f 5190/4207/2089 5191/4206/1475 5192/4205/1475
f 5190/4207/2089 5189/4208/2090 5191/4206/1475
f 5188/4209/1493 5189/4208/2090 5190/4207/2089
f 5188/4209/1493 5187/4210/2091 5189/4208/2090
f 5186/4211/98 5187/4210/2091 5188/4209/1493
f 5186/4211/98 5185/4212/101 5187/4210/2091
f 5184/4213/1489 5185/4212/101 5186/4211/98
f 5184/4213/1489 5183/4214/1489 5185/4212/101
f 5182/4215/2092 5183/4214/1489 5184/4213/1489
f 5182/4215/2092 5181/4216/2093 5183/4214/1489
f 5180/4217/671 5181/4216/2093 5182/4215/2092
f 5180/4217/671 5177/4218/672 5181/4216/2093
f 5179/4219/2094 5177/4218/672 5180/4217/671
f 5179/4219/2094 5178/4220/2095 5177/4218/672
f 5176/4221/786 5152/4222/2096 5153/4223/2097
f 5176/4221/786 5175/4224/786 5152/4222/2096
f 5174/4225/874 5175/4224/786 5176/4221/786
f 5174/4225/874 5173/4226/874 5175/4224/786
f 5172/4227/2098 5173/4226/874 5174/4225/874
f 5172/4227/2098 5171/4228/2099 5173/4226/874
f 5170/4229/1493 5171/4228/2099 5172/4227/2098
f 5170/4229/1493 5169/4230/1491 5171/4228/2099
f 5168/4231/98 5169/4230/1491 5170/4229/1493
f 5168/4231/98 5167/4232/98 5169/4230/1491
f 5166/4233/1488 5167/4232/98 5168/4231/98
f 5166/4233/1488 5165/4234/1489 5167/4232/98
f 5164/4235/2100 5165/4234/1489 5166/4233/1488
f 5164/4235/2100 5163/4236/2100 5165/4234/1489
f 5162/4237/671 5163/4236/2100 5164/4235/2100
f 5162/4237/671 5159/4238/2101 5163/4236/2100
f 5161/4239/2094 5159/4238/2101 5162/4237/671
f 5161/4239/2094 5160/4240/2095 5159/4238/2101
f 5156/4241/2102 5157/4242/1810 5158/4243/1810
f 5156/4241/2102 5155/4244/788 5157/4242/1810
f 5154/4245/209 5155/4244/788 5156/4241/2102
f 5154/4245/209 5151/4246/209 5155/4244/788
f 5153/4223/2097 5151/4246/209 5154/4245/209
f 5153/4223/2097 5152/4222/2096 5151/4246/209
f 5125/4247/2103 5150/4248/2104 5129/4249/2105
f 5149/4250/2106 5129/4249/2105 5150/4248/2104
f 5149/4250/2106 5133/4251/2107 5129/4249/2105
f 5149/4250/2106 5135/4252/2108 5133/4251/2107
f 5149/4250/2106 5148/4253/2109 5135/4252/2108
f 5137/4254/2110 5135/4252/2108 5148/4253/2109
f 5136/4255/2111 5147/4256/2112 5134/4257/1319
f 5138/4258/2113 5147/4256/2112 5136/4255/2111
f 5138/4258/2113 5146/4259/2114 5147/4256/2112
f 5138/4258/2113 5145/4260/2115 5146/4259/2114
f 5138/4258/2113 5140/4261/2116 5145/4260/2115
f 5140/4261/2116 5142/4262/1336 5145/4260/2115
f 5127/4263/2117 5128/4264/2118 5144/4265/2119
f 5128/4264/2118 5143/4266/2120 5144/4265/2119
f 5128/4264/2118 5130/4267/2121 5143/4266/2120
f 5140/4261/2116 5141/4268/2122 5142/4262/1336
f 5122/4269/2123 5141/4268/2122 5140/4261/2116
f 5122/4269/2123 5140/4261/2116 5124/4270/2124
f 5124/4270/2124 5140/4261/2116 5138/4258/2113
f 5124/4270/2124 5138/4258/2113 5139/4271/2125
f 5137/4254/2110 5139/4271/2125 5138/4258/2113
f 5137/4254/2110 5138/4258/2113 5136/4255/2111
f 5137/4254/2110 5136/4255/2111 5135/4252/2108
f 5136/4255/2111 5134/4257/1319 5135/4252/2108
f 5134/4257/1319 5133/4251/2107 5135/4252/2108
f 5134/4257/1319 5132/4272/2126 5133/4251/2107
f 5132/4272/2126 5129/4249/2105 5133/4251/2107
f 5132/4272/2126 5131/4273/2127 5129/4249/2105
f 5129/4249/2105 5131/4273/2127 5130/4267/2121
f 5129/4249/2105 5130/4267/2121 5128/4264/2118
f 5125/4247/2103 5129/4249/2105 5128/4264/2118
f 5127/4263/2117 5125/4247/2103 5128/4264/2118
f 5127/4263/2117 5126/4274/2128 5125/4247/2103
f 5124/4270/2124 5123/4275/2129 5122/4269/2123
f 5120/4276/2130 5121/4277/2130 5119/4278/2130
f 5120/4276/2130 5119/4278/2130 5118/4279/2131
f 5116/4280/2132 5117/4281/2133 5115/4282/2133
f 5116/4280/2132 5115/4282/2133 5114/4283/2132
f 5112/4284/2134 5113/4285/2134 5111/4286/2135
f 5112/4284/2134 5111/4286/2135 5110/4287/2135
f 5108/4288/2136 5109/4289/2136 5107/4290/2136
f 5108/4288/2136 5107/4290/2136 5106/4291/2136
f 5104/4276/2137 5105/4277/2138 5103/4278/2137
f 5104/4276/2137 5103/4278/2137 5102/4279/2137
f 5100/4280/2139 5101/4281/2140 5099/4282/2141
f 5100/4280/2139 5099/4282/2141 5098/4283/2141
f 5096/4284/2142 5097/4285/2142 5095/4286/2142
f 5096/4284/2142 5095/4286/2142 5094/4287/2142
f 5092/4288/2143 5093/4289/2144 5091/4290/2143
f 5092/4288/2143 5091/4290/2143 5090/4291/2145
f 5088/4276/2146 5089/4277/2147 5087/4278/2148
f 5088/4276/2146 5087/4278/2148 5086/4279/2149
f 5084/4280/2150 5085/4281/2151 5083/4282/2150
f 5084/4280/2150 5083/4282/2150 5082/4283/2151
f 5080/4284/2152 5081/4285/2153 5079/4286/2153
f 5080/4284/2152 5079/4286/2153 5078/4287/2152
f 5076/4288/2154 5077/4289/2154 5075/4290/2155
f 5076/4288/2154 5075/4290/2155 5074/4291/2154
f 5072/4276/2156 5073/4277/2156 5071/4278/2156
f 5072/4276/2156 5071/4278/2156 5070/4279/2156
f 5068/4280/2157 5069/4281/2158 5067/4282/2158
f 5068/4280/2157 5067/4282/2158 5066/4283/2157
f 5064/4284/2159 5065/4285/2159 5063/4286/2159
f 5064/4284/2159 5063/4286/2159 5062/4287/2159
f 5060/4288/2160 5061/4289/2160 5059/4290/2160
f 5060/4288/2160 5059/4290/2160 5058/4291/2161
f 5056/4276/2162 5057/4277/2162 5055/4278/2162
f 5056/4276/2162 5055/4278/2162 5054/4279/2162
f 5052/4280/2163 5053/4281/2164 5051/4282/2164
f 5052/4280/2163 5051/4282/2164 5050/4283/2164
f 5048/4284/2165 5049/4285/2166 5047/4286/2167
f 5048/4284/2165 5047/4286/2167 5046/4287/2166
f 5044/4288/2168 5045/4289/2168 5043/4290/2168
f 5044/4288/2168 5043/4290/2168 5042/4291/2169
f 5040/4276/2170 5041/4277/2171 5039/4278/2172
f 5040/4276/2170 5039/4278/2172 5038/4279/2173
f 5036/4280/2174 5037/4281/2174 5035/4282/2174
f 5036/4280/2174 5035/4282/2174 5034/4283/2174
f 5032/4284/2175 5033/4285/2176 5031/4286/2175
f 5032/4284/2175 5031/4286/2175 5030/4287/2175
f 5028/4288/2177 5029/4289/2178 5027/4290/2177
f 5028/4288/2177 5027/4290/2177 5026/4291/2177
f 5017/4292/136 5016/4293/2179 5025/4294/136
f 5016/4293/2179 5024/4295/131 5025/4294/136
f 5016/4293/2179 5015/4296/2180 5024/4295/131
f 5015/4296/2180 5023/4297/136 5024/4295/131
f 5015/4296/2180 5013/4298/2181 5023/4297/136
f 5013/4298/2181 5012/4299/136 5023/4297/136
f 5010/4300/136 5009/4301/2182 5022/4302/136
f 5009/4301/2182 5021/4303/131 5022/4302/136
f 5009/4301/2182 5008/4304/2183 5021/4303/131
f 5008/4304/2183 5020/4305/136 5021/4303/131
f 5008/4304/2183 5006/4306/2184 5020/4305/136
f 5006/4306/2184 5019/4307/136 5020/4305/136
f 5006/4306/2184 5003/4308/2185 5019/4307/136
f 5019/4307/136 5003/4308/2185 5001/4309/2186
f 5019/4307/136 5001/4309/2186 5018/4310/136
f 5018/4310/136 5001/4309/2186 5000/4311/2187
f 5018/4310/136 5000/4311/2187 5017/4292/136
f 5017/4292/136 5000/4311/2187 5016/4293/2179
f 5000/4311/2187 4998/4312/2188 5016/4293/2179
f 5015/4296/2180 5016/4293/2179 4998/4312/2188
f 5015/4296/2180 4998/4312/2188 5014/4313/2189
f 5013/4298/2181 5015/4296/2180 5014/4313/2189
f 5013/4298/2181 5014/4313/2189 4997/4314/2190
f 4995/4315/2191 5013/4298/2181 4997/4314/2190
f 5013/4298/2181 4995/4315/2191 5012/4299/136
f 5012/4299/136 4995/4315/2191 4993/4316/2192
f 5012/4299/136 4993/4316/2192 5011/4317/136
f 5011/4317/136 4993/4316/2192 4992/4318/2193
f 5011/4317/136 4992/4318/2193 5010/4300/136
f 5010/4300/136 4992/4318/2193 5009/4301/2182
f 4992/4318/2193 4990/4319/2194 5009/4301/2182
f 5008/4304/2183 5009/4301/2182 4990/4319/2194
f 5008/4304/2183 4990/4319/2194 5007/4320/2195
f 5006/4306/2184 5008/4304/2183 5007/4320/2195
f 5006/4306/2184 5007/4320/2195 5005/4321/2196
f 5003/4308/2185 5006/4306/2184 5005/4321/2196
f 5003/4308/2185 5005/4321/2196 5004/4322/2197
f 5003/4308/2185 5004/4322/2197 5002/4323/2198
f 5003/4308/2185 5002/4323/2198 5001/4309/2186
f 5001/4309/2186 5002/4323/2198 4999/4324/2199
f 5001/4309/2186 4999/4324/2199 5000/4311/2187
f 5000/4311/2187 4999/4324/2199 4998/4312/2188
f 4995/4315/2191 4997/4314/2190 4996/4325/2200
f 4995/4315/2191 4996/4325/2200 4994/4326/2201
f 4995/4315/2191 4994/4326/2201 4993/4316/2192
f 4993/4316/2192 4994/4326/2201 4991/4327/2202
f 4993/4316/2192 4991/4327/2202 4992/4318/2193
f 4992/4318/2193 4991/4327/2202 4990/4319/2194
f 4976/4328/2203 4989/4329/2204 4974/4330/2205
f 4988/4331/2206 4987/4332/2207 4966/4333/2208
f 4968/4334/2209 4966/4333/2208 4987/4332/2207
f 4986/4335/1030 4968/4334/2209 4987/4332/2207
f 4986/4335/1030 4985/4336/1030 4968/4334/2209
f 4984/4337/596 4985/4336/1030 4986/4335/1030
f 4984/4337/596 4983/4338/596 4985/4336/1030
f 4982/4339/86 4983/4338/596 4984/4337/596
f 4982/4339/86 4981/4340/86 4983/4338/596
f 4980/4341/2210 4981/4340/86 4982/4339/86
f 4980/4341/2210 4979/4342/2083 4981/4340/86
f 4978/4343/2084 4979/4342/2083 4980/4341/2210
f 4978/4343/2084 4977/4344/2084 4979/4342/2083
f 4976/4328/2203 4977/4344/2084 4978/4343/2084
f 4976/4328/2203 4975/4345/2211 4977/4344/2084
f 4974/4330/2205 4975/4345/2211 4976/4328/2203
f 4974/4330/2205 4973/4346/2212 4975/4345/2211
f 4972/4347/2076 4973/4346/2212 4974/4330/2205
f 4972/4347/2076 4969/4348/2213 4973/4346/2212
f 4971/4349/2214 4969/4348/2213 4972/4347/2076
f 4971/4349/2214 4970/4350/2215 4969/4348/2213
f 4968/4334/2209 4967/4351/2216 4966/4333/2208
f 4966/4333/2208 4967/4351/2216 4965/4352/2217
f 4966/4333/2208 4965/4352/2217 4964/4353/2218
f 4964/4353/2218 4965/4352/2217 4963/4354/2219
f 4964/4353/2218 4963/4354/2219 4962/4355/606
f 4957/4356/2220 4961/4357/2221 4958/4358/2222
f 4957/4356/2220 4956/4359/2223 4961/4357/2221
f 4956/4359/2223 4955/4360/2224 4961/4357/2221
f 4940/4361/2225 4960/4362/2226 4942/4363/2227
f 4941/4364/2228 4960/4362/2226 4940/4361/2225
f 4941/4364/2228 4959/4365/2229 4960/4362/2226
f 4941/4364/2228 4958/4358/2222 4959/4365/2229
f 4941/4364/2228 4957/4356/2220 4958/4358/2222
f 4957/4356/2220 4941/4364/2228 4937/4366/86
f 4956/4359/2223 4957/4356/2220 4937/4366/86
f 4949/4367/2230 4956/4359/2223 4937/4366/86
f 4956/4359/2223 4949/4367/2230 4955/4360/2224
f 4948/4368/2231 4955/4360/2224 4949/4367/2230
f 4948/4368/2231 4954/4369/2232 4955/4360/2224
f 4947/4370/2233 4954/4369/2232 4948/4368/2231
f 4947/4370/2233 4953/4371/2234 4954/4369/2232
f 4946/4372/2235 4953/4371/2234 4947/4370/2233
f 4946/4372/2235 4952/4373/2236 4953/4371/2234
f 4946/4372/2235 4951/4374/2237 4952/4373/2236
f 4946/4372/2235 4945/4375/2238 4951/4374/2237
f 4945/4375/2238 4950/4376/2239 4951/4374/2237
f 4945/4375/2238 4944/4377/2240 4950/4376/2239
f 4944/4377/2240 4943/4378/2241 4950/4376/2239
f 4948/4368/2231 4949/4367/2230 4937/4366/86
f 4947/4370/2233 4948/4368/2231 4937/4366/86
f 4946/4372/2235 4947/4370/2233 4937/4366/86
f 4945/4375/2238 4946/4372/2235 4937/4366/86
f 4944/4377/2240 4945/4375/2238 4937/4366/86
f 4938/4379/2242 4944/4377/2240 4937/4366/86
f 4944/4377/2240 4938/4379/2242 4943/4378/2241
f 4939/4380/2243 4943/4378/2241 4938/4379/2242
f 4939/4380/2243 4942/4363/2227 4943/4378/2241
f 4940/4361/2225 4942/4363/2227 4939/4380/2243
f 4941/4364/2228 4940/4361/2225 4937/4366/86
f 4940/4361/2225 4939/4380/2243 4937/4366/86
f 4939/4380/2243 4938/4379/2242 4937/4366/86
f 4907/4381/2244 4905/4382/2245 4936/4383/2246
f 4936/4383/2246 4905/4382/2245 4932/4384/2247
f 4936/4383/2246 4932/4384/2247 4935/4385/2248
f 4932/4384/2247 4931/4386/2249 4935/4385/2248
f 4927/4387/2250 4926/4388/2251 4934/4389/2252
f 4926/4388/2251 4925/4390/2253 4934/4389/2252
f 4930/4391/2254 4929/4392/2255 4933/4393/2256
f 4929/4392/2255 4928/4394/2257 4933/4393/2256
f 4906/4395/2258 4915/4396/2259 4905/4382/2245
f 4905/4382/2245 4915/4396/2259 4932/4384/2247
f 4932/4384/2247 4915/4396/2259 4921/4397/2260
f 4932/4384/2247 4921/4397/2260 4931/4386/2249
f 4931/4386/2249 4921/4397/2260 4922/4398/2261
f 4931/4386/2249 4922/4398/2261 4930/4391/2254
f 4930/4391/2254 4922/4398/2261 4929/4392/2255
f 4922/4398/2261 4920/4399/2262 4929/4392/2255
f 4929/4392/2255 4920/4399/2262 4928/4394/2257
f 4928/4394/2257 4920/4399/2262 4919/4400/2263
f 4928/4394/2257 4919/4400/2263 4927/4387/2250
f 4927/4387/2250 4919/4400/2263 4926/4388/2251
f 4926/4388/2251 4919/4400/2263 4918/4401/2264
f 4926/4388/2251 4918/4401/2264 4925/4390/2253
f 4925/4390/2253 4918/4401/2264 4917/4402/2265
f 4925/4390/2253 4917/4402/2265 4924/4403/2266
f 4924/4403/2266 4917/4402/2265 4916/4404/2267
f 4924/4403/2266 4916/4404/2267 4923/4405/2268
f 4916/4404/2267 4914/4406/2269 4923/4405/2268
f 4906/4395/2258 4913/4407/2270 4915/4396/2259
f 4912/4408/2271 4913/4407/2270 4906/4395/2258
f 4912/4408/2271 4906/4395/2258 4911/4409/2272
f 4911/4409/2272 4906/4395/2258 4908/4410/2273
f 4921/4397/2260 4920/4399/2262 4922/4398/2261
f 4915/4396/2259 4920/4399/2262 4921/4397/2260
f 4915/4396/2259 4919/4400/2263 4920/4399/2262
f 4918/4401/2264 4919/4400/2263 4915/4396/2259
f 4918/4401/2264 4915/4396/2259 4917/4402/2265
f 4917/4402/2265 4915/4396/2259 4916/4404/2267
f 4916/4404/2267 4915/4396/2259 4914/4406/2269
f 4914/4406/2269 4915/4396/2259 4913/4407/2270
f 4914/4406/2269 4913/4407/2270 4904/4411/2274
f 4904/4411/2274 4913/4407/2270 4903/4412/2275
f 4903/4412/2275 4913/4407/2270 4912/4408/2271
f 4903/4412/2275 4912/4408/2271 4902/4413/2276
f 4902/4413/2276 4912/4408/2271 4911/4409/2272
f 4902/4413/2276 4911/4409/2272 4910/4414/2277
f 4910/4414/2277 4911/4409/2272 4908/4410/2273
f 4910/4414/2277 4908/4410/2273 4909/4415/2278
f 4908/4410/2273 4907/4381/2244 4909/4415/2278
f 4908/4410/2273 4906/4395/2258 4907/4381/2244
f 4907/4381/2244 4906/4395/2258 4905/4382/2245
f 4904/4411/2274 4903/4412/2275 4901/4416/2279
f 4903/4412/2275 4902/4413/2276 4901/4416/2279
f 4900/4417/2280 4897/4418/2281 4899/4419/2282
f 4899/4419/2282 4897/4418/2281 4898/4420/2283
f 4885/4421/2284 4898/4420/2283 4897/4418/2281
f 4885/4421/2284 4897/4418/2281 4884/4422/2285
f 4896/4423/2286 4884/4422/2285 4897/4418/2281
f 4896/4423/2286 4895/4424/2287 4884/4422/2285
f 4894/4425/2288 4895/4424/2287 4896/4423/2286
f 4894/4425/2288 4893/4426/2289 4895/4424/2287
f 4892/4427/2290 4893/4426/2289 4894/4425/2288
f 4892/4427/2290 4891/4428/2291 4893/4426/2289
f 4891/4428/2291 4892/4427/2290 4890/4429/2292
f 4891/4428/2291 4890/4429/2292 4889/4430/2293
f 4884/4422/2285 4888/4431/2294 4887/4432/2295
f 4886/4433/2296 4884/4422/2285 4887/4432/2295
f 4886/4433/2296 4885/4421/2284 4884/4422/2285
f 4883/4434/136 4871/4435/2297 4882/4436/136
f 4871/4435/2297 4881/4437/136 4882/4436/136
f 4881/4437/136 4871/4435/2297 4880/4438/136
f 4880/4438/136 4871/4435/2297 4879/4439/136
f 4879/4439/136 4871/4435/2297 4873/4440/131
f 4878/4441/136 4877/4442/136 4872/4443/2298
f 4877/4442/136 4876/4444/136 4872/4443/2298
f 4876/4444/136 4875/4445/131 4872/4443/2298
f 4875/4445/131 4874/4446/136 4872/4443/2298
f 4874/4446/136 4873/4440/131 4872/4443/2298
f 4873/4440/131 4871/4435/2297 4872/4443/2298
f 4870/4447/2299 4872/4443/2298 4871/4435/2297
f 4870/4447/2299 4871/4435/2297 4869/4448/2300
f 4868/4449/2301 4870/4447/2299 4869/4448/2300
f 4868/4449/2301 4869/4448/2300 4867/4450/2302
f 4866/4451/2303 4868/4449/2301 4867/4450/2302
f 4866/4451/2303 4867/4450/2302 4859/4452/2304
f 4859/4452/2304 4857/4453/2305 4866/4451/2303
f 4866/4451/2303 4857/4453/2305 4865/4454/2306
f 4865/4454/2306 4857/4453/2305 4864/4455/2307
f 4865/4454/2306 4864/4455/2307 4863/4456/2308
f 4861/4457/2309 4862/4458/2310 4858/4459/2311
f 4861/4457/2309 4858/4459/2311 4860/4460/2312
f 4860/4460/2312 4858/4459/2311 4859/4452/2304
f 4859/4452/2304 4858/4459/2311 4857/4453/2305
f 4854/4461/621 4852/4462/2313 4856/4463/621
f 4855/4464/621 4853/4465/2314 4854/4461/621
f 4854/4461/621 4853/4465/2314 4852/4462/2313
f 4851/4466/102 4852/4462/2313 4853/4465/2314
f 4851/4466/102 4850/4467/102 4852/4462/2313
f 4849/4468/618 4850/4467/102 4851/4466/102
f 4849/4468/618 4848/4469/618 4850/4467/102
f 4847/4470/1027 4848/4469/618 4849/4468/618
f 4847/4470/1027 4846/4471/2315 4848/4469/618
f 4845/4472/86 4846/4471/2315 4847/4470/1027
f 4845/4472/86 4844/4473/86 4846/4471/2315
f 4843/4474/596 4844/4473/86 4845/4472/86
f 4843/4474/596 4842/4475/596 4844/4473/86
f 4841/4476/1030 4842/4475/596 4843/4474/596
f 4841/4476/1030 4840/4477/1030 4842/4475/596
f 4839/4478/3 4840/4477/1030 4841/4476/1030
f 4839/4478/3 4838/4479/3 4840/4477/1030
f 4833/4480/2316 4838/4479/3 4839/4478/3
f 4833/4480/2316 4837/4481/2317 4838/4479/3
f 4837/4481/2317 4833/4480/2316 4834/4482/627
f 4837/4481/2317 4834/4482/627 4836/4483/627
f 4835/4484/627 4834/4482/627 4833/4480/2316
f 4830/4485/86 4832/4486/86 4828/4487/2318
f 4831/4488/86 4830/4485/86 4829/4489/2319
f 4830/4485/86 4828/4487/2318 4829/4489/2319
f 4827/4490/2320 4829/4489/2319 4828/4487/2318
f 4827/4490/2320 4828/4487/2318 4826/4491/2321
f 4825/4492/2322 4827/4490/2320 4826/4491/2321
f 4825/4492/2322 4826/4491/2321 4824/4493/2323
f 4823/4494/2324 4825/4492/2322 4824/4493/2323
f 4823/4494/2324 4824/4493/2323 4822/4495/2325
f 4822/4495/2325 4820/4496/2326 4823/4494/2324
f 4822/4495/2325 4821/4497/2327 4820/4496/2326
f 4803/4498/102 4819/4499/1983 4802/4500/2328
f 4819/4499/1983 4801/4501/2329 4802/4500/2328
f 4819/4499/1983 4818/4502/2329 4801/4501/2329
f 4800/4503/2330 4801/4501/2329 4818/4502/2329
f 4800/4503/2330 4818/4502/2329 4817/4504/1680
f 4816/4505/1981 4800/4503/2330 4817/4504/1680
f 4816/4505/1981 4817/4504/1680 4815/4506/1981
f 4815/4506/1981 4812/4507/2331 4816/4505/1981
f 4815/4506/1981 4814/4508/2332 4812/4507/2331
f 4814/4508/2332 4813/4509/2333 4812/4507/2331
f 4811/4510/2334 4810/4511/2335 4809/4512/2336
f 4809/4512/2336 4810/4511/2335 4807/4513/2337
f 4809/4512/2336 4807/4513/2337 4808/4514/1817
f 4807/4513/2337 4789/4515/2338 4808/4514/1817
f 4807/4513/2337 4806/4516/2339 4789/4515/2338
f 4806/4516/2339 4792/4517/1821 4789/4515/2338
f 4806/4516/2339 4805/4518/2340 4792/4517/1821
f 4792/4517/1821 4805/4518/2340 4804/4519/1822
f 4792/4517/1821 4804/4519/1822 4793/4520/2341
f 4793/4520/2341 4804/4519/1822 4803/4498/102
f 4793/4520/2341 4803/4498/102 4795/4521/2342
f 4803/4498/102 4802/4500/2328 4795/4521/2342
f 4797/4522/2343 4795/4521/2342 4802/4500/2328
f 4801/4501/2329 4797/4522/2343 4802/4500/2328
f 4801/4501/2329 4798/4523/2329 4797/4522/2343
f 4800/4503/2330 4798/4523/2329 4801/4501/2329
f 4800/4503/2330 4799/4524/2344 4798/4523/2329
f 4797/4522/2343 4796/4525/2345 4795/4521/2342
f 4795/4521/2342 4796/4525/2345 4794/4526/2346
f 4795/4521/2342 4794/4526/2346 4793/4520/2341
f 4793/4520/2341 4794/4526/2346 4791/4527/1993
f 4793/4520/2341 4791/4527/1993 4792/4517/1821
f 4791/4527/1993 4789/4515/2338 4792/4517/1821
f 4791/4527/1993 4790/4528/2347 4789/4515/2338
f 4767/4529/1680 4765/4530/2348 4788/4531/1680
f 4787/4532/2349 4767/4529/1680 4788/4531/1680
f 4787/4532/2349 4788/4531/1680 4786/4533/2349
f 4786/4533/2349 4784/4534/2350 4787/4532/2349
f 4786/4533/2349 4785/4535/2350 4784/4534/2350
f 4782/4536/2351 4784/4534/2350 4785/4535/2350
f 4782/4536/2351 4783/4537/2351 4784/4534/2350
f 4782/4536/2351 4781/4538/2352 4783/4537/2351
f 4782/4536/2351 4780/4539/2353 4781/4538/2352
f 4780/4539/2353 4779/4540/2354 4781/4538/2352
f 4780/4539/2353 4778/4541/2354 4779/4540/2354
f 4778/4541/2354 4777/4542/2355 4779/4540/2354
f 4778/4541/2354 4776/4543/2355 4777/4542/2355
f 4776/4543/2355 4774/4544/2356 4777/4542/2355
f 4776/4543/2355 4775/4545/1817 4774/4544/2356
f 4774/4544/2356 4775/4545/1817 4773/4546/2335
f 4774/4544/2356 4773/4546/2335 4771/4547/2336
f 4773/4546/2335 4772/4548/2357 4771/4547/2336
f 4768/4549/2332 4769/4550/2358 4770/4551/2333
f 4768/4549/2332 4766/4552/2359 4769/4550/2358
f 4768/4549/2332 4765/4530/2348 4766/4552/2359
f 4767/4529/1680 4766/4552/2359 4765/4530/2348
f 4741/4553/50 4742/4554/50 4764/4555/50
f 4741/4553/50 4764/4555/50 4763/4556/50
f 4763/4556/50 4764/4555/50 4762/4557/50
f 4763/4556/50 4762/4557/50 4761/4558/50
f 4761/4558/50 4762/4557/50 4760/4559/50
f 4761/4558/50 4760/4559/50 4759/4560/50
f 4759/4560/50 4760/4559/50 4758/4561/50
f 4759/4560/50 4758/4561/50 4757/4562/50
f 4757/4562/50 4758/4561/50 4756/4563/50
f 4757/4562/50 4756/4563/50 4755/4564/50
f 4755/4564/50 4756/4563/50 4754/4565/50
f 4755/4564/50 4754/4565/50 4753/4566/50
f 4753/4566/50 4754/4565/50 4752/4567/2360
f 4753/4566/50 4752/4567/2360 4751/4568/716
f 4751/4568/716 4752/4567/2360 4750/4569/50
f 4751/4568/716 4750/4569/50 4749/4570/50
f 4749/4570/50 4750/4569/50 4748/4571/50
f 4749/4570/50 4748/4571/50 4747/4572/50
f 4747/4572/50 4748/4571/50 4746/4573/50
f 4747/4572/50 4746/4573/50 4745/4574/50
f 4745/4574/50 4746/4573/50 4744/4575/50
f 4745/4574/50 4744/4575/50 4743/4576/50
f 4743/4576/50 4744/4575/50 4742/4554/50
f 4743/4576/50 4742/4554/50 4741/4553/50
f 4633/4577/86 4634/4578/86 4740/4579/86
f 4633/4577/86 4740/4579/86 4739/4580/86
f 4739/4580/86 4740/4579/86 4738/4581/86
f 4739/4580/86 4738/4581/86 4737/4582/86
f 4737/4582/86 4738/4581/86 4735/4583/86
f 4737/4582/86 4735/4583/86 4736/4584/86
f 4735/4583/86 4733/4585/86 4736/4584/86
f 4735/4583/86 4734/4586/86 4733/4585/86
f 4733/4585/86 4734/4586/86 4731/4587/86
f 4733/4585/86 4731/4587/86 4732/4588/86
f 4731/4587/86 4729/4589/86 4732/4588/86
f 4731/4587/86 4730/4590/86 4729/4589/86
f 4729/4589/86 4730/4590/86 4727/4591/86
f 4729/4589/86 4727/4591/86 4728/4592/86
f 4727/4591/86 4725/4593/86 4728/4592/86
f 4727/4591/86 4726/4594/86 4725/4593/86
f 4725/4593/86 4726/4594/86 4631/4595/86
f 4725/4593/86 4631/4595/86 4632/4596/86
f 4677/4577/136 4678/4578/136 4724/4579/136
f 4677/4577/136 4724/4579/136 4723/4580/136
f 4723/4580/136 4724/4579/136 4722/4581/136
f 4723/4580/136 4722/4581/136 4721/4582/136
f 4721/4582/136 4722/4581/136 4719/4583/136
f 4721/4582/136 4719/4583/136 4720/4584/136
f 4719/4583/136 4717/4585/136 4720/4584/136
f 4719/4583/136 4718/4586/136 4717/4585/136
f 4717/4585/136 4718/4586/136 4715/4587/136
f 4717/4585/136 4715/4587/136 4716/4588/136
f 4715/4587/136 4713/4589/136 4716/4588/136
f 4715/4587/136 4714/4590/136 4713/4589/136
f 4713/4589/136 4714/4590/136 4711/4591/136
f 4713/4589/136 4711/4591/136 4712/4592/136
f 4711/4591/136 4709/4593/136 4712/4592/136
f 4711/4591/136 4710/4594/136 4709/4593/136
f 4709/4593/136 4710/4594/136 4707/4595/136
f 4709/4593/136 4707/4595/136 4708/4596/136
f 4707/4595/136 4705/4597/136 4708/4596/136
f 4707/4595/136 4706/4598/136 4705/4597/136
f 4705/4597/136 4706/4598/136 4703/4599/136
f 4705/4597/136 4703/4599/136 4704/4600/136
f 4703/4599/136 4701/4601/136 4704/4600/136
f 4703/4599/136 4702/4602/136 4701/4601/136
f 4701/4601/136 4702/4602/136 4699/4603/136
f 4701/4601/136 4699/4603/136 4700/4604/136
f 4699/4603/136 4697/4605/136 4700/4604/136
f 4699/4603/136 4698/4606/136 4697/4605/136
f 4695/4607/136 4697/4605/136 4698/4606/136
f 4695/4607/136 4696/4608/136 4697/4605/136
f 4695/4607/136 4693/4609/136 4696/4608/136
f 4695/4607/136 4694/4610/136 4693/4609/136
f 4693/4609/136 4694/4610/136 4691/4611/136
f 4693/4609/136 4691/4611/136 4692/4612/136
f 4691/4611/136 4689/4613/136 4692/4612/136
f 4691/4611/136 4690/4614/136 4689/4613/136
f 4689/4613/136 4690/4614/136 4688/4615/136
f 4689/4613/136 4688/4615/136 4687/4616/136
f 4687/4616/136 4688/4615/136 4685/4617/136
f 4687/4616/136 4685/4617/136 4686/4618/136
f 4685/4617/136 4684/4619/136 4686/4618/136
f 4685/4617/136 4683/4620/136 4684/4619/136
f 4683/4620/136 4681/4621/136 4684/4619/136
f 4683/4620/136 4682/4622/136 4681/4621/136
f 4681/4621/136 4682/4622/136 4679/4623/136
f 4681/4621/136 4679/4623/136 4680/4624/136
f 4679/4623/136 4677/4577/136 4680/4624/136
f 4679/4623/136 4678/4578/136 4677/4577/136
f 4652/4625/99 4676/4626/2361 4651/4627/99
f 4652/4625/99 4675/4628/1971 4676/4626/2361
f 4675/4628/1971 4674/4629/2315 4676/4626/2361
f 4675/4628/1971 4673/4630/1028 4674/4629/2315
f 4673/4630/1028 4672/4631/2362 4674/4629/2315
f 4673/4630/1028 4671/4632/86 4672/4631/2362
f 4671/4632/86 4670/4633/2363 4672/4631/2362
f 4671/4632/86 4669/4634/596 4670/4633/2363
f 4669/4634/596 4668/4635/1030 4670/4633/2363
f 4669/4634/596 4667/4636/1030 4668/4635/1030
f 4667/4636/1030 4666/4637/3 4668/4635/1030
f 4667/4636/1030 4665/4638/3 4666/4637/3
f 4665/4638/3 4664/4639/2080 4666/4637/3
f 4665/4638/3 4663/4640/2079 4664/4639/2080
f 4663/4640/2079 4662/4641/2078 4664/4639/2080
f 4663/4640/2079 4661/4642/2078 4662/4641/2078
f 4661/4642/2078 4659/4643/1654 4662/4641/2078
f 4661/4642/2078 4660/4644/1974 4659/4643/1654
f 4657/4645/1652 4656/4646/2364 4658/4647/622
f 4657/4645/1652 4655/4648/588 4656/4646/2364
f 4655/4648/588 4654/4649/2365 4656/4646/2364
f 4655/4648/588 4653/4650/2366 4654/4649/2365
f 4653/4650/2366 4651/4627/99 4654/4649/2365
f 4653/4650/2366 4652/4625/99 4651/4627/99
f 4621/4607/86 4649/4609/86 4620/4608/86
f 4621/4607/86 4650/4610/86 4649/4609/86
f 4649/4609/86 4650/4610/86 4647/4611/86
f 4649/4609/86 4647/4611/86 4648/4612/86
f 4647/4611/86 4645/4613/86 4648/4612/86
f 4647/4611/86 4646/4614/86 4645/4613/86
f 4645/4613/86 4646/4614/86 4644/4615/86
f 4645/4613/86 4644/4615/86 4643/4616/86
f 4643/4616/86 4644/4615/86 4641/4617/86
f 4643/4616/86 4641/4617/86 4642/4618/86
f 4641/4617/86 4640/4619/86 4642/4618/86
f 4641/4617/86 4639/4620/86 4640/4619/86
f 4639/4620/86 4637/4621/86 4640/4619/86
f 4639/4620/86 4638/4622/86 4637/4621/86
f 4637/4621/86 4638/4622/86 4635/4623/86
f 4637/4621/86 4635/4623/86 4636/4624/86
f 4635/4623/86 4633/4577/86 4636/4624/86
f 4635/4623/86 4634/4578/86 4633/4577/86
f 4631/4595/86 4629/4597/86 4632/4596/86
f 4631/4595/86 4630/4598/86 4629/4597/86
f 4629/4597/86 4630/4598/86 4627/4599/86
f 4629/4597/86 4627/4599/86 4628/4600/86
f 4627/4599/86 4625/4601/86 4628/4600/86
f 4627/4599/86 4626/4602/86 4625/4601/86
f 4625/4601/86 4626/4602/86 4623/4603/86
f 4625/4601/86 4623/4603/86 4624/4604/86
f 4623/4603/86 4619/4605/86 4624/4604/86
f 4623/4603/86 4622/4606/86 4619/4605/86
f 4621/4607/86 4619/4605/86 4622/4606/86
f 4621/4607/86 4620/4608/86 4619/4605/86
f 4607/4651/40 4618/4652/40 4606/4653/40
f 4607/4651/40 4617/4654/40 4618/4652/40
f 4607/4651/40 4616/4655/40 4617/4654/40
f 4607/4651/40 4615/4656/40 4616/4655/40
f 4607/4651/40 4614/4657/40 4615/4656/40
f 4607/4651/40 4613/4658/40 4614/4657/40
f 4612/4659/40 4613/4658/40 4607/4651/40
f 4611/4660/40 4612/4659/40 4607/4651/40
f 4610/4661/40 4611/4660/40 4607/4651/40
f 4609/4662/40 4610/4661/40 4607/4651/40
f 4608/4663/40 4609/4662/40 4607/4651/40
f 4608/4663/40 4607/4651/40 4606/4653/40
f 4603/4664/2367 4604/4665/2368 4605/4666/2369
f 4603/4664/2367 4602/4667/2370 4604/4665/2368
f 4601/4668/2371 4602/4667/2370 4603/4664/2367
f 4601/4668/2371 4600/4669/2371 4602/4667/2370
f 4600/4669/2371 4601/4668/2371 4599/4670/2372
f 4600/4669/2371 4599/4670/2372 4598/4671/2372
f 4597/4672/2373 4598/4671/2372 4599/4670/2372
f 4597/4672/2373 4596/4673/2374 4598/4671/2372
f 4596/4673/2374 4597/4672/2373 4595/4674/2375
f 4596/4673/2374 4595/4674/2375 4594/4675/2375
f 4594/4675/2375 4595/4674/2375 4593/4676/102
f 4594/4675/2375 4593/4676/102 4592/4677/175
f 4592/4677/175 4593/4676/102 4591/4678/2376
f 4592/4677/175 4591/4678/2376 4590/4679/2377
f 4590/4679/2377 4591/4678/2376 4589/4680/2378
f 4590/4679/2377 4589/4680/2378 4588/4681/2379
f 4588/4681/2379 4589/4680/2378 4587/4682/2380
f 4588/4681/2379 4587/4682/2380 4586/4683/2380
f 4583/4684/2381 4584/4685/2382 4585/4686/2382
f 4583/4684/2381 4582/4687/2383 4584/4685/2382
f 4581/4688/2384 4582/4687/2383 4583/4684/2381
f 4581/4688/2384 4580/4689/2385 4582/4687/2383
f 4579/4690/102 4580/4689/2385 4581/4688/2384
f 4579/4690/102 4578/4691/102 4580/4689/2385
f 4577/4692/2386 4578/4691/102 4579/4690/102
f 4577/4692/2386 4576/4693/2386 4578/4691/102
f 4575/4694/2387 4576/4693/2386 4577/4692/2386
f 4575/4694/2387 4574/4695/2387 4576/4693/2386
f 4573/4696/929 4574/4695/2387 4575/4694/2387
f 4573/4696/929 4572/4697/929 4574/4695/2387
f 4571/4698/2388 4572/4697/929 4573/4696/929
f 4571/4698/2388 4570/4699/2389 4572/4697/929
f 4569/4700/2390 4570/4699/2389 4571/4698/2388
f 4569/4700/2390 4568/4701/2390 4570/4699/2389
f 4567/4702/10 4568/4701/2390 4569/4700/2390
f 4567/4702/10 4566/4703/10 4568/4701/2390
f 4565/4704/2391 4566/4703/10 4567/4702/10
f 4565/4704/2391 4564/4705/2391 4566/4703/10
f 4563/4706/2392 4564/4705/2391 4565/4704/2391
f 4563/4706/2392 4560/4707/2392 4564/4705/2391
f 4562/4708/2393 4560/4707/2392 4563/4706/2392
f 4562/4708/2393 4561/4709/2393 4560/4707/2392
f 4546/4710/2394 4400/4711/2395 4545/4712/2396
f 4389/4713/2397 4545/4712/2396 4400/4711/2395
f 4557/4714/2398 4545/4712/2396 4389/4713/2397
f 4557/4714/2398 4389/4713/2397 4290/4715/2399
f 4556/4716/2400 4557/4714/2398 4290/4715/2399
f 4556/4716/2400 4290/4715/2399 4288/4717/2401
f 4559/4718/2402 4556/4716/2400 4288/4717/2401
f 4559/4718/2402 4288/4717/2401 4286/4719/2403
f 4282/4720/2404 4559/4718/2402 4286/4719/2403
f 4282/4720/2404 4558/4721/2405 4559/4718/2402
f 4282/4720/2404 4280/4722/2406 4558/4721/2405
f 4280/4722/2406 4552/4723/2407 4558/4721/2405
f 4280/4722/2406 4291/4724/2408 4552/4723/2407
f 4291/4724/2408 4551/4725/2409 4552/4723/2407
f 4291/4724/2408 4292/4726/2410 4551/4725/2409
f 4269/4727/2411 4551/4725/2409 4292/4726/2410
f 4276/4728/2412 4269/4727/2411 4292/4726/2410
f 4276/4728/2412 4271/4729/2413 4269/4727/2411
f 4558/4721/2405 4556/4716/2400 4559/4718/2402
f 4558/4721/2405 4554/4730/2414 4556/4716/2400
f 4558/4721/2405 4553/4731/2415 4554/4730/2414
f 4558/4721/2405 4552/4723/2407 4553/4731/2415
f 4548/4732/2416 4547/4733/2417 4544/4734/2418
f 4548/4732/2416 4544/4734/2418 4555/4735/2419
f 4555/4735/2419 4544/4734/2418 4545/4712/2396
f 4555/4735/2419 4545/4712/2396 4557/4714/2398
f 4556/4716/2400 4555/4735/2419 4557/4714/2398
f 4556/4716/2400 4554/4730/2414 4555/4735/2419
f 4554/4730/2414 4548/4732/2416 4555/4735/2419
f 4554/4730/2414 4553/4731/2415 4548/4732/2416
f 4549/4736/2420 4548/4732/2416 4553/4731/2415
f 4552/4723/2407 4549/4736/2420 4553/4731/2415
f 4552/4723/2407 4551/4725/2409 4549/4736/2420
f 4550/4737/2421 4549/4736/2420 4551/4725/2409
f 4269/4727/2411 4550/4737/2421 4551/4725/2409
f 4267/4738/2422 4550/4737/2421 4269/4727/2411
f 4264/4739/2423 4263/4740/2424 4272/4741/2425
f 4264/4739/2423 4272/4741/2425 4543/4742/2426
f 4264/4739/2423 4543/4742/2426 4265/4743/2427
f 4543/4742/2426 4542/4744/2428 4265/4743/2427
f 4265/4743/2427 4542/4744/2428 4266/4745/2429
f 4266/4745/2429 4542/4744/2428 4541/4746/2430
f 4266/4745/2429 4541/4746/2430 4267/4738/2422
f 4541/4746/2430 4550/4737/2421 4267/4738/2422
f 4541/4746/2430 4540/4747/2431 4550/4737/2421
f 4550/4737/2421 4540/4747/2431 4549/4736/2420
f 4540/4747/2431 4539/4748/2432 4549/4736/2420
f 4549/4736/2420 4539/4748/2432 4548/4732/2416
f 4548/4732/2416 4539/4748/2432 4538/4749/2433
f 4548/4732/2416 4538/4749/2433 4547/4733/2417
f 4538/4749/2433 4537/4750/2434 4547/4733/2417
f 4537/4750/2434 4544/4734/2418 4547/4733/2417
f 4537/4750/2434 4546/4710/2394 4544/4734/2418
f 4546/4710/2394 4545/4712/2396 4544/4734/2418
f 4274/4751/2435 4536/4752/2436 4273/4753/2437
f 4534/4754/2438 4273/4753/2437 4536/4752/2436
f 4272/4741/2425 4273/4753/2437 4534/4754/2438
f 4272/4741/2425 4534/4754/2438 4543/4742/2426
f 4534/4754/2438 4533/4755/2439 4543/4742/2426
f 4543/4742/2426 4533/4755/2439 4542/4744/2428
f 4542/4744/2428 4533/4755/2439 4532/4756/2440
f 4542/4744/2428 4532/4756/2440 4541/4746/2430
f 4532/4756/2440 4540/4747/2431 4541/4746/2430
f 4532/4756/2440 4531/4757/2441 4540/4747/2431
f 4540/4747/2431 4531/4757/2441 4539/4748/2432
f 4539/4748/2432 4531/4757/2441 4530/4758/2442
f 4539/4748/2432 4530/4758/2442 4538/4749/2433
f 4530/4758/2442 4529/4759/2443 4538/4749/2433
f 4538/4749/2433 4529/4759/2443 4537/4750/2434
f 4534/4754/2438 4536/4752/2436 4535/4760/2444
f 4534/4754/2438 4535/4760/2444 4527/4761/2445
f 4534/4754/2438 4527/4761/2445 4528/4762/2446
f 4534/4754/2438 4528/4762/2446 4533/4755/2439
f 4533/4755/2439 4528/4762/2446 4526/4763/2447
f 4533/4755/2439 4526/4763/2447 4532/4756/2440
f 4526/4763/2447 4531/4757/2441 4532/4756/2440
f 4526/4763/2447 4530/4758/2442 4531/4757/2441
f 4526/4763/2447 4524/4764/2448 4530/4758/2442
f 4530/4758/2442 4524/4764/2448 4529/4759/2443
f 4526/4763/2447 4528/4762/2446 4527/4761/2445
f 4526/4763/2447 4527/4761/2445 4525/4765/2449
f 4526/4763/2447 4525/4765/2449 4524/4764/2448
f 4521/4766/2450 4520/4767/2451 4523/4768/2452
f 4512/4769/2453 4513/4770/2454 4522/4771/2455
f 4521/4766/2450 4522/4771/2455 4513/4770/2454
f 4521/4766/2450 4513/4770/2454 4516/4772/2456
f 4521/4766/2450 4516/4772/2456 4520/4767/2451
f 4516/4772/2456 4519/4773/2457 4520/4767/2451
f 4516/4772/2456 4517/4774/2458 4519/4773/2457
f 4517/4774/2458 4462/4775/2459 4519/4773/2457
f 4517/4774/2458 4518/4776/2460 4462/4775/2459
f 4464/4777/2461 4462/4775/2459 4518/4776/2460
f 4515/4778/2462 4464/4777/2461 4518/4776/2460
f 4515/4778/2462 4466/4779/2463 4464/4777/2461
f 4514/4780/2464 4515/4778/2462 4518/4776/2460
f 4514/4780/2464 4518/4776/2460 4517/4774/2458
f 4513/4770/2454 4514/4780/2464 4517/4774/2458
f 4513/4770/2454 4517/4774/2458 4516/4772/2456
f 4480/4781/2465 4468/4782/2466 4501/4783/2467
f 4466/4779/2463 4501/4783/2467 4468/4782/2466
f 4515/4778/2462 4501/4783/2467 4466/4779/2463
f 4515/4778/2462 4499/4784/2468 4501/4783/2467
f 4514/4780/2464 4499/4784/2468 4515/4778/2462
f 4514/4780/2464 4498/4785/2469 4499/4784/2468
f 4513/4770/2454 4498/4785/2469 4514/4780/2464
f 4513/4770/2454 4506/4786/2470 4498/4785/2469
f 4512/4769/2453 4506/4786/2470 4513/4770/2454
f 4512/4769/2453 4496/4787/2471 4506/4786/2470
f 4512/4769/2453 4511/4788/2472 4496/4787/2471
f 4511/4788/2472 4494/4789/2473 4496/4787/2471
f 4511/4788/2472 4510/4790/2474 4494/4789/2473
f 4494/4789/2473 4510/4790/2474 4509/4791/2475
f 4494/4789/2473 4509/4791/2475 4492/4792/2476
f 4492/4792/2476 4509/4791/2475 4508/3927/1891
f 4492/4792/2476 4508/3927/1891 4491/3938/1902
f 4508/3927/1891 4507/3928/1892 4491/3938/1902
f 4496/4787/2471 4498/4785/2469 4506/4786/2470
f 4504/3991/1955 4505/3993/1957 4477/3995/1959
f 4504/3991/1955 4477/3995/1959 4482/4793/2477
f 4503/3997/1961 4504/3991/1955 4482/4793/2477
f 4503/3997/1961 4482/4793/2477 4481/4794/2478
f 4503/3997/1961 4481/4794/2478 4502/3999/1963
f 4480/4781/2465 4502/3999/1963 4481/4794/2478
f 4500/4001/1965 4502/3999/1963 4480/4781/2465
f 4500/4001/1965 4480/4781/2465 4501/4783/2467
f 4500/4001/1965 4501/4783/2467 4499/4784/2468
f 4497/4002/1966 4500/4001/1965 4499/4784/2468
f 4497/4002/1966 4499/4784/2468 4498/4785/2469
f 4496/4787/2471 4497/4002/1966 4498/4785/2469
f 4496/4787/2471 4495/4003/1967 4497/4002/1966
f 4496/4787/2471 4494/4789/2473 4495/4003/1967
f 4494/4789/2473 4493/4004/1968 4495/4003/1967
f 4494/4789/2473 4492/4792/2476 4493/4004/1968
f 4492/4792/2476 4490/3937/1901 4493/4004/1968
f 4492/4792/2476 4491/3938/1902 4490/3937/1901
f 4486/4795/2479 4488/4796/2480 4489/4797/2452
f 4465/4798/2481 4467/4799/2482 4469/4800/2483
f 4465/4798/2481 4469/4800/2483 4485/4801/2484
f 4485/4801/2484 4469/4800/2483 4471/4802/2485
f 4485/4801/2484 4471/4802/2485 4487/4803/2486
f 4487/4803/2486 4471/4802/2485 4473/4804/2487
f 4487/4803/2486 4473/4804/2487 4488/4796/2480
f 4486/4795/2479 4487/4803/2486 4488/4796/2480
f 4485/4801/2484 4487/4803/2486 4486/4795/2479
f 4485/4801/2484 4486/4795/2479 4484/4805/2488
f 4465/4798/2481 4485/4801/2484 4484/4805/2488
f 4465/4798/2481 4484/4805/2488 4483/4806/2489
f 4465/4798/2481 4483/4806/2489 4463/4807/2490
f 4477/3995/1959 4481/4794/2478 4482/4793/2477
f 4477/3995/1959 4476/4808/2491 4481/4794/2478
f 4470/4809/2492 4475/4810/2493 4472/4811/2494
f 4470/4809/2492 4478/4812/2495 4475/4810/2493
f 4476/4808/2491 4475/4810/2493 4478/4812/2495
f 4481/4794/2478 4476/4808/2491 4478/4812/2495
f 4481/4794/2478 4478/4812/2495 4479/4813/2496
f 4480/4781/2465 4481/4794/2478 4479/4813/2496
f 4480/4781/2465 4479/4813/2496 4468/4782/2466
f 4468/4782/2466 4479/4813/2496 4478/4812/2495
f 4468/4782/2466 4478/4812/2495 4470/4809/2492
f 4477/3995/1959 4449/3994/1958 4455/4814/2497
f 4455/4814/2497 4476/4808/2491 4477/3995/1959
f 4455/4814/2497 4454/4815/2498 4476/4808/2491
f 4476/4808/2491 4454/4815/2498 4475/4810/2493
f 4454/4815/2498 4452/4816/2499 4475/4810/2493
f 4472/4811/2494 4475/4810/2493 4452/4816/2499
f 4472/4811/2494 4452/4816/2499 4474/4817/2500
f 4472/4811/2494 4474/4817/2500 4473/4804/2487
f 4472/4811/2494 4473/4804/2487 4471/4802/2485
f 4470/4809/2492 4472/4811/2494 4471/4802/2485
f 4470/4809/2492 4471/4802/2485 4469/4800/2483
f 4468/4782/2466 4470/4809/2492 4469/4800/2483
f 4468/4782/2466 4469/4800/2483 4467/4799/2482
f 4466/4779/2463 4468/4782/2466 4467/4799/2482
f 4466/4779/2463 4467/4799/2482 4465/4798/2481
f 4466/4779/2463 4465/4798/2481 4464/4777/2461
f 4465/4798/2481 4463/4807/2490 4464/4777/2461
f 4464/4777/2461 4463/4807/2490 4462/4775/2459
f 4444/4818/1889 4461/4819/2501 4443/4820/2502
f 4443/4820/2502 4461/4819/2501 4460/4821/1879
f 4443/4820/2502 4460/4821/1879 4441/4822/2503
f 4451/4823/2504 4441/4822/2503 4460/4821/1879
f 4451/4823/2504 4460/4821/1879 4459/4824/2505
f 4450/4825/2506 4451/4823/2504 4459/4824/2505
f 4450/4825/2506 4459/4824/2505 4458/4826/2507
f 4449/3994/1958 4450/4825/2506 4458/4826/2507
f 4449/3994/1958 4458/4826/2507 4457/4827/2508
f 4456/4828/2509 4449/3994/1958 4457/4827/2508
f 4456/4828/2509 4455/4814/2497 4449/3994/1958
f 4453/4829/2510 4455/4814/2497 4456/4828/2509
f 4453/4829/2510 4454/4815/2498 4455/4814/2497
f 4454/4815/2498 4453/4829/2510 4452/4816/2499
f 4439/4830/2511 4441/4822/2503 4451/4823/2504
f 4439/4830/2511 4451/4823/2504 4450/4825/2506
f 4439/4830/2511 4450/4825/2506 4437/3992/1956
f 4437/3992/1956 4450/4825/2506 4449/3994/1958
f 4428/4831/2512 4205/4832/2513 4206/4833/2514
f 4428/4831/2512 4206/4833/2514 4448/4834/2515
f 4429/4835/2516 4428/4831/2512 4448/4834/2515
f 4429/4835/2516 4448/4834/2515 4447/4836/1911
f 4446/4837/2517 4429/4835/2516 4447/4836/1911
f 4446/4837/2517 4432/4838/2518 4429/4835/2516
f 4445/4839/2519 4432/4838/2518 4446/4837/2517
f 4445/4839/2519 4434/4840/2520 4432/4838/2518
f 4444/4818/1889 4434/4840/2520 4445/4839/2519
f 4444/4818/1889 4435/3980/1944 4434/4840/2520
f 4444/4818/1889 4443/4820/2502 4435/3980/1944
f 4435/3980/1944 4443/4820/2502 4442/3981/1945
f 4442/3981/1945 4443/4820/2502 4441/4822/2503
f 4442/3981/1945 4441/4822/2503 4440/3983/1947
f 4439/4830/2511 4440/3983/1947 4441/4822/2503
f 4438/3985/1949 4440/3983/1947 4439/4830/2511
f 4438/3985/1949 4439/4830/2511 4437/3992/1956
f 4438/3985/1949 4437/3992/1956 4436/3990/1954
f 4435/3980/1944 4433/3978/1942 4434/4840/2520
f 4432/4838/2518 4434/4840/2520 4433/3978/1942
f 4432/4838/2518 4433/3978/1942 4431/3976/1940
f 4429/4835/2516 4432/4838/2518 4431/3976/1940
f 4429/4835/2516 4431/3976/1940 4430/4841/2521
f 4431/3976/1940 4424/3974/1938 4430/4841/2521
f 4425/4842/2522 4430/4841/2521 4424/3974/1938
f 4429/4835/2516 4430/4841/2521 4425/4842/2522
f 4429/4835/2516 4425/4842/2522 4428/4831/2512
f 4428/4831/2512 4425/4842/2522 4426/4843/2523
f 4428/4831/2512 4426/4843/2523 4205/4832/2513
f 4208/4844/2524 4205/4832/2513 4426/4843/2523
f 4423/3972/1936 4427/3970/1934 4422/3969/1933
f 4212/4845/2525 4226/4846/2526 4213/4847/2527
f 4212/4845/2525 4409/4848/2528 4226/4846/2526
f 4212/4845/2525 4210/4849/2529 4409/4848/2528
f 4411/4850/2530 4409/4848/2528 4210/4849/2529
f 4208/4844/2524 4411/4850/2530 4210/4849/2529
f 4208/4844/2524 4426/4843/2523 4411/4850/2530
f 4411/4850/2530 4426/4843/2523 4412/4851/2531
f 4425/4842/2522 4412/4851/2531 4426/4843/2523
f 4425/4842/2522 4418/4852/2532 4412/4851/2531
f 4425/4842/2522 4424/3974/1938 4418/4852/2532
f 4424/3974/1938 4417/4853/2533 4418/4852/2532
f 4424/3974/1938 4423/3972/1936 4417/4853/2533
f 4423/3972/1936 4422/3969/1933 4417/4853/2533
f 4416/4854/2534 4417/4853/2533 4422/3969/1933
f 4416/4854/2534 4422/3969/1933 4421/3967/1931
f 4416/4854/2534 4421/3967/1931 4415/4855/2535
f 4421/3967/1931 4420/3965/1929 4415/4855/2535
f 4420/3965/1929 4414/3951/1915 4415/4855/2535
f 4420/3965/1929 4419/3953/1917 4414/3951/1915
f 4412/4851/2531 4418/4852/2532 4417/4853/2533
f 4412/4851/2531 4417/4853/2533 4416/4854/2534
f 4412/4851/2531 4416/4854/2534 4413/4856/2536
f 4416/4854/2534 4415/4855/2535 4413/4856/2536
f 4415/4855/2535 4225/3948/1912 4413/4856/2536
f 4415/4855/2535 4414/3951/1915 4225/3948/1912
f 4226/4846/2526 4409/4848/2528 4225/3948/1912
f 4413/4856/2536 4225/3948/1912 4409/4848/2528
f 4413/4856/2536 4409/4848/2528 4410/4857/2537
f 4412/4851/2531 4413/4856/2536 4410/4857/2537
f 4411/4850/2530 4412/4851/2531 4410/4857/2537
f 4411/4850/2530 4410/4857/2537 4409/4848/2528
f 4374/4858/2538 4373/4859/2539 4307/4860/2540
f 4374/4858/2538 4307/4860/2540 4407/4861/2541
f 4375/4862/2542 4374/4858/2538 4407/4861/2541
f 4375/4862/2542 4407/4861/2541 4408/4863/2543
f 4401/4864/2544 4375/4862/2542 4408/4863/2543
f 4401/4864/2544 4408/4863/2543 4402/4865/2545
f 4403/4866/2546 4402/4865/2545 4408/4863/2543
f 4403/4866/2546 4408/4863/2543 4404/4867/2547
f 4404/4867/2547 4408/4863/2543 4407/4861/2541
f 4404/4867/2547 4407/4861/2541 4405/4868/2548
f 4405/4868/2548 4407/4861/2541 4307/4860/2540
f 4405/4868/2548 4307/4860/2540 4406/4869/2549
f 4307/4860/2540 4294/4870/2550 4406/4869/2549
f 4285/4871/2551 4406/4869/2549 4294/4870/2550
f 4405/4868/2548 4406/4869/2549 4285/4871/2551
f 4405/4868/2548 4285/4871/2551 4287/4872/2552
f 4404/4867/2547 4405/4868/2548 4287/4872/2552
f 4404/4867/2547 4287/4872/2552 4289/4873/2553
f 4403/4866/2546 4404/4867/2547 4289/4873/2553
f 4403/4866/2546 4289/4873/2553 4388/4874/2554
f 4392/4875/2555 4403/4866/2546 4388/4874/2554
f 4392/4875/2555 4402/4865/2545 4403/4866/2546
f 4392/4875/2555 4395/4876/2556 4402/4865/2545
f 4395/4876/2556 4401/4864/2544 4402/4865/2545
f 4395/4876/2556 4397/4877/2557 4401/4864/2544
f 4397/4877/2557 4376/4878/2558 4401/4864/2544
f 4376/4878/2558 4375/4862/2542 4401/4864/2544
f 4389/4713/2397 4400/4711/2395 4399/4879/2559
f 4389/4713/2397 4399/4879/2559 4391/4880/2560
f 4392/4875/2555 4388/4874/2554 4390/4881/2561
f 4397/4877/2557 4398/4882/2562 4376/4878/2558
f 4379/4883/2563 4378/4884/2564 4382/4885/2565
f 4382/4885/2565 4378/4884/2564 4377/4886/2566
f 4382/4885/2565 4377/4886/2566 4386/4887/2567
f 4386/4887/2567 4377/4886/2566 4376/4878/2558
f 4386/4887/2567 4376/4878/2558 4398/4882/2562
f 4387/4888/2568 4386/4887/2567 4398/4882/2562
f 4397/4877/2557 4387/4888/2568 4398/4882/2562
f 4397/4877/2557 4396/4889/2569 4387/4888/2568
f 4395/4876/2556 4396/4889/2569 4397/4877/2557
f 4395/4876/2556 4394/4890/2570 4396/4889/2569
f 4394/4890/2570 4395/4876/2556 4392/4875/2555
f 4394/4890/2570 4392/4875/2555 4393/4891/2571
f 4391/4880/2560 4393/4891/2571 4392/4875/2555
f 4391/4880/2560 4392/4875/2555 4390/4881/2561
f 4389/4713/2397 4391/4880/2560 4390/4881/2561
f 4389/4713/2397 4390/4881/2561 4388/4874/2554
f 4389/4713/2397 4388/4874/2554 4290/4715/2399
f 4290/4715/2399 4388/4874/2554 4289/4873/2553
f 4387/4888/2568 4385/4892/2572 4386/4887/2567
f 4385/4892/2572 4382/4885/2565 4386/4887/2567
f 4385/4892/2572 4383/4893/2573 4382/4885/2565
f 4381/4894/2574 4380/4895/2575 4379/4883/2563
f 4381/4894/2574 4379/4883/2563 4384/4896/2576
f 4383/4893/2573 4384/4896/2576 4379/4883/2563
f 4383/4893/2573 4379/4883/2563 4382/4885/2565
f 4381/4894/2574 4358/4897/2577 4359/4898/2578
f 4381/4894/2574 4359/4898/2578 4380/4895/2575
f 4359/4898/2578 4372/4899/2579 4380/4895/2575
f 4379/4883/2563 4380/4895/2575 4372/4899/2579
f 4379/4883/2563 4372/4899/2579 4369/4900/2580
f 4379/4883/2563 4369/4900/2580 4378/4884/2564
f 4369/4900/2580 4370/4901/2581 4378/4884/2564
f 4377/4886/2566 4378/4884/2564 4370/4901/2581
f 4377/4886/2566 4370/4901/2581 4332/4902/2582
f 4332/4902/2582 4376/4878/2558 4377/4886/2566
f 4332/4902/2582 4342/4903/2583 4376/4878/2558
f 4376/4878/2558 4342/4903/2583 4375/4862/2542
f 4375/4862/2542 4342/4903/2583 4330/4904/2584
f 4375/4862/2542 4330/4904/2584 4374/4858/2538
f 4374/4858/2538 4330/4904/2584 4318/4905/2585
f 4374/4858/2538 4318/4905/2585 4373/4859/2539
f 4318/4905/2585 4308/4906/2586 4373/4859/2539
f 4308/4906/2586 4307/4860/2540 4373/4859/2539
f 4359/4898/2578 4371/4907/2587 4372/4899/2579
f 4369/4900/2580 4372/4899/2579 4368/4908/2588
f 4371/4907/2587 4368/4908/2588 4372/4899/2579
f 4371/4907/2587 4367/4909/2589 4368/4908/2588
f 4371/4907/2587 4366/4910/2590 4367/4909/2589
f 4371/4907/2587 4365/4911/2591 4366/4910/2590
f 4359/4898/2578 4365/4911/2591 4371/4907/2587
f 4359/4898/2578 4361/4912/2592 4365/4911/2591
f 4332/4902/2582 4346/4913/2593 4331/4914/2594
f 4332/4902/2582 4370/4901/2581 4346/4913/2593
f 4345/4915/2595 4346/4913/2593 4370/4901/2581
f 4369/4900/2580 4345/4915/2595 4370/4901/2581
f 4369/4900/2580 4368/4908/2588 4345/4915/2595
f 4345/4915/2595 4368/4908/2588 4344/4916/2596
f 4367/4909/2589 4344/4916/2596 4368/4908/2588
f 4367/4909/2589 4350/4917/2597 4344/4916/2596
f 4366/4910/2590 4350/4917/2597 4367/4909/2589
f 4357/4918/2598 4350/4917/2597 4366/4910/2590
f 4357/4918/2598 4366/4910/2590 4365/4911/2591
f 4357/4918/2598 4365/4911/2591 4364/4919/2599
f 4364/4919/2599 4365/4911/2591 4361/4912/2592
f 4364/4919/2599 4361/4912/2592 4363/4920/2600
f 4361/4912/2592 4362/4921/2601 4363/4920/2600
f 4361/4912/2592 4360/4922/2602 4362/4921/2601
f 4360/4922/2602 4361/4912/2592 4359/4898/2578
f 4360/4922/2602 4359/4898/2578 4358/4897/2577
f 4357/4918/2598 4349/4923/2603 4350/4917/2597
f 4352/4924/2604 4351/4925/2605 4354/4926/2606
f 4347/4927/2607 4354/4926/2606 4351/4925/2605
f 4347/4927/2607 4355/4928/2608 4354/4926/2606
f 4348/4929/2609 4355/4928/2608 4347/4927/2607
f 4348/4929/2609 4356/4930/2610 4355/4928/2608
f 4356/4930/2610 4340/4931/2611 4338/4932/2612
f 4356/4930/2610 4338/4932/2612 4355/4928/2608
f 4355/4928/2608 4338/4932/2612 4337/4933/2613
f 4355/4928/2608 4337/4933/2613 4354/4926/2606
f 4336/4934/2614 4354/4926/2606 4337/4933/2613
f 4352/4924/2604 4354/4926/2606 4336/4934/2614
f 4352/4924/2604 4336/4934/2614 4335/4935/2615
f 4352/4924/2604 4335/4935/2615 4353/4936/2616
f 4334/4937/2617 4353/4936/2616 4335/4935/2615
f 4343/4938/2618 4353/4936/2616 4334/4937/2617
f 4343/4938/2618 4352/4924/2604 4353/4936/2616
f 4343/4938/2618 4344/4916/2596 4352/4924/2604
f 4344/4916/2596 4351/4925/2605 4352/4924/2604
f 4351/4925/2605 4344/4916/2596 4350/4917/2597
f 4351/4925/2605 4350/4917/2597 4347/4927/2607
f 4349/4923/2603 4347/4927/2607 4350/4917/2597
f 4349/4923/2603 4348/4929/2609 4347/4927/2607
f 4331/4914/2594 4334/4937/2617 4333/4939/2619
f 4331/4914/2594 4346/4913/2593 4334/4937/2617
f 4343/4938/2618 4334/4937/2617 4346/4913/2593
f 4345/4915/2595 4343/4938/2618 4346/4913/2593
f 4345/4915/2595 4344/4916/2596 4343/4938/2618
f 4332/4902/2582 4330/4904/2584 4342/4903/2583
f 4339/4940/2620 4340/4931/2611 4341/4941/2601
f 4339/4940/2620 4338/4932/2612 4340/4931/2611
f 4338/4932/2612 4339/4940/2620 4328/4942/2621
f 4338/4932/2612 4328/4942/2621 4337/4933/2613
f 4326/4943/2622 4337/4933/2613 4328/4942/2621
f 4336/4934/2614 4337/4933/2613 4326/4943/2622
f 4336/4934/2614 4326/4943/2622 4324/4944/2623
f 4336/4934/2614 4324/4944/2623 4335/4935/2615
f 4322/4945/2624 4335/4935/2615 4324/4944/2623
f 4334/4937/2617 4335/4935/2615 4322/4945/2624
f 4334/4937/2617 4322/4945/2624 4319/4946/2625
f 4334/4937/2617 4319/4946/2625 4333/4939/2619
f 4319/4946/2625 4318/4905/2585 4333/4939/2619
f 4331/4914/2594 4333/4939/2619 4318/4905/2585
f 4331/4914/2594 4318/4905/2585 4330/4904/2584
f 4332/4902/2582 4331/4914/2594 4330/4904/2584
f 4321/4947/2626 4329/4948/2627 4320/4949/2628
f 4321/4947/2626 4323/4950/2629 4329/4948/2627
f 4323/4950/2629 4325/4951/2576 4329/4948/2627
f 4326/4943/2622 4328/4942/2621 4327/4952/2630
f 4326/4943/2622 4327/4952/2630 4325/4951/2576
f 4326/4943/2622 4325/4951/2576 4324/4944/2623
f 4323/4950/2629 4324/4944/2623 4325/4951/2576
f 4322/4945/2624 4324/4944/2623 4323/4950/2629
f 4322/4945/2624 4323/4950/2629 4321/4947/2626
f 4322/4945/2624 4321/4947/2626 4319/4946/2625
f 4319/4946/2625 4321/4947/2626 4313/4953/2631
f 4313/4953/2631 4321/4947/2626 4320/4949/2628
f 4313/4953/2631 4320/4949/2628 4315/4954/2632
f 4308/4906/2586 4317/4955/2633 4313/4953/2631
f 4319/4946/2625 4313/4953/2631 4317/4955/2633
f 4319/4946/2625 4317/4955/2633 4318/4905/2585
f 4318/4905/2585 4317/4955/2633 4308/4906/2586
f 4311/4956/2634 4316/4957/2635 4310/4958/2636
f 4316/4957/2635 4311/4956/2634 4312/4959/2637
f 4316/4957/2635 4312/4959/2637 4314/4960/2638
f 4314/4960/2638 4313/4953/2631 4315/4954/2632
f 4314/4960/2638 4312/4959/2637 4313/4953/2631
f 4308/4906/2586 4313/4953/2631 4312/4959/2637
f 4312/4959/2637 4306/4961/2639 4308/4906/2586
f 4312/4959/2637 4311/4956/2634 4306/4961/2639
f 4306/4961/2639 4311/4956/2634 4305/4962/2640
f 4311/4956/2634 4310/4958/2636 4305/4962/2640
f 4304/4963/2641 4305/4962/2640 4310/4958/2636
f 4304/4963/2641 4310/4958/2636 4309/4964/2642
f 4303/4965/2643 4304/4963/2641 4309/4964/2642
f 4308/4906/2586 4306/4961/2639 4307/4860/2540
f 4307/4860/2540 4306/4961/2639 4294/4870/2550
f 4306/4961/2639 4305/4962/2640 4294/4870/2550
f 4293/4966/2644 4294/4870/2550 4305/4962/2640
f 4293/4966/2644 4305/4962/2640 4304/4963/2641
f 4295/4967/2645 4293/4966/2644 4304/4963/2641
f 4303/4965/2643 4295/4967/2645 4304/4963/2641
f 4303/4965/2643 4296/4968/2646 4295/4967/2645
f 4303/4965/2643 4302/4969/2647 4296/4968/2646
f 4297/4970/2648 4296/4968/2646 4302/4969/2647
f 4297/4970/2648 4302/4969/2647 4301/4971/2649
f 4277/4972/2650 4297/4970/2648 4301/4971/2649
f 4277/4972/2650 4301/4971/2649 4300/4973/2434
f 4299/4974/2651 4277/4972/2650 4300/4973/2434
f 4299/4974/2651 4275/4975/2652 4277/4972/2650
f 4298/4976/2653 4275/4975/2652 4299/4974/2651
f 4298/4976/2653 4237/4977/2654 4275/4975/2652
f 4236/4978/2449 4237/4977/2654 4298/4976/2653
f 4277/4972/2650 4279/4979/2655 4297/4970/2648
f 4297/4970/2648 4279/4979/2655 4281/4980/2656
f 4297/4970/2648 4281/4980/2656 4296/4968/2646
f 4295/4967/2645 4296/4968/2646 4281/4980/2656
f 4295/4967/2645 4281/4980/2656 4283/4981/2657
f 4295/4967/2645 4283/4981/2657 4293/4966/2644
f 4283/4981/2657 4285/4871/2551 4293/4966/2644
f 4285/4871/2551 4294/4870/2550 4293/4966/2644
f 4276/4728/2412 4292/4726/2410 4291/4724/2408
f 4276/4728/2412 4291/4724/2408 4278/4982/2658
f 4278/4982/2658 4291/4724/2408 4280/4722/2406
f 4282/4720/2404 4286/4719/2403 4284/4983/2659
f 4290/4715/2399 4289/4873/2553 4288/4717/2401
f 4288/4717/2401 4289/4873/2553 4287/4872/2552
f 4288/4717/2401 4287/4872/2552 4286/4719/2403
f 4286/4719/2403 4287/4872/2552 4285/4871/2551
f 4286/4719/2403 4285/4871/2551 4284/4983/2659
f 4283/4981/2657 4284/4983/2659 4285/4871/2551
f 4283/4981/2657 4282/4720/2404 4284/4983/2659
f 4283/4981/2657 4281/4980/2656 4282/4720/2404
f 4281/4980/2656 4280/4722/2406 4282/4720/2404
f 4281/4980/2656 4279/4979/2655 4280/4722/2406
f 4278/4982/2658 4280/4722/2406 4279/4979/2655
f 4277/4972/2650 4278/4982/2658 4279/4979/2655
f 4277/4972/2650 4276/4728/2412 4278/4982/2658
f 4277/4972/2650 4275/4975/2652 4276/4728/2412
f 4275/4975/2652 4271/4729/2413 4276/4728/2412
f 4275/4975/2652 4237/4977/2654 4271/4729/2413
f 4235/4984/2660 4271/4729/2413 4237/4977/2654
f 4235/4984/2660 4270/4985/2661 4271/4729/2413
f 4261/4986/2662 4274/4751/2435 4262/4987/2663
f 4274/4751/2435 4273/4753/2437 4262/4987/2663
f 4263/4740/2424 4262/4987/2663 4273/4753/2437
f 4263/4740/2424 4273/4753/2437 4272/4741/2425
f 4270/4985/2661 4245/4988/2664 4268/4989/2665
f 4270/4985/2661 4233/4990/2666 4245/4988/2664
f 4235/4984/2660 4233/4990/2666 4270/4985/2661
f 4270/4985/2661 4269/4727/2411 4271/4729/2413
f 4270/4985/2661 4268/4989/2665 4269/4727/2411
f 4267/4738/2422 4269/4727/2411 4268/4989/2665
f 4245/4988/2664 4267/4738/2422 4268/4989/2665
f 4245/4988/2664 4266/4745/2429 4267/4738/2422
f 4246/4991/2667 4266/4745/2429 4245/4988/2664
f 4246/4991/2667 4258/4992/2668 4266/4745/2429
f 4265/4743/2427 4266/4745/2429 4258/4992/2668
f 4247/4993/2669 4265/4743/2427 4258/4992/2668
f 4247/4993/2669 4264/4739/2423 4265/4743/2427
f 4248/4994/2670 4264/4739/2423 4247/4993/2669
f 4264/4739/2423 4248/4994/2670 4263/4740/2424
f 4248/4994/2670 4249/4995/2671 4263/4740/2424
f 4249/4995/2671 4262/4987/2663 4263/4740/2424
f 4249/4995/2671 4257/4996/2672 4262/4987/2663
f 4261/4986/2662 4262/4987/2663 4257/4996/2672
f 4256/4997/2673 4261/4986/2662 4257/4996/2672
f 4256/4997/2673 4255/4998/2674 4261/4986/2662
f 4252/3954/1918 4260/3956/1920 4259/4999/2675
f 4252/3954/1918 4259/4999/2675 4254/5000/2676
f 4246/4991/2667 4247/4993/2669 4258/4992/2668
f 4253/5001/2677 4250/5002/2678 4251/5003/2679
f 4253/5001/2677 4256/4997/2673 4250/5002/2678
f 4256/4997/2673 4249/4995/2671 4250/5002/2678
f 4256/4997/2673 4257/4996/2672 4249/4995/2671
f 4253/5001/2677 4255/4998/2674 4256/4997/2673
f 4253/5001/2677 4254/5000/2676 4255/4998/2674
f 4252/3954/1918 4254/5000/2676 4253/5001/2677
f 4252/3954/1918 4253/5001/2677 4251/5003/2679
f 4252/3954/1918 4251/5003/2679 4241/3952/1916
f 4241/3952/1916 4251/5003/2679 4240/5004/2680
f 4250/5002/2678 4240/5004/2680 4251/5003/2679
f 4250/5002/2678 4242/5005/2681 4240/5004/2680
f 4249/4995/2671 4242/5005/2681 4250/5002/2678
f 4249/4995/2671 4243/5006/2682 4242/5005/2681
f 4248/4994/2670 4243/5006/2682 4249/4995/2671
f 4244/5007/2683 4243/5006/2682 4248/4994/2670
f 4248/4994/2670 4247/4993/2669 4244/5007/2683
f 4244/5007/2683 4247/4993/2669 4231/5008/2684
f 4246/4991/2667 4231/5008/2684 4247/4993/2669
f 4232/5009/2685 4231/5008/2684 4246/4991/2667
f 4232/5009/2685 4246/4991/2667 4245/4988/2664
f 4232/5009/2685 4245/4988/2664 4233/4990/2666
f 4239/3949/1913 4227/5010/2686 4224/3950/1914
f 4244/5007/2683 4231/5008/2684 4230/5011/2687
f 4230/5011/2687 4229/5012/2688 4244/5007/2683
f 4244/5007/2683 4229/5012/2688 4243/5006/2682
f 4228/5013/2689 4243/5006/2682 4229/5012/2688
f 4228/5013/2689 4242/5005/2681 4243/5006/2682
f 4227/5010/2686 4242/5005/2681 4228/5013/2689
f 4227/5010/2686 4240/5004/2680 4242/5005/2681
f 4239/3949/1913 4240/5004/2680 4227/5010/2686
f 4241/3952/1916 4240/5004/2680 4239/3949/1913
f 4236/4978/2449 4238/5014/2690 4234/5015/2691
f 4204/5016/2692 4234/5015/2691 4238/5014/2690
f 4204/5016/2692 4219/5017/2693 4234/5015/2691
f 4204/5016/2692 4203/5018/2694 4219/5017/2693
f 4236/4978/2449 4235/4984/2660 4237/4977/2654
f 4236/4978/2449 4234/5015/2691 4235/4984/2660
f 4235/4984/2660 4234/5015/2691 4233/4990/2666
f 4219/5017/2693 4233/4990/2666 4234/5015/2691
f 4219/5017/2693 4232/5009/2685 4233/4990/2666
f 4219/5017/2693 4218/5019/2695 4232/5009/2685
f 4232/5009/2685 4218/5019/2695 4231/5008/2684
f 4217/5020/2696 4231/5008/2684 4218/5019/2695
f 4217/5020/2696 4230/5011/2687 4231/5008/2684
f 4217/5020/2696 4215/5021/2697 4230/5011/2687
f 4230/5011/2687 4215/5021/2697 4229/5012/2688
f 4214/5022/2698 4229/5012/2688 4215/5021/2697
f 4214/5022/2698 4228/5013/2689 4229/5012/2688
f 4213/4847/2527 4228/5013/2689 4214/5022/2698
f 4213/4847/2527 4227/5010/2686 4228/5013/2689
f 4226/4846/2526 4227/5010/2686 4213/4847/2527
f 4226/4846/2526 4224/3950/1914 4227/5010/2686
f 4226/4846/2526 4225/3948/1912 4224/3950/1914
f 4221/5023/2699 4222/5024/2700 4223/5025/2676
f 4223/5025/2676 4196/5026/2701 4198/5027/2702
f 4223/5025/2676 4222/5024/2700 4196/5026/2701
f 4196/5026/2701 4222/5024/2700 4195/5028/2703
f 4211/5029/2704 4195/5028/2703 4222/5024/2700
f 4221/5023/2699 4211/5029/2704 4222/5024/2700
f 4221/5023/2699 4209/5030/2705 4211/5029/2704
f 4221/5023/2699 4220/5031/2706 4209/5030/2705
f 4207/5032/2707 4209/5030/2705 4220/5031/2706
f 4217/5020/2696 4216/5033/2708 4215/5021/2697
f 4219/5017/2693 4203/5018/2694 4218/5019/2695
f 4201/5034/2709 4218/5019/2695 4203/5018/2694
f 4201/5034/2709 4217/5020/2696 4218/5019/2695
f 4197/5035/2710 4217/5020/2696 4201/5034/2709
f 4197/5035/2710 4216/5033/2708 4217/5020/2696
f 4197/5035/2710 4194/5036/2711 4216/5033/2708
f 4194/5036/2711 4215/5021/2697 4216/5033/2708
f 4194/5036/2711 4214/5022/2698 4215/5021/2697
f 4194/5036/2711 4213/4847/2527 4214/5022/2698
f 4194/5036/2711 4195/5028/2703 4213/4847/2527
f 4212/4845/2525 4213/4847/2527 4195/5028/2703
f 4211/5029/2704 4212/4845/2525 4195/5028/2703
f 4211/5029/2704 4210/4849/2529 4212/4845/2525
f 4211/5029/2704 4209/5030/2705 4210/4849/2529
f 4208/4844/2524 4210/4849/2529 4209/5030/2705
f 4207/5032/2707 4208/4844/2524 4209/5030/2705
f 4207/5032/2707 4205/4832/2513 4208/4844/2524
f 4207/5032/2707 4206/4833/2514 4205/4832/2513
f 4204/5016/2692 4202/5037/2712 4203/5018/2694
f 4201/5034/2709 4203/5018/2694 4202/5037/2712
f 4201/5034/2709 4202/5037/2712 4200/5038/2713
f 4197/5035/2710 4201/5034/2709 4200/5038/2713
f 4197/5035/2710 4200/5038/2713 4199/5039/2662
f 4198/5027/2702 4197/5035/2710 4199/5039/2662
f 4198/5027/2702 4196/5026/2701 4197/5035/2710
f 4197/5035/2710 4196/5026/2701 4194/5036/2711
f 4196/5026/2701 4195/5028/2703 4194/5036/2711
f 4178/5040/2714 4193/5041/2715 4180/5042/2716
f 4192/5043/2717 4180/5042/2716 4193/5041/2715
f 4192/5043/2717 4184/5044/2718 4180/5042/2716
f 4191/5045/2719 4184/5044/2718 4192/5043/2717
f 4191/5045/2719 4187/5046/2720 4184/5044/2718
f 4190/5047/2721 4187/5046/2720 4191/5045/2719
f 4190/5047/2721 4189/5048/2722 4187/5046/2720
f 4187/5046/2720 4189/5048/2722 4188/5049/2723
f 4187/5046/2720 4188/5049/2723 4186/5050/2724
f 4184/5044/2718 4187/5046/2720 4186/5050/2724
f 4184/5044/2718 4186/5050/2724 4185/5051/2725
f 4182/5052/2726 4184/5044/2718 4185/5051/2725
f 4182/5052/2726 4180/5042/2716 4184/5044/2718
f 4176/5053/2727 4183/5054/335 4175/5055/2728
f 4176/5053/2727 4181/5056/2729 4183/5054/335
f 4176/5053/2727 4179/5057/2730 4181/5056/2729
f 4180/5042/2716 4182/5052/2726 4181/5056/2729
f 4180/5042/2716 4181/5056/2729 4179/5057/2730
f 4178/5040/2714 4180/5042/2716 4179/5057/2730
f 4178/5040/2714 4179/5057/2730 4176/5053/2727
f 4178/5040/2714 4176/5053/2727 4177/5058/2731
f 4163/5059/2732 4177/5058/2731 4176/5053/2727
f 4163/5059/2732 4176/5053/2727 4162/5060/2733
f 4176/5053/2727 4175/5055/2728 4162/5060/2733
f 4175/5055/2728 4161/5061/2734 4162/5060/2733
f 4175/5055/2728 4174/5062/2735 4161/5061/2734
f 4174/5062/2735 4166/5063/2736 4161/5061/2734
f 4174/5062/2735 4173/5064/2737 4166/5063/2736
f 4166/5063/2736 4173/5064/2737 4172/5065/2738
f 4166/5063/2736 4172/5065/2738 4167/5066/2739
f 4167/5066/2739 4172/5065/2738 4171/5067/2740
f 4167/5066/2739 4171/5067/2740 4170/5068/2741
f 4170/5068/2741 4168/5069/2742 4167/5066/2739
f 4170/5068/2741 4169/5070/2743 4168/5069/2742
f 4167/5066/2739 4168/5069/2742 4165/5071/2744
f 4167/5066/2739 4165/5071/2744 4166/5063/2736
f 4165/5071/2744 4161/5061/2734 4166/5063/2736
f 4165/5071/2744 4164/5072/2745 4161/5061/2734
f 4163/5059/2732 4161/5061/2734 4164/5072/2745
f 4163/5059/2732 4162/5060/2733 4161/5061/2734
f 4158/5073/2364 4159/5074/2215 4160/5075/1652
f 4158/5073/2364 4157/5076/588 4159/5074/2215
f 4156/5077/2365 4157/5076/588 4158/5073/2364
f 4156/5077/2365 4155/5078/2365 4157/5076/588
f 4154/5079/102 4155/5078/2365 4156/5077/2365
f 4154/5079/102 4153/5080/102 4155/5078/2365
f 4152/5081/2746 4153/5080/102 4154/5079/102
f 4152/5081/2746 4151/5082/2746 4153/5080/102
f 4150/5083/2315 4151/5082/2746 4152/5081/2746
f 4150/5083/2315 4149/5084/2747 4151/5082/2746
f 4148/5085/86 4149/5084/2747 4150/5083/2315
f 4148/5085/86 4147/5086/86 4149/5084/2747
f 4146/5087/596 4147/5086/86 4148/5085/86
f 4146/5087/596 4145/5088/596 4147/5086/86
f 4144/5089/1030 4145/5088/596 4146/5087/596
f 4144/5089/1030 4143/5090/1030 4145/5088/596
f 4142/5091/3 4143/5090/1030 4144/5089/1030
f 4142/5091/3 4141/5092/3 4143/5090/1030
f 4140/5093/1973 4141/5092/3 4142/5091/3
f 4140/5093/1973 4139/5094/2079 4141/5092/3
f 4138/5095/2748 4139/5094/2079 4140/5093/1973
f 4138/5095/2748 4135/5096/2748 4139/5094/2079
f 4137/5097/1975 4135/5096/2748 4138/5095/2748
f 4137/5097/1975 4136/5098/2219 4135/5096/2748
f 4134/5099/2749 4110/5100/617 4111/5101/618
f 4134/5099/2749 4133/5102/2747 4110/5100/617
f 4132/5103/86 4133/5102/2747 4134/5099/2749
f 4132/5103/86 4131/5104/86 4133/5102/2747
f 4130/5105/2750 4131/5104/86 4132/5103/86
f 4130/5105/2750 4129/5106/596 4131/5104/86
f 4128/5107/1030 4129/5106/596 4130/5105/2750
f 4128/5107/1030 4127/5108/1030 4129/5106/596
f 4126/5109/1 4127/5108/1030 4128/5107/1030
f 4126/5109/1 4125/5110/1 4127/5108/1030
f 4124/5111/2751 4125/5110/1 4126/5109/1
f 4124/5111/2751 4123/5112/2079 4125/5110/1
f 4122/5113/2752 4123/5112/2079 4124/5111/2751
f 4122/5113/2752 4121/5114/2753 4123/5112/2079
f 4120/5115/136 4121/5114/2753 4122/5113/2752
f 4120/5115/136 4117/5116/136 4121/5114/2753
f 4119/5117/1652 4117/5116/136 4120/5115/136
f 4119/5117/1652 4118/5118/1652 4117/5116/136
f 4114/5119/2754 4115/5120/621 4116/5121/621
f 4114/5119/2754 4113/5122/2366 4115/5120/621
f 4112/5123/98 4113/5122/2366 4114/5119/2754
f 4112/5123/98 4109/5124/98 4113/5122/2366
f 4111/5101/618 4109/5124/98 4112/5123/98
f 4111/5101/618 4110/5100/617 4109/5124/98
f 4108/5125/2755 4103/5126/50 4107/5127/1729
f 4107/5127/1729 4103/5126/50 4106/5128/2756
f 4106/5128/2756 4103/5126/50 4105/5129/50
f 4105/5129/50 4103/5126/50 4104/5130/50
f 4104/5130/50 4103/5126/50 4102/5131/50
f 4102/5131/50 4103/5126/50 4092/5132/50
f 4102/5131/50 4092/5132/50 4101/5133/50
f 4101/5133/50 4092/5132/50 4100/5134/50
f 4100/5134/50 4092/5132/50 4099/5135/50
f 4099/5135/50 4092/5132/50 4098/5136/50
f 4098/5136/50 4092/5132/50 4097/5137/50
f 4097/5137/50 4092/5132/50 4096/5138/300
f 4096/5138/300 4092/5132/50 4095/5139/50
f 4095/5139/50 4092/5132/50 4094/5140/50
f 4094/5140/50 4092/5132/50 4093/5141/50
f 4093/5141/50 4092/5132/50 4091/5142/50
f 4090/5143/1211 4088/5144/148 4089/5145/1211
f 4089/5145/1211 4088/5144/148 4084/5146/40
f 4084/5146/40 4088/5144/148 4087/5147/1211
f 4084/5146/40 4087/5147/1211 4086/5148/1210
f 4084/5146/40 4086/5148/1210 4085/5149/1730
f 4084/5146/40 4085/5149/1730 4082/5150/148
f 4084/5146/40 4082/5150/148 4083/5151/1212
f 4083/5151/1212 4082/5150/148 4081/5152/1475
f 4080/5153/2757 4077/5154/2758 4079/5155/40
f 4079/5155/40 4077/5154/2758 4078/5156/1730
f 4078/5156/1730 4077/5154/2758 4076/5157/1211
f 4076/5157/1211 4077/5154/2758 4075/5158/1211
f 4076/5157/1211 4075/5158/1211 4074/5159/40
f 4074/5159/40 4075/5158/1211 4073/5160/40
f 4074/5159/40 4073/5160/40 4072/5161/2759
f 4072/5161/2759 4073/5160/40 4070/5162/2758
f 4072/5161/2759 4070/5162/2758 4071/5163/148
f 4071/5163/148 4070/5162/2758 4069/5164/40
f 4066/3758/2760 4067/3759/2761 4068/3760/2761
f 4066/3758/2760 4065/3761/2760 4067/3759/2761
f 4065/3761/2760 4066/3758/2760 4064/3762/2762
f 4065/3761/2760 4064/3762/2762 4063/3763/2762
f 4062/3764/2763 4063/3763/2762 4064/3762/2762
f 4062/3764/2763 4061/3765/2764 4063/3763/2762
f 4061/3765/2764 4062/3764/2763 4060/3766/2765
f 4061/3765/2764 4060/3766/2765 4059/3767/2765
f 4057/3768/2766 4058/3769/2767 4056/3770/2768
f 4057/3768/2766 4056/3770/2768 4055/3771/2768
f 4055/3771/2768 4056/3770/2768 4054/3772/2769
f 4055/3771/2768 4054/3772/2769 4053/3773/2770
f 4053/3773/2770 4054/3772/2769 4052/3774/2771
f 4053/3773/2770 4052/3774/2771 4051/3775/2771
f 4051/3775/2771 4052/3774/2771 4050/3776/2771
f 4051/3775/2771 4050/3776/2771 4049/3777/2771
f 4046/5165/136 4047/5166/2772 4048/5167/2077
f 4046/5165/136 4045/5168/136 4047/5166/2772
f 4044/5169/2079 4045/5168/136 4046/5165/136
f 4044/5169/2079 4043/5170/2079 4045/5168/136
f 4042/5171/2079 4043/5170/2079 4044/5169/2079
f 4042/5171/2079 4041/5172/2079 4043/5170/2079
f 4040/5173/2079 4041/5172/2079 4042/5171/2079
f 4040/5173/2079 4039/5174/2079 4041/5172/2079
f 4038/5175/1030 4039/5174/2079 4040/5173/2079
f 4038/5175/1030 4037/5176/1030 4039/5174/2079
f 4036/5177/1030 4037/5176/1030 4038/5175/1030
f 4036/5177/1030 4035/5178/1030 4037/5176/1030
f 4034/5179/1030 4035/5178/1030 4036/5177/1030
f 4034/5179/1030 4033/5180/1030 4035/5178/1030
f 4032/5181/86 4033/5180/1030 4034/5179/1030
f 4032/5181/86 4031/5182/86 4033/5180/1030
f 4030/5183/86 4031/5182/86 4032/5181/86
f 4030/5183/86 4029/5184/86 4031/5182/86
f 4028/5185/2362 4029/5184/86 4030/5183/86
f 4028/5185/2362 4027/5186/929 4029/5184/86
f 4026/5187/2773 4027/5186/929 4028/5185/2362
f 4026/5187/2773 4025/5188/2746 4027/5186/929
f 4024/5189/618 4025/5188/2746 4026/5187/2773
f 4024/5189/618 4023/5190/618 4025/5188/2746
f 4022/5191/1971 4023/5190/618 4024/5189/618
f 4022/5191/1971 4021/5192/1971 4023/5190/618
f 4020/5193/2365 4021/5192/1971 4022/5191/1971
f 4020/5193/2365 4019/5194/2774 4021/5192/1971
f 4018/5195/2365 4019/5194/2774 4020/5193/2365
f 4018/5195/2365 4017/5196/2774 4019/5194/2774
f 4016/5197/2365 4017/5196/2774 4018/5195/2365
f 4016/5197/2365 4015/5198/2366 4017/5196/2774
f 4014/5199/136 4015/5198/2366 4016/5197/2365
f 4014/5199/136 4011/5200/136 4015/5198/2366
f 4013/5201/2078 4011/5200/136 4014/5199/136
f 4013/5201/2078 4012/5202/2748 4011/5200/136
f 3997/5203/2775 4009/5204/2776 3996/5205/2777
f 4003/5206/2778 3999/5207/2779 4001/5208/2780
f 3999/5207/2779 4003/5206/2778 4006/5209/2781
f 3999/5207/2779 4006/5209/2781 4008/5210/2782
f 3999/5207/2779 4008/5210/2782 3998/5211/2783
f 3998/5211/2783 4008/5210/2782 4010/5212/2784
f 3997/5203/2775 3998/5211/2783 4010/5212/2784
f 3997/5203/2775 4010/5212/2784 4009/5204/2776
f 4008/5210/2782 4009/5204/2776 4010/5212/2784
f 4008/5210/2782 4007/5213/2785 4009/5204/2776
f 4006/5209/2781 4007/5213/2785 4008/5210/2782
f 4006/5209/2781 4005/5214/2786 4007/5213/2785
f 4003/5206/2778 4005/5214/2786 4006/5209/2781
f 4003/5206/2778 4004/5215/2787 4005/5214/2786
f 4003/5206/2778 4002/5216/2788 4004/5215/2787
f 4003/5206/2778 4001/5208/2780 4002/5216/2788
f 4001/5208/2780 4000/5217/2789 4002/5216/2788
f 4001/5208/2780 3999/5207/2779 4000/5217/2789
f 3999/5207/2779 3987/5218/2790 4000/5217/2789
f 3999/5207/2779 3998/5211/2783 3987/5218/2790
f 3989/5219/2791 3987/5218/2790 3998/5211/2783
f 3997/5203/2775 3989/5219/2791 3998/5211/2783
f 3991/5220/2792 3989/5219/2791 3997/5203/2775
f 3991/5220/2792 3997/5203/2775 3996/5205/2777
f 3991/5220/2792 3996/5205/2777 3990/5221/2793
f 3992/5222/2794 3990/5221/2793 3995/5223/2795
f 3992/5222/2794 3995/5223/2795 3994/5224/2796
f 3992/5222/2794 3994/5224/2796 3993/5225/2797
f 3993/5225/2797 3994/5224/2796 3988/5226/2798
f 3993/5225/2797 3988/5226/2798 3989/5219/2791
f 3993/5225/2797 3989/5219/2791 3992/5222/2794
f 3992/5222/2794 3989/5219/2791 3991/5220/2792
f 3992/5222/2794 3991/5220/2792 3990/5221/2793
f 3989/5219/2791 3988/5226/2798 3987/5218/2790
f 3984/5227/2799 3985/5228/2800 3986/5229/2800
f 3984/5227/2799 3983/5230/2801 3985/5228/2800
f 3982/5231/2802 3983/5230/2801 3984/5227/2799
f 3982/5231/2802 3981/5232/2803 3983/5230/2801
f 3980/5233/2804 3981/5232/2803 3982/5231/2802
f 3980/5233/2804 3979/5234/2804 3981/5232/2803
f 3978/5235/2805 3979/5234/2804 3980/5233/2804
f 3978/5235/2805 3977/5236/2806 3979/5234/2804
f 3976/5237/2807 3977/5236/2806 3978/5235/2805
f 3976/5237/2807 3975/5238/2808 3977/5236/2806
f 3974/5239/2809 3975/5238/2808 3976/5237/2807
f 3974/5239/2809 3973/5240/2810 3975/5238/2808
f 3972/5241/2811 3973/5240/2810 3974/5239/2809
f 3972/5241/2811 3971/5242/2811 3973/5240/2810
f 3970/5243/2373 3971/5242/2811 3972/5241/2811
f 3970/5243/2373 3969/5244/2812 3971/5242/2811
f 3968/5245/2813 3969/5244/2812 3970/5243/2373
f 3968/5245/2813 3967/5246/2814 3969/5244/2812
f 3966/5247/2815 3967/5246/2814 3968/5245/2813
f 3966/5247/2815 3965/5248/2815 3967/5246/2814
f 3964/5249/2816 3965/5248/2815 3966/5247/2815
f 3964/5249/2816 3963/5250/2816 3965/5248/2815
f 3962/5251/2817 3963/5250/2816 3964/5249/2816
f 3962/5251/2817 3961/5252/2818 3963/5250/2816
f 3960/5253/2819 3961/5252/2818 3962/5251/2817
f 3960/5253/2819 3959/5254/2819 3961/5252/2818
f 3958/5255/2820 3959/5254/2819 3960/5253/2819
f 3958/5255/2820 3957/5256/2821 3959/5254/2819
f 3956/5257/2822 3957/5256/2821 3958/5255/2820
f 3956/5257/2822 3955/5258/2822 3957/5256/2821
f 3954/5259/2823 3955/5258/2822 3956/5257/2822
f 3954/5259/2823 3953/5260/2824 3955/5258/2822
f 3952/5261/2380 3953/5260/2824 3954/5259/2823
f 3952/5261/2380 3949/5262/2825 3953/5260/2824
f 3951/5263/2826 3949/5262/2825 3952/5261/2380
f 3951/5263/2826 3950/5264/2827 3949/5262/2825
f 3947/3545/2828 3946/3546/2828 3948/3547/2828
f 3947/3545/2828 3945/3548/2828 3946/3546/2828
f 3945/3548/2828 3944/3549/2829 3946/3546/2828
f 3945/3548/2828 3943/3550/2830 3944/3549/2829
f 3943/3550/2830 3942/3551/2831 3944/3549/2829
f 3943/3550/2830 3941/3552/2832 3942/3551/2831
f 3941/3552/2832 3939/3553/2831 3942/3551/2831
f 3941/3552/2832 3940/3554/2832 3939/3553/2831
f 3933/5265/2833 3935/5266/2834 3930/5267/2835
f 3930/5267/2835 3935/5266/2834 3928/5268/2836
f 3928/5268/2836 3935/5266/2834 3926/5269/2837
f 3926/5269/2837 3935/5266/2834 3936/5270/2838
f 3926/5269/2837 3936/5270/2838 3925/5271/2839
f 3936/5270/2838 3937/5272/2840 3925/5271/2839
f 3937/5272/2840 3924/5273/2841 3925/5271/2839
f 3937/5272/2840 3938/5274/2842 3924/5273/2841
f 3916/5275/2843 3919/5276/2844 3915/5277/2845
f 3915/5277/2845 3919/5276/2844 3938/5274/2842
f 3915/5277/2845 3938/5274/2842 3937/5272/2840
f 3917/5278/2846 3915/5277/2845 3937/5272/2840
f 3917/5278/2846 3937/5272/2840 3936/5270/2838
f 3917/5278/2846 3936/5270/2838 3923/5279/2847
f 3935/5266/2834 3923/5279/2847 3936/5270/2838
f 3935/5266/2834 3934/5280/2848 3923/5279/2847
f 3933/5265/2833 3934/5280/2848 3935/5266/2834
f 3933/5265/2833 3932/5281/2849 3934/5280/2848
f 3930/5267/2835 3932/5281/2849 3933/5265/2833
f 3930/5267/2835 3931/5282/2850 3932/5281/2849
f 3930/5267/2835 3929/5283/2851 3931/5282/2850
f 3930/5267/2835 3928/5268/2836 3929/5283/2851
f 3928/5268/2836 3927/5284/2852 3929/5283/2851
f 3928/5268/2836 3926/5269/2837 3927/5284/2852
f 3926/5269/2837 3924/5273/2841 3927/5284/2852
f 3926/5269/2837 3925/5271/2839 3924/5273/2841
f 3917/5278/2846 3923/5279/2847 3922/5285/2853
f 3918/5286/2854 3917/5278/2846 3922/5285/2853
f 3918/5286/2854 3922/5285/2853 3921/5287/2855
f 3916/5275/2843 3918/5286/2854 3921/5287/2855
f 3916/5275/2843 3921/5287/2855 3920/5288/2856
f 3916/5275/2843 3920/5288/2856 3919/5276/2844
f 3918/5286/2854 3916/5275/2843 3917/5278/2846
f 3917/5278/2846 3916/5275/2843 3915/5277/2845
f 3914/5289/2857 3883/5290/2858 3884/5291/2859
f 3906/5292/2860 3907/5293/2861 3908/5294/2862
f 3910/5295/2863 3911/5296/2864 3912/5297/2865
f 3883/5290/2858 3887/5298/2866 3882/5299/2867
f 3883/5290/2858 3889/5300/2868 3887/5298/2866
f 3914/5289/2857 3889/5300/2868 3883/5290/2858
f 3904/5301/2869 3889/5300/2868 3914/5289/2857
f 3904/5301/2869 3914/5289/2857 3913/5302/2870
f 3912/5297/2865 3904/5301/2869 3913/5302/2870
f 3912/5297/2865 3911/5296/2864 3904/5301/2869
f 3902/5303/2871 3904/5301/2869 3911/5296/2864
f 3910/5295/2863 3902/5303/2871 3911/5296/2864
f 3903/5304/2872 3902/5303/2871 3910/5295/2863
f 3903/5304/2872 3910/5295/2863 3909/5305/2873
f 3908/5294/2862 3903/5304/2872 3909/5305/2873
f 3908/5294/2862 3907/5293/2861 3903/5304/2872
f 3899/5306/2874 3903/5304/2872 3907/5293/2861
f 3906/5292/2860 3899/5306/2874 3907/5293/2861
f 3898/5307/2875 3899/5306/2874 3906/5292/2860
f 3898/5307/2875 3906/5292/2860 3905/5308/2876
f 3879/5309/2877 3898/5307/2875 3905/5308/2876
f 3904/5301/2869 3899/5306/2874 3889/5300/2868
f 3902/5303/2871 3899/5306/2874 3904/5301/2869
f 3903/5304/2872 3899/5306/2874 3902/5303/2871
f 3890/5310/2878 3892/5311/2879 3901/5312/2880
f 3900/5313/2881 3890/5310/2878 3901/5312/2880
f 3900/5313/2881 3888/5314/2882 3890/5310/2878
f 3886/5315/2883 3888/5314/2882 3900/5313/2881
f 3893/5316/2884 3897/5317/2885 3895/5318/2886
f 3891/5319/2887 3897/5317/2885 3893/5316/2884
f 3891/5319/2887 3889/5300/2868 3897/5317/2885
f 3889/5300/2868 3899/5306/2874 3897/5317/2885
f 3897/5317/2885 3899/5306/2874 3898/5307/2875
f 3879/5309/2877 3880/5320/2888 3898/5307/2875
f 3897/5317/2885 3898/5307/2875 3880/5320/2888
f 3881/5321/2889 3897/5317/2885 3880/5320/2888
f 3895/5318/2886 3897/5317/2885 3881/5321/2889
f 3895/5318/2886 3881/5321/2889 3896/5322/2890
f 3894/5323/2891 3895/5318/2886 3896/5322/2890
f 3894/5323/2891 3893/5316/2884 3895/5318/2886
f 3892/5311/2879 3893/5316/2884 3894/5323/2891
f 3892/5311/2879 3891/5319/2887 3893/5316/2884
f 3890/5310/2878 3891/5319/2887 3892/5311/2879
f 3890/5310/2878 3889/5300/2868 3891/5319/2887
f 3888/5314/2882 3889/5300/2868 3890/5310/2878
f 3887/5298/2866 3889/5300/2868 3888/5314/2882
f 3886/5315/2883 3887/5298/2866 3888/5314/2882
f 3882/5299/2867 3887/5298/2866 3886/5315/2883
f 3882/5299/2867 3886/5315/2883 3885/5324/2892
f 3884/5291/2859 3882/5299/2867 3885/5324/2892
f 3884/5291/2859 3883/5290/2858 3882/5299/2867
f 3881/5321/2889 3880/5320/2888 3879/5309/2877
f 3876/5325/596 3877/5326/2893 3878/5327/2894
f 3876/5325/596 3875/5328/596 3877/5326/2893
f 3874/5329/2895 3875/5328/596 3876/5325/596
f 3874/5329/2895 3873/5330/2895 3875/5328/596
f 3872/5331/2896 3873/5330/2895 3874/5329/2895
f 3872/5331/2896 3863/5332/2897 3873/5330/2895
f 3862/5333/2898 3863/5332/2897 3872/5331/2896
f 3869/5334/2747 3870/5335/581 3871/5336/581
f 3869/5334/2747 3868/5337/2315 3870/5335/581
f 3867/5338/1971 3868/5337/2315 3869/5334/2747
f 3867/5338/1971 3866/5339/618 3868/5337/2315
f 3865/5340/2899 3866/5339/618 3867/5338/1971
f 3865/5340/2899 3864/5341/2900 3866/5339/618
f 3855/5342/2901 3864/5341/2900 3865/5340/2899
f 3855/5342/2901 3852/5343/2900 3864/5341/2900
f 3862/5333/2898 3838/5344/2897 3863/5332/2897
f 3862/5333/2898 3837/5345/2898 3838/5344/2897
f 3861/5346/2078 3837/5345/2898 3862/5333/2898
f 3861/5346/2078 3860/5347/2217 3837/5345/2898
f 3859/5348/2902 3860/5347/2217 3861/5346/2078
f 3859/5348/2902 3858/5349/2902 3860/5347/2217
f 3857/5350/2213 3858/5349/2902 3859/5348/2902
f 3857/5350/2213 3856/5351/588 3858/5349/2902
f 3854/5352/2903 3856/5351/588 3857/5350/2213
f 3854/5352/2903 3855/5342/2901 3856/5351/588
f 3855/5342/2901 3854/5352/2903 3852/5343/2900
f 3853/5353/2203 3852/5343/2900 3854/5352/2903
f 3851/5354/2904 3852/5343/2900 3853/5353/2203
f 3851/5354/2904 3850/5355/2084 3852/5343/2900
f 3849/5356/2315 3850/5355/2084 3851/5354/2904
f 3849/5356/2315 3846/5357/2905 3850/5355/2084
f 3848/5358/581 3846/5357/2905 3849/5356/2315
f 3848/5358/581 3847/5359/581 3846/5357/2905
f 3844/5360/2906 3845/5361/2907 3843/5362/596
f 3844/5360/2906 3843/5362/596 3842/5363/596
f 3842/5363/596 3843/5362/596 3841/5364/2895
f 3842/5363/596 3841/5364/2895 3840/5365/2895
f 3840/5365/2895 3841/5364/2895 3838/5344/2897
f 3840/5365/2895 3838/5344/2897 3839/5366/2908
f 3839/5366/2908 3838/5344/2897 3837/5345/2898
f 3835/5367/136 3836/5368/136 3834/5369/136
f 3835/5367/136 3834/5369/136 3833/5370/136
f 3831/5371/136 3832/5372/136 3830/5373/136
f 3831/5371/136 3830/5373/136 3829/5374/136
f 3827/5375/50 3828/5376/50 3826/5377/50
f 3827/5375/50 3826/5377/50 3824/5378/50
f 3826/5377/50 3825/5379/50 3824/5378/50
f 3825/5379/50 3823/5380/50 3824/5378/50
f 3824/5378/50 3823/5380/50 3821/5381/50
f 3823/5380/50 3822/5382/50 3821/5381/50
f 3822/5382/50 3820/5383/50 3821/5381/50
f 3820/5383/50 3818/5384/50 3821/5381/50
f 3820/5383/50 3819/5385/876 3818/5384/50
f 3816/5386/2909 3813/5387/40 3817/5388/874
f 3816/5386/2909 3815/5389/711 3813/5387/40
f 3815/5389/711 3814/5390/711 3813/5387/40
f 3814/5390/711 3812/5391/40 3813/5387/40
f 3813/5387/40 3812/5391/40 3810/5392/40
f 3812/5391/40 3811/5393/712 3810/5392/40
f 3811/5393/712 3808/5394/40 3810/5392/40
f 3809/5395/40 3810/5392/40 3808/5394/40
f 3809/5395/40 3808/5394/40 3807/5396/40
f 3805/5397/40 3806/5398/40 3804/5399/40
f 3805/5397/40 3804/5399/40 3803/5400/40
f 3801/5401/50 3802/5402/50 3800/5403/50
f 3801/5401/50 3800/5403/50 3799/5404/50
f 3797/5405/136 3798/5406/136 3796/5407/136
f 3797/5405/136 3796/5407/136 3795/5408/136
f 3792/5409/98 3793/5410/98 3794/5411/98
f 3792/5409/98 3790/5412/99 3793/5410/98
f 3790/5412/99 3792/5409/98 3791/5413/1442
f 3790/5412/99 3791/5413/1442 3789/5414/99
f 3786/5415/102 3790/5412/99 3789/5414/99
f 3788/5416/102 3786/5415/102 3789/5414/99
f 3787/5417/102 3786/5415/102 3788/5416/102
f 3785/5418/102 3786/5415/102 3787/5417/102
f 3782/5419/102 3786/5415/102 3785/5418/102
f 3784/5420/102 3782/5419/102 3785/5418/102
f 3783/5421/102 3782/5419/102 3784/5420/102
f 3781/5422/102 3782/5419/102 3783/5421/102
f 3779/5423/102 3782/5419/102 3781/5422/102
f 3780/5424/98 3779/5423/102 3781/5422/102
f 3780/5424/98 3777/5425/102 3779/5423/102
f 3778/5426/99 3779/5423/102 3777/5425/102
f 3778/5426/99 3777/5425/102 3776/5427/99
f 3771/5428/209 3774/5429/10 3775/5430/10
f 3771/5428/209 3773/5431/10 3774/5429/10
f 3772/5432/1207 3773/5431/10 3771/5428/209
f 3772/5432/1207 3771/5428/209 3770/5433/209
f 3771/5428/209 3767/5434/3 3770/5433/209
f 3770/5433/209 3767/5434/3 3769/5435/3
f 3769/5435/3 3767/5434/3 3768/5436/3
f 3766/5437/3 3768/5436/3 3767/5434/3
f 3766/5437/3 3767/5434/3 3763/5438/3
f 3765/5439/4 3766/5437/3 3763/5438/3
f 3764/5440/3 3765/5439/4 3763/5438/3
f 3762/5441/1 3764/5440/3 3763/5438/3
f 3758/5442/209 3762/5441/1 3763/5438/3
f 3761/5443/638 3762/5441/1 3758/5442/209
f 3761/5443/638 3758/5442/209 3760/5444/11
f 3759/5445/3 3760/5444/11 3758/5442/209
f 3759/5445/3 3758/5442/209 3757/5446/3
f 3732/5447/2910 3733/5448/2910 3756/5449/63
f 3732/5447/2910 3756/5449/63 3755/5450/63
f 3754/5451/895 3755/5450/63 3756/5449/63
f 3754/5451/895 3753/5452/203 3755/5450/63
f 3753/5452/203 3754/5451/895 3752/5453/86
f 3753/5452/203 3752/5453/86 3751/5454/86
f 3750/5455/58 3751/5454/86 3752/5453/86
f 3750/5455/58 3749/5456/58 3751/5454/86
f 3749/5456/58 3750/5455/58 3748/5457/264
f 3749/5456/58 3748/5457/264 3747/5458/84
f 3746/5459/2911 3747/5458/84 3748/5457/264
f 3746/5459/2911 3745/5460/2912 3747/5458/84
f 3745/5460/2912 3746/5459/2911 3744/5461/2913
f 3745/5460/2912 3744/5461/2913 3743/5462/2914
f 3742/5463/2915 3743/5462/2914 3744/5461/2913
f 3742/5463/2915 3741/5464/2916 3743/5462/2914
f 3741/5464/2916 3742/5463/2915 3740/5465/86
f 3741/5464/2916 3740/5465/86 3739/5466/86
f 3736/5467/2917 3737/5468/86 3738/5469/86
f 3736/5467/2917 3735/5470/2917 3737/5468/86
f 3735/5470/2917 3736/5467/2917 3734/5471/2918
f 3735/5470/2917 3734/5471/2918 3731/5472/2919
f 3733/5448/2910 3731/5472/2919 3734/5471/2918
f 3733/5448/2910 3732/5447/2910 3731/5472/2919
f 3729/5473/136 3730/5474/136 3728/5475/136
f 3729/5473/136 3728/5475/136 3727/5476/136
f 3726/5477/136 3715/5478/136 3725/5479/136
f 3725/5479/136 3715/5478/136 3723/5480/136
f 3723/5480/136 3722/5481/136 3724/5482/136
f 3723/5480/136 3715/5478/136 3722/5481/136
f 3722/5481/136 3715/5478/136 3721/5483/136
f 3721/5483/136 3715/5478/136 3720/5484/136
f 3720/5484/136 3715/5478/136 3719/5485/136
f 3719/5485/136 3715/5478/136 3718/5486/136
f 3715/5478/136 3717/5487/136 3718/5486/136
f 3715/5478/136 3716/5488/136 3717/5487/136
f 3715/5478/136 3714/5489/136 3716/5488/136
f 3713/5490/136 3714/5489/136 3715/5478/136
f 3713/5490/136 3710/5491/136 3714/5489/136
f 3709/5492/136 3713/5490/136 3712/5493/136
f 3711/5494/136 3710/5491/136 3709/5492/136
f 3706/5495/2920 3707/5496/2921 3708/5497/2922
f 3706/5495/2920 3705/5498/2923 3707/5496/2921
f 3704/5499/2924 3705/5498/2923 3706/5495/2920
f 3704/5499/2924 3703/5500/2924 3705/5498/2923
f 3702/5501/10 3703/5500/2924 3704/5499/2924
f 3702/5501/10 3701/5502/10 3703/5500/2924
f 3700/5503/2925 3701/5502/10 3702/5501/10
f 3700/5503/2925 3699/5504/2925 3701/5502/10
f 3698/5505/2926 3699/5504/2925 3700/5503/2925
f 3698/5505/2926 3697/5506/2926 3699/5504/2925
f 3696/5507/874 3697/5506/2926 3698/5505/2926
f 3696/5507/874 3695/5508/874 3697/5506/2926
f 3694/5509/2927 3695/5508/874 3696/5507/874
f 3694/5509/2927 3693/5510/2928 3695/5508/874
f 3692/5511/2929 3693/5510/2928 3694/5509/2927
f 3692/5511/2929 3691/5512/2929 3693/5510/2928
f 3690/5513/102 3691/5512/2929 3692/5511/2929
f 3690/5513/102 3689/5514/102 3691/5512/2929
f 3688/5515/2930 3689/5514/102 3690/5513/102
f 3688/5515/2930 3687/5516/2931 3689/5514/102
f 3686/5517/2932 3687/5516/2931 3688/5515/2930
f 3686/5517/2932 3683/5518/2933 3687/5516/2931
f 3685/5519/2934 3683/5518/2933 3686/5517/2932
f 3685/5519/2934 3684/5520/2934 3683/5518/2933
f 3681/5521/2935 3682/5522/2936 3679/5523/2937
f 3589/5524/2938 3591/5525/2939 3676/5526/2940
f 3678/5527/2941 3676/5526/2940 3591/5525/2939
f 3678/5527/2941 3591/5525/2939 3593/5528/2942
f 3680/5529/2943 3678/5527/2941 3593/5528/2942
f 3680/5529/2943 3593/5528/2942 3664/5530/2944
f 3680/5529/2943 3664/5530/2944 3665/5531/2945
f 3680/5529/2943 3665/5531/2945 3681/5521/2935
f 3681/5521/2935 3679/5523/2937 3680/5529/2943
f 3679/5523/2937 3678/5527/2941 3680/5529/2943
f 3679/5523/2937 3677/5532/1481 3678/5527/2941
f 3677/5532/1481 3676/5526/2940 3678/5527/2941
f 3677/5532/1481 3675/5533/2946 3676/5526/2940
f 3675/5533/2946 3589/5524/2938 3676/5526/2940
f 3675/5533/2946 3674/5534/1485 3589/5524/2938
f 3589/5524/2938 3674/5534/1485 3587/5535/2947
f 3670/5536/2948 3671/5537/2949 3673/5538/2936
f 3663/5539/2950 3616/5540/2951 3620/5541/2952
f 3596/5542/2953 3616/5540/2951 3663/5539/2950
f 3596/5542/2953 3663/5539/2950 3672/5543/2954
f 3595/5544/2955 3596/5542/2953 3672/5543/2954
f 3595/5544/2955 3672/5543/2954 3671/5537/2949
f 3670/5536/2948 3595/5544/2955 3671/5537/2949
f 3597/5545/2956 3595/5544/2955 3670/5536/2948
f 3597/5545/2956 3670/5536/2948 3669/5546/2957
f 3599/5547/2958 3597/5545/2956 3669/5546/2957
f 3599/5547/2958 3669/5546/2957 3668/5548/2959
f 3601/5549/2960 3599/5547/2958 3668/5548/2959
f 3601/5549/2960 3668/5548/2959 3667/5550/2961
f 3601/5549/2960 3667/5550/2961 3666/5551/2962
f 3601/5549/2960 3666/5551/2962 3603/5552/2963
f 3603/5552/2963 3666/5551/2962 3665/5531/2945
f 3603/5552/2963 3665/5531/2945 3664/5530/2944
f 3664/5530/2944 3594/5553/2964 3603/5552/2963
f 3664/5530/2944 3593/5528/2942 3594/5553/2964
f 3663/5539/2950 3620/5541/2952 3662/5554/789
f 3620/5541/2952 3659/5555/2947 3662/5554/789
f 3657/5556/2965 3660/5557/2966 3658/5558/2967
f 3657/5556/2965 3656/5559/2968 3660/5557/2966
f 3660/5557/2966 3656/5559/2968 3661/5560/2969
f 3656/5559/2968 3648/5561/2970 3661/5560/2969
f 3647/5562/2971 3661/5560/2969 3648/5561/2970
f 3646/5563/2972 3661/5560/2969 3647/5562/2971
f 3646/5563/2972 3654/5564/2973 3661/5560/2969
f 3660/5557/2966 3661/5560/2969 3654/5564/2973
f 3655/5565/2974 3660/5557/2966 3654/5564/2973
f 3658/5558/2967 3660/5557/2966 3655/5565/2974
f 3658/5558/2967 3655/5565/2974 3659/5555/2947
f 3620/5541/2952 3658/5558/2967 3659/5555/2947
f 3657/5556/2965 3658/5558/2967 3620/5541/2952
f 3657/5556/2965 3620/5541/2952 3621/5566/2975
f 3622/5567/2976 3657/5556/2965 3621/5566/2975
f 3622/5567/2976 3656/5559/2968 3657/5556/2965
f 3622/5567/2976 3623/5568/2977 3656/5559/2968
f 3656/5559/2968 3623/5568/2977 3648/5561/2970
f 3623/5568/2977 3624/5569/1979 3648/5561/2970
f 3632/5570/2978 3648/5561/2970 3624/5569/1979
f 3655/5565/2974 3654/5564/2973 3653/5571/2979
f 3653/5571/2979 3654/5564/2973 3646/5563/2972
f 3653/5571/2979 3646/5563/2972 3652/5572/2980
f 3646/5563/2972 3645/5573/2981 3652/5572/2980
f 3642/3490/1500 3651/3491/1501 3650/5574/103
f 3649/5575/2982 3642/3490/1500 3650/5574/103
f 3649/5575/2982 3643/5576/2983 3642/3490/1500
f 3644/5577/2984 3643/5576/2983 3649/5575/2982
f 3647/5562/2971 3648/5561/2970 3632/5570/2978
f 3631/5578/2985 3647/5562/2971 3632/5570/2978
f 3646/5563/2972 3647/5562/2971 3631/5578/2985
f 3646/5563/2972 3631/5578/2985 3637/5579/2986
f 3646/5563/2972 3637/5579/2986 3645/5573/2981
f 3645/5573/2981 3637/5579/2986 3638/5580/2987
f 3645/5573/2981 3638/5580/2987 3644/5577/2984
f 3644/5577/2984 3638/5580/2987 3643/5576/2983
f 3638/5580/2987 3639/5581/2988 3643/5576/2983
f 3642/3490/1500 3643/5576/2983 3639/5581/2988
f 3642/3490/1500 3639/5581/2988 3640/5582/2989
f 3642/3490/1500 3640/5582/2989 3641/3489/1499
f 3641/3489/1499 3640/5582/2989 3634/5583/2990
f 3641/3489/1499 3634/5583/2990 3472/3498/1508
f 3472/3498/1508 3634/5583/2990 3633/5584/2991
f 3472/3498/1508 3633/5584/2991 3471/5585/2992
f 3566/5586/2993 3471/5585/2992 3633/5584/2991
f 3628/5587/2994 3566/5586/2993 3633/5584/2991
f 3640/5582/2989 3635/5588/2995 3634/5583/2990
f 3640/5582/2989 3639/5581/2988 3635/5588/2995
f 3636/5589/2996 3635/5588/2995 3639/5581/2988
f 3638/5580/2987 3636/5589/2996 3639/5581/2988
f 3637/5579/2986 3636/5589/2996 3638/5580/2987
f 3637/5579/2986 3631/5578/2985 3636/5589/2996
f 3631/5578/2985 3630/5590/2997 3636/5589/2996
f 3636/5589/2996 3630/5590/2997 3635/5588/2995
f 3630/5590/2997 3628/5587/2994 3635/5588/2995
f 3634/5583/2990 3635/5588/2995 3628/5587/2994
f 3634/5583/2990 3628/5587/2994 3633/5584/2991
f 3632/5570/2978 3624/5569/1979 3625/5591/2998
f 3629/5592/2999 3632/5570/2978 3625/5591/2998
f 3631/5578/2985 3632/5570/2978 3629/5592/2999
f 3631/5578/2985 3629/5592/2999 3630/5590/2997
f 3629/5592/2999 3627/5593/2096 3630/5590/2997
f 3630/5590/2997 3627/5593/2096 3628/5587/2994
f 3629/5592/2999 3625/5591/2998 3626/5594/3000
f 3629/5592/2999 3626/5594/3000 3627/5593/2096
f 3628/5587/2994 3567/5595/3001 3566/5586/2993
f 3627/5593/2096 3567/5595/3001 3628/5587/2994
f 3627/5593/2096 3581/5596/3002 3567/5595/3001
f 3626/5594/3000 3581/5596/3002 3627/5593/2096
f 3626/5594/3000 3582/5597/3003 3581/5596/3002
f 3626/5594/3000 3609/5598/3004 3582/5597/3003
f 3626/5594/3000 3625/5591/2998 3609/5598/3004
f 3625/5591/2998 3610/5599/3005 3609/5598/3004
f 3625/5591/2998 3624/5569/1979 3610/5599/3005
f 3617/5600/40 3610/5599/3005 3624/5569/1979
f 3623/5568/2977 3617/5600/40 3624/5569/1979
f 3618/5601/3006 3617/5600/40 3623/5568/2977
f 3618/5601/3006 3623/5568/2977 3622/5567/2976
f 3618/5601/3006 3622/5567/2976 3619/5602/3007
f 3622/5567/2976 3621/5566/2975 3619/5602/3007
f 3619/5602/3007 3621/5566/2975 3615/5603/3008
f 3615/5603/3008 3621/5566/2975 3620/5541/2952
f 3615/5603/3008 3620/5541/2952 3616/5540/2951
f 3619/5602/3007 3615/5603/3008 3614/5604/3009
f 3613/5605/3010 3619/5602/3007 3614/5604/3009
f 3618/5601/3006 3619/5602/3007 3613/5605/3010
f 3612/5606/3011 3618/5601/3006 3613/5605/3010
f 3612/5606/3011 3617/5600/40 3618/5601/3006
f 3612/5606/3011 3611/5607/3012 3617/5600/40
f 3617/5600/40 3611/5607/3012 3610/5599/3005
f 3598/5608/3013 3616/5540/2951 3596/5542/2953
f 3598/5608/3013 3615/5603/3008 3616/5540/2951
f 3600/5609/3014 3615/5603/3008 3598/5608/3013
f 3600/5609/3014 3614/5604/3009 3615/5603/3008
f 3602/5610/1491 3614/5604/3009 3600/5609/3014
f 3602/5610/1491 3604/5611/1680 3614/5604/3009
f 3613/5605/3010 3614/5604/3009 3604/5611/1680
f 3605/5612/3015 3613/5605/3010 3604/5611/1680
f 3612/5606/3011 3613/5605/3010 3605/5612/3015
f 3606/5613/3016 3612/5606/3011 3605/5612/3015
f 3606/5613/3016 3611/5607/3012 3612/5606/3011
f 3606/5613/3016 3607/5614/3017 3611/5607/3012
f 3611/5607/3012 3607/5614/3017 3608/5615/3018
f 3611/5607/3012 3608/5615/3018 3610/5599/3005
f 3609/5598/3004 3610/5599/3005 3608/5615/3018
f 3582/5597/3003 3609/5598/3004 3583/5616/3019
f 3609/5598/3004 3608/5615/3018 3583/5616/3019
f 3583/5616/3019 3608/5615/3018 3584/5617/3020
f 3607/5614/3017 3584/5617/3020 3608/5615/3018
f 3607/5614/3017 3585/5618/2912 3584/5617/3020
f 3588/5619/3021 3585/5618/2912 3607/5614/3017
f 3588/5619/3021 3607/5614/3017 3606/5613/3016
f 3588/5619/3021 3606/5613/3016 3590/5620/3022
f 3606/5613/3016 3605/5612/3015 3590/5620/3022
f 3590/5620/3022 3605/5612/3015 3592/5621/3023
f 3605/5612/3015 3604/5611/1680 3592/5621/3023
f 3594/5553/2964 3592/5621/3023 3604/5611/1680
f 3594/5553/2964 3604/5611/1680 3602/5610/1491
f 3603/5552/2963 3594/5553/2964 3602/5610/1491
f 3603/5552/2963 3602/5610/1491 3601/5549/2960
f 3601/5549/2960 3602/5610/1491 3600/5609/3014
f 3601/5549/2960 3600/5609/3014 3599/5547/2958
f 3599/5547/2958 3600/5609/3014 3598/5608/3013
f 3599/5547/2958 3598/5608/3013 3597/5545/2956
f 3597/5545/2956 3598/5608/3013 3596/5542/2953
f 3597/5545/2956 3596/5542/2953 3595/5544/2955
f 3593/5528/2942 3592/5621/3023 3594/5553/2964
f 3593/5528/2942 3591/5525/2939 3592/5621/3023
f 3590/5620/3022 3592/5621/3023 3591/5525/2939
f 3589/5524/2938 3590/5620/3022 3591/5525/2939
f 3588/5619/3021 3590/5620/3022 3589/5524/2938
f 3589/5524/2938 3587/5535/2947 3588/5619/3021
f 3587/5535/2947 3585/5618/2912 3588/5619/3021
f 3587/5535/2947 3586/5622/671 3585/5618/2912
f 3585/5618/2912 3586/5622/671 3577/5623/2979
f 3585/5618/2912 3577/5623/2979 3584/5617/3020
f 3577/5623/2979 3574/5624/3024 3584/5617/3020
f 3583/5616/3019 3584/5617/3020 3574/5624/3024
f 3572/5625/3025 3583/5616/3019 3574/5624/3024
f 3582/5597/3003 3583/5616/3019 3572/5625/3025
f 3582/5597/3003 3572/5625/3025 3570/5626/3026
f 3582/5597/3003 3570/5626/3026 3581/5596/3002
f 3581/5596/3002 3570/5626/3026 3568/5627/3027
f 3581/5596/3002 3568/5627/3027 3567/5595/3001
f 3573/5628/3028 3575/5629/3029 3580/5630/2984
f 3573/5628/3028 3580/5630/2984 3571/5631/3030
f 3571/5631/3030 3580/5630/2984 3579/5632/3031
f 3571/5631/3030 3579/5632/3031 3569/5633/3032
f 3579/5632/3031 3557/5634/3033 3569/5633/3032
f 3579/5632/3031 3578/5635/1316 3557/5634/3033
f 3557/5634/3033 3578/5635/1316 3556/5636/1501
f 3577/5623/2979 3576/5637/2980 3574/5624/3024
f 3574/5624/3024 3576/5637/2980 3575/5629/3029
f 3574/5624/3024 3575/5629/3029 3573/5628/3028
f 3572/5625/3025 3574/5624/3024 3573/5628/3028
f 3572/5625/3025 3573/5628/3028 3571/5631/3030
f 3572/5625/3025 3571/5631/3030 3570/5626/3026
f 3570/5626/3026 3571/5631/3030 3569/5633/3032
f 3570/5626/3026 3569/5633/3032 3568/5627/3027
f 3569/5633/3032 3558/5638/3034 3568/5627/3027
f 3569/5633/3032 3557/5634/3033 3558/5638/3034
f 3567/5595/3001 3568/5627/3027 3558/5638/3034
f 3567/5595/3001 3558/5638/3034 3566/5586/2993
f 3558/5638/3034 3563/5639/3035 3566/5586/2993
f 3566/5586/2993 3563/5639/3035 3471/5585/2992
f 3471/5585/2992 3563/5639/3035 3564/5640/3036
f 3471/5585/2992 3564/5640/3036 3470/5641/2102
f 3470/5641/2102 3564/5640/3036 3565/5642/3037
f 3470/5641/2102 3565/5642/3037 3465/5643/1810
f 3464/5644/3038 3465/5643/1810 3565/5642/3037
f 3464/5644/3038 3565/5642/3037 3559/5645/3039
f 3467/5646/2095 3464/5644/3038 3559/5645/3039
f 3467/5646/2095 3559/5645/3039 3550/5647/3040
f 3467/5646/2095 3550/5647/3040 3505/5648/3041
f 3550/5647/3040 3549/5649/3042 3505/5648/3041
f 3549/5649/3042 3506/5650/3043 3505/5648/3041
f 3549/5649/3042 3548/5651/3044 3506/5650/3043
f 3507/5652/3045 3506/5650/3043 3548/5651/3044
f 3521/5653/3046 3507/5652/3045 3548/5651/3044
f 3559/5645/3039 3565/5642/3037 3560/5654/3047
f 3564/5640/3036 3560/5654/3047 3565/5642/3037
f 3564/5640/3036 3561/5655/3048 3560/5654/3047
f 3563/5639/3035 3561/5655/3048 3564/5640/3036
f 3563/5639/3035 3562/5656/3049 3561/5655/3048
f 3558/5638/3034 3562/5656/3049 3563/5639/3035
f 3558/5638/3034 3555/5657/3050 3562/5656/3049
f 3562/5656/3049 3555/5657/3050 3553/5658/3051
f 3562/5656/3049 3553/5658/3051 3561/5655/3048
f 3561/5655/3048 3553/5658/3051 3552/5659/3052
f 3561/5655/3048 3552/5659/3052 3560/5654/3047
f 3551/5660/3053 3560/5654/3047 3552/5659/3052
f 3559/5645/3039 3560/5654/3047 3551/5660/3053
f 3550/5647/3040 3559/5645/3039 3551/5660/3053
f 3558/5638/3034 3557/5634/3033 3555/5657/3050
f 3557/5634/3033 3556/5636/1501 3555/5657/3050
f 3555/5657/3050 3556/5636/1501 3554/5661/1493
f 3555/5657/3050 3554/5661/1493 3553/5658/3051
f 3553/5658/3051 3554/5661/1493 3546/5662/3054
f 3553/5658/3051 3546/5662/3054 3552/5659/3052
f 3546/5662/3054 3544/5663/3055 3552/5659/3052
f 3551/5660/3053 3552/5659/3052 3544/5663/3055
f 3543/5664/3056 3551/5660/3053 3544/5663/3055
f 3550/5647/3040 3551/5660/3053 3543/5664/3056
f 3550/5647/3040 3543/5664/3056 3549/5649/3042
f 3543/5664/3056 3542/5665/3057 3549/5649/3042
f 3542/5665/3057 3548/5651/3044 3549/5649/3042
f 3542/5665/3057 3540/5666/3058 3548/5651/3044
f 3521/5653/3046 3548/5651/3044 3540/5666/3058
f 3541/5667/3059 3521/5653/3046 3540/5666/3058
f 3541/5667/3059 3547/5668/3060 3521/5653/3046
f 3521/5653/3046 3547/5668/3060 3520/5669/3061
f 3546/5662/3054 3545/5670/2099 3544/5663/3055
f 3544/5663/3055 3545/5670/2099 3538/5671/3062
f 3544/5663/3055 3538/5671/3062 3539/5672/3063
f 3543/5664/3056 3544/5663/3055 3539/5672/3063
f 3543/5664/3056 3539/5672/3063 3542/5665/3057
f 3539/5672/3063 3537/5673/3064 3542/5665/3057
f 3537/5673/3064 3540/5666/3058 3542/5665/3057
f 3537/5673/3064 3541/5667/3059 3540/5666/3058
f 3539/5672/3063 3538/5671/3062 3537/5673/3064
f 3534/5674/3065 3533/5675/3066 3536/5676/3067
f 3512/5677/3068 3527/5678/3069 3485/5679/3070
f 3527/5678/3069 3483/5680/3071 3485/5679/3070
f 3527/5678/3069 3525/5681/3072 3483/5680/3071
f 3483/5680/3071 3525/5681/3072 3488/5682/3073
f 3525/5681/3072 3535/5683/3074 3488/5682/3073
f 3525/5681/3072 3526/5684/3075 3535/5683/3074
f 3526/5684/3075 3534/5674/3065 3535/5683/3074
f 3526/5684/3075 3530/5685/3076 3534/5674/3065
f 3534/5674/3065 3530/5685/3076 3533/5675/3066
f 3529/5686/3077 3533/5675/3066 3530/5685/3076
f 3529/5686/3077 3532/5687/3078 3533/5675/3066
f 3531/5688/3079 3532/5687/3078 3529/5686/3077
f 3531/5688/3079 3529/5686/3077 3514/5689/3080
f 3515/5690/3081 3531/5688/3079 3514/5689/3080
f 3528/5691/3082 3530/5685/3076 3526/5684/3075
f 3528/5691/3082 3529/5686/3077 3530/5685/3076
f 3513/5692/3083 3514/5689/3080 3529/5686/3077
f 3513/5692/3083 3529/5686/3077 3528/5691/3082
f 3512/5677/3068 3513/5692/3083 3528/5691/3082
f 3512/5677/3068 3528/5691/3082 3527/5678/3069
f 3527/5678/3069 3528/5691/3082 3526/5684/3075
f 3527/5678/3069 3526/5684/3075 3525/5681/3072
f 3519/5693/3084 3524/5694/3085 3518/5695/3086
f 3524/5694/3085 3522/5696/3087 3518/5695/3086
f 3524/5694/3085 3523/5697/3067 3522/5696/3087
f 3517/5698/3088 3518/5695/3086 3522/5696/3087
f 3508/5699/3089 3507/5652/3045 3521/5653/3046
f 3521/5653/3046 3520/5669/3061 3508/5699/3089
f 3520/5669/3061 3509/5700/3090 3508/5699/3089
f 3520/5669/3061 3519/5693/3084 3509/5700/3090
f 3519/5693/3084 3518/5695/3086 3509/5700/3090
f 3509/5700/3090 3518/5695/3086 3510/5701/3091
f 3517/5698/3088 3510/5701/3091 3518/5695/3086
f 3517/5698/3088 3511/5702/3092 3510/5701/3091
f 3517/5698/3088 3516/5703/3093 3511/5702/3092
f 3516/5703/3093 3492/5704/3094 3511/5702/3092
f 3516/5703/3093 3515/5690/3081 3492/5704/3094
f 3515/5690/3081 3514/5689/3080 3492/5704/3094
f 3491/5705/3095 3492/5704/3094 3514/5689/3080
f 3491/5705/3095 3514/5689/3080 3513/5692/3083
f 3495/5706/3096 3491/5705/3095 3513/5692/3083
f 3495/5706/3096 3513/5692/3083 3512/5677/3068
f 3495/5706/3096 3512/5677/3068 3486/5707/3097
f 3512/5677/3068 3485/5679/3070 3486/5707/3097
f 3493/5708/3098 3511/5702/3092 3492/5704/3094
f 3500/5709/3099 3511/5702/3092 3493/5708/3098
f 3500/5709/3099 3510/5701/3091 3511/5702/3092
f 3509/5700/3090 3510/5701/3091 3500/5709/3099
f 3508/5699/3089 3509/5700/3090 3500/5709/3099
f 3508/5699/3089 3500/5709/3099 3501/5710/3100
f 3508/5699/3089 3501/5710/3100 3507/5652/3045
f 3501/5710/3100 3502/5711/3101 3507/5652/3045
f 3507/5652/3045 3502/5711/3101 3506/5650/3043
f 3502/5711/3101 3503/5712/3102 3506/5650/3043
f 3505/5648/3041 3506/5650/3043 3503/5712/3102
f 3505/5648/3041 3503/5712/3102 3504/5713/145
f 3467/5646/2095 3505/5648/3041 3504/5713/145
f 3468/5714/3103 3467/5646/2095 3504/5713/145
f 3468/5714/3103 3504/5713/145 3498/5715/3104
f 3469/5716/3105 3468/5714/3103 3498/5715/3104
f 3469/5716/3105 3498/5715/3104 3499/5717/3106
f 3477/5718/3107 3469/5716/3105 3499/5717/3106
f 3504/5713/145 3497/5719/3108 3498/5715/3104
f 3504/5713/145 3503/5712/3102 3497/5719/3108
f 3496/5720/3109 3497/5719/3108 3503/5712/3102
f 3502/5711/3101 3496/5720/3109 3503/5712/3102
f 3494/5721/3110 3496/5720/3109 3502/5711/3101
f 3501/5710/3100 3494/5721/3110 3502/5711/3101
f 3501/5710/3100 3493/5708/3098 3494/5721/3110
f 3501/5710/3100 3500/5709/3099 3493/5708/3098
f 3477/5718/3107 3499/5717/3106 3479/5722/3111
f 3499/5717/3106 3482/5723/3112 3479/5722/3111
f 3499/5717/3106 3484/5724/3113 3482/5723/3112
f 3498/5715/3104 3484/5724/3113 3499/5717/3106
f 3498/5715/3104 3497/5719/3108 3484/5724/3113
f 3486/5707/3097 3484/5724/3113 3497/5719/3108
f 3496/5720/3109 3486/5707/3097 3497/5719/3108
f 3495/5706/3096 3486/5707/3097 3496/5720/3109
f 3494/5721/3110 3495/5706/3096 3496/5720/3109
f 3494/5721/3110 3491/5705/3095 3495/5706/3096
f 3494/5721/3110 3493/5708/3098 3491/5705/3095
f 3493/5708/3098 3492/5704/3094 3491/5705/3095
f 3490/3493/1503 3476/3494/1504 3489/5725/2099
f 3476/3494/1504 3478/5726/3062 3489/5725/2099
f 3481/5727/3059 3483/5680/3071 3487/5728/3060
f 3483/5680/3071 3488/5682/3073 3487/5728/3060
f 3486/5707/3097 3485/5679/3070 3484/5724/3113
f 3484/5724/3113 3485/5679/3070 3483/5680/3071
f 3484/5724/3113 3483/5680/3071 3482/5723/3112
f 3481/5727/3059 3482/5723/3112 3483/5680/3071
f 3479/5722/3111 3482/5723/3112 3481/5727/3059
f 3479/5722/3111 3481/5727/3059 3480/5729/2757
f 3478/5726/3062 3479/5722/3111 3480/5729/2757
f 3478/5726/3062 3477/5718/3107 3479/5722/3111
f 3476/3494/1504 3477/5718/3107 3478/5726/3062
f 3476/3494/1504 3469/5716/3105 3477/5718/3107
f 3476/3494/1504 3475/3495/1505 3469/5716/3105
f 3469/5716/3105 3475/3495/1505 3466/5730/3114
f 3475/3495/1505 3474/3496/1506 3466/5730/3114
f 3466/5730/3114 3474/3496/1506 3465/5643/1810
f 3473/3497/1507 3465/5643/1810 3474/3496/1506
f 3473/3497/1507 3470/5641/2102 3465/5643/1810
f 3472/3498/1508 3470/5641/2102 3473/3497/1507
f 3472/3498/1508 3471/5585/2992 3470/5641/2102
f 3469/5716/3105 3466/5730/3114 3468/5714/3103
f 3468/5714/3103 3466/5730/3114 3464/5644/3038
f 3468/5714/3103 3464/5644/3038 3467/5646/2095
f 3466/5730/3114 3465/5643/1810 3464/5644/3038
f 3463/5731/50 3455/5732/50 3462/5733/50
f 3462/5733/50 3455/5732/50 3458/5734/50
f 3461/5735/50 3455/5732/50 3454/5736/50
f 3460/5737/50 3455/5732/50 3461/5735/50
f 3459/5738/50 3455/5732/50 3460/5737/50
f 3457/5739/50 3455/5732/50 3459/5738/50
f 3458/5734/50 3455/5732/50 3457/5739/50
f 3458/5734/50 3457/5739/50 3456/5740/50
f 3447/5741/50 3449/5742/50 3455/5732/50
f 3455/5732/50 3449/5742/50 3452/5743/50
f 3455/5732/50 3452/5743/50 3454/5736/50
f 3454/5736/50 3452/5743/50 3453/5744/50
f 3453/5744/50 3452/5743/50 3451/5745/50
f 3450/5746/50 3449/5742/50 3448/5747/50
f 3448/5747/50 3447/5741/50 3446/5748/50
