# Blender 5.1.0
# www.blender.org
mtllib KMO2.mtl
o C-Ext002
v -7.114107 4.532319 169.571655
v -7.114107 7.860890 169.571655
v -7.114120 7.860891 152.261597
v -7.114116 4.532319 152.261597
v -7.114105 4.532319 167.552139
v -7.114110 7.417081 167.552139
v -7.114114 7.417081 154.281097
v -7.114111 4.532319 154.281097
v -7.114107 4.532319 169.571655
v -7.114107 7.860890 169.571655
v -7.114120 7.860891 152.261597
v -7.114116 4.532319 152.261597
v -7.114111 4.532319 154.281097
v -7.114114 7.417081 154.281097
v -7.114110 7.417081 167.552139
v -7.114105 4.532319 167.552139
v -3.796340 4.532319 169.571655
v -3.796343 7.860891 169.571655
v -3.796349 7.860892 152.261597
v -3.796347 4.532319 152.261597
v -3.796347 4.532319 154.281097
v -3.796348 7.417082 154.281097
v -3.796343 7.417083 167.552139
v -3.796341 4.532320 167.552139
v -3.796340 4.532319 169.571655
v -3.796343 7.860891 169.571655
v -3.796349 7.860892 152.261597
v -3.796347 4.532319 152.261597
v -3.796341 4.532320 167.552139
v -3.796343 7.417083 167.552139
v -3.796348 7.417082 154.281097
v -3.796347 4.532319 154.281097
v 13.046622 7.754231 185.690460
v 13.046655 7.982544 185.207214
v 12.320367 7.981444 185.207214
v 11.601100 7.978157 185.207214
v 10.895682 7.972714 185.207214
v 10.211049 7.965163 185.207245
v 9.553704 7.955585 185.207245
v 8.930017 7.944067 185.207245
v 8.345941 7.930720 185.207245
v 7.807153 7.915673 185.207245
v 7.318807 7.899071 185.207245
v 6.885644 7.881077 185.207245
v 6.511835 7.861858 185.207245
v 6.200920 7.841604 185.207245
v 5.955923 7.820507 185.207245
v 5.779256 7.798773 185.207245
v 5.672569 7.776612 185.207245
v 5.636831 7.754232 185.207245
v 13.046620 7.754231 185.207214
v 13.046651 8.202083 183.776062
v 11.622001 8.199924 183.776062
v 10.211114 8.193480 183.776062
v 8.827441 8.182800 183.776093
v 7.484489 8.167992 183.776077
v 6.195034 8.149202 183.776077
v 4.971578 8.126608 183.776077
v 3.825917 8.100426 183.776077
v 2.769029 8.070912 183.776077
v 1.811114 8.038347 183.776093
v 0.961442 8.003046 183.776093
v 0.228139 7.965348 183.776093
v -0.381755 7.925618 183.776093
v -0.862256 7.884236 183.776093
v -1.208875 7.841605 183.776093
v -1.418162 7.798130 183.776093
v -1.488173 7.754233 183.776093
v 13.046624 7.754231 183.776062
v 13.046715 8.404412 181.451965
v 10.978418 8.401281 181.451981
v 8.930073 8.391916 181.451981
v 6.921313 8.376415 181.451996
v 4.971638 8.354920 181.451996
v 3.099636 8.327641 181.451996
v 1.323444 8.294837 181.451996
v -0.339796 8.256828 181.451996
v -1.874126 8.213981 181.451996
v -3.264784 8.166702 181.451996
v -4.498365 8.115454 181.451996
v -5.562975 8.060726 181.451996
v -6.448373 8.003047 181.451996
v -7.146007 7.942971 181.451996
v -7.649150 7.881078 181.451996
v -7.953016 7.817964 181.451996
v -8.054636 7.754234 181.451996
v 13.046619 7.754231 181.451981
v 13.046712 8.581753 178.324280
v 10.414292 8.577768 178.324280
v 7.807245 8.565853 178.324295
v 5.250628 8.546122 178.324310
v 2.769059 8.518763 178.324310
v 0.386493 8.484041 178.324310
v -1.874124 8.442294 178.324310
v -3.991042 8.393916 178.324310
v -5.943923 8.339379 178.324310
v -7.713881 8.279209 178.324310
v -9.283921 8.213981 178.324310
v -10.638873 8.144326 178.324310
v -11.765759 8.070913 178.324310
v -12.653703 7.994452 178.324310
v -13.294082 7.915678 178.324310
v -13.680833 7.835347 178.324310
v -13.810197 7.754235 178.324310
v 13.046618 7.754230 178.324280
v 13.046716 8.727294 174.513184
v 9.951320 8.722611 174.513184
v 6.885730 8.708597 174.513184
v 3.879477 8.685395 174.513214
v 0.961473 8.653225 174.513199
v -1.840071 8.612396 174.513214
v -4.498311 8.563306 174.513214
v -6.987591 8.506424 174.513199
v -9.283888 8.442293 174.513199
v -11.365127 8.371540 174.513214
v -13.211318 8.294839 174.513214
v -14.804610 8.212934 174.513214
v -16.129688 8.126612 174.513214
v -17.173758 8.036703 174.513214
v -17.926805 7.944072 174.513214
v -18.381578 7.849613 174.513214
v -18.533644 7.754237 174.513214
v 13.046617 7.754230 174.513184
v 13.046743 8.835442 170.165131
v 9.607317 8.830235 170.165131
v 6.201005 8.814663 170.165131
v 2.860611 8.788883 170.165161
v -0.381668 8.753139 170.165161
v -3.494617 8.707775 170.165146
v -6.448232 8.653225 170.165146
v -9.214165 8.590020 170.165146
v -11.765707 8.518764 170.165146
v -14.078295 8.440147 170.165161
v -16.129625 8.354923 170.165161
v -17.900019 8.263914 170.165161
v -19.372332 8.167997 170.165161
v -20.532429 8.068095 170.165161
v -21.369221 7.965170 170.165161
v -21.874474 7.860215 170.165161
v -22.043476 7.754238 170.165161
v 13.046618 7.754230 170.165131
v 13.046740 8.902036 165.447205
v 9.395462 8.896507 165.447220
v 5.779341 8.879982 165.447220
v 2.233260 8.852614 165.447235
v -1.208791 8.814667 165.447235
v -4.513444 8.766506 165.447235
v -7.649065 8.708600 165.447235
v -10.585316 8.641500 165.447235
v -13.294027 8.565855 165.447235
v -15.749046 8.482395 165.447235
v -17.926722 8.391923 165.447235
v -19.806110 8.295308 165.447235
v -21.369164 8.193483 165.447235
v -22.600792 8.087427 165.447235
v -23.489033 7.978162 165.447235
v -24.025440 7.866743 165.447235
v -24.204823 7.754238 165.447235
v 13.046619 7.754230 165.447220
v 13.046739 8.924523 160.540741
v 9.323956 8.918889 160.540756
v 5.636975 8.902038 160.540756
v 2.021375 8.874133 160.540771
v -1.488023 8.835440 160.540771
v -4.857501 8.786339 160.540771
v -8.054528 8.727298 160.540771
v -11.048301 8.658883 160.540771
v -13.810048 8.581757 160.540771
v -16.313162 8.496660 160.540771
v -18.533560 8.404415 160.540771
v -20.449760 8.305908 160.540771
v -22.043390 8.202089 160.540771
v -23.299097 8.093956 160.540771
v -24.204763 7.982550 160.540771
v -24.751734 7.868946 160.540771
v -24.934656 7.754237 160.540771
v 13.046620 7.754230 160.540741
v 13.046737 8.902036 155.634277
v 9.395455 8.896509 155.634293
v 5.779336 8.879982 155.634293
v 2.233255 8.852613 155.634308
v -1.208794 8.814666 155.634308
v -4.513449 8.766506 155.634308
v -7.649067 8.708598 155.634308
v -10.585317 8.641499 155.634308
v -13.294028 8.565855 155.634308
v -15.749045 8.482395 155.634308
v -17.926720 8.391921 155.634308
v -19.806118 8.295306 155.634308
v -21.369164 8.193483 155.634308
v -22.600796 8.087427 155.634308
v -23.489037 7.978161 155.634308
v -24.025444 7.866741 155.634308
v -24.204826 7.754236 155.634308
v 13.046615 7.754229 155.634277
v 13.046699 8.835438 150.916382
v 9.607308 8.830235 150.916397
v 6.200996 8.814667 150.916397
v 2.860605 8.788883 150.916397
v -0.381670 8.753138 150.916397
v -3.494595 8.707773 150.916397
v -6.448229 8.653225 150.916397
v -9.214163 8.590019 150.916397
v -11.765710 8.518764 150.916382
v -14.078301 8.440147 150.916412
v -16.129631 8.354921 150.916412
v -17.900019 8.263912 150.916382
v -19.372339 8.167997 150.916412
v -20.532495 8.068094 150.916412
v -21.369230 7.965170 150.916412
v -21.874475 7.860214 150.916412
v -22.043482 7.754237 150.916412
v 13.046611 7.754231 150.916382
v 13.046698 8.727291 146.568344
v 9.951303 8.722609 146.568344
v 6.885720 8.708593 146.568344
v 3.879437 8.685395 146.568344
v 0.961495 8.653226 146.568329
v -1.840107 8.612396 146.568329
v -4.498344 8.563307 146.568329
v -6.987604 8.506422 146.568329
v -9.283903 8.442293 146.568344
v -11.365196 8.371540 146.568329
v -13.211361 8.294840 146.568329
v -14.804625 8.212934 146.568344
v -16.129728 8.126610 146.568329
v -17.173763 8.036699 146.568329
v -17.926815 7.944072 146.568329
v -18.381584 7.849614 146.568329
v -18.533657 7.754235 146.568329
v 13.046610 7.754230 146.568344
v 13.046702 8.581751 142.757233
v 10.414256 8.577768 142.757233
v 7.807195 8.565851 142.757233
v 5.250560 8.546118 142.757233
v 2.769019 8.518761 142.757233
v 0.386477 8.484039 142.757233
v -1.874141 8.442293 142.757233
v -3.991115 8.393915 142.757233
v -5.943929 8.339378 142.757233
v -7.713923 8.279206 142.757233
v -9.283992 8.213980 142.757233
v -10.638911 8.144325 142.757233
v -11.765805 8.070911 142.757233
v -12.653741 7.994452 142.757233
v -13.294124 7.915676 142.757233
v -13.680842 7.835346 142.757233
v -13.810235 7.754235 142.757233
v 13.046613 7.754230 142.757233
v 13.046636 8.404409 139.629547
v 10.978370 8.401279 139.629547
v 8.930028 8.391915 139.629547
v 6.921300 8.376412 139.629547
v 4.971594 8.354919 139.629547
v 3.099588 8.327639 139.629547
v 1.323433 8.294836 139.629547
v -0.339844 8.256826 139.629547
v -1.874165 8.213977 139.629547
v -3.264828 8.166701 139.629547
v -4.498407 8.115454 139.629547
v -5.562983 8.060725 139.629547
v -6.448387 8.003047 139.629547
v -7.146019 7.942971 139.629547
v -7.649162 7.881077 139.629547
v -7.953054 7.817964 139.629547
v -8.054714 7.754234 139.629547
v 13.046612 7.754230 139.629547
v 13.046643 8.202082 137.305466
v 11.621984 8.199923 137.305450
v 10.211040 8.193476 137.305450
v 8.827403 8.182797 137.305450
v 7.484441 8.167990 137.305450
v 6.194982 8.149199 137.305450
v 4.971562 8.126604 137.305466
v 3.825841 8.100424 137.305450
v 2.769017 8.070912 137.305450
v 1.811101 8.038343 137.305466
v 0.961394 8.003044 137.305450
v 0.228093 7.965346 137.305466
v -0.381801 7.925616 137.305450
v -0.862304 7.884236 137.305466
v -1.208917 7.841605 137.305450
v -1.418178 7.798129 137.305466
v -1.488183 7.754231 137.305466
v 13.046609 7.754230 137.305466
v 13.046604 7.982541 135.874298
v 12.320353 7.981443 135.874298
v 11.601049 7.978153 135.874298
v 10.895668 7.972713 135.874298
v 10.210999 7.965161 135.874298
v 9.553658 7.955584 135.874298
v 8.929991 7.944065 135.874298
v 8.345921 7.930717 135.874298
v 7.807133 7.915669 135.874298
v 7.318764 7.899071 135.874298
v 6.885621 7.881073 135.874298
v 6.511786 7.861856 135.874298
v 6.200902 7.841600 135.874298
v 5.955874 7.820507 135.874298
v 5.779246 7.798774 135.874298
v 5.672486 7.776608 135.874298
v 5.636815 7.754230 135.874298
v 13.046610 7.754230 135.874298
v 13.046608 7.754228 135.391052
v 19.940760 7.754218 185.690491
v 19.940765 7.982533 185.207245
v 19.940760 7.754218 185.207245
v 19.940763 8.202071 183.776062
v 19.940762 7.754219 183.776062
v 19.940788 8.404398 181.451996
v 19.940763 7.754220 181.451996
v 19.940847 8.581740 178.324295
v 19.940760 7.754218 178.324310
v 19.940847 8.727282 174.513184
v 19.940762 7.754220 174.513184
v 19.940845 8.835428 170.165131
v 19.940756 7.754220 170.165131
v 19.940844 8.902025 165.447235
v 19.940754 7.754220 165.447235
v 19.940844 8.924513 160.540756
v 19.940754 7.754218 160.540771
v 19.940840 8.902024 155.634277
v 19.940750 7.754218 155.634308
v 19.940781 8.835427 150.916382
v 19.940748 7.754217 150.916412
v 19.940775 8.727281 146.568344
v 19.940746 7.754218 146.568344
v 19.940775 8.581739 142.757248
v 19.940685 7.754220 142.757248
v 19.940752 8.404398 139.629547
v 19.940683 7.754219 139.629562
v 19.940748 8.202068 137.305466
v 19.940685 7.754217 137.305466
v 19.940744 7.982530 135.874298
v 19.940678 7.754217 135.874298
v 19.940681 7.754218 135.391068
v 38.563755 7.754204 185.690475
v 38.563759 7.982517 185.207230
v 38.563755 7.754203 185.207230
v 38.563808 8.202053 183.776062
v 38.563736 7.754203 183.776062
v 38.563850 8.404384 181.451981
v 38.563736 7.754203 181.451981
v 38.563847 8.581726 178.324295
v 38.563747 7.754203 178.324295
v 38.563877 8.727266 174.513184
v 38.563747 7.754202 174.513184
v 38.563831 8.835409 170.165131
v 38.563755 7.754204 170.165131
v 38.563828 8.902008 165.447235
v 38.563744 7.754203 165.447220
v 38.563835 8.924494 160.540771
v 38.563747 7.754204 160.540756
v 38.563828 8.902006 155.634293
v 38.563740 7.754201 155.634293
v 38.563820 8.835409 150.916397
v 38.563744 7.754203 150.916397
v 38.563862 8.727268 146.568344
v 38.563744 7.754203 146.568344
v 38.563835 8.581724 142.757233
v 38.563736 7.754202 142.757233
v 38.563828 8.404379 139.629547
v 38.563740 7.754201 139.629547
v 38.563797 8.202054 137.305466
v 38.563736 7.754202 137.305466
v 38.563728 7.982513 135.874298
v 38.563736 7.754202 135.874298
v 38.563736 7.754201 135.391052
v 151.297638 7.754208 185.690460
v 151.297607 7.982518 185.207214
v 151.297638 7.754208 185.207214
v 151.297638 8.202060 183.776062
v 151.297638 7.754209 183.776062
v 151.297607 8.404390 181.451965
v 151.297607 7.754209 181.451965
v 151.297684 8.581728 178.324280
v 151.297607 7.754210 178.324280
v 151.297684 8.727268 174.513184
v 151.297607 7.754210 174.513184
v 151.297607 8.835418 170.165131
v 151.297607 7.754207 170.165131
v 151.297607 8.902014 165.447205
v 151.297607 7.754210 165.447205
v 151.297623 8.924500 160.540741
v 151.297592 7.754207 160.540741
v 151.297623 8.902014 155.634277
v 151.297592 7.754206 155.634277
v 151.297592 8.835414 150.916351
v 151.297592 7.754206 150.916351
v 151.297668 8.727270 146.568283
v 151.297592 7.754207 146.568283
v 151.297684 8.581726 142.757187
v 151.297592 7.754206 142.757187
v 151.297623 8.404387 139.629486
v 151.297623 7.754205 139.629486
v 151.297592 8.202057 137.305405
v 151.297592 7.754208 137.305405
v 151.297577 7.982517 135.874252
v 151.297592 7.754208 135.874252
v 151.297592 7.754208 135.391006
vn -1.0000 -0.0000 -0.0000
vn -0.0000 -0.0000 1.0000
vn -0.0000 1.0000 -0.0000
vn -0.0000 -0.0000 -1.0000
vn -0.0000 -1.0000 -0.0000
vn 1.0000 -0.0000 -0.0000
vn -0.0046 0.8967 0.4425
vn -0.0014 0.9563 0.2924
vn -0.0031 0.9558 0.2941
vn -0.0060 0.9544 0.2985
vn -0.0090 0.9521 0.3055
vn -0.0122 0.9488 0.3157
vn -0.0157 0.9442 0.3291
vn -0.0194 0.9378 0.3465
vn -0.0236 0.9292 0.3688
vn -0.0283 0.9175 0.3967
vn -0.0339 0.9011 0.4322
vn -0.0405 0.8782 0.4765
vn -0.0486 0.8451 0.5324
vn -0.0587 0.7963 0.6021
vn -0.0719 0.7222 0.6880
vn -0.0899 0.6057 0.7906
vn -0.1175 0.4146 0.9024
vn -0.1663 0.2654 0.9497
vn -0.0031 0.9928 0.1199
vn -0.0015 0.9929 0.1192
vn -0.0062 0.9925 0.1218
vn -0.0094 0.9921 0.1249
vn -0.0128 0.9915 0.1295
vn -0.0165 0.9906 0.1358
vn -0.0206 0.9893 0.1442
vn -0.0252 0.9876 0.1551
vn -0.0307 0.9850 0.1696
vn -0.0372 0.9813 0.1889
vn -0.0455 0.9755 0.2153
vn -0.0565 0.9659 0.2526
vn -0.0719 0.9488 0.3077
vn -0.0953 0.9140 0.3943
vn -0.1341 0.8318 0.5387
vn -0.2028 0.6102 0.7659
vn -0.2752 0.4389 0.8553
vn -0.0031 0.9974 0.0720
vn -0.0015 0.9974 0.0717
vn -0.0062 0.9973 0.0732
vn -0.0094 0.9971 0.0750
vn -0.0129 0.9969 0.0778
vn -0.0166 0.9965 0.0816
vn -0.0207 0.9960 0.0867
vn -0.0254 0.9953 0.0934
vn -0.0310 0.9943 0.1022
vn -0.0377 0.9928 0.1141
vn -0.0463 0.9904 0.1305
vn -0.0578 0.9864 0.1542
vn -0.0745 0.9789 0.1902
vn -0.1012 0.9628 0.2507
vn -0.1513 0.9177 0.3674
vn -0.2666 0.7326 0.6263
vn -0.3632 0.5791 0.7299
vn -0.0031 0.9989 0.0476
vn -0.0015 0.9989 0.0474
vn -0.0062 0.9988 0.0483
vn -0.0094 0.9987 0.0496
vn -0.0129 0.9986 0.0514
vn -0.0166 0.9984 0.0539
vn -0.0208 0.9981 0.0573
vn -0.0255 0.9978 0.0617
vn -0.0311 0.9972 0.0676
vn -0.0379 0.9964 0.0755
vn -0.0465 0.9952 0.0865
vn -0.0583 0.9930 0.1023
vn -0.0754 0.9891 0.1268
vn -0.1034 0.9803 0.1686
vn -0.1588 0.9540 0.2543
vn -0.3133 0.8125 0.4916
vn -0.4297 0.6853 0.5880
vn -0.0031 0.9995 0.0317
vn -0.0015 0.9995 0.0315
vn -0.0062 0.9995 0.0321
vn -0.0094 0.9994 0.0330
vn -0.0129 0.9993 0.0342
vn -0.0166 0.9992 0.0359
vn -0.0208 0.9991 0.0381
vn -0.0255 0.9988 0.0410
vn -0.0311 0.9985 0.0449
vn -0.0379 0.9980 0.0502
vn -0.0467 0.9973 0.0576
vn -0.0585 0.9960 0.0682
vn -0.0758 0.9935 0.0846
vn -0.1044 0.9881 0.1130
vn -0.1627 0.9714 0.1728
vn -0.3465 0.8649 0.3631
vn -0.4771 0.7607 0.4400
vn -0.0031 0.9998 0.0196
vn -0.0015 0.9998 0.0195
vn -0.0062 0.9998 0.0199
vn -0.0094 0.9997 0.0204
vn -0.0129 0.9997 0.0211
vn -0.0166 0.9996 0.0222
vn -0.0208 0.9995 0.0235
vn -0.0255 0.9994 0.0254
vn -0.0311 0.9991 0.0278
vn -0.0380 0.9988 0.0311
vn -0.0467 0.9983 0.0356
vn -0.0586 0.9974 0.0422
vn -0.0761 0.9957 0.0524
vn -0.1051 0.9920 0.0702
vn -0.1649 0.9804 0.1082
vn -0.3692 0.8979 0.2397
vn -0.5082 0.8104 0.2915
vn -0.0031 1.0000 0.0094
vn -0.0015 1.0000 0.0093
vn -0.0062 0.9999 0.0095
vn -0.0094 0.9999 0.0098
vn -0.0129 0.9999 0.0101
vn -0.0166 0.9998 0.0106
vn -0.0208 0.9997 0.0113
vn -0.0255 0.9996 0.0122
vn -0.0311 0.9994 0.0133
vn -0.0380 0.9992 0.0149
vn -0.0468 0.9988 0.0171
vn -0.0587 0.9981 0.0203
vn -0.0762 0.9968 0.0252
vn -0.1055 0.9939 0.0338
vn -0.1661 0.9847 0.0523
vn -0.3827 0.9161 0.1193
vn -0.5257 0.8382 0.1449
vn -0.0031 1.0000 -0.0000
vn -0.0015 1.0000 -0.0000
vn -0.0062 1.0000 -0.0000
vn -0.0094 1.0000 -0.0000
vn -0.0129 0.9999 -0.0000
vn -0.0166 0.9999 -0.0000
vn -0.0208 0.9998 -0.0000
vn -0.0255 0.9997 -0.0000
vn -0.0311 0.9995 -0.0000
vn -0.0380 0.9993 -0.0000
vn -0.0468 0.9989 -0.0000
vn -0.0587 0.9983 -0.0000
vn -0.0763 0.9971 -0.0000
vn -0.1056 0.9944 -0.0000
vn -0.1665 0.9860 -0.0000
vn -0.3872 0.9220 -0.0000
vn -0.5313 0.8472 -0.0000
vn -0.0031 1.0000 -0.0094
vn -0.0015 1.0000 -0.0093
vn -0.0062 0.9999 -0.0095
vn -0.0094 0.9999 -0.0098
vn -0.0129 0.9999 -0.0101
vn -0.0166 0.9998 -0.0106
vn -0.0208 0.9997 -0.0113
vn -0.0255 0.9996 -0.0122
vn -0.0311 0.9994 -0.0133
vn -0.0380 0.9992 -0.0149
vn -0.0468 0.9988 -0.0171
vn -0.0587 0.9981 -0.0203
vn -0.0762 0.9968 -0.0252
vn -0.1055 0.9939 -0.0338
vn -0.1661 0.9847 -0.0523
vn -0.3827 0.9161 -0.1193
vn -0.5257 0.8382 -0.1449
vn -0.0031 0.9998 -0.0196
vn -0.0015 0.9998 -0.0195
vn -0.0062 0.9998 -0.0199
vn -0.0094 0.9997 -0.0204
vn -0.0129 0.9997 -0.0211
vn -0.0166 0.9996 -0.0222
vn -0.0208 0.9995 -0.0235
vn -0.0255 0.9994 -0.0254
vn -0.0311 0.9991 -0.0278
vn -0.0380 0.9988 -0.0311
vn -0.0467 0.9983 -0.0356
vn -0.0586 0.9974 -0.0422
vn -0.0761 0.9957 -0.0524
vn -0.1051 0.9920 -0.0702
vn -0.1649 0.9804 -0.1082
vn -0.3692 0.8979 -0.2396
vn -0.5082 0.8104 -0.2915
vn -0.0031 0.9995 -0.0317
vn -0.0015 0.9995 -0.0315
vn -0.0062 0.9995 -0.0321
vn -0.0094 0.9994 -0.0330
vn -0.0129 0.9993 -0.0342
vn -0.0166 0.9992 -0.0359
vn -0.0208 0.9991 -0.0381
vn -0.0255 0.9988 -0.0410
vn -0.0311 0.9985 -0.0449
vn -0.0379 0.9980 -0.0502
vn -0.0467 0.9973 -0.0576
vn -0.0585 0.9960 -0.0682
vn -0.0758 0.9935 -0.0846
vn -0.1044 0.9881 -0.1130
vn -0.1627 0.9714 -0.1728
vn -0.3465 0.8649 -0.3630
vn -0.4771 0.7608 -0.4400
vn -0.0031 0.9989 -0.0476
vn -0.0015 0.9989 -0.0474
vn -0.0062 0.9988 -0.0483
vn -0.0094 0.9987 -0.0496
vn -0.0129 0.9986 -0.0514
vn -0.0166 0.9984 -0.0539
vn -0.0208 0.9981 -0.0573
vn -0.0255 0.9978 -0.0617
vn -0.0311 0.9972 -0.0676
vn -0.0379 0.9964 -0.0755
vn -0.0465 0.9952 -0.0865
vn -0.0583 0.9930 -0.1023
vn -0.0754 0.9891 -0.1268
vn -0.1034 0.9803 -0.1686
vn -0.1588 0.9540 -0.2543
vn -0.3132 0.8126 -0.4915
vn -0.4296 0.6854 -0.5879
vn -0.0031 0.9974 -0.0720
vn -0.0015 0.9974 -0.0717
vn -0.0062 0.9973 -0.0732
vn -0.0094 0.9971 -0.0751
vn -0.0129 0.9969 -0.0778
vn -0.0166 0.9965 -0.0816
vn -0.0207 0.9960 -0.0867
vn -0.0254 0.9953 -0.0934
vn -0.0310 0.9943 -0.1022
vn -0.0377 0.9928 -0.1141
vn -0.0463 0.9904 -0.1306
vn -0.0578 0.9864 -0.1542
vn -0.0745 0.9789 -0.1902
vn -0.1012 0.9628 -0.2507
vn -0.1513 0.9177 -0.3674
vn -0.2666 0.7326 -0.6262
vn -0.3631 0.5793 -0.7298
vn -0.0031 0.9928 -0.1199
vn -0.0015 0.9929 -0.1192
vn -0.0062 0.9925 -0.1218
vn -0.0094 0.9921 -0.1249
vn -0.0128 0.9915 -0.1295
vn -0.0165 0.9906 -0.1358
vn -0.0206 0.9893 -0.1442
vn -0.0252 0.9876 -0.1551
vn -0.0307 0.9850 -0.1696
vn -0.0372 0.9813 -0.1889
vn -0.0455 0.9755 -0.2153
vn -0.0565 0.9659 -0.2525
vn -0.0719 0.9488 -0.3077
vn -0.0953 0.9140 -0.3944
vn -0.1341 0.8318 -0.5387
vn -0.2029 0.6100 -0.7660
vn -0.2752 0.4390 -0.8553
vn -0.0031 0.9558 -0.2941
vn -0.0014 0.9563 -0.2924
vn -0.0060 0.9544 -0.2985
vn -0.0090 0.9521 -0.3056
vn -0.0122 0.9488 -0.3156
vn -0.0157 0.9442 -0.3291
vn -0.0194 0.9378 -0.3466
vn -0.0236 0.9292 -0.3687
vn -0.0283 0.9175 -0.3967
vn -0.0339 0.9011 -0.4322
vn -0.0405 0.8782 -0.4765
vn -0.0486 0.8451 -0.5324
vn -0.0587 0.7962 -0.6022
vn -0.0720 0.7220 -0.6881
vn -0.0898 0.6060 -0.7904
vn -0.1174 0.4149 -0.9022
vn -0.1663 0.2651 -0.9498
vn -0.0060 0.8883 -0.4592
vn -0.0088 0.8936 -0.4488
vn 1.0000 0.0003 0.0001
vn 1.0000 0.0001 -0.0000
vn 1.0000 0.0004 -0.0000
vn 1.0000 -0.0003 -0.0000
vn 1.0000 0.0001 -0.0005
vn 1.0000 -0.0025 -0.0005
vn 1.0000 -0.0030 -0.0000
vn 1.0000 -0.0031 -0.0000
vn 1.0000 0.0003 -0.0006
vn 1.0000 0.0008 -0.0000
vn 1.0000 -0.0000 -0.0001
vn 1.0000 -0.0013 0.0001
vn 1.0000 -0.0001 -0.0000
vn 1.0000 0.0022 -0.0000
vn 1.0000 0.0002 -0.0000
vn 1.0000 -0.0002 -0.0000
vn 1.0000 0.0016 -0.0000
vn 1.0000 -0.0013 -0.0001
vn 1.0000 -0.0007 -0.0000
vn -0.0000 0.9042 0.4272
vn -0.0000 0.9884 0.1516
vn -0.0000 0.9962 0.0867
vn -0.0000 0.9984 0.0566
vn -0.0000 0.9993 0.0382
vn -0.0000 0.9997 0.0249
vn -0.0000 0.9999 0.0141
vn -0.0000 1.0000 0.0046
vn -0.0000 1.0000 -0.0046
vn -0.0000 0.9999 -0.0141
vn -0.0000 0.9997 -0.0249
vn -0.0000 0.9993 -0.0382
vn -0.0000 0.9984 -0.0566
vn -0.0000 0.9962 -0.0867
vn -0.0000 0.9884 -0.1516
vn -0.0000 0.9042 -0.4272
vn -0.0000 0.9042 0.4271
vt 0.133404 0.845642
vt 0.131955 0.843527
vt 0.122533 0.843527
vt 0.122533 0.845642
vt 0.133404 0.827516
vt 0.131955 0.829631
vt 0.122533 0.827516
vt 0.122533 0.829631
vt 0.615048 0.182932
vt 0.613265 0.182932
vt 0.601643 0.182932
vt 0.603426 0.182932
vt 0.615048 0.163555
vt 0.613265 0.163555
vt 0.603426 0.163555
vt 0.601643 0.163555
vt 0.603426 0.165816
vt 0.601643 0.165816
vt 0.613498 0.165816
vt 0.611716 0.165816
vt 0.613498 0.180671
vt 0.611716 0.180671
vt 0.603426 0.180671
vt 0.601643 0.180671
vt 0.103320 0.903486
vt 0.104769 0.905601
vt 0.093898 0.905601
vt 0.093898 0.903486
vt 0.103320 0.889590
vt 0.104769 0.887475
vt 0.093898 0.889590
vt 0.093898 0.887475
vt 0.898488 0.389787
vt 0.898078 0.388013
vt 0.898078 0.388890
vt 0.898078 0.389776
vt 0.898078 0.390661
vt 0.898078 0.391538
vt 0.898078 0.392398
vt 0.898078 0.393233
vt 0.898078 0.394035
vt 0.898078 0.394796
vt 0.898078 0.395509
vt 0.898078 0.396167
vt 0.898078 0.396763
vt 0.898078 0.397292
vt 0.898078 0.397749
vt 0.898078 0.398129
vt 0.898078 0.398428
vt 0.898078 0.398645
vt 0.898078 0.389787
vt 0.896866 0.388028
vt 0.896866 0.386308
vt 0.896866 0.389765
vt 0.896866 0.391501
vt 0.896866 0.393222
vt 0.896866 0.394909
vt 0.896866 0.396547
vt 0.896866 0.398120
vt 0.896866 0.399613
vt 0.896866 0.401011
vt 0.896866 0.402301
vt 0.896866 0.403470
vt 0.896866 0.404508
vt 0.896866 0.405404
vt 0.896866 0.406150
vt 0.896866 0.406737
vt 0.896866 0.407162
vt 0.896866 0.389787
vt 0.894898 0.387233
vt 0.894898 0.384736
vt 0.894898 0.389754
vt 0.894898 0.392276
vt 0.894898 0.394774
vt 0.894898 0.397223
vt 0.894898 0.399602
vt 0.894898 0.401885
vt 0.894898 0.404052
vt 0.894898 0.406082
vt 0.894898 0.407954
vt 0.894898 0.409652
vt 0.894898 0.411159
vt 0.894898 0.412459
vt 0.894898 0.413541
vt 0.894898 0.414395
vt 0.894898 0.415012
vt 0.894898 0.389787
vt 0.892250 0.386536
vt 0.892250 0.383358
vt 0.892250 0.389745
vt 0.892250 0.392955
vt 0.892250 0.396134
vt 0.892250 0.399252
vt 0.892250 0.402278
vt 0.892250 0.405185
vt 0.892250 0.407943
vt 0.892250 0.410526
vt 0.892250 0.412910
vt 0.892250 0.415070
vt 0.892250 0.416988
vt 0.892250 0.418643
vt 0.892250 0.420021
vt 0.892250 0.421107
vt 0.892250 0.421892
vt 0.892250 0.389787
vt 0.889022 0.385964
vt 0.889022 0.382228
vt 0.889022 0.389738
vt 0.889022 0.393512
vt 0.889022 0.397250
vt 0.889022 0.400916
vt 0.889022 0.404475
vt 0.889022 0.407893
vt 0.889022 0.411136
vt 0.889022 0.414173
vt 0.889022 0.416976
vt 0.889022 0.419517
vt 0.889022 0.421772
vt 0.889022 0.423718
vt 0.889022 0.425338
vt 0.889022 0.426616
vt 0.889022 0.427538
vt 0.889022 0.389787
vt 0.885340 0.385539
vt 0.885340 0.381388
vt 0.885340 0.389732
vt 0.885340 0.393926
vt 0.885340 0.398079
vt 0.885340 0.402153
vt 0.885340 0.406108
vt 0.885340 0.409905
vt 0.885340 0.413509
vt 0.885340 0.416884
vt 0.885340 0.419998
vt 0.885340 0.422821
vt 0.885340 0.425327
vt 0.885340 0.427489
vt 0.885340 0.429289
vt 0.885340 0.430709
vt 0.885340 0.431734
vt 0.885340 0.389787
vt 0.881345 0.385278
vt 0.881345 0.380870
vt 0.881345 0.389729
vt 0.881345 0.394181
vt 0.881345 0.398590
vt 0.881345 0.402915
vt 0.881345 0.407113
vt 0.881345 0.411144
vt 0.881345 0.414970
vt 0.881345 0.418553
vt 0.881345 0.421859
vt 0.881345 0.424856
vt 0.881345 0.427516
vt 0.881345 0.429812
vt 0.881345 0.431722
vt 0.881345 0.433229
vt 0.881345 0.434318
vt 0.881345 0.389787
vt 0.877190 0.385189
vt 0.877190 0.380696
vt 0.877190 0.389728
vt 0.877190 0.394267
vt 0.877190 0.398762
vt 0.877190 0.403172
vt 0.877190 0.407452
vt 0.877190 0.411563
vt 0.877190 0.415463
vt 0.877190 0.419116
vt 0.877190 0.422487
vt 0.877190 0.425543
vt 0.877190 0.428255
vt 0.877190 0.430596
vt 0.877190 0.432544
vt 0.877190 0.434080
vt 0.877190 0.435190
vt 0.877190 0.389787
vt 0.873035 0.385278
vt 0.873035 0.380870
vt 0.873035 0.389729
vt 0.873035 0.394181
vt 0.873035 0.398590
vt 0.873035 0.402915
vt 0.873035 0.407113
vt 0.873035 0.411144
vt 0.873035 0.414970
vt 0.873035 0.418553
vt 0.873035 0.421859
vt 0.873035 0.424856
vt 0.873035 0.427516
vt 0.873035 0.429812
vt 0.873035 0.431722
vt 0.873035 0.433229
vt 0.873035 0.434318
vt 0.873035 0.389787
vt 0.869040 0.385539
vt 0.869040 0.381388
vt 0.869040 0.389732
vt 0.869040 0.393926
vt 0.869040 0.398079
vt 0.869040 0.402153
vt 0.869040 0.406107
vt 0.869040 0.409905
vt 0.869040 0.413509
vt 0.869040 0.416884
vt 0.869040 0.419998
vt 0.869040 0.422821
vt 0.869040 0.425327
vt 0.869040 0.427489
vt 0.869040 0.429289
vt 0.869040 0.430709
vt 0.869040 0.431734
vt 0.869040 0.389787
vt 0.865358 0.385964
vt 0.865358 0.382228
vt 0.865358 0.389738
vt 0.865358 0.393512
vt 0.865358 0.397250
vt 0.865358 0.400916
vt 0.865358 0.404475
vt 0.865358 0.407893
vt 0.865358 0.411136
vt 0.865358 0.414173
vt 0.865358 0.416976
vt 0.865358 0.419517
vt 0.865358 0.421772
vt 0.865358 0.423718
vt 0.865358 0.425338
vt 0.865358 0.426616
vt 0.865358 0.427538
vt 0.865358 0.389787
vt 0.862130 0.386536
vt 0.862130 0.383358
vt 0.862130 0.389745
vt 0.862130 0.392955
vt 0.862130 0.396134
vt 0.862130 0.399252
vt 0.862130 0.402278
vt 0.862130 0.405185
vt 0.862130 0.407943
vt 0.862130 0.410526
vt 0.862130 0.412910
vt 0.862130 0.415070
vt 0.862130 0.416988
vt 0.862130 0.418643
vt 0.862130 0.420021
vt 0.862130 0.421107
vt 0.862130 0.421892
vt 0.862130 0.389787
vt 0.859482 0.387233
vt 0.859482 0.384736
vt 0.859482 0.389754
vt 0.859482 0.392276
vt 0.859482 0.394774
vt 0.859482 0.397223
vt 0.859482 0.399601
vt 0.859482 0.401885
vt 0.859482 0.404052
vt 0.859482 0.406082
vt 0.859482 0.407954
vt 0.859482 0.409652
vt 0.859482 0.411159
vt 0.859482 0.412459
vt 0.859482 0.413541
vt 0.859482 0.414395
vt 0.859482 0.415012
vt 0.859482 0.389787
vt 0.857513 0.388028
vt 0.857513 0.386308
vt 0.857513 0.389765
vt 0.857513 0.391501
vt 0.857513 0.393222
vt 0.857513 0.394909
vt 0.857513 0.396547
vt 0.857513 0.398120
vt 0.857513 0.399613
vt 0.857513 0.401011
vt 0.857513 0.402301
vt 0.857513 0.403470
vt 0.857513 0.404508
vt 0.857513 0.405404
vt 0.857513 0.406149
vt 0.857513 0.406737
vt 0.857513 0.407162
vt 0.857513 0.389787
vt 0.856301 0.388890
vt 0.856301 0.388013
vt 0.856301 0.389776
vt 0.856301 0.390661
vt 0.856301 0.391538
vt 0.856301 0.392398
vt 0.856301 0.393233
vt 0.856301 0.394035
vt 0.856301 0.394796
vt 0.856301 0.395509
vt 0.856301 0.396167
vt 0.856301 0.396763
vt 0.856301 0.397292
vt 0.856301 0.397749
vt 0.856301 0.398129
vt 0.856301 0.398428
vt 0.856301 0.398645
vt 0.856301 0.389787
vt 0.855892 0.389787
vt 0.896866 0.221043
vt 0.898078 0.222748
vt 0.898488 0.224522
vt 0.856301 0.224522
vt 0.855892 0.224522
vt 0.856301 0.222748
vt 0.857513 0.224522
vt 0.859482 0.224522
vt 0.862130 0.224522
vt 0.865358 0.224522
vt 0.869040 0.224522
vt 0.873035 0.224522
vt 0.877190 0.224522
vt 0.881345 0.224522
vt 0.885340 0.224522
vt 0.889022 0.224522
vt 0.892250 0.224522
vt 0.894898 0.224522
vt 0.896866 0.224522
vt 0.898078 0.224522
vt 0.857513 0.221043
vt 0.859482 0.219471
vt 0.862130 0.218093
vt 0.865358 0.216962
vt 0.869040 0.216122
vt 0.873035 0.215605
vt 0.877190 0.215430
vt 0.881345 0.215605
vt 0.885340 0.216122
vt 0.889022 0.216962
vt 0.892250 0.218093
vt 0.894898 0.219471
vt 0.898488 0.381546
vt 0.898078 0.379772
vt 0.898078 0.381546
vt 0.896866 0.378067
vt 0.896866 0.381546
vt 0.894898 0.376495
vt 0.894898 0.381546
vt 0.892250 0.375117
vt 0.892250 0.381546
vt 0.889022 0.373986
vt 0.889022 0.381546
vt 0.885340 0.373147
vt 0.885340 0.381546
vt 0.881345 0.372629
vt 0.881345 0.381546
vt 0.877190 0.372454
vt 0.877190 0.381546
vt 0.873035 0.372629
vt 0.873035 0.381546
vt 0.869040 0.373147
vt 0.869040 0.381546
vt 0.865358 0.373987
vt 0.865358 0.381546
vt 0.862130 0.375117
vt 0.862130 0.381546
vt 0.859482 0.376495
vt 0.859482 0.381546
vt 0.857513 0.378067
vt 0.857513 0.381546
vt 0.856301 0.379772
vt 0.856301 0.381546
vt 0.855892 0.381546
vt 0.898078 0.357510
vt 0.896866 0.355805
vt 0.898488 0.359284
vt 0.855892 0.359284
vt 0.856301 0.359284
vt 0.856301 0.357510
vt 0.857513 0.355805
vt 0.859482 0.354233
vt 0.862130 0.352855
vt 0.865358 0.351725
vt 0.869040 0.350885
vt 0.873035 0.350367
vt 0.877190 0.350193
vt 0.881345 0.350367
vt 0.885340 0.350885
vt 0.889022 0.351725
vt 0.892250 0.352855
vt 0.894898 0.354233
vt 0.857513 0.359284
vt 0.898078 0.359284
vt 0.859482 0.359284
vt 0.862130 0.359284
vt 0.865358 0.359284
vt 0.896866 0.359284
vt 0.869040 0.359284
vt 0.894898 0.359284
vt 0.873035 0.359284
vt 0.892250 0.359284
vt 0.877190 0.359284
vt 0.889022 0.359284
vt 0.881345 0.359284
vt 0.885340 0.359284
s 1
usemtl Material_#25
f 2/1/1 6/2/1 5/3/1
f 5/3/1 1/4/1 2/1/1
f 3/5/1 7/6/1 6/2/1
f 6/2/1 2/1/1 3/5/1
f 4/7/1 8/8/1 7/6/1
f 7/6/1 3/5/1 4/7/1
f 18/9/2 10/10/2 9/11/2
f 9/11/2 17/12/2 18/9/2
f 19/13/3 11/14/3 10/10/3
f 10/10/3 18/9/3 19/13/3
f 20/15/4 12/16/4 11/14/4
f 11/14/4 19/13/4 20/15/4
f 21/17/5 13/18/5 12/16/5
f 12/16/5 20/15/5 21/17/5
f 22/19/2 14/20/2 13/18/2
f 13/18/2 21/17/2 22/19/2
f 23/21/5 15/22/5 14/20/5
f 14/20/5 22/19/5 23/21/5
f 24/23/4 16/24/4 15/22/4
f 15/22/4 23/21/4 24/23/4
f 17/12/5 9/11/5 16/24/5
f 16/24/5 24/23/5 17/12/5
f 30/25/6 26/26/6 25/27/6
f 25/27/6 29/28/6 30/25/6
f 31/29/6 27/30/6 26/26/6
f 26/26/6 30/25/6 31/29/6
f 32/31/6 28/32/6 27/30/6
f 27/30/6 31/29/6 32/31/6
f 33/33/7 34/34/8 35/35/9
f 33/33/7 35/35/9 36/36/10
f 33/33/7 36/36/10 37/37/11
f 33/33/7 37/37/11 38/38/12
f 33/33/7 38/38/12 39/39/13
f 33/33/7 39/39/13 40/40/14
f 33/33/7 40/40/14 41/41/15
f 33/33/7 41/41/15 42/42/16
f 33/33/7 42/42/16 43/43/17
f 33/33/7 43/43/17 44/44/18
f 33/33/7 44/44/18 45/45/19
f 33/33/7 45/45/19 46/46/20
f 33/33/7 46/46/20 47/47/21
f 33/33/7 47/47/21 48/48/22
f 33/33/7 48/48/22 49/49/23
f 33/33/7 49/49/23 50/50/24
f 33/33/5 50/50/5 51/51/5
f 53/52/25 35/35/9 34/34/8
f 34/34/8 52/53/26 53/52/25
f 54/54/27 36/36/10 35/35/9
f 35/35/9 53/52/25 54/54/27
f 55/55/28 37/37/11 36/36/10
f 36/36/10 54/54/27 55/55/28
f 56/56/29 38/38/12 37/37/11
f 37/37/11 55/55/28 56/56/29
f 57/57/30 39/39/13 38/38/12
f 38/38/12 56/56/29 57/57/30
f 58/58/31 40/40/14 39/39/13
f 39/39/13 57/57/30 58/58/31
f 59/59/32 41/41/15 40/40/14
f 40/40/14 58/58/31 59/59/32
f 60/60/33 42/42/16 41/41/15
f 41/41/15 59/59/32 60/60/33
f 61/61/34 43/43/17 42/42/16
f 42/42/16 60/60/33 61/61/34
f 62/62/35 44/44/18 43/43/17
f 43/43/17 61/61/34 62/62/35
f 63/63/36 45/45/19 44/44/18
f 44/44/18 62/62/35 63/63/36
f 64/64/37 46/46/20 45/45/19
f 45/45/19 63/63/36 64/64/37
f 65/65/38 47/47/21 46/46/20
f 46/46/20 64/64/37 65/65/38
f 66/66/39 48/48/22 47/47/21
f 47/47/21 65/65/38 66/66/39
f 67/67/40 49/49/23 48/48/22
f 48/48/22 66/66/39 67/67/40
f 68/68/41 50/50/24 49/49/23
f 49/49/23 67/67/40 68/68/41
f 69/69/5 51/51/5 50/50/5
f 50/50/5 68/68/5 69/69/5
f 71/70/42 53/52/25 52/53/26
f 52/53/26 70/71/43 71/70/42
f 72/72/44 54/54/27 53/52/25
f 53/52/25 71/70/42 72/72/44
f 73/73/45 55/55/28 54/54/27
f 54/54/27 72/72/44 73/73/45
f 74/74/46 56/56/29 55/55/28
f 55/55/28 73/73/45 74/74/46
f 75/75/47 57/57/30 56/56/29
f 56/56/29 74/74/46 75/75/47
f 76/76/48 58/58/31 57/57/30
f 57/57/30 75/75/47 76/76/48
f 77/77/49 59/59/32 58/58/31
f 58/58/31 76/76/48 77/77/49
f 78/78/50 60/60/33 59/59/32
f 59/59/32 77/77/49 78/78/50
f 79/79/51 61/61/34 60/60/33
f 60/60/33 78/78/50 79/79/51
f 80/80/52 62/62/35 61/61/34
f 61/61/34 79/79/51 80/80/52
f 81/81/53 63/63/36 62/62/35
f 62/62/35 80/80/52 81/81/53
f 82/82/54 64/64/37 63/63/36
f 63/63/36 81/81/53 82/82/54
f 83/83/55 65/65/38 64/64/37
f 64/64/37 82/82/54 83/83/55
f 84/84/56 66/66/39 65/65/38
f 65/65/38 83/83/55 84/84/56
f 85/85/57 67/67/40 66/66/39
f 66/66/39 84/84/56 85/85/57
f 86/86/58 68/68/41 67/67/40
f 67/67/40 85/85/57 86/86/58
f 87/87/5 69/69/5 68/68/5
f 68/68/5 86/86/5 87/87/5
f 89/88/59 71/70/42 70/71/43
f 70/71/43 88/89/60 89/88/59
f 90/90/61 72/72/44 71/70/42
f 71/70/42 89/88/59 90/90/61
f 91/91/62 73/73/45 72/72/44
f 72/72/44 90/90/61 91/91/62
f 92/92/63 74/74/46 73/73/45
f 73/73/45 91/91/62 92/92/63
f 93/93/64 75/75/47 74/74/46
f 74/74/46 92/92/63 93/93/64
f 94/94/65 76/76/48 75/75/47
f 75/75/47 93/93/64 94/94/65
f 95/95/66 77/77/49 76/76/48
f 76/76/48 94/94/65 95/95/66
f 96/96/67 78/78/50 77/77/49
f 77/77/49 95/95/66 96/96/67
f 97/97/68 79/79/51 78/78/50
f 78/78/50 96/96/67 97/97/68
f 98/98/69 80/80/52 79/79/51
f 79/79/51 97/97/68 98/98/69
f 99/99/70 81/81/53 80/80/52
f 80/80/52 98/98/69 99/99/70
f 100/100/71 82/82/54 81/81/53
f 81/81/53 99/99/70 100/100/71
f 101/101/72 83/83/55 82/82/54
f 82/82/54 100/100/71 101/101/72
f 102/102/73 84/84/56 83/83/55
f 83/83/55 101/101/72 102/102/73
f 103/103/74 85/85/57 84/84/56
f 84/84/56 102/102/73 103/103/74
f 104/104/75 86/86/58 85/85/57
f 85/85/57 103/103/74 104/104/75
f 105/105/5 87/87/5 86/86/5
f 86/86/5 104/104/5 105/105/5
f 107/106/76 89/88/59 88/89/60
f 88/89/60 106/107/77 107/106/76
f 108/108/78 90/90/61 89/88/59
f 89/88/59 107/106/76 108/108/78
f 109/109/79 91/91/62 90/90/61
f 90/90/61 108/108/78 109/109/79
f 110/110/80 92/92/63 91/91/62
f 91/91/62 109/109/79 110/110/80
f 111/111/81 93/93/64 92/92/63
f 92/92/63 110/110/80 111/111/81
f 112/112/82 94/94/65 93/93/64
f 93/93/64 111/111/81 112/112/82
f 113/113/83 95/95/66 94/94/65
f 94/94/65 112/112/82 113/113/83
f 114/114/84 96/96/67 95/95/66
f 95/95/66 113/113/83 114/114/84
f 115/115/85 97/97/68 96/96/67
f 96/96/67 114/114/84 115/115/85
f 116/116/86 98/98/69 97/97/68
f 97/97/68 115/115/85 116/116/86
f 117/117/87 99/99/70 98/98/69
f 98/98/69 116/116/86 117/117/87
f 118/118/88 100/100/71 99/99/70
f 99/99/70 117/117/87 118/118/88
f 119/119/89 101/101/72 100/100/71
f 100/100/71 118/118/88 119/119/89
f 120/120/90 102/102/73 101/101/72
f 101/101/72 119/119/89 120/120/90
f 121/121/91 103/103/74 102/102/73
f 102/102/73 120/120/90 121/121/91
f 122/122/92 104/104/75 103/103/74
f 103/103/74 121/121/91 122/122/92
f 123/123/5 105/105/5 104/104/5
f 104/104/5 122/122/5 123/123/5
f 125/124/93 107/106/76 106/107/77
f 106/107/77 124/125/94 125/124/93
f 126/126/95 108/108/78 107/106/76
f 107/106/76 125/124/93 126/126/95
f 127/127/96 109/109/79 108/108/78
f 108/108/78 126/126/95 127/127/96
f 128/128/97 110/110/80 109/109/79
f 109/109/79 127/127/96 128/128/97
f 129/129/98 111/111/81 110/110/80
f 110/110/80 128/128/97 129/129/98
f 130/130/99 112/112/82 111/111/81
f 111/111/81 129/129/98 130/130/99
f 131/131/100 113/113/83 112/112/82
f 112/112/82 130/130/99 131/131/100
f 132/132/101 114/114/84 113/113/83
f 113/113/83 131/131/100 132/132/101
f 133/133/102 115/115/85 114/114/84
f 114/114/84 132/132/101 133/133/102
f 134/134/103 116/116/86 115/115/85
f 115/115/85 133/133/102 134/134/103
f 135/135/104 117/117/87 116/116/86
f 116/116/86 134/134/103 135/135/104
f 136/136/105 118/118/88 117/117/87
f 117/117/87 135/135/104 136/136/105
f 137/137/106 119/119/89 118/118/88
f 118/118/88 136/136/105 137/137/106
f 138/138/107 120/120/90 119/119/89
f 119/119/89 137/137/106 138/138/107
f 139/139/108 121/121/91 120/120/90
f 120/120/90 138/138/107 139/139/108
f 140/140/109 122/122/92 121/121/91
f 121/121/91 139/139/108 140/140/109
f 141/141/5 123/123/5 122/122/5
f 122/122/5 140/140/5 141/141/5
f 143/142/110 125/124/93 124/125/94
f 124/125/94 142/143/111 143/142/110
f 144/144/112 126/126/95 125/124/93
f 125/124/93 143/142/110 144/144/112
f 145/145/113 127/127/96 126/126/95
f 126/126/95 144/144/112 145/145/113
f 146/146/114 128/128/97 127/127/96
f 127/127/96 145/145/113 146/146/114
f 147/147/115 129/129/98 128/128/97
f 128/128/97 146/146/114 147/147/115
f 148/148/116 130/130/99 129/129/98
f 129/129/98 147/147/115 148/148/116
f 149/149/117 131/131/100 130/130/99
f 130/130/99 148/148/116 149/149/117
f 150/150/118 132/132/101 131/131/100
f 131/131/100 149/149/117 150/150/118
f 151/151/119 133/133/102 132/132/101
f 132/132/101 150/150/118 151/151/119
f 152/152/120 134/134/103 133/133/102
f 133/133/102 151/151/119 152/152/120
f 153/153/121 135/135/104 134/134/103
f 134/134/103 152/152/120 153/153/121
f 154/154/122 136/136/105 135/135/104
f 135/135/104 153/153/121 154/154/122
f 155/155/123 137/137/106 136/136/105
f 136/136/105 154/154/122 155/155/123
f 156/156/124 138/138/107 137/137/106
f 137/137/106 155/155/123 156/156/124
f 157/157/125 139/139/108 138/138/107
f 138/138/107 156/156/124 157/157/125
f 158/158/126 140/140/109 139/139/108
f 139/139/108 157/157/125 158/158/126
f 159/159/5 141/141/5 140/140/5
f 140/140/5 158/158/5 159/159/5
f 161/160/127 143/142/110 142/143/111
f 142/143/111 160/161/128 161/160/127
f 162/162/129 144/144/112 143/142/110
f 143/142/110 161/160/127 162/162/129
f 163/163/130 145/145/113 144/144/112
f 144/144/112 162/162/129 163/163/130
f 164/164/131 146/146/114 145/145/113
f 145/145/113 163/163/130 164/164/131
f 165/165/132 147/147/115 146/146/114
f 146/146/114 164/164/131 165/165/132
f 166/166/133 148/148/116 147/147/115
f 147/147/115 165/165/132 166/166/133
f 167/167/134 149/149/117 148/148/116
f 148/148/116 166/166/133 167/167/134
f 168/168/135 150/150/118 149/149/117
f 149/149/117 167/167/134 168/168/135
f 169/169/136 151/151/119 150/150/118
f 150/150/118 168/168/135 169/169/136
f 170/170/137 152/152/120 151/151/119
f 151/151/119 169/169/136 170/170/137
f 171/171/138 153/153/121 152/152/120
f 152/152/120 170/170/137 171/171/138
f 172/172/139 154/154/122 153/153/121
f 153/153/121 171/171/138 172/172/139
f 173/173/140 155/155/123 154/154/122
f 154/154/122 172/172/139 173/173/140
f 174/174/141 156/156/124 155/155/123
f 155/155/123 173/173/140 174/174/141
f 175/175/142 157/157/125 156/156/124
f 156/156/124 174/174/141 175/175/142
f 176/176/143 158/158/126 157/157/125
f 157/157/125 175/175/142 176/176/143
f 177/177/5 159/159/5 158/158/5
f 158/158/5 176/176/5 177/177/5
f 179/178/144 161/160/127 160/161/128
f 160/161/128 178/179/145 179/178/144
f 180/180/146 162/162/129 161/160/127
f 161/160/127 179/178/144 180/180/146
f 181/181/147 163/163/130 162/162/129
f 162/162/129 180/180/146 181/181/147
f 182/182/148 164/164/131 163/163/130
f 163/163/130 181/181/147 182/182/148
f 183/183/149 165/165/132 164/164/131
f 164/164/131 182/182/148 183/183/149
f 184/184/150 166/166/133 165/165/132
f 165/165/132 183/183/149 184/184/150
f 185/185/151 167/167/134 166/166/133
f 166/166/133 184/184/150 185/185/151
f 186/186/152 168/168/135 167/167/134
f 167/167/134 185/185/151 186/186/152
f 187/187/153 169/169/136 168/168/135
f 168/168/135 186/186/152 187/187/153
f 188/188/154 170/170/137 169/169/136
f 169/169/136 187/187/153 188/188/154
f 189/189/155 171/171/138 170/170/137
f 170/170/137 188/188/154 189/189/155
f 190/190/156 172/172/139 171/171/138
f 171/171/138 189/189/155 190/190/156
f 191/191/157 173/173/140 172/172/139
f 172/172/139 190/190/156 191/191/157
f 192/192/158 174/174/141 173/173/140
f 173/173/140 191/191/157 192/192/158
f 193/193/159 175/175/142 174/174/141
f 174/174/141 192/192/158 193/193/159
f 194/194/160 176/176/143 175/175/142
f 175/175/142 193/193/159 194/194/160
f 195/195/5 177/177/5 176/176/5
f 176/176/5 194/194/5 195/195/5
f 197/196/161 179/178/144 178/179/145
f 178/179/145 196/197/162 197/196/161
f 198/198/163 180/180/146 179/178/144
f 179/178/144 197/196/161 198/198/163
f 199/199/164 181/181/147 180/180/146
f 180/180/146 198/198/163 199/199/164
f 200/200/165 182/182/148 181/181/147
f 181/181/147 199/199/164 200/200/165
f 201/201/166 183/183/149 182/182/148
f 182/182/148 200/200/165 201/201/166
f 202/202/167 184/184/150 183/183/149
f 183/183/149 201/201/166 202/202/167
f 203/203/168 185/185/151 184/184/150
f 184/184/150 202/202/167 203/203/168
f 204/204/169 186/186/152 185/185/151
f 185/185/151 203/203/168 204/204/169
f 205/205/170 187/187/153 186/186/152
f 186/186/152 204/204/169 205/205/170
f 206/206/171 188/188/154 187/187/153
f 187/187/153 205/205/170 206/206/171
f 207/207/172 189/189/155 188/188/154
f 188/188/154 206/206/171 207/207/172
f 208/208/173 190/190/156 189/189/155
f 189/189/155 207/207/172 208/208/173
f 209/209/174 191/191/157 190/190/156
f 190/190/156 208/208/173 209/209/174
f 210/210/175 192/192/158 191/191/157
f 191/191/157 209/209/174 210/210/175
f 211/211/176 193/193/159 192/192/158
f 192/192/158 210/210/175 211/211/176
f 212/212/177 194/194/160 193/193/159
f 193/193/159 211/211/176 212/212/177
f 213/213/5 195/195/5 194/194/5
f 194/194/5 212/212/5 213/213/5
f 215/214/178 197/196/161 196/197/162
f 196/197/162 214/215/179 215/214/178
f 216/216/180 198/198/163 197/196/161
f 197/196/161 215/214/178 216/216/180
f 217/217/181 199/199/164 198/198/163
f 198/198/163 216/216/180 217/217/181
f 218/218/182 200/200/165 199/199/164
f 199/199/164 217/217/181 218/218/182
f 219/219/183 201/201/166 200/200/165
f 200/200/165 218/218/182 219/219/183
f 220/220/184 202/202/167 201/201/166
f 201/201/166 219/219/183 220/220/184
f 221/221/185 203/203/168 202/202/167
f 202/202/167 220/220/184 221/221/185
f 222/222/186 204/204/169 203/203/168
f 203/203/168 221/221/185 222/222/186
f 223/223/187 205/205/170 204/204/169
f 204/204/169 222/222/186 223/223/187
f 224/224/188 206/206/171 205/205/170
f 205/205/170 223/223/187 224/224/188
f 225/225/189 207/207/172 206/206/171
f 206/206/171 224/224/188 225/225/189
f 226/226/190 208/208/173 207/207/172
f 207/207/172 225/225/189 226/226/190
f 227/227/191 209/209/174 208/208/173
f 208/208/173 226/226/190 227/227/191
f 228/228/192 210/210/175 209/209/174
f 209/209/174 227/227/191 228/228/192
f 229/229/193 211/211/176 210/210/175
f 210/210/175 228/228/192 229/229/193
f 230/230/194 212/212/177 211/211/176
f 211/211/176 229/229/193 230/230/194
f 231/231/5 213/213/5 212/212/5
f 212/212/5 230/230/5 231/231/5
f 233/232/195 215/214/178 214/215/179
f 214/215/179 232/233/196 233/232/195
f 234/234/197 216/216/180 215/214/178
f 215/214/178 233/232/195 234/234/197
f 235/235/198 217/217/181 216/216/180
f 216/216/180 234/234/197 235/235/198
f 236/236/199 218/218/182 217/217/181
f 217/217/181 235/235/198 236/236/199
f 237/237/200 219/219/183 218/218/182
f 218/218/182 236/236/199 237/237/200
f 238/238/201 220/220/184 219/219/183
f 219/219/183 237/237/200 238/238/201
f 239/239/202 221/221/185 220/220/184
f 220/220/184 238/238/201 239/239/202
f 240/240/203 222/222/186 221/221/185
f 221/221/185 239/239/202 240/240/203
f 241/241/204 223/223/187 222/222/186
f 222/222/186 240/240/203 241/241/204
f 242/242/205 224/224/188 223/223/187
f 223/223/187 241/241/204 242/242/205
f 243/243/206 225/225/189 224/224/188
f 224/224/188 242/242/205 243/243/206
f 244/244/207 226/226/190 225/225/189
f 225/225/189 243/243/206 244/244/207
f 245/245/208 227/227/191 226/226/190
f 226/226/190 244/244/207 245/245/208
f 246/246/209 228/228/192 227/227/191
f 227/227/191 245/245/208 246/246/209
f 247/247/210 229/229/193 228/228/192
f 228/228/192 246/246/209 247/247/210
f 248/248/211 230/230/194 229/229/193
f 229/229/193 247/247/210 248/248/211
f 249/249/5 231/231/5 230/230/5
f 230/230/5 248/248/5 249/249/5
f 251/250/212 233/232/195 232/233/196
f 232/233/196 250/251/213 251/250/212
f 252/252/214 234/234/197 233/232/195
f 233/232/195 251/250/212 252/252/214
f 253/253/215 235/235/198 234/234/197
f 234/234/197 252/252/214 253/253/215
f 254/254/216 236/236/199 235/235/198
f 235/235/198 253/253/215 254/254/216
f 255/255/217 237/237/200 236/236/199
f 236/236/199 254/254/216 255/255/217
f 256/256/218 238/238/201 237/237/200
f 237/237/200 255/255/217 256/256/218
f 257/257/219 239/239/202 238/238/201
f 238/238/201 256/256/218 257/257/219
f 258/258/220 240/240/203 239/239/202
f 239/239/202 257/257/219 258/258/220
f 259/259/221 241/241/204 240/240/203
f 240/240/203 258/258/220 259/259/221
f 260/260/222 242/242/205 241/241/204
f 241/241/204 259/259/221 260/260/222
f 261/261/223 243/243/206 242/242/205
f 242/242/205 260/260/222 261/261/223
f 262/262/224 244/244/207 243/243/206
f 243/243/206 261/261/223 262/262/224
f 263/263/225 245/245/208 244/244/207
f 244/244/207 262/262/224 263/263/225
f 264/264/226 246/246/209 245/245/208
f 245/245/208 263/263/225 264/264/226
f 265/265/227 247/247/210 246/246/209
f 246/246/209 264/264/226 265/265/227
f 266/266/228 248/248/211 247/247/210
f 247/247/210 265/265/227 266/266/228
f 267/267/5 249/249/5 248/248/5
f 248/248/5 266/266/5 267/267/5
f 269/268/229 251/250/212 250/251/213
f 250/251/213 268/269/230 269/268/229
f 270/270/231 252/252/214 251/250/212
f 251/250/212 269/268/229 270/270/231
f 271/271/232 253/253/215 252/252/214
f 252/252/214 270/270/231 271/271/232
f 272/272/233 254/254/216 253/253/215
f 253/253/215 271/271/232 272/272/233
f 273/273/234 255/255/217 254/254/216
f 254/254/216 272/272/233 273/273/234
f 274/274/235 256/256/218 255/255/217
f 255/255/217 273/273/234 274/274/235
f 275/275/236 257/257/219 256/256/218
f 256/256/218 274/274/235 275/275/236
f 276/276/237 258/258/220 257/257/219
f 257/257/219 275/275/236 276/276/237
f 277/277/238 259/259/221 258/258/220
f 258/258/220 276/276/237 277/277/238
f 278/278/239 260/260/222 259/259/221
f 259/259/221 277/277/238 278/278/239
f 279/279/240 261/261/223 260/260/222
f 260/260/222 278/278/239 279/279/240
f 280/280/241 262/262/224 261/261/223
f 261/261/223 279/279/240 280/280/241
f 281/281/242 263/263/225 262/262/224
f 262/262/224 280/280/241 281/281/242
f 282/282/243 264/264/226 263/263/225
f 263/263/225 281/281/242 282/282/243
f 283/283/244 265/265/227 264/264/226
f 264/264/226 282/282/243 283/283/244
f 284/284/245 266/266/228 265/265/227
f 265/265/227 283/283/244 284/284/245
f 285/285/5 267/267/5 266/266/5
f 266/266/5 284/284/5 285/285/5
f 287/286/246 269/268/229 268/269/230
f 268/269/230 286/287/247 287/286/246
f 288/288/248 270/270/231 269/268/229
f 269/268/229 287/286/246 288/288/248
f 289/289/249 271/271/232 270/270/231
f 270/270/231 288/288/248 289/289/249
f 290/290/250 272/272/233 271/271/232
f 271/271/232 289/289/249 290/290/250
f 291/291/251 273/273/234 272/272/233
f 272/272/233 290/290/250 291/291/251
f 292/292/252 274/274/235 273/273/234
f 273/273/234 291/291/251 292/292/252
f 293/293/253 275/275/236 274/274/235
f 274/274/235 292/292/252 293/293/253
f 294/294/254 276/276/237 275/275/236
f 275/275/236 293/293/253 294/294/254
f 295/295/255 277/277/238 276/276/237
f 276/276/237 294/294/254 295/295/255
f 296/296/256 278/278/239 277/277/238
f 277/277/238 295/295/255 296/296/256
f 297/297/257 279/279/240 278/278/239
f 278/278/239 296/296/256 297/297/257
f 298/298/258 280/280/241 279/279/240
f 279/279/240 297/297/257 298/298/258
f 299/299/259 281/281/242 280/280/241
f 280/280/241 298/298/258 299/299/259
f 300/300/260 282/282/243 281/281/242
f 281/281/242 299/299/259 300/300/260
f 301/301/261 283/283/244 282/282/243
f 282/282/243 300/300/260 301/301/261
f 302/302/262 284/284/245 283/283/244
f 283/283/244 301/301/261 302/302/262
f 303/303/5 285/285/5 284/284/5
f 284/284/5 302/302/5 303/303/5
f 304/304/263 287/286/246 286/287/247
f 304/304/264 288/288/248 287/286/246
f 304/304/264 289/289/249 288/288/248
f 304/304/264 290/290/250 289/289/249
f 304/304/264 291/291/251 290/290/250
f 304/304/264 292/292/252 291/291/251
f 304/304/264 293/293/253 292/292/252
f 304/304/264 294/294/254 293/293/253
f 304/304/264 295/295/255 294/294/254
f 304/304/264 296/296/256 295/295/255
f 304/304/264 297/297/257 296/296/256
f 304/304/264 298/298/258 297/297/257
f 304/304/264 299/299/259 298/298/258
f 304/304/264 300/300/260 299/299/259
f 304/304/264 301/301/261 300/300/260
f 304/304/264 302/302/262 301/301/261
f 304/304/5 303/303/5 302/302/5
s 0
f 372/305/265 370/306/265 369/307/265
f 399/308/266 400/309/266 398/310/266
f 397/311/266 399/308/266 398/310/266
f 395/312/6 397/311/6 398/310/6
f 393/313/267 395/312/267 398/310/267
f 391/314/266 393/313/266 398/310/266
f 389/315/266 391/314/266 398/310/266
f 387/316/266 389/315/266 398/310/266
f 385/317/266 387/316/266 398/310/266
f 383/318/268 385/317/268 398/310/268
f 381/319/266 383/318/266 398/310/266
f 379/320/269 381/319/268 398/310/268
f 377/321/266 379/320/266 398/310/266
f 375/322/266 377/321/266 398/310/266
f 373/323/270 375/322/271 398/310/272
f 371/324/273 373/323/274 398/310/274
f 398/310/275 396/325/275 394/326/275
f 394/326/276 392/327/276 390/328/276
f 398/310/277 394/326/277 390/328/277
f 390/328/278 388/329/278 386/330/278
f 386/330/268 384/331/268 382/332/268
f 390/328/279 386/330/279 382/332/279
f 398/310/280 390/328/280 382/332/280
f 371/324/6 398/310/6 382/332/6
f 382/332/281 380/333/281 378/334/281
f 378/334/282 376/335/282 374/336/282
f 382/332/283 378/334/283 374/336/283
f 371/324/266 382/332/266 374/336/266
f 369/307/6 371/324/6 374/336/6
f 372/305/277 369/307/277 374/336/277
f 305/337/284 306/338/284 34/34/284
f 34/34/284 33/33/284 305/337/284
f 307/339/5 305/337/5 33/33/5
f 33/33/5 51/51/5 307/339/5
f 306/338/285 308/340/285 52/53/285
f 52/53/285 34/34/285 306/338/285
f 309/341/5 307/339/5 51/51/5
f 51/51/5 69/69/5 309/341/5
f 308/340/286 310/342/286 70/71/286
f 70/71/286 52/53/286 308/340/286
f 311/343/5 309/341/5 69/69/5
f 69/69/5 87/87/5 311/343/5
f 310/342/287 312/344/287 88/89/287
f 88/89/287 70/71/287 310/342/287
f 313/345/5 311/343/5 87/87/5
f 87/87/5 105/105/5 313/345/5
f 312/344/288 314/346/288 106/107/288
f 106/107/288 88/89/288 312/344/288
f 315/347/5 313/345/5 105/105/5
f 105/105/5 123/123/5 315/347/5
f 314/346/289 316/348/289 124/125/289
f 124/125/289 106/107/289 314/346/289
f 317/349/5 315/347/5 123/123/5
f 123/123/5 141/141/5 317/349/5
f 316/348/290 318/350/290 142/143/290
f 142/143/290 124/125/290 316/348/290
f 319/351/5 317/349/5 141/141/5
f 141/141/5 159/159/5 319/351/5
f 318/350/291 320/352/291 160/161/291
f 160/161/291 142/143/291 318/350/291
f 321/353/5 319/351/5 159/159/5
f 159/159/5 177/177/5 321/353/5
f 320/352/292 322/354/292 178/179/292
f 178/179/292 160/161/292 320/352/292
f 323/355/5 321/353/5 177/177/5
f 177/177/5 195/195/5 323/355/5
f 322/354/293 324/356/293 196/197/293
f 196/197/293 178/179/293 322/354/293
f 325/357/5 323/355/5 195/195/5
f 195/195/5 213/213/5 325/357/5
f 324/356/294 326/358/294 214/215/294
f 214/215/294 196/197/294 324/356/294
f 327/359/5 325/357/5 213/213/5
f 213/213/5 231/231/5 327/359/5
f 326/358/295 328/360/295 232/233/295
f 232/233/295 214/215/295 326/358/295
f 329/361/5 327/359/5 231/231/5
f 231/231/5 249/249/5 329/361/5
f 328/360/296 330/362/296 250/251/296
f 250/251/296 232/233/296 328/360/296
f 331/363/5 329/361/5 249/249/5
f 249/249/5 267/267/5 331/363/5
f 330/362/297 332/364/297 268/269/297
f 268/269/297 250/251/297 330/362/297
f 333/365/5 331/363/5 267/267/5
f 267/267/5 285/285/5 333/365/5
f 332/364/298 334/366/298 286/287/298
f 286/287/298 268/269/298 332/364/298
f 335/367/5 333/365/5 285/285/5
f 285/285/5 303/303/5 335/367/5
f 334/366/299 336/368/299 304/304/299
f 304/304/299 286/287/299 334/366/299
f 336/368/5 335/367/5 303/303/5
f 303/303/5 304/304/5 336/368/5
f 338/369/285 340/370/285 308/340/285
f 308/340/285 306/338/285 338/369/285
f 337/371/284 338/369/284 306/338/284
f 306/338/284 305/337/284 337/371/284
f 368/372/5 367/373/5 335/367/5
f 335/367/5 336/368/5 368/372/5
f 366/374/299 368/372/299 336/368/299
f 336/368/299 334/366/299 366/374/299
f 364/375/298 366/374/298 334/366/298
f 334/366/298 332/364/298 364/375/298
f 362/376/297 364/375/297 332/364/297
f 332/364/297 330/362/297 362/376/297
f 360/377/296 362/376/296 330/362/296
f 330/362/296 328/360/296 360/377/296
f 358/378/295 360/377/295 328/360/295
f 328/360/295 326/358/295 358/378/295
f 356/379/294 358/378/294 326/358/294
f 326/358/294 324/356/294 356/379/294
f 354/380/293 356/379/293 324/356/293
f 324/356/293 322/354/293 354/380/293
f 352/381/292 354/380/292 322/354/292
f 322/354/292 320/352/292 352/381/292
f 350/382/291 352/381/291 320/352/291
f 320/352/291 318/350/291 350/382/291
f 348/383/290 350/382/290 318/350/290
f 318/350/290 316/348/290 348/383/290
f 346/384/289 348/383/289 316/348/289
f 316/348/289 314/346/289 346/384/289
f 344/385/288 346/384/288 314/346/288
f 314/346/288 312/344/288 344/385/288
f 342/386/287 344/385/287 312/344/287
f 312/344/287 310/342/287 342/386/287
f 340/370/286 342/386/286 310/342/286
f 310/342/286 308/340/286 340/370/286
f 367/373/5 365/387/5 333/365/5
f 333/365/5 335/367/5 367/373/5
f 339/388/5 337/371/5 305/337/5
f 305/337/5 307/339/5 339/388/5
f 365/387/5 363/389/5 331/363/5
f 331/363/5 333/365/5 365/387/5
f 363/389/5 361/390/5 329/361/5
f 329/361/5 331/363/5 363/389/5
f 361/390/5 359/391/5 327/359/5
f 327/359/5 329/361/5 361/390/5
f 341/392/5 339/388/5 307/339/5
f 307/339/5 309/341/5 341/392/5
f 359/391/5 357/393/5 325/357/5
f 325/357/5 327/359/5 359/391/5
f 343/394/5 341/392/5 309/341/5
f 309/341/5 311/343/5 343/394/5
f 357/393/5 355/395/5 323/355/5
f 323/355/5 325/357/5 357/393/5
f 345/396/5 343/394/5 311/343/5
f 311/343/5 313/345/5 345/396/5
f 355/395/5 353/397/5 321/353/5
f 321/353/5 323/355/5 355/395/5
f 347/398/5 345/396/5 313/345/5
f 313/345/5 315/347/5 347/398/5
f 353/397/5 351/399/5 319/351/5
f 319/351/5 321/353/5 353/397/5
f 349/400/5 347/398/5 315/347/5
f 315/347/5 317/349/5 349/400/5
f 351/399/5 349/400/5 317/349/5
f 317/349/5 319/351/5 351/399/5
f 370/306/285 372/305/285 340/370/285
f 340/370/285 338/369/285 370/306/285
f 369/307/300 370/306/300 338/369/300
f 338/369/284 337/371/284 369/307/284
f 400/309/5 399/308/5 367/373/5
f 367/373/5 368/372/5 400/309/5
f 398/310/299 400/309/299 368/372/299
f 368/372/299 366/374/299 398/310/299
f 396/325/298 398/310/298 366/374/298
f 366/374/298 364/375/298 396/325/298
f 394/326/297 396/325/297 364/375/297
f 364/375/297 362/376/297 394/326/297
f 392/327/296 394/326/296 362/376/296
f 362/376/296 360/377/296 392/327/296
f 390/328/295 392/327/295 360/377/295
f 360/377/295 358/378/295 390/328/295
f 388/329/294 390/328/294 358/378/294
f 358/378/294 356/379/294 388/329/294
f 386/330/293 388/329/293 356/379/293
f 356/379/293 354/380/293 386/330/293
f 384/331/292 386/330/292 354/380/292
f 354/380/292 352/381/292 384/331/292
f 382/332/291 384/331/291 352/381/291
f 352/381/291 350/382/291 382/332/291
f 380/333/290 382/332/290 350/382/290
f 350/382/290 348/383/290 380/333/290
f 378/334/289 380/333/289 348/383/289
f 348/383/289 346/384/289 378/334/289
f 376/335/288 378/334/288 346/384/288
f 346/384/288 344/385/288 376/335/288
f 374/336/287 376/335/287 344/385/287
f 344/385/287 342/386/287 374/336/287
f 372/305/286 374/336/286 342/386/286
f 342/386/286 340/370/286 372/305/286
f 399/308/5 397/311/5 365/387/5
f 365/387/5 367/373/5 399/308/5
f 371/324/5 369/307/5 337/371/5
f 337/371/5 339/388/5 371/324/5
f 397/311/5 395/312/5 363/389/5
f 363/389/5 365/387/5 397/311/5
f 395/312/5 393/313/5 361/390/5
f 361/390/5 363/389/5 395/312/5
f 393/313/5 391/314/5 359/391/5
f 359/391/5 361/390/5 393/313/5
f 373/323/5 371/324/5 339/388/5
f 339/388/5 341/392/5 373/323/5
f 391/314/5 389/315/5 357/393/5
f 357/393/5 359/391/5 391/314/5
f 375/322/5 373/323/5 341/392/5
f 341/392/5 343/394/5 375/322/5
f 389/315/5 387/316/5 355/395/5
f 355/395/5 357/393/5 389/315/5
f 377/321/5 375/322/5 343/394/5
f 343/394/5 345/396/5 377/321/5
f 387/316/5 385/317/5 353/397/5
f 353/397/5 355/395/5 387/316/5
f 379/320/5 377/321/5 345/396/5
f 345/396/5 347/398/5 379/320/5
f 385/317/5 383/318/5 351/399/5
f 351/399/5 353/397/5 385/317/5
f 381/319/5 379/320/5 347/398/5
f 347/398/5 349/400/5 381/319/5
f 383/318/5 381/319/5 349/400/5
f 349/400/5 351/399/5 383/318/5
o Sphere007
v -202.629120 -33.607651 290.413361
v -202.629120 -37.817009 289.998779
v -202.667770 -37.796738 289.998779
v -202.706055 -37.736126 289.998779
v -202.743607 -37.635754 289.998779
v -202.780045 -37.496590 289.998779
v -202.815033 -37.319973 289.998779
v -202.848221 -37.107605 289.998779
v -202.879303 -36.861530 289.998779
v -202.907990 -36.584122 289.998779
v -202.933975 -36.278046 289.998779
v -202.957031 -35.946251 289.998779
v -202.976929 -35.591934 289.998779
v -202.993469 -35.218510 289.998779
v -203.006516 -34.829571 289.998779
v -203.015915 -34.428867 289.998779
v -203.021591 -34.020252 289.998779
v -203.023499 -33.607662 289.998779
v -203.021591 -33.195076 289.998779
v -203.015915 -32.786461 289.998779
v -203.006516 -32.385754 289.998779
v -202.993469 -31.996815 289.998779
v -202.976929 -31.623388 289.998779
v -202.957031 -31.269072 289.998779
v -202.933975 -30.937277 289.998779
v -202.907990 -30.631199 289.998779
v -202.879318 -30.353786 289.998779
v -202.848221 -30.107708 289.998779
v -202.815033 -29.895338 289.998779
v -202.780045 -29.718719 289.998779
v -202.743607 -29.579552 289.998779
v -202.706070 -29.479179 289.998779
v -202.667786 -29.418564 289.998779
v -202.629120 -29.398293 289.998779
v -202.629120 -33.607651 289.998779
v -202.629120 -41.864601 288.770966
v -202.704941 -41.824844 288.770966
v -202.780045 -41.705948 288.770966
v -202.853683 -41.509064 288.770966
v -202.925156 -41.236080 288.770966
v -202.993790 -40.889633 288.770966
v -203.058899 -40.473061 288.770966
v -203.119888 -39.990368 288.770966
v -203.176132 -39.446205 288.770966
v -203.227112 -38.845818 288.770966
v -203.272339 -38.194981 288.770966
v -203.311371 -37.499966 288.770966
v -203.343826 -36.767467 288.770966
v -203.369400 -36.004536 288.770966
v -203.387848 -35.218525 288.770966
v -203.398987 -34.416996 288.770966
v -203.402710 -33.607674 288.770966
v -203.398987 -32.798355 288.770966
v -203.387848 -31.996826 288.770966
v -203.369400 -31.210812 288.770966
v -203.343826 -30.447880 288.770966
v -203.311371 -29.715378 288.770966
v -203.272339 -29.020363 288.770966
v -203.227112 -28.369522 288.770966
v -203.176132 -27.769131 288.770966
v -203.119888 -27.224964 288.770966
v -203.058914 -26.742268 288.770966
v -202.993790 -26.325687 288.770966
v -202.925171 -25.979237 288.770966
v -202.853683 -25.706251 288.770966
v -202.780045 -25.509361 288.770966
v -202.704956 -25.390461 288.770966
v -202.629120 -25.350697 288.770966
v -202.629120 -33.607651 288.770966
v -202.629120 -45.594887 286.777069
v -202.739197 -45.537163 286.777069
v -202.848221 -45.364555 286.777069
v -202.955139 -45.078724 286.777069
v -203.058899 -44.682415 286.777069
v -203.158539 -44.179455 286.777069
v -203.253067 -43.574680 286.777069
v -203.341599 -42.873920 286.777069
v -203.423264 -42.083920 286.777069
v -203.497269 -41.212288 286.777069
v -203.562927 -40.267422 286.777069
v -203.619583 -39.258415 286.777069
v -203.666718 -38.194992 286.777069
v -203.703842 -37.087391 286.777069
v -203.730621 -35.946274 286.777069
v -203.746796 -34.782639 286.777069
v -203.752197 -33.607685 286.777069
v -203.746796 -32.432735 286.777069
v -203.730621 -31.269096 286.777069
v -203.703842 -30.127981 286.777100
v -203.666718 -29.020374 286.777100
v -203.619598 -27.956947 286.777100
v -203.562927 -26.947941 286.777100
v -203.497284 -26.003069 286.777100
v -203.423264 -25.131432 286.777100
v -203.341599 -24.341427 286.777100
v -203.253082 -23.640659 286.777100
v -203.158539 -23.035881 286.777100
v -203.058914 -22.532909 286.777100
v -202.955139 -22.136597 286.777100
v -202.848236 -21.850758 286.777100
v -202.739212 -21.678141 286.777100
v -202.629135 -21.620411 286.777100
v -202.629120 -33.607647 286.777069
v -202.629120 -48.864506 284.093781
v -202.769226 -48.791039 284.093781
v -202.907990 -48.571350 284.093781
v -203.044052 -48.207554 284.093781
v -203.176132 -47.703152 284.093781
v -203.302933 -47.063004 284.093781
v -203.423264 -46.293270 284.093781
v -203.535934 -45.401371 284.093781
v -203.639862 -44.395893 284.093781
v -203.734070 -43.286518 284.093781
v -203.817627 -42.083931 284.093781
v -203.889740 -40.799709 284.093781
v -203.949722 -39.446228 284.093781
v -203.996979 -38.036518 284.093781
v -204.031067 -36.584156 284.093781
v -204.051651 -35.103127 284.093781
v -204.058533 -33.607697 284.093781
v -204.051651 -32.112267 284.093781
v -204.031067 -30.631235 284.093781
v -203.996979 -29.178871 284.093781
v -203.949722 -27.769157 284.093781
v -203.889755 -26.415670 284.093781
v -203.817642 -25.131447 284.093781
v -203.734070 -23.928852 284.093781
v -203.639877 -22.819471 284.093781
v -203.535934 -21.813984 284.093781
v -203.423264 -20.922077 284.093781
v -203.302948 -20.152340 284.093781
v -203.176147 -19.512180 284.093781
v -203.044067 -19.007771 284.093781
v -202.907990 -18.643965 284.093781
v -202.769241 -18.424265 284.093781
v -202.629135 -18.350790 284.093781
v -202.629120 -33.607647 284.093781
v -202.629120 -51.547813 280.824158
v -202.793869 -51.461430 280.824158
v -202.957031 -51.203102 280.824158
v -203.117035 -50.775322 280.824158
v -203.272339 -50.182205 280.824158
v -203.421448 -49.429474 280.824158
v -203.562927 -48.524364 280.824158
v -203.695419 -47.475601 280.824158
v -203.817627 -46.293282 280.824158
v -203.928406 -44.988792 280.824158
v -204.026657 -43.574699 280.824158
v -204.111465 -42.064621 280.824158
v -204.181976 -40.473091 280.824158
v -204.237549 -38.815445 280.824158
v -204.277634 -37.107651 280.824158
v -204.301834 -35.366142 280.824158
v -204.309937 -33.607704 280.824158
v -204.301834 -31.849262 280.824158
v -204.277634 -30.107756 280.824158
v -204.237549 -28.399956 280.824158
v -204.181992 -26.742306 280.824158
v -204.111465 -25.150776 280.824158
v -204.026672 -23.640688 280.824158
v -203.928406 -22.226587 280.824158
v -203.817642 -20.922092 280.824158
v -203.695419 -19.739765 280.824158
v -203.562943 -18.690994 280.824158
v -203.421463 -17.785877 280.824158
v -203.272354 -17.033131 280.824158
v -203.117050 -16.440004 280.824158
v -202.957047 -16.012215 280.824158
v -202.793884 -15.753876 280.824158
v -202.629135 -15.667479 280.824158
v -202.629120 -33.607647 280.824158
v -202.629120 -53.541695 277.093872
v -202.812180 -53.445702 277.093872
v -202.993469 -53.158669 277.093872
v -203.171265 -52.683342 277.093872
v -203.343826 -52.024307 277.093872
v -203.509506 -51.187912 277.093872
v -203.666702 -50.182213 277.093872
v -203.813919 -49.016891 277.093872
v -203.949722 -47.703167 277.093872
v -204.072800 -46.253700 277.093872
v -204.181976 -44.682442 277.093872
v -204.276199 -43.004528 277.093872
v -204.354568 -41.236118 277.093872
v -204.416321 -39.394241 277.093872
v -204.460846 -37.496639 277.093872
v -204.487747 -35.561584 277.093872
v -204.496735 -33.607708 277.093872
v -204.487747 -31.653833 277.093872
v -204.460846 -29.718775 277.093872
v -204.416321 -27.821169 277.093872
v -204.354568 -25.979290 277.093872
v -204.276215 -24.210873 277.093872
v -204.181992 -22.532955 277.093872
v -204.072815 -20.961693 277.093872
v -203.949722 -19.512215 277.093872
v -203.813934 -18.198483 277.093872
v -203.666718 -17.033148 277.093872
v -203.509521 -16.027435 277.093872
v -203.343842 -15.191031 277.093872
v -203.171265 -14.531984 277.093872
v -202.993484 -14.056648 277.093872
v -202.812195 -13.769598 277.093872
v -202.629135 -13.673597 277.093872
v -202.629120 -33.607647 277.093872
v -202.629120 -54.769516 273.046265
v -202.823456 -54.667618 273.046265
v -203.015915 -54.362900 273.046265
v -203.204651 -53.858299 273.046265
v -203.387848 -53.158669 273.046265
v -203.563736 -52.270760 273.046265
v -203.730621 -51.203110 273.046265
v -203.886902 -49.966011 273.046265
v -204.031067 -48.571369 273.046265
v -204.161728 -47.032623 273.046265
v -204.277634 -45.364586 273.046265
v -204.377655 -43.583321 273.046265
v -204.460846 -41.705986 273.046265
v -204.526398 -39.750664 273.046265
v -204.573669 -37.736179 273.046265
v -204.602219 -35.681934 273.046265
v -204.611771 -33.607712 273.046265
v -204.602219 -31.533489 273.046265
v -204.573669 -29.479242 273.046265
v -204.526398 -27.464754 273.046265
v -204.460846 -25.509424 273.046265
v -204.377670 -23.632084 273.046265
v -204.277634 -21.850815 273.046265
v -204.161728 -20.182770 273.046265
v -204.031067 -18.644012 273.046265
v -203.886902 -17.249365 273.046265
v -203.730621 -16.012255 273.046265
v -203.563736 -14.944595 273.046265
v -203.387863 -14.056671 273.046265
v -203.204666 -13.357033 273.046265
v -203.015930 -12.852419 273.046265
v -202.823471 -12.547688 273.046265
v -202.629135 -12.445774 273.046265
v -202.629120 -33.607643 273.046265
v -202.629120 -55.184097 268.836914
v -202.827255 -55.080204 268.836914
v -203.023499 -54.769516 268.836914
v -203.215927 -54.255028 268.836914
v -203.402710 -53.541695 268.836914
v -203.582047 -52.636391 268.836914
v -203.752197 -51.547825 268.836914
v -203.911545 -50.286491 268.836914
v -204.058533 -48.864525 268.836914
v -204.191757 -47.295631 268.836914
v -204.309921 -45.594917 268.836914
v -204.411911 -43.778755 268.836914
v -204.496735 -41.864643 268.836914
v -204.563568 -39.871010 268.836914
v -204.611771 -37.817059 268.836914
v -204.640869 -35.722569 268.836914
v -204.650604 -33.607712 268.836914
v -204.640869 -31.492853 268.836914
v -204.611771 -29.398361 268.836914
v -204.563568 -27.344406 268.836914
v -204.496735 -25.350769 268.836914
v -204.411926 -23.436649 268.836914
v -204.309937 -21.620483 268.836914
v -204.191757 -19.919760 268.836914
v -204.058533 -18.350857 268.836914
v -203.911545 -16.928885 268.836914
v -203.752213 -15.667538 268.836914
v -203.582047 -14.578960 268.836914
v -203.402725 -13.673643 268.836914
v -203.215942 -12.960297 268.836914
v -203.023499 -12.445797 268.836914
v -202.827271 -12.135096 268.836914
v -202.629135 -12.031187 268.836914
v -202.629120 -33.607643 268.836914
v -202.629120 -54.769512 264.627563
v -202.823456 -54.667614 264.627563
v -203.015915 -54.362896 264.627563
v -203.204651 -53.858292 264.627563
v -203.387848 -53.158669 264.627563
v -203.563736 -52.270756 264.627563
v -203.730621 -51.203110 264.627563
v -203.886902 -49.966011 264.627563
v -204.031067 -48.571369 264.627563
v -204.161728 -47.032623 264.627563
v -204.277634 -45.364582 264.627563
v -204.377655 -43.583321 264.627563
v -204.460846 -41.705986 264.627563
v -204.526398 -39.750660 264.627563
v -204.573669 -37.736176 264.627563
v -204.602219 -35.681931 264.627563
v -204.611771 -33.607708 264.627563
v -204.602219 -31.533485 264.627563
v -204.573669 -29.479239 264.627563
v -204.526398 -27.464750 264.627563
v -204.460846 -25.509422 264.627563
v -204.377655 -23.632082 264.627563
v -204.277634 -21.850813 264.627563
v -204.161728 -20.182768 264.627563
v -204.031067 -18.644011 264.627563
v -203.886902 -17.249359 264.627563
v -203.730621 -16.012249 264.627563
v -203.563736 -14.944590 264.627563
v -203.387863 -14.056665 264.627563
v -203.204666 -13.357027 264.627563
v -203.015930 -12.852413 264.627563
v -202.823471 -12.547682 264.627563
v -202.629135 -12.445770 264.627563
v -202.629120 -33.607643 264.627563
v -202.629120 -53.541687 260.579956
v -202.812180 -53.445702 260.579956
v -202.993469 -53.158665 260.579956
v -203.171265 -52.683342 260.579956
v -203.343826 -52.024307 260.579956
v -203.509506 -51.187912 260.579956
v -203.666702 -50.182209 260.579956
v -203.813919 -49.016884 260.579956
v -203.949722 -47.703163 260.579956
v -204.072800 -46.253693 260.579956
v -204.181976 -44.682434 260.579956
v -204.276199 -43.004524 260.579956
v -204.354568 -41.236115 260.579956
v -204.416306 -39.394238 260.579956
v -204.460846 -37.496635 260.579956
v -204.487732 -35.561577 260.579956
v -204.496735 -33.607704 260.579956
v -204.487747 -31.653830 260.579956
v -204.460846 -29.718769 260.579956
v -204.416321 -27.821163 260.579956
v -204.354568 -25.979282 260.579956
v -204.276215 -24.210869 260.579956
v -204.181992 -22.532948 260.579956
v -204.072815 -20.961685 260.579956
v -203.949722 -19.512207 260.579956
v -203.813934 -18.198475 260.579956
v -203.666718 -17.033142 260.579956
v -203.509521 -16.027431 260.579956
v -203.343826 -15.191025 260.579956
v -203.171265 -14.531981 260.579956
v -202.993484 -14.056643 260.579956
v -202.812195 -13.769592 260.579956
v -202.629135 -13.673594 260.579956
v -202.629120 -33.607639 260.579956
v -202.629120 -51.547806 256.849670
v -202.793869 -51.461422 256.849670
v -202.957031 -51.203094 256.849670
v -203.117035 -50.775314 256.849670
v -203.272339 -50.182198 256.849670
v -203.421448 -49.429466 256.849670
v -203.562927 -48.524357 256.849670
v -203.695404 -47.475594 256.849670
v -203.817627 -46.293274 256.849670
v -203.928406 -44.988785 256.849670
v -204.026657 -43.574692 256.849670
v -204.111450 -42.064613 256.849670
v -204.181976 -40.473083 256.849670
v -204.237549 -38.815437 256.849670
v -204.277634 -37.107643 256.849670
v -204.301834 -35.366135 256.849670
v -204.309921 -33.607697 256.849670
v -204.301834 -31.849255 256.849670
v -204.277634 -30.107748 256.849670
v -204.237549 -28.399948 256.849670
v -204.181992 -26.742298 256.849670
v -204.111465 -25.150768 256.849670
v -204.026657 -23.640680 256.849670
v -203.928406 -22.226580 256.849670
v -203.817627 -20.922085 256.849670
v -203.695419 -19.739758 256.849670
v -203.562927 -18.690987 256.849670
v -203.421448 -17.785870 256.849670
v -203.272339 -17.033123 256.849670
v -203.117035 -16.439997 256.849670
v -202.957031 -16.012207 256.849670
v -202.793884 -15.753868 256.849670
v -202.629135 -15.667471 256.849670
v -202.629120 -33.607639 256.849670
v -202.629120 -48.864494 253.580048
v -202.769226 -48.791031 253.580048
v -202.907974 -48.571342 253.580048
v -203.044052 -48.207542 253.580048
v -203.176132 -47.703140 253.580048
v -203.302933 -47.062992 253.580048
v -203.423248 -46.293262 253.580048
v -203.535919 -45.401363 253.580048
v -203.639862 -44.395882 253.580048
v -203.734070 -43.286507 253.580048
v -203.817627 -42.083920 253.580048
v -203.889740 -40.799702 253.580048
v -203.949722 -39.446220 253.580048
v -203.996979 -38.036507 253.580048
v -204.031067 -36.584145 253.580048
v -204.051651 -35.103119 253.580048
v -204.058533 -33.607685 253.580063
v -204.051651 -32.112255 253.580063
v -204.031067 -30.631226 253.580063
v -203.996979 -29.178862 253.580063
v -203.949722 -27.769146 253.580063
v -203.889740 -26.415661 253.580063
v -203.817627 -25.131437 253.580063
v -203.734070 -23.928844 253.580063
v -203.639862 -22.819462 253.580063
v -203.535934 -21.813976 253.580063
v -203.423264 -20.922070 253.580063
v -203.302948 -20.152330 253.580063
v -203.176132 -19.512173 253.580063
v -203.044067 -19.007761 253.580063
v -202.907990 -18.643955 253.580063
v -202.769226 -18.424255 253.580063
v -202.629120 -18.350780 253.580063
v -202.629120 -33.607639 253.580063
v -202.629120 -45.594872 250.896744
v -202.739197 -45.537151 250.896744
v -202.848221 -45.364544 250.896744
v -202.955124 -45.078709 250.896744
v -203.058899 -44.682404 250.896744
v -203.158539 -44.179443 250.896744
v -203.253067 -43.574669 250.896744
v -203.341583 -42.873909 250.896744
v -203.423248 -42.083908 250.896744
v -203.497269 -41.212276 250.896744
v -203.562927 -40.267410 250.896744
v -203.619583 -39.258404 250.896744
v -203.666702 -38.194981 250.896744
v -203.703842 -37.087379 250.896744
v -203.730621 -35.946262 250.896744
v -203.746796 -34.782627 250.896744
v -203.752197 -33.607674 250.896744
v -203.746796 -32.432724 250.896744
v -203.730621 -31.269085 250.896744
v -203.703842 -30.127970 250.896744
v -203.666702 -29.020365 250.896744
v -203.619583 -27.956936 250.896744
v -203.562927 -26.947929 250.896744
v -203.497269 -26.003057 250.896744
v -203.423264 -25.131420 250.896744
v -203.341599 -24.341415 250.896744
v -203.253067 -23.640648 250.896744
v -203.158539 -23.035870 250.896744
v -203.058914 -22.532902 250.896744
v -202.955139 -22.136587 250.896744
v -202.848221 -21.850746 250.896744
v -202.739212 -21.678131 250.896744
v -202.629120 -21.620401 250.896744
v -202.629120 -33.607639 250.896744
v -202.629120 -41.864586 248.902863
v -202.704941 -41.824825 248.902863
v -202.780045 -41.705933 248.902863
v -202.853683 -41.509048 248.902863
v -202.925156 -41.236065 248.902863
v -202.993790 -40.889618 248.902863
v -203.058899 -40.473045 248.902863
v -203.119873 -39.990353 248.902863
v -203.176132 -39.446190 248.902863
v -203.227112 -38.845802 248.902863
v -203.272339 -38.194965 248.902863
v -203.311356 -37.499950 248.902863
v -203.343826 -36.767452 248.902863
v -203.369400 -36.004524 248.902863
v -203.387848 -35.218510 248.902863
v -203.398987 -34.416985 248.902863
v -203.402710 -33.607662 248.902863
v -203.398987 -32.798344 248.902863
v -203.387848 -31.996815 248.902863
v -203.369400 -31.210800 248.902863
v -203.343826 -30.447868 248.902863
v -203.311371 -29.715368 248.902863
v -203.272339 -29.020351 248.902863
v -203.227112 -28.369513 248.902863
v -203.176132 -27.769119 248.902863
v -203.119888 -27.224955 248.902863
v -203.058899 -26.742258 248.902863
v -202.993790 -26.325680 248.902863
v -202.925156 -25.979229 248.902863
v -202.853683 -25.706244 248.902863
v -202.780045 -25.509352 248.902863
v -202.704941 -25.390451 248.902863
v -202.629120 -25.350687 248.902863
v -202.629120 -33.607635 248.902863
v -202.629120 -37.816990 247.675049
v -202.667770 -37.796719 247.675049
v -202.706055 -37.736107 247.675049
v -202.743591 -37.635738 247.675049
v -202.780045 -37.496574 247.675049
v -202.815018 -37.319958 247.675049
v -202.848221 -37.107590 247.675049
v -202.879303 -36.861515 247.675049
v -202.907974 -36.584103 247.675049
v -202.933975 -36.278027 247.675049
v -202.957031 -35.946236 247.675049
v -202.976929 -35.591919 247.675049
v -202.993469 -35.218494 247.675049
v -203.006516 -34.829559 247.675049
v -203.015915 -34.428852 247.675049
v -203.021591 -34.020237 247.675049
v -203.023483 -33.607651 247.675049
v -203.021591 -33.195061 247.675049
v -203.015915 -32.786446 247.675049
v -203.006516 -32.385742 247.675049
v -202.993469 -31.996801 247.675049
v -202.976929 -31.623377 247.675049
v -202.957031 -31.269060 247.675049
v -202.933975 -30.937265 247.675049
v -202.907990 -30.631189 247.675049
v -202.879303 -30.353775 247.675049
v -202.848221 -30.107700 247.675049
v -202.815018 -29.895329 247.675049
v -202.780045 -29.718710 247.675049
v -202.743607 -29.579544 247.675049
v -202.706055 -29.479170 247.675049
v -202.667770 -29.418556 247.675049
v -202.629120 -29.398283 247.675049
v -202.629120 -33.607635 247.675049
v -202.629120 -33.607635 247.260452
vn -0.6963 -0.0000 0.7177
vn -0.2283 -0.2010 0.9526
vn -0.1165 -0.2221 0.9680
vn -0.3888 -0.1733 0.9049
vn -0.5062 -0.1506 0.8491
vn -0.5934 -0.1309 0.7942
vn -0.6595 -0.1135 0.7431
vn -0.7097 -0.0982 0.6976
vn -0.7485 -0.0847 0.6577
vn -0.7786 -0.0725 0.6233
vn -0.8020 -0.0614 0.5941
vn -0.8203 -0.0512 0.5696
vn -0.8344 -0.0418 0.5496
vn -0.8451 -0.0329 0.5336
vn -0.8530 -0.0245 0.5214
vn -0.8585 -0.0163 0.5126
vn -0.8618 -0.0082 0.5072
vn -0.8630 -0.0000 0.5053
vn -0.8618 0.0082 0.5072
vn -0.8585 0.0163 0.5126
vn -0.8530 0.0245 0.5214
vn -0.8451 0.0329 0.5336
vn -0.8343 0.0418 0.5497
vn -0.8203 0.0512 0.5696
vn -0.8020 0.0614 0.5942
vn -0.7785 0.0725 0.6235
vn -0.7486 0.0847 0.6576
vn -0.7097 0.0983 0.6977
vn -0.6595 0.1135 0.7431
vn -0.5935 0.1309 0.7941
vn -0.5061 0.1506 0.8492
vn -0.3888 0.1733 0.9049
vn -0.2282 0.2010 0.9526
vn -0.1166 0.2223 0.9680
vn 1.0000 -0.0000 -0.0000
vn -0.3762 -0.3603 0.8536
vn -0.2090 -0.3986 0.8930
vn -0.6115 -0.2913 0.7357
vn -0.7490 -0.2342 0.6198
vn -0.8294 -0.1898 0.5254
vn -0.8779 -0.1556 0.4528
vn -0.9084 -0.1287 0.3978
vn -0.9284 -0.1070 0.3559
vn -0.9420 -0.0891 0.3237
vn -0.9514 -0.0739 0.2988
vn -0.9582 -0.0606 0.2795
vn -0.9632 -0.0488 0.2645
vn -0.9667 -0.0380 0.2531
vn -0.9692 -0.0280 0.2447
vn -0.9709 -0.0184 0.2389
vn -0.9718 -0.0091 0.2354
vn -0.9722 -0.0000 0.2343
vn -0.9718 0.0091 0.2354
vn -0.9709 0.0184 0.2389
vn -0.9692 0.0280 0.2447
vn -0.9667 0.0380 0.2531
vn -0.9632 0.0488 0.2645
vn -0.9582 0.0606 0.2795
vn -0.9515 0.0739 0.2988
vn -0.9420 0.0891 0.3236
vn -0.9284 0.1070 0.3559
vn -0.9084 0.1287 0.3979
vn -0.8779 0.1556 0.4528
vn -0.8295 0.1898 0.5253
vn -0.7491 0.2342 0.6197
vn -0.6117 0.2912 0.7356
vn -0.3762 0.3602 0.8537
vn -0.2090 0.3986 0.8930
vn -0.4840 -0.4881 0.7263
vn -0.2889 -0.5510 0.7829
vn -0.7404 -0.3626 0.5659
vn -0.8566 -0.2718 0.4387
vn -0.9119 -0.2104 0.3524
vn -0.9411 -0.1675 0.2938
vn -0.9579 -0.1361 0.2529
vn -0.9683 -0.1118 0.2233
vn -0.9752 -0.0923 0.2012
vn -0.9799 -0.0761 0.1846
vn -0.9832 -0.0622 0.1719
vn -0.9855 -0.0499 0.1622
vn -0.9872 -0.0387 0.1549
vn -0.9883 -0.0284 0.1496
vn -0.9891 -0.0186 0.1459
vn -0.9896 -0.0092 0.1438
vn -0.9897 -0.0000 0.1431
vn -0.9896 0.0092 0.1438
vn -0.9891 0.0186 0.1459
vn -0.9883 0.0284 0.1496
vn -0.9872 0.0387 0.1549
vn -0.9855 0.0499 0.1622
vn -0.9832 0.0622 0.1719
vn -0.9799 0.0761 0.1846
vn -0.9752 0.0923 0.2012
vn -0.9683 0.1118 0.2232
vn -0.9579 0.1361 0.2529
vn -0.9410 0.1675 0.2939
vn -0.9119 0.2104 0.3524
vn -0.8566 0.2717 0.4387
vn -0.7404 0.3626 0.5659
vn -0.4840 0.4881 0.7263
vn -0.2890 0.5510 0.7829
vn -0.5598 -0.5859 0.5860
vn -0.3537 -0.6746 0.6479
vn -0.8131 -0.4037 0.4194
vn -0.9061 -0.2890 0.3090
vn -0.9453 -0.2186 0.2419
vn -0.9648 -0.1719 0.1991
vn -0.9756 -0.1387 0.1701
vn -0.9822 -0.1134 0.1495
vn -0.9865 -0.0934 0.1343
vn -0.9894 -0.0768 0.1230
vn -0.9915 -0.0626 0.1144
vn -0.9929 -0.0501 0.1078
vn -0.9939 -0.0389 0.1029
vn -0.9946 -0.0285 0.0994
vn -0.9951 -0.0187 0.0969
vn -0.9954 -0.0093 0.0955
vn -0.9955 -0.0000 0.0951
vn -0.9954 0.0093 0.0955
vn -0.9951 0.0187 0.0969
vn -0.9946 0.0285 0.0994
vn -0.9939 0.0389 0.1029
vn -0.9929 0.0501 0.1078
vn -0.9915 0.0626 0.1144
vn -0.9894 0.0768 0.1230
vn -0.9865 0.0934 0.1343
vn -0.9822 0.1134 0.1494
vn -0.9756 0.1386 0.1701
vn -0.9648 0.1719 0.1991
vn -0.9453 0.2186 0.2419
vn -0.9061 0.2890 0.3089
vn -0.8131 0.4037 0.4193
vn -0.5599 0.5859 0.5859
vn -0.3538 0.6747 0.6478
vn -0.6117 -0.6572 0.4403
vn -0.4031 -0.7688 0.4964
vn -0.8544 -0.4272 0.2957
vn -0.9310 -0.2976 0.2115
vn -0.9611 -0.2224 0.1636
vn -0.9756 -0.1739 0.1338
vn -0.9836 -0.1398 0.1139
vn -0.9884 -0.1141 0.0999
vn -0.9915 -0.0938 0.0897
vn -0.9936 -0.0771 0.0820
vn -0.9951 -0.0628 0.0763
vn -0.9961 -0.0503 0.0719
vn -0.9969 -0.0390 0.0686
vn -0.9974 -0.0285 0.0662
vn -0.9977 -0.0187 0.0646
vn -0.9979 -0.0093 0.0637
vn -0.9980 -0.0000 0.0633
vn -0.9979 0.0093 0.0637
vn -0.9977 0.0187 0.0646
vn -0.9974 0.0285 0.0662
vn -0.9969 0.0390 0.0686
vn -0.9961 0.0503 0.0719
vn -0.9951 0.0628 0.0763
vn -0.9936 0.0771 0.0820
vn -0.9915 0.0938 0.0897
vn -0.9884 0.1141 0.0999
vn -0.9836 0.1398 0.1139
vn -0.9756 0.1739 0.1338
vn -0.9611 0.2224 0.1635
vn -0.9310 0.2976 0.2115
vn -0.8544 0.4272 0.2957
vn -0.6117 0.6572 0.4404
vn -0.4032 0.7688 0.4964
vn -0.6453 -0.7053 0.2934
vn -0.4376 -0.8344 0.3352
vn -0.8777 -0.4406 0.1887
vn -0.9440 -0.3021 0.1327
vn -0.9692 -0.2244 0.1019
vn -0.9811 -0.1749 0.0831
vn -0.9876 -0.1403 0.0707
vn -0.9915 -0.1144 0.0619
vn -0.9940 -0.0940 0.0555
vn -0.9957 -0.0772 0.0508
vn -0.9969 -0.0629 0.0472
vn -0.9977 -0.0503 0.0445
vn -0.9983 -0.0390 0.0425
vn -0.9988 -0.0286 0.0410
vn -0.9990 -0.0187 0.0400
vn -0.9992 -0.0093 0.0394
vn -0.9992 -0.0000 0.0392
vn -0.9992 0.0093 0.0394
vn -0.9990 0.0187 0.0400
vn -0.9988 0.0286 0.0410
vn -0.9983 0.0390 0.0425
vn -0.9977 0.0503 0.0445
vn -0.9969 0.0629 0.0472
vn -0.9957 0.0772 0.0508
vn -0.9940 0.0940 0.0555
vn -0.9915 0.1144 0.0619
vn -0.9876 0.1403 0.0707
vn -0.9811 0.1749 0.0831
vn -0.9692 0.2244 0.1020
vn -0.9440 0.3021 0.1327
vn -0.8777 0.4405 0.1887
vn -0.6454 0.7053 0.2934
vn -0.4376 0.8344 0.3352
vn -0.6642 -0.7331 0.1465
vn -0.4577 -0.8729 0.1687
vn -0.8896 -0.4474 0.0919
vn -0.9504 -0.3043 0.0641
vn -0.9731 -0.2253 0.0491
vn -0.9837 -0.1753 0.0400
vn -0.9895 -0.1406 0.0339
vn -0.9930 -0.1146 0.0297
vn -0.9952 -0.0941 0.0267
vn -0.9967 -0.0772 0.0244
vn -0.9978 -0.0629 0.0227
vn -0.9985 -0.0503 0.0214
vn -0.9990 -0.0390 0.0204
vn -0.9994 -0.0286 0.0197
vn -0.9996 -0.0187 0.0192
vn -0.9998 -0.0093 0.0189
vn -0.9998 -0.0000 0.0188
vn -0.9998 0.0093 0.0189
vn -0.9996 0.0187 0.0192
vn -0.9994 0.0286 0.0197
vn -0.9990 0.0390 0.0204
vn -0.9985 0.0503 0.0214
vn -0.9978 0.0629 0.0227
vn -0.9967 0.0772 0.0244
vn -0.9952 0.0941 0.0267
vn -0.9930 0.1146 0.0297
vn -0.9895 0.1406 0.0339
vn -0.9837 0.1753 0.0400
vn -0.9731 0.2253 0.0491
vn -0.9504 0.3043 0.0641
vn -0.8896 0.4474 0.0919
vn -0.6642 0.7330 0.1465
vn -0.4578 0.8729 0.1687
vn -0.6703 -0.7421 -0.0000
vn -0.4644 -0.8856 -0.0000
vn -0.8933 -0.4495 -0.0000
vn -0.9524 -0.3049 -0.0000
vn -0.9742 -0.2256 -0.0000
vn -0.9845 -0.1755 -0.0000
vn -0.9901 -0.1406 -0.0000
vn -0.9934 -0.1146 -0.0000
vn -0.9956 -0.0941 -0.0000
vn -0.9970 -0.0773 -0.0000
vn -0.9980 -0.0629 -0.0000
vn -0.9987 -0.0503 -0.0000
vn -0.9992 -0.0390 -0.0000
vn -0.9996 -0.0286 -0.0000
vn -0.9998 -0.0187 -0.0000
vn -1.0000 -0.0093 -0.0000
vn -1.0000 -0.0000 -0.0000
vn -1.0000 0.0093 -0.0000
vn -0.9998 0.0187 -0.0000
vn -0.9996 0.0286 -0.0000
vn -0.9992 0.0390 -0.0000
vn -0.9987 0.0503 -0.0000
vn -0.9980 0.0629 -0.0000
vn -0.9970 0.0773 -0.0000
vn -0.9956 0.0941 -0.0000
vn -0.9934 0.1146 -0.0000
vn -0.9901 0.1406 -0.0000
vn -0.9845 0.1755 -0.0000
vn -0.9742 0.2255 -0.0000
vn -0.9524 0.3049 -0.0000
vn -0.8933 0.4495 -0.0000
vn -0.6703 0.7421 -0.0000
vn -0.4644 0.8856 -0.0000
vn -0.6642 -0.7331 -0.1465
vn -0.4577 -0.8729 -0.1687
vn -0.8896 -0.4474 -0.0919
vn -0.9504 -0.3043 -0.0641
vn -0.9731 -0.2253 -0.0491
vn -0.9837 -0.1753 -0.0400
vn -0.9895 -0.1406 -0.0339
vn -0.9930 -0.1146 -0.0297
vn -0.9952 -0.0941 -0.0267
vn -0.9967 -0.0773 -0.0244
vn -0.9978 -0.0629 -0.0227
vn -0.9985 -0.0503 -0.0214
vn -0.9990 -0.0390 -0.0204
vn -0.9994 -0.0286 -0.0197
vn -0.9996 -0.0187 -0.0192
vn -0.9998 -0.0093 -0.0189
vn -0.9998 -0.0000 -0.0188
vn -0.9998 0.0093 -0.0189
vn -0.9996 0.0187 -0.0192
vn -0.9994 0.0286 -0.0197
vn -0.9990 0.0390 -0.0204
vn -0.9985 0.0503 -0.0214
vn -0.9978 0.0629 -0.0227
vn -0.9967 0.0773 -0.0244
vn -0.9952 0.0941 -0.0267
vn -0.9930 0.1146 -0.0297
vn -0.9895 0.1406 -0.0339
vn -0.9837 0.1753 -0.0400
vn -0.9731 0.2253 -0.0491
vn -0.9504 0.3043 -0.0641
vn -0.8896 0.4474 -0.0919
vn -0.6642 0.7330 -0.1465
vn -0.4578 0.8729 -0.1687
vn -0.6453 -0.7053 -0.2934
vn -0.4375 -0.8344 -0.3352
vn -0.8777 -0.4406 -0.1887
vn -0.9440 -0.3021 -0.1327
vn -0.9692 -0.2244 -0.1019
vn -0.9811 -0.1749 -0.0831
vn -0.9876 -0.1403 -0.0707
vn -0.9915 -0.1144 -0.0619
vn -0.9940 -0.0940 -0.0556
vn -0.9957 -0.0772 -0.0508
vn -0.9969 -0.0629 -0.0472
vn -0.9977 -0.0503 -0.0445
vn -0.9983 -0.0390 -0.0425
vn -0.9988 -0.0286 -0.0410
vn -0.9990 -0.0187 -0.0400
vn -0.9992 -0.0093 -0.0394
vn -0.9992 -0.0000 -0.0392
vn -0.9992 0.0093 -0.0394
vn -0.9990 0.0187 -0.0400
vn -0.9988 0.0286 -0.0410
vn -0.9983 0.0390 -0.0425
vn -0.9977 0.0503 -0.0445
vn -0.9969 0.0629 -0.0472
vn -0.9957 0.0772 -0.0508
vn -0.9940 0.0940 -0.0556
vn -0.9915 0.1144 -0.0619
vn -0.9876 0.1403 -0.0707
vn -0.9811 0.1749 -0.0831
vn -0.9692 0.2244 -0.1020
vn -0.9440 0.3021 -0.1327
vn -0.8777 0.4405 -0.1887
vn -0.6454 0.7053 -0.2934
vn -0.4376 0.8344 -0.3352
vn -0.6117 -0.6572 -0.4403
vn -0.4031 -0.7688 -0.4964
vn -0.8544 -0.4273 -0.2957
vn -0.9310 -0.2976 -0.2115
vn -0.9611 -0.2224 -0.1636
vn -0.9756 -0.1739 -0.1338
vn -0.9836 -0.1398 -0.1139
vn -0.9884 -0.1141 -0.0999
vn -0.9915 -0.0938 -0.0897
vn -0.9936 -0.0771 -0.0820
vn -0.9951 -0.0628 -0.0763
vn -0.9961 -0.0503 -0.0719
vn -0.9969 -0.0390 -0.0686
vn -0.9974 -0.0285 -0.0662
vn -0.9977 -0.0187 -0.0646
vn -0.9979 -0.0093 -0.0637
vn -0.9980 -0.0000 -0.0633
vn -0.9979 0.0093 -0.0637
vn -0.9977 0.0187 -0.0646
vn -0.9974 0.0285 -0.0662
vn -0.9969 0.0390 -0.0686
vn -0.9961 0.0503 -0.0719
vn -0.9951 0.0628 -0.0763
vn -0.9936 0.0771 -0.0820
vn -0.9915 0.0938 -0.0897
vn -0.9884 0.1141 -0.0999
vn -0.9836 0.1398 -0.1139
vn -0.9756 0.1739 -0.1338
vn -0.9611 0.2224 -0.1635
vn -0.9310 0.2976 -0.2115
vn -0.8544 0.4272 -0.2957
vn -0.6118 0.6571 -0.4404
vn -0.4032 0.7688 -0.4964
vn -0.5598 -0.5859 -0.5860
vn -0.3537 -0.6746 -0.6479
vn -0.8131 -0.4037 -0.4194
vn -0.9061 -0.2890 -0.3090
vn -0.9453 -0.2186 -0.2420
vn -0.9648 -0.1719 -0.1991
vn -0.9756 -0.1386 -0.1701
vn -0.9822 -0.1134 -0.1494
vn -0.9865 -0.0934 -0.1343
vn -0.9894 -0.0768 -0.1230
vn -0.9915 -0.0626 -0.1144
vn -0.9929 -0.0501 -0.1078
vn -0.9939 -0.0389 -0.1029
vn -0.9946 -0.0285 -0.0994
vn -0.9951 -0.0187 -0.0969
vn -0.9954 -0.0093 -0.0955
vn -0.9955 -0.0000 -0.0951
vn -0.9954 0.0093 -0.0955
vn -0.9951 0.0187 -0.0969
vn -0.9946 0.0285 -0.0994
vn -0.9939 0.0389 -0.1029
vn -0.9929 0.0502 -0.1078
vn -0.9915 0.0626 -0.1144
vn -0.9894 0.0768 -0.1230
vn -0.9865 0.0934 -0.1343
vn -0.9822 0.1134 -0.1494
vn -0.9756 0.1386 -0.1701
vn -0.9648 0.1719 -0.1991
vn -0.9453 0.2186 -0.2420
vn -0.9061 0.2890 -0.3089
vn -0.8131 0.4037 -0.4194
vn -0.5598 0.5859 -0.5860
vn -0.3538 0.6746 -0.6479
vn -0.4839 -0.4880 -0.7264
vn -0.2889 -0.5509 -0.7830
vn -0.7404 -0.3626 -0.5659
vn -0.8566 -0.2718 -0.4386
vn -0.9119 -0.2104 -0.3524
vn -0.9411 -0.1675 -0.2939
vn -0.9579 -0.1361 -0.2529
vn -0.9683 -0.1118 -0.2233
vn -0.9752 -0.0923 -0.2012
vn -0.9799 -0.0761 -0.1846
vn -0.9832 -0.0622 -0.1719
vn -0.9855 -0.0498 -0.1622
vn -0.9872 -0.0387 -0.1549
vn -0.9883 -0.0284 -0.1496
vn -0.9891 -0.0186 -0.1459
vn -0.9896 -0.0092 -0.1438
vn -0.9897 -0.0000 -0.1431
vn -0.9896 0.0092 -0.1438
vn -0.9891 0.0186 -0.1459
vn -0.9883 0.0284 -0.1496
vn -0.9872 0.0387 -0.1549
vn -0.9855 0.0498 -0.1622
vn -0.9832 0.0622 -0.1719
vn -0.9799 0.0761 -0.1846
vn -0.9752 0.0923 -0.2012
vn -0.9683 0.1118 -0.2233
vn -0.9579 0.1361 -0.2529
vn -0.9411 0.1675 -0.2939
vn -0.9119 0.2104 -0.3523
vn -0.8566 0.2718 -0.4387
vn -0.7404 0.3626 -0.5659
vn -0.4840 0.4880 -0.7263
vn -0.2889 0.5509 -0.7830
vn -0.3763 -0.3603 -0.8536
vn -0.2091 -0.3987 -0.8929
vn -0.6116 -0.2913 -0.7356
vn -0.7490 -0.2342 -0.6198
vn -0.8295 -0.1898 -0.5253
vn -0.8780 -0.1556 -0.4528
vn -0.9084 -0.1287 -0.3978
vn -0.9284 -0.1070 -0.3560
vn -0.9419 -0.0891 -0.3238
vn -0.9514 -0.0739 -0.2988
vn -0.9582 -0.0606 -0.2794
vn -0.9632 -0.0488 -0.2645
vn -0.9667 -0.0380 -0.2531
vn -0.9692 -0.0280 -0.2447
vn -0.9709 -0.0184 -0.2389
vn -0.9718 -0.0092 -0.2354
vn -0.9722 -0.0000 -0.2343
vn -0.9718 0.0092 -0.2354
vn -0.9709 0.0184 -0.2389
vn -0.9692 0.0280 -0.2447
vn -0.9667 0.0380 -0.2531
vn -0.9632 0.0488 -0.2645
vn -0.9582 0.0606 -0.2794
vn -0.9515 0.0739 -0.2988
vn -0.9420 0.0891 -0.3236
vn -0.9284 0.1070 -0.3559
vn -0.9084 0.1287 -0.3978
vn -0.8779 0.1556 -0.4528
vn -0.8295 0.1898 -0.5253
vn -0.7490 0.2342 -0.6198
vn -0.6116 0.2913 -0.7356
vn -0.3763 0.3603 -0.8536
vn -0.2091 0.3987 -0.8929
vn -0.2282 -0.2010 -0.9526
vn -0.1167 -0.2223 -0.9680
vn -0.3887 -0.1732 -0.9049
vn -0.5060 -0.1506 -0.8493
vn -0.5934 -0.1309 -0.7942
vn -0.6594 -0.1135 -0.7432
vn -0.7097 -0.0983 -0.6976
vn -0.7486 -0.0847 -0.6576
vn -0.7786 -0.0725 -0.6234
vn -0.8020 -0.0614 -0.5941
vn -0.8203 -0.0512 -0.5697
vn -0.8344 -0.0418 -0.5496
vn -0.8451 -0.0329 -0.5337
vn -0.8530 -0.0245 -0.5214
vn -0.8585 -0.0163 -0.5126
vn -0.8618 -0.0082 -0.5072
vn -0.8630 -0.0000 -0.5052
vn -0.8618 0.0082 -0.5072
vn -0.8585 0.0163 -0.5126
vn -0.8530 0.0245 -0.5214
vn -0.8451 0.0329 -0.5336
vn -0.8343 0.0418 -0.5497
vn -0.8203 0.0512 -0.5696
vn -0.8019 0.0614 -0.5943
vn -0.7786 0.0725 -0.6234
vn -0.7485 0.0847 -0.6577
vn -0.7098 0.0983 -0.6975
vn -0.6595 0.1136 -0.7431
vn -0.5936 0.1309 -0.7940
vn -0.5062 0.1507 -0.8492
vn -0.3888 0.1733 -0.9049
vn -0.2282 0.2010 -0.9526
vn -0.1165 0.2221 -0.9680
vn -0.6963 -0.0000 -0.7177
vt 0.000000 1.000000
vt 0.015625 0.937500
vt 0.000000 0.937500
vt 0.015625 1.000000
vt 0.031250 0.937500
vt 0.031250 1.000000
vt 0.046875 0.937500
vt 0.046875 1.000000
vt 0.062500 0.937500
vt 0.062500 1.000000
vt 0.078125 0.937500
vt 0.078125 1.000000
vt 0.093750 0.937500
vt 0.093750 1.000000
vt 0.109375 0.937500
vt 0.109375 1.000000
vt 0.125000 0.937500
vt 0.125000 1.000000
vt 0.140625 0.937500
vt 0.140625 1.000000
vt 0.156250 0.937500
vt 0.156250 1.000000
vt 0.171875 0.937500
vt 0.171875 1.000000
vt 0.187500 0.937500
vt 0.187500 1.000000
vt 0.203125 0.937500
vt 0.203125 1.000000
vt 0.218750 0.937500
vt 0.218750 1.000000
vt 0.234375 0.937500
vt 0.234375 1.000000
vt 0.250000 0.937500
vt 0.250000 1.000000
vt 0.265625 0.937500
vt 0.265625 1.000000
vt 0.281250 0.937500
vt 0.281250 1.000000
vt 0.296875 0.937500
vt 0.296875 1.000000
vt 0.312500 0.937500
vt 0.312500 1.000000
vt 0.328125 0.937500
vt 0.328125 1.000000
vt 0.343750 0.937500
vt 0.343750 1.000000
vt 0.359375 0.937500
vt 0.359375 1.000000
vt 0.375000 0.937500
vt 0.375000 1.000000
vt 0.390625 0.937500
vt 0.390625 1.000000
vt 0.406250 0.937500
vt 0.406250 1.000000
vt 0.421875 0.937500
vt 0.421875 1.000000
vt 0.437500 0.937500
vt 0.437500 1.000000
vt 0.453125 0.937500
vt 0.453125 1.000000
vt 0.468750 0.937500
vt 0.468750 1.000000
vt 0.484375 0.937500
vt 0.484375 1.000000
vt 0.500000 0.937500
vt 1.000000 0.937500
vt 0.015625 0.875000
vt 0.000000 0.875000
vt 0.031250 0.875000
vt 0.046875 0.875000
vt 0.062500 0.875000
vt 0.078125 0.875000
vt 0.093750 0.875000
vt 0.109375 0.875000
vt 0.125000 0.875000
vt 0.140625 0.875000
vt 0.156250 0.875000
vt 0.171875 0.875000
vt 0.187500 0.875000
vt 0.203125 0.875000
vt 0.218750 0.875000
vt 0.234375 0.875000
vt 0.250000 0.875000
vt 0.265625 0.875000
vt 0.281250 0.875000
vt 0.296875 0.875000
vt 0.312500 0.875000
vt 0.328125 0.875000
vt 0.343750 0.875000
vt 0.359375 0.875000
vt 0.375000 0.875000
vt 0.390625 0.875000
vt 0.406250 0.875000
vt 0.421875 0.875000
vt 0.437500 0.875000
vt 0.453125 0.875000
vt 0.468750 0.875000
vt 0.484375 0.875000
vt 0.500000 0.875000
vt 1.000000 0.875000
vt 0.015625 0.812500
vt 0.000000 0.812500
vt 0.031250 0.812500
vt 0.046875 0.812500
vt 0.062500 0.812500
vt 0.078125 0.812500
vt 0.093750 0.812500
vt 0.109375 0.812500
vt 0.125000 0.812500
vt 0.140625 0.812500
vt 0.156250 0.812500
vt 0.171875 0.812500
vt 0.187500 0.812500
vt 0.203125 0.812500
vt 0.218750 0.812500
vt 0.234375 0.812500
vt 0.250000 0.812500
vt 0.265625 0.812500
vt 0.281250 0.812500
vt 0.296875 0.812500
vt 0.312500 0.812500
vt 0.328125 0.812500
vt 0.343750 0.812500
vt 0.359375 0.812500
vt 0.375000 0.812500
vt 0.390625 0.812500
vt 0.406250 0.812500
vt 0.421875 0.812500
vt 0.437500 0.812500
vt 0.453125 0.812500
vt 0.468750 0.812500
vt 0.484375 0.812500
vt 0.500000 0.812500
vt 1.000000 0.812500
vt 0.015625 0.750000
vt 0.000000 0.750000
vt 0.031250 0.750000
vt 0.046875 0.750000
vt 0.062500 0.750000
vt 0.078125 0.750000
vt 0.093750 0.750000
vt 0.109375 0.750000
vt 0.125000 0.750000
vt 0.140625 0.750000
vt 0.156250 0.750000
vt 0.171875 0.750000
vt 0.187500 0.750000
vt 0.203125 0.750000
vt 0.218750 0.750000
vt 0.234375 0.750000
vt 0.250000 0.750000
vt 0.265625 0.750000
vt 0.281250 0.750000
vt 0.296875 0.750000
vt 0.312500 0.750000
vt 0.328125 0.750000
vt 0.343750 0.750000
vt 0.359375 0.750000
vt 0.375000 0.750000
vt 0.390625 0.750000
vt 0.406250 0.750000
vt 0.421875 0.750000
vt 0.437500 0.750000
vt 0.453125 0.750000
vt 0.468750 0.750000
vt 0.484375 0.750000
vt 0.500000 0.750000
vt 1.000000 0.750000
vt 0.015625 0.687500
vt 0.000000 0.687500
vt 0.031250 0.687500
vt 0.046875 0.687500
vt 0.062500 0.687500
vt 0.078125 0.687500
vt 0.093750 0.687500
vt 0.109375 0.687500
vt 0.125000 0.687500
vt 0.140625 0.687500
vt 0.156250 0.687500
vt 0.171875 0.687500
vt 0.187500 0.687500
vt 0.203125 0.687500
vt 0.218750 0.687500
vt 0.234375 0.687500
vt 0.250000 0.687500
vt 0.265625 0.687500
vt 0.281250 0.687500
vt 0.296875 0.687500
vt 0.312500 0.687500
vt 0.328125 0.687500
vt 0.343750 0.687500
vt 0.359375 0.687500
vt 0.375000 0.687500
vt 0.390625 0.687500
vt 0.406250 0.687500
vt 0.421875 0.687500
vt 0.437500 0.687500
vt 0.453125 0.687500
vt 0.468750 0.687500
vt 0.484375 0.687500
vt 0.500000 0.687500
vt 1.000000 0.687500
vt 0.015625 0.625000
vt 0.000000 0.625000
vt 0.031250 0.625000
vt 0.046875 0.625000
vt 0.062500 0.625000
vt 0.078125 0.625000
vt 0.093750 0.625000
vt 0.109375 0.625000
vt 0.125000 0.625000
vt 0.140625 0.625000
vt 0.156250 0.625000
vt 0.171875 0.625000
vt 0.187500 0.625000
vt 0.203125 0.625000
vt 0.218750 0.625000
vt 0.234375 0.625000
vt 0.250000 0.625000
vt 0.265625 0.625000
vt 0.281250 0.625000
vt 0.296875 0.625000
vt 0.312500 0.625000
vt 0.328125 0.625000
vt 0.343750 0.625000
vt 0.359375 0.625000
vt 0.375000 0.625000
vt 0.390625 0.625000
vt 0.406250 0.625000
vt 0.421875 0.625000
vt 0.437500 0.625000
vt 0.453125 0.625000
vt 0.468750 0.625000
vt 0.484375 0.625000
vt 0.500000 0.625000
vt 1.000000 0.625000
vt 0.015625 0.562500
vt 0.000000 0.562500
vt 0.031250 0.562500
vt 0.046875 0.562500
vt 0.062500 0.562500
vt 0.078125 0.562500
vt 0.093750 0.562500
vt 0.109375 0.562500
vt 0.125000 0.562500
vt 0.140625 0.562500
vt 0.156250 0.562500
vt 0.171875 0.562500
vt 0.187500 0.562500
vt 0.203125 0.562500
vt 0.218750 0.562500
vt 0.234375 0.562500
vt 0.250000 0.562500
vt 0.265625 0.562500
vt 0.281250 0.562500
vt 0.296875 0.562500
vt 0.312500 0.562500
vt 0.328125 0.562500
vt 0.343750 0.562500
vt 0.359375 0.562500
vt 0.375000 0.562500
vt 0.390625 0.562500
vt 0.406250 0.562500
vt 0.421875 0.562500
vt 0.437500 0.562500
vt 0.453125 0.562500
vt 0.468750 0.562500
vt 0.484375 0.562500
vt 0.500000 0.562500
vt 1.000000 0.562500
vt 0.015625 0.500000
vt 0.000000 0.500000
vt 0.031250 0.500000
vt 0.046875 0.500000
vt 0.062500 0.500000
vt 0.078125 0.500000
vt 0.093750 0.500000
vt 0.109375 0.500000
vt 0.125000 0.500000
vt 0.140625 0.500000
vt 0.156250 0.500000
vt 0.171875 0.500000
vt 0.187500 0.500000
vt 0.203125 0.500000
vt 0.218750 0.500000
vt 0.234375 0.500000
vt 0.250000 0.500000
vt 0.265625 0.500000
vt 0.281250 0.500000
vt 0.296875 0.500000
vt 0.312500 0.500000
vt 0.328125 0.500000
vt 0.343750 0.500000
vt 0.359375 0.500000
vt 0.375000 0.500000
vt 0.390625 0.500000
vt 0.406250 0.500000
vt 0.421875 0.500000
vt 0.437500 0.500000
vt 0.453125 0.500000
vt 0.468750 0.500000
vt 0.484375 0.500000
vt 0.500000 0.500000
vt 1.000000 0.500000
vt 0.015625 0.437500
vt 0.000000 0.437500
vt 0.031250 0.437500
vt 0.046875 0.437500
vt 0.062500 0.437500
vt 0.078125 0.437500
vt 0.093750 0.437500
vt 0.109375 0.437500
vt 0.125000 0.437500
vt 0.140625 0.437500
vt 0.156250 0.437500
vt 0.171875 0.437500
vt 0.187500 0.437500
vt 0.203125 0.437500
vt 0.218750 0.437500
vt 0.234375 0.437500
vt 0.250000 0.437500
vt 0.265625 0.437500
vt 0.281250 0.437500
vt 0.296875 0.437500
vt 0.312500 0.437500
vt 0.328125 0.437500
vt 0.343750 0.437500
vt 0.359375 0.437500
vt 0.375000 0.437500
vt 0.390625 0.437500
vt 0.406250 0.437500
vt 0.421875 0.437500
vt 0.437500 0.437500
vt 0.453125 0.437500
vt 0.468750 0.437500
vt 0.484375 0.437500
vt 0.500000 0.437500
vt 1.000000 0.437500
vt 0.015625 0.375000
vt 0.000000 0.375000
vt 0.031250 0.375000
vt 0.046875 0.375000
vt 0.062500 0.375000
vt 0.078125 0.375000
vt 0.093750 0.375000
vt 0.109375 0.375000
vt 0.125000 0.375000
vt 0.140625 0.375000
vt 0.156250 0.375000
vt 0.171875 0.375000
vt 0.187500 0.375000
vt 0.203125 0.375000
vt 0.218750 0.375000
vt 0.234375 0.375000
vt 0.250000 0.375000
vt 0.265625 0.375000
vt 0.281250 0.375000
vt 0.296875 0.375000
vt 0.312500 0.375000
vt 0.328125 0.375000
vt 0.343750 0.375000
vt 0.359375 0.375000
vt 0.375000 0.375000
vt 0.390625 0.375000
vt 0.406250 0.375000
vt 0.421875 0.375000
vt 0.437500 0.375000
vt 0.453125 0.375000
vt 0.468750 0.375000
vt 0.484375 0.375000
vt 0.500000 0.375000
vt 1.000000 0.375000
vt 0.015625 0.312500
vt 0.000000 0.312500
vt 0.031250 0.312500
vt 0.046875 0.312500
vt 0.062500 0.312500
vt 0.078125 0.312500
vt 0.093750 0.312500
vt 0.109375 0.312500
vt 0.125000 0.312500
vt 0.140625 0.312500
vt 0.156250 0.312500
vt 0.171875 0.312500
vt 0.187500 0.312500
vt 0.203125 0.312500
vt 0.218750 0.312500
vt 0.234375 0.312500
vt 0.250000 0.312500
vt 0.265625 0.312500
vt 0.281250 0.312500
vt 0.296875 0.312500
vt 0.312500 0.312500
vt 0.328125 0.312500
vt 0.343750 0.312500
vt 0.359375 0.312500
vt 0.375000 0.312500
vt 0.390625 0.312500
vt 0.406250 0.312500
vt 0.421875 0.312500
vt 0.437500 0.312500
vt 0.453125 0.312500
vt 0.468750 0.312500
vt 0.484375 0.312500
vt 0.500000 0.312500
vt 1.000000 0.312500
vt 0.015625 0.250000
vt 0.000000 0.250000
vt 0.031250 0.250000
vt 0.046875 0.250000
vt 0.062500 0.250000
vt 0.078125 0.250000
vt 0.093750 0.250000
vt 0.109375 0.250000
vt 0.125000 0.250000
vt 0.140625 0.250000
vt 0.156250 0.250000
vt 0.171875 0.250000
vt 0.187500 0.250000
vt 0.203125 0.250000
vt 0.218750 0.250000
vt 0.234375 0.250000
vt 0.250000 0.250000
vt 0.265625 0.250000
vt 0.281250 0.250000
vt 0.296875 0.250000
vt 0.312500 0.250000
vt 0.328125 0.250000
vt 0.343750 0.250000
vt 0.359375 0.250000
vt 0.375000 0.250000
vt 0.390625 0.250000
vt 0.406250 0.250000
vt 0.421875 0.250000
vt 0.437500 0.250000
vt 0.453125 0.250000
vt 0.468750 0.250000
vt 0.484375 0.250000
vt 0.500000 0.250000
vt 1.000000 0.250000
vt 0.015625 0.187500
vt 0.000000 0.187500
vt 0.031250 0.187500
vt 0.046875 0.187500
vt 0.062500 0.187500
vt 0.078125 0.187500
vt 0.093750 0.187500
vt 0.109375 0.187500
vt 0.125000 0.187500
vt 0.140625 0.187500
vt 0.156250 0.187500
vt 0.171875 0.187500
vt 0.187500 0.187500
vt 0.203125 0.187500
vt 0.218750 0.187500
vt 0.234375 0.187500
vt 0.250000 0.187500
vt 0.265625 0.187500
vt 0.281250 0.187500
vt 0.296875 0.187500
vt 0.312500 0.187500
vt 0.328125 0.187500
vt 0.343750 0.187500
vt 0.359375 0.187500
vt 0.375000 0.187500
vt 0.390625 0.187500
vt 0.406250 0.187500
vt 0.421875 0.187500
vt 0.437500 0.187500
vt 0.453125 0.187500
vt 0.468750 0.187500
vt 0.484375 0.187500
vt 0.500000 0.187500
vt 1.000000 0.187500
vt 0.015625 0.125000
vt 0.000000 0.125000
vt 0.031250 0.125000
vt 0.046875 0.125000
vt 0.062500 0.125000
vt 0.078125 0.125000
vt 0.093750 0.125000
vt 0.109375 0.125000
vt 0.125000 0.125000
vt 0.140625 0.125000
vt 0.156250 0.125000
vt 0.171875 0.125000
vt 0.187500 0.125000
vt 0.203125 0.125000
vt 0.218750 0.125000
vt 0.234375 0.125000
vt 0.250000 0.125000
vt 0.265625 0.125000
vt 0.281250 0.125000
vt 0.296875 0.125000
vt 0.312500 0.125000
vt 0.328125 0.125000
vt 0.343750 0.125000
vt 0.359375 0.125000
vt 0.375000 0.125000
vt 0.390625 0.125000
vt 0.406250 0.125000
vt 0.421875 0.125000
vt 0.437500 0.125000
vt 0.453125 0.125000
vt 0.468750 0.125000
vt 0.484375 0.125000
vt 0.500000 0.125000
vt 1.000000 0.125000
vt 0.015625 0.062500
vt 0.000000 0.062500
vt 0.031250 0.062500
vt 0.046875 0.062500
vt 0.062500 0.062500
vt 0.078125 0.062500
vt 0.093750 0.062500
vt 0.109375 0.062500
vt 0.125000 0.062500
vt 0.140625 0.062500
vt 0.156250 0.062500
vt 0.171875 0.062500
vt 0.187500 0.062500
vt 0.203125 0.062500
vt 0.218750 0.062500
vt 0.234375 0.062500
vt 0.250000 0.062500
vt 0.265625 0.062500
vt 0.281250 0.062500
vt 0.296875 0.062500
vt 0.312500 0.062500
vt 0.328125 0.062500
vt 0.343750 0.062500
vt 0.359375 0.062500
vt 0.375000 0.062500
vt 0.390625 0.062500
vt 0.406250 0.062500
vt 0.421875 0.062500
vt 0.437500 0.062500
vt 0.453125 0.062500
vt 0.468750 0.062500
vt 0.484375 0.062500
vt 0.500000 0.062500
vt 1.000000 0.062500
vt 0.000000 -0.000000
vt 0.015625 -0.000000
vt 0.031250 -0.000000
vt 0.046875 -0.000000
vt 0.062500 -0.000000
vt 0.078125 -0.000000
vt 0.093750 -0.000000
vt 0.109375 -0.000000
vt 0.125000 -0.000000
vt 0.140625 -0.000000
vt 0.156250 -0.000000
vt 0.171875 -0.000000
vt 0.187500 -0.000000
vt 0.203125 -0.000000
vt 0.218750 -0.000000
vt 0.234375 -0.000000
vt 0.250000 -0.000000
vt 0.265625 -0.000000
vt 0.281250 -0.000000
vt 0.296875 -0.000000
vt 0.312500 -0.000000
vt 0.328125 -0.000000
vt 0.343750 -0.000000
vt 0.359375 -0.000000
vt 0.375000 -0.000000
vt 0.390625 -0.000000
vt 0.406250 -0.000000
vt 0.421875 -0.000000
vt 0.437500 -0.000000
vt 0.453125 -0.000000
vt 0.468750 -0.000000
vt 0.484375 -0.000000
s 1
usemtl Material_#26
f 401/401/301 403/402/302 402/403/303
f 401/404/301 404/405/304 403/402/302
f 401/406/301 405/407/305 404/405/304
f 401/408/301 406/409/306 405/407/305
f 401/410/301 407/411/307 406/409/306
f 401/412/301 408/413/308 407/411/307
f 401/414/301 409/415/309 408/413/308
f 401/416/301 410/417/310 409/415/309
f 401/418/301 411/419/311 410/417/310
f 401/420/301 412/421/312 411/419/311
f 401/422/301 413/423/313 412/421/312
f 401/424/301 414/425/314 413/423/313
f 401/426/301 415/427/315 414/425/314
f 401/428/301 416/429/316 415/427/315
f 401/430/301 417/431/317 416/429/316
f 401/432/301 418/433/318 417/431/317
f 401/434/301 419/435/319 418/433/318
f 401/436/301 420/437/320 419/435/319
f 401/438/301 421/439/321 420/437/320
f 401/440/301 422/441/322 421/439/321
f 401/442/301 423/443/323 422/441/322
f 401/444/301 424/445/324 423/443/323
f 401/446/301 425/447/325 424/445/324
f 401/448/301 426/449/326 425/447/325
f 401/450/301 427/451/327 426/449/326
f 401/452/301 428/453/328 427/451/327
f 401/454/301 429/455/329 428/453/328
f 401/456/301 430/457/330 429/455/329
f 401/458/301 431/459/331 430/457/330
f 401/460/301 432/461/332 431/459/331
f 401/462/301 433/463/333 432/461/332
f 401/464/301 434/465/334 433/463/333
f 401/401/335 435/403/335 434/466/335
f 401/401/335 402/466/335 435/403/335
f 402/403/303 437/467/336 436/468/337
f 402/403/303 403/402/302 437/467/336
f 403/402/302 438/469/338 437/467/336
f 403/402/302 404/405/304 438/469/338
f 404/405/304 439/470/339 438/469/338
f 404/405/304 405/407/305 439/470/339
f 405/407/305 440/471/340 439/470/339
f 405/407/305 406/409/306 440/471/340
f 406/409/306 441/472/341 440/471/340
f 406/409/306 407/411/307 441/472/341
f 407/411/307 442/473/342 441/472/341
f 407/411/307 408/413/308 442/473/342
f 408/413/308 443/474/343 442/473/342
f 408/413/308 409/415/309 443/474/343
f 409/415/309 444/475/344 443/474/343
f 409/415/309 410/417/310 444/475/344
f 410/417/310 445/476/345 444/475/344
f 410/417/310 411/419/311 445/476/345
f 411/419/311 446/477/346 445/476/345
f 411/419/311 412/421/312 446/477/346
f 412/421/312 447/478/347 446/477/346
f 412/421/312 413/423/313 447/478/347
f 413/423/313 448/479/348 447/478/347
f 413/423/313 414/425/314 448/479/348
f 414/425/314 449/480/349 448/479/348
f 414/425/314 415/427/315 449/480/349
f 415/427/315 450/481/350 449/480/349
f 415/427/315 416/429/316 450/481/350
f 416/429/316 451/482/351 450/481/350
f 416/429/316 417/431/317 451/482/351
f 417/431/317 452/483/352 451/482/351
f 417/431/317 418/433/318 452/483/352
f 418/433/318 453/484/353 452/483/352
f 418/433/318 419/435/319 453/484/353
f 419/435/319 454/485/354 453/484/353
f 419/435/319 420/437/320 454/485/354
f 420/437/320 455/486/355 454/485/354
f 420/437/320 421/439/321 455/486/355
f 421/439/321 456/487/356 455/486/355
f 421/439/321 422/441/322 456/487/356
f 422/441/322 457/488/357 456/487/356
f 422/441/322 423/443/323 457/488/357
f 423/443/323 458/489/358 457/488/357
f 423/443/323 424/445/324 458/489/358
f 424/445/324 459/490/359 458/489/358
f 424/445/324 425/447/325 459/490/359
f 425/447/325 460/491/360 459/490/359
f 425/447/325 426/449/326 460/491/360
f 426/449/326 461/492/361 460/491/360
f 426/449/326 427/451/327 461/492/361
f 427/451/327 462/493/362 461/492/361
f 427/451/327 428/453/328 462/493/362
f 428/453/328 463/494/363 462/493/362
f 428/453/328 429/455/329 463/494/363
f 429/455/329 464/495/364 463/494/363
f 429/455/329 430/457/330 464/495/364
f 430/457/330 465/496/365 464/495/364
f 430/457/330 431/459/331 465/496/365
f 431/459/331 466/497/366 465/496/365
f 431/459/331 432/461/332 466/497/366
f 432/461/332 467/498/367 466/497/366
f 432/461/332 433/463/333 467/498/367
f 433/463/333 468/499/368 467/498/367
f 433/463/333 434/465/334 468/499/368
f 434/466/335 469/468/335 468/500/335
f 434/466/335 435/403/335 469/468/335
f 435/403/335 436/500/335 469/468/335
f 435/403/335 402/466/335 436/500/335
f 436/468/337 471/501/369 470/502/370
f 436/468/337 437/467/336 471/501/369
f 437/467/336 472/503/371 471/501/369
f 437/467/336 438/469/338 472/503/371
f 438/469/338 473/504/372 472/503/371
f 438/469/338 439/470/339 473/504/372
f 439/470/339 474/505/373 473/504/372
f 439/470/339 440/471/340 474/505/373
f 440/471/340 475/506/374 474/505/373
f 440/471/340 441/472/341 475/506/374
f 441/472/341 476/507/375 475/506/374
f 441/472/341 442/473/342 476/507/375
f 442/473/342 477/508/376 476/507/375
f 442/473/342 443/474/343 477/508/376
f 443/474/343 478/509/377 477/508/376
f 443/474/343 444/475/344 478/509/377
f 444/475/344 479/510/378 478/509/377
f 444/475/344 445/476/345 479/510/378
f 445/476/345 480/511/379 479/510/378
f 445/476/345 446/477/346 480/511/379
f 446/477/346 481/512/380 480/511/379
f 446/477/346 447/478/347 481/512/380
f 447/478/347 482/513/381 481/512/380
f 447/478/347 448/479/348 482/513/381
f 448/479/348 483/514/382 482/513/381
f 448/479/348 449/480/349 483/514/382
f 449/480/349 484/515/383 483/514/382
f 449/480/349 450/481/350 484/515/383
f 450/481/350 485/516/384 484/515/383
f 450/481/350 451/482/351 485/516/384
f 451/482/351 486/517/385 485/516/384
f 451/482/351 452/483/352 486/517/385
f 452/483/352 487/518/386 486/517/385
f 452/483/352 453/484/353 487/518/386
f 453/484/353 488/519/387 487/518/386
f 453/484/353 454/485/354 488/519/387
f 454/485/354 489/520/388 488/519/387
f 454/485/354 455/486/355 489/520/388
f 455/486/355 490/521/389 489/520/388
f 455/486/355 456/487/356 490/521/389
f 456/487/356 491/522/390 490/521/389
f 456/487/356 457/488/357 491/522/390
f 457/488/357 492/523/391 491/522/390
f 457/488/357 458/489/358 492/523/391
f 458/489/358 493/524/392 492/523/391
f 458/489/358 459/490/359 493/524/392
f 459/490/359 494/525/393 493/524/392
f 459/490/359 460/491/360 494/525/393
f 460/491/360 495/526/394 494/525/393
f 460/491/360 461/492/361 495/526/394
f 461/492/361 496/527/395 495/526/394
f 461/492/361 462/493/362 496/527/395
f 462/493/362 497/528/396 496/527/395
f 462/493/362 463/494/363 497/528/396
f 463/494/363 498/529/397 497/528/396
f 463/494/363 464/495/364 498/529/397
f 464/495/364 499/530/398 498/529/397
f 464/495/364 465/496/365 499/530/398
f 465/496/365 500/531/399 499/530/398
f 465/496/365 466/497/366 500/531/399
f 466/497/366 501/532/400 500/531/399
f 466/497/366 467/498/367 501/532/400
f 467/498/367 502/533/401 501/532/400
f 467/498/367 468/499/368 502/533/401
f 468/500/335 503/502/335 502/534/335
f 468/500/335 469/468/335 503/502/335
f 469/468/335 470/534/335 503/502/335
f 469/468/335 436/500/335 470/534/335
f 470/502/370 505/535/402 504/536/403
f 470/502/370 471/501/369 505/535/402
f 471/501/369 506/537/404 505/535/402
f 471/501/369 472/503/371 506/537/404
f 472/503/371 507/538/405 506/537/404
f 472/503/371 473/504/372 507/538/405
f 473/504/372 508/539/406 507/538/405
f 473/504/372 474/505/373 508/539/406
f 474/505/373 509/540/407 508/539/406
f 474/505/373 475/506/374 509/540/407
f 475/506/374 510/541/408 509/540/407
f 475/506/374 476/507/375 510/541/408
f 476/507/375 511/542/409 510/541/408
f 476/507/375 477/508/376 511/542/409
f 477/508/376 512/543/410 511/542/409
f 477/508/376 478/509/377 512/543/410
f 478/509/377 513/544/411 512/543/410
f 478/509/377 479/510/378 513/544/411
f 479/510/378 514/545/412 513/544/411
f 479/510/378 480/511/379 514/545/412
f 480/511/379 515/546/413 514/545/412
f 480/511/379 481/512/380 515/546/413
f 481/512/380 516/547/414 515/546/413
f 481/512/380 482/513/381 516/547/414
f 482/513/381 517/548/415 516/547/414
f 482/513/381 483/514/382 517/548/415
f 483/514/382 518/549/416 517/548/415
f 483/514/382 484/515/383 518/549/416
f 484/515/383 519/550/417 518/549/416
f 484/515/383 485/516/384 519/550/417
f 485/516/384 520/551/418 519/550/417
f 485/516/384 486/517/385 520/551/418
f 486/517/385 521/552/419 520/551/418
f 486/517/385 487/518/386 521/552/419
f 487/518/386 522/553/420 521/552/419
f 487/518/386 488/519/387 522/553/420
f 488/519/387 523/554/421 522/553/420
f 488/519/387 489/520/388 523/554/421
f 489/520/388 524/555/422 523/554/421
f 489/520/388 490/521/389 524/555/422
f 490/521/389 525/556/423 524/555/422
f 490/521/389 491/522/390 525/556/423
f 491/522/390 526/557/424 525/556/423
f 491/522/390 492/523/391 526/557/424
f 492/523/391 527/558/425 526/557/424
f 492/523/391 493/524/392 527/558/425
f 493/524/392 528/559/426 527/558/425
f 493/524/392 494/525/393 528/559/426
f 494/525/393 529/560/427 528/559/426
f 494/525/393 495/526/394 529/560/427
f 495/526/394 530/561/428 529/560/427
f 495/526/394 496/527/395 530/561/428
f 496/527/395 531/562/429 530/561/428
f 496/527/395 497/528/396 531/562/429
f 497/528/396 532/563/430 531/562/429
f 497/528/396 498/529/397 532/563/430
f 498/529/397 533/564/431 532/563/430
f 498/529/397 499/530/398 533/564/431
f 499/530/398 534/565/432 533/564/431
f 499/530/398 500/531/399 534/565/432
f 500/531/399 535/566/433 534/565/432
f 500/531/399 501/532/400 535/566/433
f 501/532/400 536/567/434 535/566/433
f 501/532/400 502/533/401 536/567/434
f 502/534/335 537/536/335 536/568/335
f 502/534/335 503/502/335 537/536/335
f 503/502/335 504/568/335 537/536/335
f 503/502/335 470/534/335 504/568/335
f 504/536/403 539/569/435 538/570/436
f 504/536/403 505/535/402 539/569/435
f 505/535/402 540/571/437 539/569/435
f 505/535/402 506/537/404 540/571/437
f 506/537/404 541/572/438 540/571/437
f 506/537/404 507/538/405 541/572/438
f 507/538/405 542/573/439 541/572/438
f 507/538/405 508/539/406 542/573/439
f 508/539/406 543/574/440 542/573/439
f 508/539/406 509/540/407 543/574/440
f 509/540/407 544/575/441 543/574/440
f 509/540/407 510/541/408 544/575/441
f 510/541/408 545/576/442 544/575/441
f 510/541/408 511/542/409 545/576/442
f 511/542/409 546/577/443 545/576/442
f 511/542/409 512/543/410 546/577/443
f 512/543/410 547/578/444 546/577/443
f 512/543/410 513/544/411 547/578/444
f 513/544/411 548/579/445 547/578/444
f 513/544/411 514/545/412 548/579/445
f 514/545/412 549/580/446 548/579/445
f 514/545/412 515/546/413 549/580/446
f 515/546/413 550/581/447 549/580/446
f 515/546/413 516/547/414 550/581/447
f 516/547/414 551/582/448 550/581/447
f 516/547/414 517/548/415 551/582/448
f 517/548/415 552/583/449 551/582/448
f 517/548/415 518/549/416 552/583/449
f 518/549/416 553/584/450 552/583/449
f 518/549/416 519/550/417 553/584/450
f 519/550/417 554/585/451 553/584/450
f 519/550/417 520/551/418 554/585/451
f 520/551/418 555/586/452 554/585/451
f 520/551/418 521/552/419 555/586/452
f 521/552/419 556/587/453 555/586/452
f 521/552/419 522/553/420 556/587/453
f 522/553/420 557/588/454 556/587/453
f 522/553/420 523/554/421 557/588/454
f 523/554/421 558/589/455 557/588/454
f 523/554/421 524/555/422 558/589/455
f 524/555/422 559/590/456 558/589/455
f 524/555/422 525/556/423 559/590/456
f 525/556/423 560/591/457 559/590/456
f 525/556/423 526/557/424 560/591/457
f 526/557/424 561/592/458 560/591/457
f 526/557/424 527/558/425 561/592/458
f 527/558/425 562/593/459 561/592/458
f 527/558/425 528/559/426 562/593/459
f 528/559/426 563/594/460 562/593/459
f 528/559/426 529/560/427 563/594/460
f 529/560/427 564/595/461 563/594/460
f 529/560/427 530/561/428 564/595/461
f 530/561/428 565/596/462 564/595/461
f 530/561/428 531/562/429 565/596/462
f 531/562/429 566/597/463 565/596/462
f 531/562/429 532/563/430 566/597/463
f 532/563/430 567/598/464 566/597/463
f 532/563/430 533/564/431 567/598/464
f 533/564/431 568/599/465 567/598/464
f 533/564/431 534/565/432 568/599/465
f 534/565/432 569/600/466 568/599/465
f 534/565/432 535/566/433 569/600/466
f 535/566/433 570/601/467 569/600/466
f 535/566/433 536/567/434 570/601/467
f 536/568/335 571/570/335 570/602/335
f 536/568/335 537/536/335 571/570/335
f 537/536/335 538/602/335 571/570/335
f 537/536/335 504/568/335 538/602/335
f 538/570/436 573/603/468 572/604/469
f 538/570/436 539/569/435 573/603/468
f 539/569/435 574/605/470 573/603/468
f 539/569/435 540/571/437 574/605/470
f 540/571/437 575/606/471 574/605/470
f 540/571/437 541/572/438 575/606/471
f 541/572/438 576/607/472 575/606/471
f 541/572/438 542/573/439 576/607/472
f 542/573/439 577/608/473 576/607/472
f 542/573/439 543/574/440 577/608/473
f 543/574/440 578/609/474 577/608/473
f 543/574/440 544/575/441 578/609/474
f 544/575/441 579/610/475 578/609/474
f 544/575/441 545/576/442 579/610/475
f 545/576/442 580/611/476 579/610/475
f 545/576/442 546/577/443 580/611/476
f 546/577/443 581/612/477 580/611/476
f 546/577/443 547/578/444 581/612/477
f 547/578/444 582/613/478 581/612/477
f 547/578/444 548/579/445 582/613/478
f 548/579/445 583/614/479 582/613/478
f 548/579/445 549/580/446 583/614/479
f 549/580/446 584/615/480 583/614/479
f 549/580/446 550/581/447 584/615/480
f 550/581/447 585/616/481 584/615/480
f 550/581/447 551/582/448 585/616/481
f 551/582/448 586/617/482 585/616/481
f 551/582/448 552/583/449 586/617/482
f 552/583/449 587/618/483 586/617/482
f 552/583/449 553/584/450 587/618/483
f 553/584/450 588/619/484 587/618/483
f 553/584/450 554/585/451 588/619/484
f 554/585/451 589/620/485 588/619/484
f 554/585/451 555/586/452 589/620/485
f 555/586/452 590/621/486 589/620/485
f 555/586/452 556/587/453 590/621/486
f 556/587/453 591/622/487 590/621/486
f 556/587/453 557/588/454 591/622/487
f 557/588/454 592/623/488 591/622/487
f 557/588/454 558/589/455 592/623/488
f 558/589/455 593/624/489 592/623/488
f 558/589/455 559/590/456 593/624/489
f 559/590/456 594/625/490 593/624/489
f 559/590/456 560/591/457 594/625/490
f 560/591/457 595/626/491 594/625/490
f 560/591/457 561/592/458 595/626/491
f 561/592/458 596/627/492 595/626/491
f 561/592/458 562/593/459 596/627/492
f 562/593/459 597/628/493 596/627/492
f 562/593/459 563/594/460 597/628/493
f 563/594/460 598/629/494 597/628/493
f 563/594/460 564/595/461 598/629/494
f 564/595/461 599/630/495 598/629/494
f 564/595/461 565/596/462 599/630/495
f 565/596/462 600/631/496 599/630/495
f 565/596/462 566/597/463 600/631/496
f 566/597/463 601/632/497 600/631/496
f 566/597/463 567/598/464 601/632/497
f 567/598/464 602/633/498 601/632/497
f 567/598/464 568/599/465 602/633/498
f 568/599/465 603/634/499 602/633/498
f 568/599/465 569/600/466 603/634/499
f 569/600/466 604/635/500 603/634/499
f 569/600/466 570/601/467 604/635/500
f 570/602/335 605/604/335 604/636/335
f 570/602/335 571/570/335 605/604/335
f 571/570/335 572/636/335 605/604/335
f 571/570/335 538/602/335 572/636/335
f 572/604/469 607/637/501 606/638/502
f 572/604/469 573/603/468 607/637/501
f 573/603/468 608/639/503 607/637/501
f 573/603/468 574/605/470 608/639/503
f 574/605/470 609/640/504 608/639/503
f 574/605/470 575/606/471 609/640/504
f 575/606/471 610/641/505 609/640/504
f 575/606/471 576/607/472 610/641/505
f 576/607/472 611/642/506 610/641/505
f 576/607/472 577/608/473 611/642/506
f 577/608/473 612/643/507 611/642/506
f 577/608/473 578/609/474 612/643/507
f 578/609/474 613/644/508 612/643/507
f 578/609/474 579/610/475 613/644/508
f 579/610/475 614/645/509 613/644/508
f 579/610/475 580/611/476 614/645/509
f 580/611/476 615/646/510 614/645/509
f 580/611/476 581/612/477 615/646/510
f 581/612/477 616/647/511 615/646/510
f 581/612/477 582/613/478 616/647/511
f 582/613/478 617/648/512 616/647/511
f 582/613/478 583/614/479 617/648/512
f 583/614/479 618/649/513 617/648/512
f 583/614/479 584/615/480 618/649/513
f 584/615/480 619/650/514 618/649/513
f 584/615/480 585/616/481 619/650/514
f 585/616/481 620/651/515 619/650/514
f 585/616/481 586/617/482 620/651/515
f 586/617/482 621/652/516 620/651/515
f 586/617/482 587/618/483 621/652/516
f 587/618/483 622/653/517 621/652/516
f 587/618/483 588/619/484 622/653/517
f 588/619/484 623/654/518 622/653/517
f 588/619/484 589/620/485 623/654/518
f 589/620/485 624/655/519 623/654/518
f 589/620/485 590/621/486 624/655/519
f 590/621/486 625/656/520 624/655/519
f 590/621/486 591/622/487 625/656/520
f 591/622/487 626/657/521 625/656/520
f 591/622/487 592/623/488 626/657/521
f 592/623/488 627/658/522 626/657/521
f 592/623/488 593/624/489 627/658/522
f 593/624/489 628/659/523 627/658/522
f 593/624/489 594/625/490 628/659/523
f 594/625/490 629/660/524 628/659/523
f 594/625/490 595/626/491 629/660/524
f 595/626/491 630/661/525 629/660/524
f 595/626/491 596/627/492 630/661/525
f 596/627/492 631/662/526 630/661/525
f 596/627/492 597/628/493 631/662/526
f 597/628/493 632/663/527 631/662/526
f 597/628/493 598/629/494 632/663/527
f 598/629/494 633/664/528 632/663/527
f 598/629/494 599/630/495 633/664/528
f 599/630/495 634/665/529 633/664/528
f 599/630/495 600/631/496 634/665/529
f 600/631/496 635/666/530 634/665/529
f 600/631/496 601/632/497 635/666/530
f 601/632/497 636/667/531 635/666/530
f 601/632/497 602/633/498 636/667/531
f 602/633/498 637/668/532 636/667/531
f 602/633/498 603/634/499 637/668/532
f 603/634/499 638/669/533 637/668/532
f 603/634/499 604/635/500 638/669/533
f 604/636/335 639/638/335 638/670/335
f 604/636/335 605/604/335 639/638/335
f 605/604/335 606/670/335 639/638/335
f 605/604/335 572/636/335 606/670/335
f 606/638/502 641/671/534 640/672/535
f 606/638/502 607/637/501 641/671/534
f 607/637/501 642/673/536 641/671/534
f 607/637/501 608/639/503 642/673/536
f 608/639/503 643/674/537 642/673/536
f 608/639/503 609/640/504 643/674/537
f 609/640/504 644/675/538 643/674/537
f 609/640/504 610/641/505 644/675/538
f 610/641/505 645/676/539 644/675/538
f 610/641/505 611/642/506 645/676/539
f 611/642/506 646/677/540 645/676/539
f 611/642/506 612/643/507 646/677/540
f 612/643/507 647/678/541 646/677/540
f 612/643/507 613/644/508 647/678/541
f 613/644/508 648/679/542 647/678/541
f 613/644/508 614/645/509 648/679/542
f 614/645/509 649/680/543 648/679/542
f 614/645/509 615/646/510 649/680/543
f 615/646/510 650/681/544 649/680/543
f 615/646/510 616/647/511 650/681/544
f 616/647/511 651/682/545 650/681/544
f 616/647/511 617/648/512 651/682/545
f 617/648/512 652/683/546 651/682/545
f 617/648/512 618/649/513 652/683/546
f 618/649/513 653/684/547 652/683/546
f 618/649/513 619/650/514 653/684/547
f 619/650/514 654/685/548 653/684/547
f 619/650/514 620/651/515 654/685/548
f 620/651/515 655/686/549 654/685/548
f 620/651/515 621/652/516 655/686/549
f 621/652/516 656/687/550 655/686/549
f 621/652/516 622/653/517 656/687/550
f 622/653/517 657/688/551 656/687/550
f 622/653/517 623/654/518 657/688/551
f 623/654/518 658/689/552 657/688/551
f 623/654/518 624/655/519 658/689/552
f 624/655/519 659/690/553 658/689/552
f 624/655/519 625/656/520 659/690/553
f 625/656/520 660/691/554 659/690/553
f 625/656/520 626/657/521 660/691/554
f 626/657/521 661/692/555 660/691/554
f 626/657/521 627/658/522 661/692/555
f 627/658/522 662/693/556 661/692/555
f 627/658/522 628/659/523 662/693/556
f 628/659/523 663/694/557 662/693/556
f 628/659/523 629/660/524 663/694/557
f 629/660/524 664/695/558 663/694/557
f 629/660/524 630/661/525 664/695/558
f 630/661/525 665/696/559 664/695/558
f 630/661/525 631/662/526 665/696/559
f 631/662/526 666/697/560 665/696/559
f 631/662/526 632/663/527 666/697/560
f 632/663/527 667/698/561 666/697/560
f 632/663/527 633/664/528 667/698/561
f 633/664/528 668/699/562 667/698/561
f 633/664/528 634/665/529 668/699/562
f 634/665/529 669/700/563 668/699/562
f 634/665/529 635/666/530 669/700/563
f 635/666/530 670/701/564 669/700/563
f 635/666/530 636/667/531 670/701/564
f 636/667/531 671/702/565 670/701/564
f 636/667/531 637/668/532 671/702/565
f 637/668/532 672/703/566 671/702/565
f 637/668/532 638/669/533 672/703/566
f 638/670/335 673/672/335 672/704/335
f 638/670/335 639/638/335 673/672/335
f 639/638/335 640/704/335 673/672/335
f 639/638/335 606/670/335 640/704/335
f 640/672/535 675/705/567 674/706/568
f 640/672/535 641/671/534 675/705/567
f 641/671/534 676/707/569 675/705/567
f 641/671/534 642/673/536 676/707/569
f 642/673/536 677/708/570 676/707/569
f 642/673/536 643/674/537 677/708/570
f 643/674/537 678/709/571 677/708/570
f 643/674/537 644/675/538 678/709/571
f 644/675/538 679/710/572 678/709/571
f 644/675/538 645/676/539 679/710/572
f 645/676/539 680/711/573 679/710/572
f 645/676/539 646/677/540 680/711/573
f 646/677/540 681/712/574 680/711/573
f 646/677/540 647/678/541 681/712/574
f 647/678/541 682/713/575 681/712/574
f 647/678/541 648/679/542 682/713/575
f 648/679/542 683/714/576 682/713/575
f 648/679/542 649/680/543 683/714/576
f 649/680/543 684/715/577 683/714/576
f 649/680/543 650/681/544 684/715/577
f 650/681/544 685/716/578 684/715/577
f 650/681/544 651/682/545 685/716/578
f 651/682/545 686/717/579 685/716/578
f 651/682/545 652/683/546 686/717/579
f 652/683/546 687/718/580 686/717/579
f 652/683/546 653/684/547 687/718/580
f 653/684/547 688/719/581 687/718/580
f 653/684/547 654/685/548 688/719/581
f 654/685/548 689/720/582 688/719/581
f 654/685/548 655/686/549 689/720/582
f 655/686/549 690/721/583 689/720/582
f 655/686/549 656/687/550 690/721/583
f 656/687/550 691/722/584 690/721/583
f 656/687/550 657/688/551 691/722/584
f 657/688/551 692/723/585 691/722/584
f 657/688/551 658/689/552 692/723/585
f 658/689/552 693/724/586 692/723/585
f 658/689/552 659/690/553 693/724/586
f 659/690/553 694/725/587 693/724/586
f 659/690/553 660/691/554 694/725/587
f 660/691/554 695/726/588 694/725/587
f 660/691/554 661/692/555 695/726/588
f 661/692/555 696/727/589 695/726/588
f 661/692/555 662/693/556 696/727/589
f 662/693/556 697/728/590 696/727/589
f 662/693/556 663/694/557 697/728/590
f 663/694/557 698/729/591 697/728/590
f 663/694/557 664/695/558 698/729/591
f 664/695/558 699/730/592 698/729/591
f 664/695/558 665/696/559 699/730/592
f 665/696/559 700/731/593 699/730/592
f 665/696/559 666/697/560 700/731/593
f 666/697/560 701/732/594 700/731/593
f 666/697/560 667/698/561 701/732/594
f 667/698/561 702/733/595 701/732/594
f 667/698/561 668/699/562 702/733/595
f 668/699/562 703/734/596 702/733/595
f 668/699/562 669/700/563 703/734/596
f 669/700/563 704/735/597 703/734/596
f 669/700/563 670/701/564 704/735/597
f 670/701/564 705/736/598 704/735/597
f 670/701/564 671/702/565 705/736/598
f 671/702/565 706/737/599 705/736/598
f 671/702/565 672/703/566 706/737/599
f 672/704/335 707/706/335 706/738/335
f 672/704/335 673/672/335 707/706/335
f 673/672/335 674/738/335 707/706/335
f 673/672/335 640/704/335 674/738/335
f 674/706/568 709/739/600 708/740/601
f 674/706/568 675/705/567 709/739/600
f 675/705/567 710/741/602 709/739/600
f 675/705/567 676/707/569 710/741/602
f 676/707/569 711/742/603 710/741/602
f 676/707/569 677/708/570 711/742/603
f 677/708/570 712/743/604 711/742/603
f 677/708/570 678/709/571 712/743/604
f 678/709/571 713/744/605 712/743/604
f 678/709/571 679/710/572 713/744/605
f 679/710/572 714/745/606 713/744/605
f 679/710/572 680/711/573 714/745/606
f 680/711/573 715/746/607 714/745/606
f 680/711/573 681/712/574 715/746/607
f 681/712/574 716/747/608 715/746/607
f 681/712/574 682/713/575 716/747/608
f 682/713/575 717/748/609 716/747/608
f 682/713/575 683/714/576 717/748/609
f 683/714/576 718/749/610 717/748/609
f 683/714/576 684/715/577 718/749/610
f 684/715/577 719/750/611 718/749/610
f 684/715/577 685/716/578 719/750/611
f 685/716/578 720/751/612 719/750/611
f 685/716/578 686/717/579 720/751/612
f 686/717/579 721/752/613 720/751/612
f 686/717/579 687/718/580 721/752/613
f 687/718/580 722/753/614 721/752/613
f 687/718/580 688/719/581 722/753/614
f 688/719/581 723/754/615 722/753/614
f 688/719/581 689/720/582 723/754/615
f 689/720/582 724/755/616 723/754/615
f 689/720/582 690/721/583 724/755/616
f 690/721/583 725/756/617 724/755/616
f 690/721/583 691/722/584 725/756/617
f 691/722/584 726/757/618 725/756/617
f 691/722/584 692/723/585 726/757/618
f 692/723/585 727/758/619 726/757/618
f 692/723/585 693/724/586 727/758/619
f 693/724/586 728/759/620 727/758/619
f 693/724/586 694/725/587 728/759/620
f 694/725/587 729/760/621 728/759/620
f 694/725/587 695/726/588 729/760/621
f 695/726/588 730/761/622 729/760/621
f 695/726/588 696/727/589 730/761/622
f 696/727/589 731/762/623 730/761/622
f 696/727/589 697/728/590 731/762/623
f 697/728/590 732/763/624 731/762/623
f 697/728/590 698/729/591 732/763/624
f 698/729/591 733/764/625 732/763/624
f 698/729/591 699/730/592 733/764/625
f 699/730/592 734/765/626 733/764/625
f 699/730/592 700/731/593 734/765/626
f 700/731/593 735/766/627 734/765/626
f 700/731/593 701/732/594 735/766/627
f 701/732/594 736/767/628 735/766/627
f 701/732/594 702/733/595 736/767/628
f 702/733/595 737/768/629 736/767/628
f 702/733/595 703/734/596 737/768/629
f 703/734/596 738/769/630 737/768/629
f 703/734/596 704/735/597 738/769/630
f 704/735/597 739/770/631 738/769/630
f 704/735/597 705/736/598 739/770/631
f 705/736/598 740/771/632 739/770/631
f 705/736/598 706/737/599 740/771/632
f 706/738/335 741/740/335 740/772/335
f 706/738/335 707/706/335 741/740/335
f 707/706/335 708/772/335 741/740/335
f 707/706/335 674/738/335 708/772/335
f 708/740/601 743/773/633 742/774/634
f 708/740/601 709/739/600 743/773/633
f 709/739/600 744/775/635 743/773/633
f 709/739/600 710/741/602 744/775/635
f 710/741/602 745/776/636 744/775/635
f 710/741/602 711/742/603 745/776/636
f 711/742/603 746/777/637 745/776/636
f 711/742/603 712/743/604 746/777/637
f 712/743/604 747/778/638 746/777/637
f 712/743/604 713/744/605 747/778/638
f 713/744/605 748/779/639 747/778/638
f 713/744/605 714/745/606 748/779/639
f 714/745/606 749/780/640 748/779/639
f 714/745/606 715/746/607 749/780/640
f 715/746/607 750/781/641 749/780/640
f 715/746/607 716/747/608 750/781/641
f 716/747/608 751/782/642 750/781/641
f 716/747/608 717/748/609 751/782/642
f 717/748/609 752/783/643 751/782/642
f 717/748/609 718/749/610 752/783/643
f 718/749/610 753/784/644 752/783/643
f 718/749/610 719/750/611 753/784/644
f 719/750/611 754/785/645 753/784/644
f 719/750/611 720/751/612 754/785/645
f 720/751/612 755/786/646 754/785/645
f 720/751/612 721/752/613 755/786/646
f 721/752/613 756/787/647 755/786/646
f 721/752/613 722/753/614 756/787/647
f 722/753/614 757/788/648 756/787/647
f 722/753/614 723/754/615 757/788/648
f 723/754/615 758/789/649 757/788/648
f 723/754/615 724/755/616 758/789/649
f 724/755/616 759/790/650 758/789/649
f 724/755/616 725/756/617 759/790/650
f 725/756/617 760/791/651 759/790/650
f 725/756/617 726/757/618 760/791/651
f 726/757/618 761/792/652 760/791/651
f 726/757/618 727/758/619 761/792/652
f 727/758/619 762/793/653 761/792/652
f 727/758/619 728/759/620 762/793/653
f 728/759/620 763/794/654 762/793/653
f 728/759/620 729/760/621 763/794/654
f 729/760/621 764/795/655 763/794/654
f 729/760/621 730/761/622 764/795/655
f 730/761/622 765/796/656 764/795/655
f 730/761/622 731/762/623 765/796/656
f 731/762/623 766/797/657 765/796/656
f 731/762/623 732/763/624 766/797/657
f 732/763/624 767/798/658 766/797/657
f 732/763/624 733/764/625 767/798/658
f 733/764/625 768/799/659 767/798/658
f 733/764/625 734/765/626 768/799/659
f 734/765/626 769/800/660 768/799/659
f 734/765/626 735/766/627 769/800/660
f 735/766/627 770/801/661 769/800/660
f 735/766/627 736/767/628 770/801/661
f 736/767/628 771/802/662 770/801/661
f 736/767/628 737/768/629 771/802/662
f 737/768/629 772/803/663 771/802/662
f 737/768/629 738/769/630 772/803/663
f 738/769/630 773/804/664 772/803/663
f 738/769/630 739/770/631 773/804/664
f 739/770/631 774/805/665 773/804/664
f 739/770/631 740/771/632 774/805/665
f 740/772/335 775/774/335 774/806/335
f 740/772/335 741/740/335 775/774/335
f 741/740/335 742/806/335 775/774/335
f 741/740/335 708/772/335 742/806/335
f 742/774/634 777/807/666 776/808/667
f 742/774/634 743/773/633 777/807/666
f 743/773/633 778/809/668 777/807/666
f 743/773/633 744/775/635 778/809/668
f 744/775/635 779/810/669 778/809/668
f 744/775/635 745/776/636 779/810/669
f 745/776/636 780/811/670 779/810/669
f 745/776/636 746/777/637 780/811/670
f 746/777/637 781/812/671 780/811/670
f 746/777/637 747/778/638 781/812/671
f 747/778/638 782/813/672 781/812/671
f 747/778/638 748/779/639 782/813/672
f 748/779/639 783/814/673 782/813/672
f 748/779/639 749/780/640 783/814/673
f 749/780/640 784/815/674 783/814/673
f 749/780/640 750/781/641 784/815/674
f 750/781/641 785/816/675 784/815/674
f 750/781/641 751/782/642 785/816/675
f 751/782/642 786/817/676 785/816/675
f 751/782/642 752/783/643 786/817/676
f 752/783/643 787/818/677 786/817/676
f 752/783/643 753/784/644 787/818/677
f 753/784/644 788/819/678 787/818/677
f 753/784/644 754/785/645 788/819/678
f 754/785/645 789/820/679 788/819/678
f 754/785/645 755/786/646 789/820/679
f 755/786/646 790/821/680 789/820/679
f 755/786/646 756/787/647 790/821/680
f 756/787/647 791/822/681 790/821/680
f 756/787/647 757/788/648 791/822/681
f 757/788/648 792/823/682 791/822/681
f 757/788/648 758/789/649 792/823/682
f 758/789/649 793/824/683 792/823/682
f 758/789/649 759/790/650 793/824/683
f 759/790/650 794/825/684 793/824/683
f 759/790/650 760/791/651 794/825/684
f 760/791/651 795/826/685 794/825/684
f 760/791/651 761/792/652 795/826/685
f 761/792/652 796/827/686 795/826/685
f 761/792/652 762/793/653 796/827/686
f 762/793/653 797/828/687 796/827/686
f 762/793/653 763/794/654 797/828/687
f 763/794/654 798/829/688 797/828/687
f 763/794/654 764/795/655 798/829/688
f 764/795/655 799/830/689 798/829/688
f 764/795/655 765/796/656 799/830/689
f 765/796/656 800/831/690 799/830/689
f 765/796/656 766/797/657 800/831/690
f 766/797/657 801/832/691 800/831/690
f 766/797/657 767/798/658 801/832/691
f 767/798/658 802/833/692 801/832/691
f 767/798/658 768/799/659 802/833/692
f 768/799/659 803/834/693 802/833/692
f 768/799/659 769/800/660 803/834/693
f 769/800/660 804/835/694 803/834/693
f 769/800/660 770/801/661 804/835/694
f 770/801/661 805/836/695 804/835/694
f 770/801/661 771/802/662 805/836/695
f 771/802/662 806/837/696 805/836/695
f 771/802/662 772/803/663 806/837/696
f 772/803/663 807/838/697 806/837/696
f 772/803/663 773/804/664 807/838/697
f 773/804/664 808/839/698 807/838/697
f 773/804/664 774/805/665 808/839/698
f 774/806/335 809/808/335 808/840/335
f 774/806/335 775/774/335 809/808/335
f 775/774/335 776/840/335 809/808/335
f 775/774/335 742/806/335 776/840/335
f 776/808/667 811/841/699 810/842/700
f 776/808/667 777/807/666 811/841/699
f 777/807/666 812/843/701 811/841/699
f 777/807/666 778/809/668 812/843/701
f 778/809/668 813/844/702 812/843/701
f 778/809/668 779/810/669 813/844/702
f 779/810/669 814/845/703 813/844/702
f 779/810/669 780/811/670 814/845/703
f 780/811/670 815/846/704 814/845/703
f 780/811/670 781/812/671 815/846/704
f 781/812/671 816/847/705 815/846/704
f 781/812/671 782/813/672 816/847/705
f 782/813/672 817/848/706 816/847/705
f 782/813/672 783/814/673 817/848/706
f 783/814/673 818/849/707 817/848/706
f 783/814/673 784/815/674 818/849/707
f 784/815/674 819/850/708 818/849/707
f 784/815/674 785/816/675 819/850/708
f 785/816/675 820/851/709 819/850/708
f 785/816/675 786/817/676 820/851/709
f 786/817/676 821/852/710 820/851/709
f 786/817/676 787/818/677 821/852/710
f 787/818/677 822/853/711 821/852/710
f 787/818/677 788/819/678 822/853/711
f 788/819/678 823/854/712 822/853/711
f 788/819/678 789/820/679 823/854/712
f 789/820/679 824/855/713 823/854/712
f 789/820/679 790/821/680 824/855/713
f 790/821/680 825/856/714 824/855/713
f 790/821/680 791/822/681 825/856/714
f 791/822/681 826/857/715 825/856/714
f 791/822/681 792/823/682 826/857/715
f 792/823/682 827/858/716 826/857/715
f 792/823/682 793/824/683 827/858/716
f 793/824/683 828/859/717 827/858/716
f 793/824/683 794/825/684 828/859/717
f 794/825/684 829/860/718 828/859/717
f 794/825/684 795/826/685 829/860/718
f 795/826/685 830/861/719 829/860/718
f 795/826/685 796/827/686 830/861/719
f 796/827/686 831/862/720 830/861/719
f 796/827/686 797/828/687 831/862/720
f 797/828/687 832/863/721 831/862/720
f 797/828/687 798/829/688 832/863/721
f 798/829/688 833/864/722 832/863/721
f 798/829/688 799/830/689 833/864/722
f 799/830/689 834/865/723 833/864/722
f 799/830/689 800/831/690 834/865/723
f 800/831/690 835/866/724 834/865/723
f 800/831/690 801/832/691 835/866/724
f 801/832/691 836/867/725 835/866/724
f 801/832/691 802/833/692 836/867/725
f 802/833/692 837/868/726 836/867/725
f 802/833/692 803/834/693 837/868/726
f 803/834/693 838/869/727 837/868/726
f 803/834/693 804/835/694 838/869/727
f 804/835/694 839/870/728 838/869/727
f 804/835/694 805/836/695 839/870/728
f 805/836/695 840/871/729 839/870/728
f 805/836/695 806/837/696 840/871/729
f 806/837/696 841/872/730 840/871/729
f 806/837/696 807/838/697 841/872/730
f 807/838/697 842/873/731 841/872/730
f 807/838/697 808/839/698 842/873/731
f 808/840/335 843/842/335 842/874/335
f 808/840/335 809/808/335 843/842/335
f 809/808/335 810/874/335 843/842/335
f 809/808/335 776/840/335 810/874/335
f 810/842/700 845/875/732 844/876/733
f 810/842/700 811/841/699 845/875/732
f 811/841/699 846/877/734 845/875/732
f 811/841/699 812/843/701 846/877/734
f 812/843/701 847/878/735 846/877/734
f 812/843/701 813/844/702 847/878/735
f 813/844/702 848/879/736 847/878/735
f 813/844/702 814/845/703 848/879/736
f 814/845/703 849/880/737 848/879/736
f 814/845/703 815/846/704 849/880/737
f 815/846/704 850/881/738 849/880/737
f 815/846/704 816/847/705 850/881/738
f 816/847/705 851/882/739 850/881/738
f 816/847/705 817/848/706 851/882/739
f 817/848/706 852/883/740 851/882/739
f 817/848/706 818/849/707 852/883/740
f 818/849/707 853/884/741 852/883/740
f 818/849/707 819/850/708 853/884/741
f 819/850/708 854/885/742 853/884/741
f 819/850/708 820/851/709 854/885/742
f 820/851/709 855/886/743 854/885/742
f 820/851/709 821/852/710 855/886/743
f 821/852/710 856/887/744 855/886/743
f 821/852/710 822/853/711 856/887/744
f 822/853/711 857/888/745 856/887/744
f 822/853/711 823/854/712 857/888/745
f 823/854/712 858/889/746 857/888/745
f 823/854/712 824/855/713 858/889/746
f 824/855/713 859/890/747 858/889/746
f 824/855/713 825/856/714 859/890/747
f 825/856/714 860/891/748 859/890/747
f 825/856/714 826/857/715 860/891/748
f 826/857/715 861/892/749 860/891/748
f 826/857/715 827/858/716 861/892/749
f 827/858/716 862/893/750 861/892/749
f 827/858/716 828/859/717 862/893/750
f 828/859/717 863/894/751 862/893/750
f 828/859/717 829/860/718 863/894/751
f 829/860/718 864/895/752 863/894/751
f 829/860/718 830/861/719 864/895/752
f 830/861/719 865/896/753 864/895/752
f 830/861/719 831/862/720 865/896/753
f 831/862/720 866/897/754 865/896/753
f 831/862/720 832/863/721 866/897/754
f 832/863/721 867/898/755 866/897/754
f 832/863/721 833/864/722 867/898/755
f 833/864/722 868/899/756 867/898/755
f 833/864/722 834/865/723 868/899/756
f 834/865/723 869/900/757 868/899/756
f 834/865/723 835/866/724 869/900/757
f 835/866/724 870/901/758 869/900/757
f 835/866/724 836/867/725 870/901/758
f 836/867/725 871/902/759 870/901/758
f 836/867/725 837/868/726 871/902/759
f 837/868/726 872/903/760 871/902/759
f 837/868/726 838/869/727 872/903/760
f 838/869/727 873/904/761 872/903/760
f 838/869/727 839/870/728 873/904/761
f 839/870/728 874/905/762 873/904/761
f 839/870/728 840/871/729 874/905/762
f 840/871/729 875/906/763 874/905/762
f 840/871/729 841/872/730 875/906/763
f 841/872/730 876/907/764 875/906/763
f 841/872/730 842/873/731 876/907/764
f 842/874/335 877/876/335 876/908/335
f 842/874/335 843/842/335 877/876/335
f 843/842/335 844/908/335 877/876/335
f 843/842/335 810/874/335 844/908/335
f 844/876/733 879/909/765 878/910/766
f 844/876/733 845/875/732 879/909/765
f 845/875/732 880/911/767 879/909/765
f 845/875/732 846/877/734 880/911/767
f 846/877/734 881/912/768 880/911/767
f 846/877/734 847/878/735 881/912/768
f 847/878/735 882/913/769 881/912/768
f 847/878/735 848/879/736 882/913/769
f 848/879/736 883/914/770 882/913/769
f 848/879/736 849/880/737 883/914/770
f 849/880/737 884/915/771 883/914/770
f 849/880/737 850/881/738 884/915/771
f 850/881/738 885/916/772 884/915/771
f 850/881/738 851/882/739 885/916/772
f 851/882/739 886/917/773 885/916/772
f 851/882/739 852/883/740 886/917/773
f 852/883/740 887/918/774 886/917/773
f 852/883/740 853/884/741 887/918/774
f 853/884/741 888/919/775 887/918/774
f 853/884/741 854/885/742 888/919/775
f 854/885/742 889/920/776 888/919/775
f 854/885/742 855/886/743 889/920/776
f 855/886/743 890/921/777 889/920/776
f 855/886/743 856/887/744 890/921/777
f 856/887/744 891/922/778 890/921/777
f 856/887/744 857/888/745 891/922/778
f 857/888/745 892/923/779 891/922/778
f 857/888/745 858/889/746 892/923/779
f 858/889/746 893/924/780 892/923/779
f 858/889/746 859/890/747 893/924/780
f 859/890/747 894/925/781 893/924/780
f 859/890/747 860/891/748 894/925/781
f 860/891/748 895/926/782 894/925/781
f 860/891/748 861/892/749 895/926/782
f 861/892/749 896/927/783 895/926/782
f 861/892/749 862/893/750 896/927/783
f 862/893/750 897/928/784 896/927/783
f 862/893/750 863/894/751 897/928/784
f 863/894/751 898/929/785 897/928/784
f 863/894/751 864/895/752 898/929/785
f 864/895/752 899/930/786 898/929/785
f 864/895/752 865/896/753 899/930/786
f 865/896/753 900/931/787 899/930/786
f 865/896/753 866/897/754 900/931/787
f 866/897/754 901/932/788 900/931/787
f 866/897/754 867/898/755 901/932/788
f 867/898/755 902/933/789 901/932/788
f 867/898/755 868/899/756 902/933/789
f 868/899/756 903/934/790 902/933/789
f 868/899/756 869/900/757 903/934/790
f 869/900/757 904/935/791 903/934/790
f 869/900/757 870/901/758 904/935/791
f 870/901/758 905/936/792 904/935/791
f 870/901/758 871/902/759 905/936/792
f 871/902/759 906/937/793 905/936/792
f 871/902/759 872/903/760 906/937/793
f 872/903/760 907/938/794 906/937/793
f 872/903/760 873/904/761 907/938/794
f 873/904/761 908/939/795 907/938/794
f 873/904/761 874/905/762 908/939/795
f 874/905/762 909/940/796 908/939/795
f 874/905/762 875/906/763 909/940/796
f 875/906/763 910/941/797 909/940/796
f 875/906/763 876/907/764 910/941/797
f 876/908/335 911/910/335 910/942/335
f 876/908/335 877/876/335 911/910/335
f 877/876/335 878/942/335 911/910/335
f 877/876/335 844/908/335 878/942/335
f 912/943/798 878/910/766 879/909/765
f 912/944/798 879/909/765 880/911/767
f 912/945/798 880/911/767 881/912/768
f 912/946/798 881/912/768 882/913/769
f 912/947/798 882/913/769 883/914/770
f 912/948/798 883/914/770 884/915/771
f 912/949/798 884/915/771 885/916/772
f 912/950/798 885/916/772 886/917/773
f 912/951/798 886/917/773 887/918/774
f 912/952/798 887/918/774 888/919/775
f 912/953/798 888/919/775 889/920/776
f 912/954/798 889/920/776 890/921/777
f 912/955/798 890/921/777 891/922/778
f 912/956/798 891/922/778 892/923/779
f 912/957/798 892/923/779 893/924/780
f 912/958/798 893/924/780 894/925/781
f 912/959/798 894/925/781 895/926/782
f 912/960/798 895/926/782 896/927/783
f 912/961/798 896/927/783 897/928/784
f 912/962/798 897/928/784 898/929/785
f 912/963/798 898/929/785 899/930/786
f 912/964/798 899/930/786 900/931/787
f 912/965/798 900/931/787 901/932/788
f 912/966/798 901/932/788 902/933/789
f 912/967/798 902/933/789 903/934/790
f 912/968/798 903/934/790 904/935/791
f 912/969/798 904/935/791 905/936/792
f 912/970/798 905/936/792 906/937/793
f 912/971/798 906/937/793 907/938/794
f 912/972/798 907/938/794 908/939/795
f 912/973/798 908/939/795 909/940/796
f 912/974/798 909/940/796 910/941/797
f 912/943/335 910/942/335 911/910/335
f 912/943/335 911/910/335 878/942/335
o C-Ext001
v -7.114111 4.532302 169.571655
v -7.114110 7.860874 169.571655
v -7.114120 7.860874 152.261597
v -7.114119 4.532302 152.261597
v -7.114110 4.532302 167.552139
v -7.114113 7.417065 167.552155
v -7.114119 7.417063 154.281113
v -7.114119 4.532302 154.281113
v -7.114111 4.532302 169.571655
v -7.114110 7.860874 169.571655
v -7.114120 7.860874 152.261597
v -7.114119 4.532302 152.261597
v -7.114119 4.532302 154.281113
v -7.114119 7.417063 154.281113
v -7.114113 7.417065 167.552155
v -7.114110 4.532302 167.552139
v -3.796344 4.532303 169.571655
v -3.796343 7.860875 169.571655
v -3.796346 7.860875 152.261597
v -3.796350 4.532303 152.261597
v -3.796350 4.532303 154.281097
v -3.796350 7.417066 154.281097
v -3.796344 7.417064 167.552155
v -3.796344 4.532302 167.552139
v -3.796344 4.532303 169.571655
v -3.796343 7.860875 169.571655
v -3.796346 7.860875 152.261597
v -3.796350 4.532303 152.261597
v -3.796344 4.532302 167.552139
v -3.796344 7.417064 167.552155
v -3.796350 7.417066 154.281097
v -3.796350 4.532303 154.281097
v 13.046618 7.754216 185.690491
v 13.046644 7.982528 185.207245
v 12.320356 7.981429 185.207245
v 11.601093 7.978142 185.207245
v 10.895676 7.972698 185.207245
v 10.211044 7.965149 185.207245
v 9.553696 7.955569 185.207245
v 8.930008 7.944051 185.207245
v 8.345932 7.930705 185.207245
v 7.807147 7.915658 185.207245
v 7.318806 7.899055 185.207245
v 6.885638 7.881061 185.207245
v 6.511832 7.861842 185.207245
v 6.200915 7.841588 185.207245
v 5.955915 7.820492 185.207245
v 5.779251 7.798759 185.207245
v 5.672564 7.776595 185.207245
v 5.636833 7.754217 185.207245
v 13.046616 7.754216 185.207245
v 13.046641 8.202068 183.776077
v 11.621995 8.199911 183.776077
v 10.211102 8.193462 183.776077
v 8.827439 8.182782 183.776093
v 7.484483 8.167976 183.776093
v 6.195022 8.149185 183.776093
v 4.971567 8.126593 183.776093
v 3.825910 8.100410 183.776093
v 2.769031 8.070895 183.776093
v 1.811111 8.038330 183.776093
v 0.961442 8.003030 183.776093
v 0.228134 7.965333 183.776093
v -0.381766 7.925602 183.776093
v -0.862261 7.884222 183.776093
v -1.208880 7.841589 183.776093
v -1.418168 7.798113 183.776093
v -1.488175 7.754217 183.776093
v 13.046615 7.754215 183.776077
v 13.046707 8.404396 181.451996
v 10.978407 8.401264 181.451996
v 8.930071 8.391903 181.451996
v 6.921307 8.376400 181.451996
v 4.971629 8.354902 181.451996
v 3.099623 8.327623 181.451996
v 1.323439 8.294821 181.451996
v -0.339799 8.256813 181.451996
v -1.874132 8.213963 181.451996
v -3.264785 8.166686 181.451996
v -4.498365 8.115438 181.451996
v -5.562971 8.060710 181.451996
v -6.448377 8.003032 181.451996
v -7.146012 7.942954 181.451996
v -7.649152 7.881062 181.451996
v -7.953019 7.817946 181.451996
v -8.054641 7.754218 181.451996
v 13.046618 7.754216 181.451996
v 13.046704 8.581736 178.324310
v 10.414294 8.577753 178.324310
v 7.807233 8.565836 178.324310
v 5.250623 8.546105 178.324310
v 2.769052 8.518746 178.324310
v 0.386491 8.484025 178.324310
v -1.874131 8.442276 178.324310
v -3.991040 8.393900 178.324310
v -5.943928 8.339363 178.324310
v -7.713883 8.279192 178.324310
v -9.283921 8.213964 178.324310
v -10.638869 8.144308 178.324310
v -11.765761 8.070898 178.324310
v -12.653703 7.994435 178.324310
v -13.294084 7.915660 178.324310
v -13.680831 7.835330 178.324310
v -13.810201 7.754218 178.324310
v 13.046611 7.754215 178.324310
v 13.046705 8.727276 174.513199
v 9.951305 8.722591 174.513199
v 6.885720 8.708581 174.513214
v 3.879469 8.685377 174.513214
v 0.961470 8.653208 174.513214
v -1.840070 8.612380 174.513214
v -4.498306 8.563288 174.513214
v -6.987592 8.506403 174.513214
v -9.283890 8.442276 174.513199
v -11.365126 8.371521 174.513214
v -13.211319 8.294821 174.513214
v -14.804607 8.212915 174.513214
v -16.129683 8.126593 174.513214
v -17.173752 8.036685 174.513214
v -17.926804 7.944054 174.513214
v -18.381575 7.849596 174.513214
v -18.533640 7.754219 174.513214
v 13.046612 7.754216 174.513199
v 13.046734 8.835423 170.165146
v 9.607315 8.830218 170.165161
v 6.200995 8.814650 170.165161
v 2.860606 8.788868 170.165161
v -0.381671 8.753121 170.165161
v -3.494613 8.707757 170.165161
v -6.448228 8.653210 170.165161
v -9.214158 8.590002 170.165146
v -11.765703 8.518747 170.165146
v -14.078295 8.440129 170.165161
v -16.129620 8.354905 170.165161
v -17.900011 8.263897 170.165161
v -19.372330 8.167979 170.165161
v -20.532425 8.068077 170.165161
v -21.369221 7.965152 170.165161
v -21.874466 7.860195 170.165161
v -22.043472 7.754220 170.165161
v 13.046616 7.754216 170.165146
v 13.046731 8.902021 165.447235
v 9.395459 8.896493 165.447235
v 5.779338 8.879965 165.447235
v 2.233256 8.852596 165.447235
v -1.208791 8.814650 165.447235
v -4.513450 8.766489 165.447235
v -7.649070 8.708583 165.447235
v -10.585315 8.641481 165.447235
v -13.294026 8.565838 165.447235
v -15.749040 8.482377 165.447250
v -17.926714 8.391905 165.447235
v -19.806108 8.295290 165.447250
v -21.369154 8.193465 165.447235
v -22.600782 8.087409 165.447235
v -23.489027 7.978144 165.447235
v -24.025434 7.866723 165.447235
v -24.204821 7.754220 165.447235
v 13.046615 7.754215 165.447235
v 13.046721 8.924507 160.540771
v 9.323951 8.918872 160.540771
v 5.636970 8.902020 160.540771
v 2.021369 8.874115 160.540771
v -1.488030 8.835424 160.540771
v -4.857506 8.786322 160.540771
v -8.054524 8.727280 160.540771
v -11.048299 8.658865 160.540771
v -13.810046 8.581738 160.540771
v -16.313160 8.496643 160.540771
v -18.533552 8.404398 160.540771
v -20.449751 8.305889 160.540771
v -22.043383 8.202069 160.540771
v -23.299086 8.093937 160.540771
v -24.204756 7.982530 160.540771
v -24.751726 7.868928 160.540771
v -24.934645 7.754219 160.540771
v 13.046609 7.754214 160.540771
v 13.046723 8.902020 155.634308
v 9.395452 8.896494 155.634308
v 5.779333 8.879965 155.634308
v 2.233253 8.852595 155.634308
v -1.208792 8.814649 155.634308
v -4.513449 8.766490 155.634308
v -7.649069 8.708582 155.634308
v -10.585320 8.641483 155.634308
v -13.294028 8.565838 155.634308
v -15.749045 8.482377 155.634308
v -17.926710 8.391903 155.634308
v -19.806107 8.295289 155.634308
v -21.369156 8.193465 155.634308
v -22.600788 8.087409 155.634308
v -23.489033 7.978144 155.634308
v -24.025436 7.866724 155.634308
v -24.204819 7.754219 155.634308
v 13.046606 7.754215 155.634308
v 13.046700 8.835423 150.916382
v 9.607302 8.830217 150.916397
v 6.200991 8.814650 150.916397
v 2.860605 8.788868 150.916397
v -0.381676 8.753122 150.916397
v -3.494595 8.707757 150.916397
v -6.448235 8.653209 150.916397
v -9.214165 8.590001 150.916397
v -11.765713 8.518745 150.916397
v -14.078304 8.440129 150.916412
v -16.129631 8.354903 150.916412
v -17.900017 8.263897 150.916412
v -19.372332 8.167977 150.916412
v -20.532495 8.068076 150.916412
v -21.369223 7.965151 150.916412
v -21.874475 7.860195 150.916412
v -22.043478 7.754219 150.916412
v 13.046604 7.754213 150.916382
v 13.046692 8.727278 146.568344
v 9.951296 8.722589 146.568344
v 6.885716 8.708580 146.568344
v 3.879427 8.685379 146.568329
v 0.961493 8.653208 146.568329
v -1.840112 8.612380 146.568329
v -4.498350 8.563288 146.568329
v -6.987605 8.506403 146.568329
v -9.283902 8.442276 146.568329
v -11.365198 8.371521 146.568329
v -13.211359 8.294821 146.568329
v -14.804621 8.212914 146.568329
v -16.129726 8.126592 146.568329
v -17.173763 8.036682 146.568344
v -17.926817 7.944052 146.568329
v -18.381588 7.849594 146.568329
v -18.533653 7.754218 146.568329
v 13.046600 7.754215 146.568344
v 13.046693 8.581736 142.757233
v 10.414247 8.577751 142.757233
v 7.807195 8.565835 142.757233
v 5.250555 8.546103 142.757233
v 2.769016 8.518745 142.757233
v 0.386478 8.484024 142.757233
v -1.874140 8.442276 142.757233
v -3.991120 8.393898 142.757233
v -5.943936 8.339361 142.757233
v -7.713927 8.279190 142.757233
v -9.283996 8.213962 142.757233
v -10.638915 8.144308 142.757233
v -11.765805 8.070894 142.757233
v -12.653743 7.994434 142.757233
v -13.294124 7.915659 142.757233
v -13.680844 7.835329 142.757233
v -13.810237 7.754218 142.757233
v 13.046605 7.754215 142.757233
v 13.046627 8.404394 139.629547
v 10.978361 8.401262 139.629547
v 8.930027 8.391901 139.629547
v 6.921299 8.376398 139.629547
v 4.971591 8.354900 139.629547
v 3.099579 8.327621 139.629547
v 1.323429 8.294819 139.629547
v -0.339843 8.256811 139.629547
v -1.874176 8.213961 139.629547
v -3.264829 8.166684 139.629547
v -4.498409 8.115436 139.629532
v -5.562988 8.060708 139.629547
v -6.448392 8.003028 139.629547
v -7.146028 7.942953 139.629547
v -7.649166 7.881061 139.629547
v -7.953063 7.817945 139.629547
v -8.054718 7.754216 139.629547
v 13.046600 7.754214 139.629547
v 13.046630 8.202065 137.305466
v 11.621982 8.199909 137.305450
v 10.211030 8.193460 137.305450
v 8.827388 8.182782 137.305450
v 7.484436 8.167975 137.305450
v 6.194974 8.149183 137.305450
v 4.971559 8.126589 137.305466
v 3.825841 8.100409 137.305450
v 2.769016 8.070894 137.305450
v 1.811096 8.038328 137.305466
v 0.961395 8.003027 137.305450
v 0.228090 7.965330 137.305466
v -0.381804 7.925600 137.305450
v -0.862305 7.884219 137.305466
v -1.208922 7.841586 137.305450
v -1.418181 7.798113 137.305466
v -1.488188 7.754214 137.305466
v 13.046599 7.754213 137.305466
v 13.046596 7.982526 135.874298
v 12.320338 7.981427 135.874298
v 11.601043 7.978138 135.874298
v 10.895659 7.972694 135.874298
v 10.210994 7.965146 135.874298
v 9.553651 7.955569 135.874298
v 8.929992 7.944047 135.874298
v 8.345916 7.930701 135.874298
v 7.807134 7.915654 135.874298
v 7.318758 7.899055 135.874298
v 6.885625 7.881057 135.874298
v 6.511779 7.861840 135.874298
v 6.200899 7.841585 135.874298
v 5.955877 7.820491 135.874298
v 5.779239 7.798756 135.874298
v 5.672485 7.776593 135.874298
v 5.636810 7.754214 135.874298
v 13.046599 7.754213 135.874298
v 13.046599 7.754213 135.391052
v 19.940744 7.754204 185.690491
v 19.940748 7.982518 185.207245
v 19.940748 7.754204 185.207245
v 19.940744 8.202056 183.776093
v 19.940756 7.754205 183.776093
v 19.940777 8.404385 181.451996
v 19.940750 7.754205 181.451996
v 19.940838 8.581726 178.324310
v 19.940748 7.754204 178.324310
v 19.940840 8.727268 174.513214
v 19.940744 7.754206 174.513214
v 19.940838 8.835414 170.165161
v 19.940742 7.754204 170.165161
v 19.940836 8.902009 165.447235
v 19.940737 7.754204 165.447235
v 19.940830 8.924496 160.540771
v 19.940748 7.754204 160.540771
v 19.940834 8.902011 155.634308
v 19.940739 7.754205 155.634308
v 19.940775 8.835414 150.916382
v 19.940744 7.754203 150.916412
v 19.940773 8.727266 146.568344
v 19.940735 7.754204 146.568344
v 19.940767 8.581726 142.757233
v 19.940678 7.754204 142.757248
v 19.940741 8.404383 139.629547
v 19.940674 7.754204 139.629547
v 19.940733 8.202055 137.305466
v 19.940674 7.754204 137.305481
v 19.940735 7.982516 135.874298
v 19.940672 7.754203 135.874298
v 19.940672 7.754203 135.391068
v 38.563732 7.754190 185.690506
v 38.563736 7.982505 185.207245
v 38.563736 7.754191 185.207260
v 38.563789 8.202042 183.776093
v 38.563725 7.754190 183.776093
v 38.563824 8.404370 181.451996
v 38.563728 7.754191 181.452026
v 38.563828 8.581714 178.324310
v 38.563725 7.754189 178.324326
v 38.563858 8.727254 174.513214
v 38.563728 7.754189 174.513229
v 38.563828 8.835400 170.165161
v 38.563732 7.754191 170.165161
v 38.563820 8.901997 165.447235
v 38.563728 7.754190 165.447266
v 38.563816 8.924483 160.540771
v 38.563725 7.754189 160.540787
v 38.563820 8.901995 155.634308
v 38.563725 7.754190 155.634323
v 38.563808 8.835398 150.916397
v 38.563717 7.754190 150.916397
v 38.563843 8.727253 146.568344
v 38.563728 7.754189 146.568344
v 38.563816 8.581713 142.757233
v 38.563721 7.754188 142.757233
v 38.563812 8.404369 139.629547
v 38.563721 7.754189 139.629547
v 38.563778 8.202042 137.305466
v 38.563721 7.754189 137.305466
v 38.563717 7.982500 135.874298
v 38.563717 7.754186 135.874298
v 38.563721 7.754188 135.391052
v 151.297577 7.754202 185.690460
v 151.297546 7.982522 185.207214
v 151.297577 7.754204 185.207214
v 151.297577 8.202057 183.776062
v 151.297577 7.754205 183.776062
v 151.297546 8.404387 181.451965
v 151.297577 7.754204 181.451965
v 151.297638 8.581730 178.324280
v 151.297562 7.754205 178.324280
v 151.297638 8.727272 174.513184
v 151.297577 7.754206 174.513184
v 151.297577 8.835413 170.165131
v 151.297577 7.754207 170.165131
v 151.297577 8.902009 165.447205
v 151.297577 7.754203 165.447205
v 151.297562 8.924496 160.540741
v 151.297562 7.754205 160.540741
v 151.297531 8.902012 155.634277
v 151.297562 7.754201 155.634277
v 151.297562 8.835413 150.916382
v 151.297562 7.754200 150.916382
v 151.297623 8.727269 146.568314
v 151.297562 7.754202 146.568314
v 151.297623 8.581728 142.757217
v 151.297562 7.754201 142.757217
v 151.297562 8.404385 139.629532
v 151.297562 7.754200 139.629532
v 151.297562 8.202054 137.305435
v 151.297577 7.754201 137.305435
v 151.297531 7.982518 135.874283
v 151.297562 7.754207 135.874283
v 151.297562 7.754206 135.391037
vn -1.0000 -0.0000 -0.0000
vn -0.0000 -0.0000 1.0000
vn -0.0000 1.0000 -0.0000
vn -0.0000 -0.0000 -1.0000
vn -0.0000 -1.0000 -0.0000
vn 1.0000 -0.0000 -0.0000
vn -0.0046 0.8968 0.4425
vn -0.0014 0.9563 0.2924
vn -0.0031 0.9558 0.2941
vn -0.0060 0.9544 0.2985
vn -0.0090 0.9521 0.3056
vn -0.0122 0.9488 0.3156
vn -0.0157 0.9442 0.3291
vn -0.0194 0.9378 0.3465
vn -0.0236 0.9292 0.3688
vn -0.0283 0.9175 0.3966
vn -0.0339 0.9012 0.4321
vn -0.0405 0.8782 0.4765
vn -0.0486 0.8451 0.5324
vn -0.0588 0.7961 0.6023
vn -0.0720 0.7221 0.6881
vn -0.0898 0.6062 0.7902
vn -0.1175 0.4144 0.9025
vn -0.1663 0.2657 0.9496
vn -0.0031 0.9928 0.1199
vn -0.0015 0.9929 0.1192
vn -0.0062 0.9925 0.1218
vn -0.0094 0.9921 0.1249
vn -0.0128 0.9915 0.1295
vn -0.0165 0.9906 0.1358
vn -0.0206 0.9893 0.1442
vn -0.0252 0.9876 0.1552
vn -0.0307 0.9850 0.1696
vn -0.0372 0.9813 0.1889
vn -0.0455 0.9755 0.2153
vn -0.0565 0.9659 0.2525
vn -0.0719 0.9488 0.3077
vn -0.0953 0.9140 0.3943
vn -0.1341 0.8318 0.5387
vn -0.2029 0.6100 0.7660
vn -0.2752 0.4390 0.8553
vn -0.0031 0.9974 0.0720
vn -0.0015 0.9974 0.0717
vn -0.0062 0.9973 0.0732
vn -0.0094 0.9971 0.0751
vn -0.0129 0.9969 0.0778
vn -0.0166 0.9965 0.0816
vn -0.0207 0.9960 0.0867
vn -0.0254 0.9953 0.0934
vn -0.0310 0.9943 0.1022
vn -0.0377 0.9928 0.1141
vn -0.0463 0.9904 0.1306
vn -0.0578 0.9864 0.1542
vn -0.0745 0.9789 0.1902
vn -0.1012 0.9628 0.2507
vn -0.1513 0.9177 0.3674
vn -0.2666 0.7326 0.6263
vn -0.3632 0.5791 0.7299
vn -0.0031 0.9989 0.0476
vn -0.0015 0.9989 0.0474
vn -0.0062 0.9988 0.0483
vn -0.0094 0.9987 0.0496
vn -0.0129 0.9986 0.0514
vn -0.0166 0.9984 0.0539
vn -0.0208 0.9981 0.0573
vn -0.0255 0.9978 0.0617
vn -0.0311 0.9972 0.0676
vn -0.0379 0.9964 0.0755
vn -0.0465 0.9952 0.0865
vn -0.0583 0.9930 0.1023
vn -0.0754 0.9891 0.1268
vn -0.1034 0.9803 0.1686
vn -0.1588 0.9540 0.2543
vn -0.3132 0.8126 0.4915
vn -0.4297 0.6853 0.5879
vn -0.0031 0.9995 0.0317
vn -0.0015 0.9995 0.0315
vn -0.0062 0.9995 0.0321
vn -0.0094 0.9994 0.0330
vn -0.0129 0.9993 0.0342
vn -0.0166 0.9992 0.0359
vn -0.0208 0.9991 0.0381
vn -0.0255 0.9988 0.0410
vn -0.0311 0.9985 0.0449
vn -0.0379 0.9980 0.0502
vn -0.0467 0.9973 0.0576
vn -0.0585 0.9960 0.0682
vn -0.0758 0.9935 0.0846
vn -0.1044 0.9881 0.1130
vn -0.1627 0.9714 0.1728
vn -0.3466 0.8649 0.3631
vn -0.4771 0.7607 0.4400
vn -0.0031 0.9998 0.0196
vn -0.0015 0.9998 0.0195
vn -0.0062 0.9998 0.0199
vn -0.0094 0.9997 0.0204
vn -0.0129 0.9997 0.0211
vn -0.0166 0.9996 0.0222
vn -0.0208 0.9995 0.0235
vn -0.0255 0.9994 0.0254
vn -0.0311 0.9991 0.0278
vn -0.0380 0.9988 0.0311
vn -0.0467 0.9983 0.0356
vn -0.0586 0.9974 0.0422
vn -0.0761 0.9957 0.0524
vn -0.1051 0.9920 0.0702
vn -0.1649 0.9804 0.1082
vn -0.3692 0.8979 0.2396
vn -0.5082 0.8104 0.2915
vn -0.0031 1.0000 0.0094
vn -0.0015 1.0000 0.0093
vn -0.0062 0.9999 0.0095
vn -0.0094 0.9999 0.0098
vn -0.0129 0.9999 0.0101
vn -0.0166 0.9998 0.0106
vn -0.0208 0.9997 0.0113
vn -0.0255 0.9996 0.0122
vn -0.0311 0.9994 0.0133
vn -0.0380 0.9992 0.0149
vn -0.0468 0.9988 0.0171
vn -0.0587 0.9981 0.0203
vn -0.0762 0.9968 0.0252
vn -0.1055 0.9939 0.0338
vn -0.1661 0.9847 0.0523
vn -0.3827 0.9161 0.1193
vn -0.5257 0.8382 0.1449
vn -0.0031 1.0000 -0.0000
vn -0.0015 1.0000 -0.0000
vn -0.0062 1.0000 -0.0000
vn -0.0094 1.0000 -0.0000
vn -0.0129 0.9999 -0.0000
vn -0.0166 0.9999 -0.0000
vn -0.0208 0.9998 -0.0000
vn -0.0255 0.9997 -0.0000
vn -0.0311 0.9995 -0.0000
vn -0.0380 0.9993 -0.0000
vn -0.0468 0.9989 -0.0000
vn -0.0587 0.9983 -0.0000
vn -0.0763 0.9971 -0.0000
vn -0.1056 0.9944 -0.0000
vn -0.1665 0.9860 -0.0000
vn -0.3872 0.9220 -0.0000
vn -0.5313 0.8472 -0.0000
vn -0.0031 1.0000 -0.0094
vn -0.0015 1.0000 -0.0093
vn -0.0062 0.9999 -0.0095
vn -0.0094 0.9999 -0.0098
vn -0.0129 0.9999 -0.0101
vn -0.0166 0.9998 -0.0106
vn -0.0208 0.9997 -0.0113
vn -0.0255 0.9996 -0.0122
vn -0.0311 0.9994 -0.0133
vn -0.0380 0.9992 -0.0149
vn -0.0468 0.9988 -0.0171
vn -0.0587 0.9981 -0.0203
vn -0.0762 0.9968 -0.0252
vn -0.1055 0.9939 -0.0338
vn -0.1661 0.9847 -0.0523
vn -0.3827 0.9161 -0.1193
vn -0.5257 0.8382 -0.1449
vn -0.0031 0.9998 -0.0196
vn -0.0015 0.9998 -0.0195
vn -0.0062 0.9998 -0.0199
vn -0.0094 0.9997 -0.0204
vn -0.0129 0.9997 -0.0211
vn -0.0166 0.9996 -0.0222
vn -0.0208 0.9995 -0.0235
vn -0.0255 0.9994 -0.0254
vn -0.0311 0.9991 -0.0278
vn -0.0380 0.9988 -0.0311
vn -0.0467 0.9983 -0.0356
vn -0.0586 0.9974 -0.0422
vn -0.0761 0.9957 -0.0524
vn -0.1051 0.9920 -0.0702
vn -0.1649 0.9804 -0.1082
vn -0.3692 0.8979 -0.2396
vn -0.5082 0.8104 -0.2915
vn -0.0031 0.9995 -0.0317
vn -0.0015 0.9995 -0.0315
vn -0.0062 0.9995 -0.0321
vn -0.0094 0.9994 -0.0330
vn -0.0129 0.9993 -0.0342
vn -0.0166 0.9992 -0.0359
vn -0.0208 0.9991 -0.0381
vn -0.0255 0.9988 -0.0410
vn -0.0311 0.9985 -0.0449
vn -0.0379 0.9980 -0.0502
vn -0.0467 0.9973 -0.0576
vn -0.0585 0.9960 -0.0682
vn -0.0758 0.9935 -0.0846
vn -0.1044 0.9881 -0.1130
vn -0.1627 0.9714 -0.1728
vn -0.3465 0.8649 -0.3631
vn -0.4771 0.7607 -0.4400
vn -0.0031 0.9989 -0.0476
vn -0.0015 0.9989 -0.0474
vn -0.0062 0.9988 -0.0483
vn -0.0094 0.9987 -0.0496
vn -0.0129 0.9986 -0.0514
vn -0.0166 0.9984 -0.0539
vn -0.0208 0.9981 -0.0573
vn -0.0255 0.9978 -0.0617
vn -0.0311 0.9972 -0.0676
vn -0.0379 0.9964 -0.0755
vn -0.0465 0.9952 -0.0865
vn -0.0583 0.9930 -0.1023
vn -0.0754 0.9891 -0.1268
vn -0.1034 0.9803 -0.1686
vn -0.1588 0.9540 -0.2543
vn -0.3132 0.8126 -0.4915
vn -0.4297 0.6853 -0.5879
vn -0.0031 0.9974 -0.0720
vn -0.0015 0.9974 -0.0717
vn -0.0062 0.9973 -0.0732
vn -0.0094 0.9971 -0.0751
vn -0.0129 0.9969 -0.0778
vn -0.0166 0.9965 -0.0816
vn -0.0207 0.9960 -0.0867
vn -0.0254 0.9953 -0.0934
vn -0.0310 0.9943 -0.1022
vn -0.0377 0.9928 -0.1141
vn -0.0463 0.9904 -0.1306
vn -0.0578 0.9864 -0.1542
vn -0.0745 0.9789 -0.1902
vn -0.1012 0.9628 -0.2507
vn -0.1513 0.9177 -0.3674
vn -0.2666 0.7326 -0.6262
vn -0.3631 0.5793 -0.7298
vn -0.0031 0.9928 -0.1199
vn -0.0015 0.9929 -0.1192
vn -0.0062 0.9925 -0.1218
vn -0.0094 0.9921 -0.1249
vn -0.0128 0.9915 -0.1296
vn -0.0165 0.9906 -0.1358
vn -0.0206 0.9893 -0.1442
vn -0.0252 0.9876 -0.1551
vn -0.0307 0.9850 -0.1696
vn -0.0372 0.9813 -0.1889
vn -0.0455 0.9755 -0.2153
vn -0.0565 0.9659 -0.2525
vn -0.0719 0.9488 -0.3077
vn -0.0953 0.9140 -0.3943
vn -0.1341 0.8318 -0.5387
vn -0.2029 0.6101 -0.7659
vn -0.2752 0.4389 -0.8553
vn -0.0031 0.9558 -0.2941
vn -0.0014 0.9563 -0.2924
vn -0.0060 0.9544 -0.2985
vn -0.0090 0.9521 -0.3056
vn -0.0122 0.9488 -0.3157
vn -0.0157 0.9442 -0.3291
vn -0.0194 0.9378 -0.3465
vn -0.0236 0.9292 -0.3688
vn -0.0283 0.9175 -0.3967
vn -0.0339 0.9012 -0.4322
vn -0.0405 0.8782 -0.4766
vn -0.0486 0.8451 -0.5324
vn -0.0587 0.7964 -0.6020
vn -0.0720 0.7219 -0.6882
vn -0.0899 0.6060 -0.7904
vn -0.1175 0.4147 -0.9023
vn -0.1663 0.2647 -0.9499
vn -0.0061 0.8883 -0.4592
vn -0.0088 0.8936 -0.4488
vn 1.0000 0.0003 0.0001
vn 1.0000 0.0001 -0.0000
vn 1.0000 0.0002 -0.0000
vn 1.0000 -0.0002 -0.0000
vn 1.0000 0.0009 -0.0005
vn 1.0000 0.0004 -0.0000
vn 1.0000 -0.0008 -0.0000
vn 1.0000 -0.0003 -0.0000
vn 1.0000 -0.0011 -0.0000
vn 1.0000 0.0007 -0.0000
vn 1.0000 0.0008 -0.0000
vn 1.0000 0.0013 -0.0000
vn 1.0000 -0.0016 -0.0001
vn 1.0000 -0.0007 -0.0000
vn 1.0000 -0.0001 -0.0000
vn -0.0000 0.9042 0.4272
vn -0.0000 0.9884 0.1516
vn -0.0000 0.9962 0.0867
vn -0.0000 0.9984 0.0566
vn -0.0000 0.9993 0.0382
vn -0.0000 0.9997 0.0249
vn -0.0000 0.9999 0.0141
vn -0.0000 1.0000 0.0046
vn -0.0000 1.0000 -0.0046
vn -0.0000 0.9999 -0.0141
vn -0.0000 0.9997 -0.0249
vn -0.0000 0.9993 -0.0382
vn -0.0000 0.9984 -0.0566
vn -0.0000 0.9962 -0.0867
vn -0.0000 0.9884 -0.1516
vn -0.0000 0.9042 -0.4272
vn -0.0000 0.9041 -0.4272
vt 0.222493 0.800301
vt 0.223943 0.798187
vt 0.233365 0.798187
vt 0.233365 0.800301
vt 0.222493 0.782176
vt 0.223943 0.784290
vt 0.233365 0.782176
vt 0.233365 0.784290
vt 0.498736 0.256603
vt 0.500518 0.256603
vt 0.512140 0.256603
vt 0.510358 0.256603
vt 0.498736 0.237226
vt 0.500518 0.237226
vt 0.510358 0.237226
vt 0.512140 0.237226
vt 0.510358 0.239486
vt 0.512140 0.239486
vt 0.500285 0.239486
vt 0.502068 0.239486
vt 0.500285 0.254342
vt 0.502068 0.254342
vt 0.510358 0.254342
vt 0.512140 0.254342
vt 0.248035 0.769857
vt 0.246585 0.771972
vt 0.257457 0.771972
vt 0.257457 0.769857
vt 0.248035 0.755961
vt 0.246585 0.753846
vt 0.257457 0.755961
vt 0.257457 0.753846
vt 0.855754 0.389710
vt 0.856165 0.387941
vt 0.856165 0.388815
vt 0.856165 0.389698
vt 0.856165 0.390581
vt 0.856165 0.391455
vt 0.856165 0.392313
vt 0.856165 0.393146
vt 0.856165 0.393945
vt 0.856165 0.394704
vt 0.856165 0.395415
vt 0.856165 0.396070
vt 0.856165 0.396665
vt 0.856165 0.397192
vt 0.856165 0.397647
vt 0.856165 0.398026
vt 0.856165 0.398325
vt 0.856165 0.398541
vt 0.856165 0.389710
vt 0.857382 0.387956
vt 0.857382 0.386241
vt 0.857382 0.389687
vt 0.857382 0.391419
vt 0.857382 0.393134
vt 0.857382 0.394817
vt 0.857382 0.396450
vt 0.857382 0.398018
vt 0.857382 0.399506
vt 0.857382 0.400900
vt 0.857382 0.402186
vt 0.857382 0.403352
vt 0.857382 0.404387
vt 0.857382 0.405280
vt 0.857382 0.406023
vt 0.857382 0.406609
vt 0.857382 0.407033
vt 0.857382 0.389710
vt 0.859359 0.387163
vt 0.859359 0.384674
vt 0.859359 0.389677
vt 0.859359 0.392191
vt 0.859359 0.394681
vt 0.859359 0.397124
vt 0.859359 0.399495
vt 0.859359 0.401771
vt 0.859359 0.403932
vt 0.859359 0.405955
vt 0.859359 0.407823
vt 0.859359 0.409516
vt 0.859359 0.411017
vt 0.859359 0.412314
vt 0.859359 0.413393
vt 0.859359 0.414244
vt 0.859359 0.414859
vt 0.859359 0.389710
vt 0.862019 0.386468
vt 0.862019 0.383300
vt 0.862019 0.389668
vt 0.862019 0.392868
vt 0.862019 0.396037
vt 0.862019 0.399146
vt 0.862019 0.402164
vt 0.862019 0.405061
vt 0.862019 0.407811
vt 0.862019 0.410387
vt 0.862019 0.412763
vt 0.862019 0.414918
vt 0.862019 0.416829
vt 0.862019 0.418480
vt 0.862019 0.419853
vt 0.862019 0.420936
vt 0.862019 0.421719
vt 0.862019 0.389710
vt 0.865261 0.385898
vt 0.865261 0.382173
vt 0.865261 0.389661
vt 0.865261 0.393423
vt 0.865261 0.397150
vt 0.865261 0.400805
vt 0.865261 0.404354
vt 0.865261 0.407761
vt 0.865261 0.410995
vt 0.865261 0.414023
vt 0.865261 0.416818
vt 0.865261 0.419351
vt 0.865261 0.421599
vt 0.865261 0.423540
vt 0.865261 0.425155
vt 0.865261 0.426428
vt 0.865261 0.427348
vt 0.865261 0.389710
vt 0.868959 0.385475
vt 0.868959 0.381335
vt 0.868959 0.389655
vt 0.868959 0.393836
vt 0.868959 0.397977
vt 0.868959 0.402039
vt 0.868959 0.405981
vt 0.868959 0.409768
vt 0.868959 0.413360
vt 0.868959 0.416726
vt 0.868959 0.419831
vt 0.868959 0.422646
vt 0.868959 0.425143
vt 0.868959 0.427300
vt 0.868959 0.429094
vt 0.868959 0.430509
vt 0.868959 0.431531
vt 0.868959 0.389710
vt 0.872971 0.385214
vt 0.872971 0.380819
vt 0.872971 0.389652
vt 0.872971 0.394090
vt 0.872971 0.398486
vt 0.872971 0.402798
vt 0.872971 0.406984
vt 0.872971 0.411003
vt 0.872971 0.414817
vt 0.872971 0.418390
vt 0.872971 0.421686
vt 0.872971 0.424674
vt 0.872971 0.427326
vt 0.872971 0.429615
vt 0.872971 0.431520
vt 0.872971 0.433022
vt 0.872971 0.434107
vt 0.872971 0.389710
vt 0.877144 0.385126
vt 0.877144 0.380645
vt 0.877144 0.389651
vt 0.877144 0.394176
vt 0.877144 0.398658
vt 0.877144 0.403055
vt 0.877144 0.407322
vt 0.877144 0.411420
vt 0.877144 0.415309
vt 0.877144 0.418951
vt 0.877144 0.422312
vt 0.877144 0.425359
vt 0.877144 0.428063
vt 0.877144 0.430397
vt 0.877144 0.432339
vt 0.877144 0.433871
vt 0.877144 0.434977
vt 0.877144 0.389710
vt 0.881317 0.385214
vt 0.881317 0.380819
vt 0.881317 0.389652
vt 0.881317 0.394090
vt 0.881317 0.398486
vt 0.881317 0.402798
vt 0.881317 0.406984
vt 0.881317 0.411003
vt 0.881317 0.414817
vt 0.881317 0.418390
vt 0.881317 0.421686
vt 0.881317 0.424674
vt 0.881317 0.427326
vt 0.881317 0.429615
vt 0.881317 0.431520
vt 0.881317 0.433022
vt 0.881317 0.434107
vt 0.881317 0.389710
vt 0.885330 0.385475
vt 0.885330 0.381335
vt 0.885330 0.389655
vt 0.885330 0.393836
vt 0.885330 0.397977
vt 0.885330 0.402039
vt 0.885330 0.405981
vt 0.885330 0.409768
vt 0.885330 0.413360
vt 0.885330 0.416726
vt 0.885330 0.419831
vt 0.885330 0.422646
vt 0.885330 0.425143
vt 0.885330 0.427300
vt 0.885330 0.429094
vt 0.885330 0.430509
vt 0.885330 0.431531
vt 0.885330 0.389710
vt 0.889028 0.385898
vt 0.889028 0.382173
vt 0.889028 0.389661
vt 0.889028 0.393423
vt 0.889028 0.397150
vt 0.889028 0.400805
vt 0.889028 0.404354
vt 0.889028 0.407761
vt 0.889028 0.410995
vt 0.889028 0.414023
vt 0.889028 0.416818
vt 0.889028 0.419351
vt 0.889028 0.421599
vt 0.889028 0.423540
vt 0.889028 0.425155
vt 0.889028 0.426428
vt 0.889028 0.427348
vt 0.889028 0.389710
vt 0.892269 0.386468
vt 0.892269 0.383300
vt 0.892269 0.389668
vt 0.892269 0.392868
vt 0.892269 0.396037
vt 0.892269 0.399146
vt 0.892269 0.402163
vt 0.892269 0.405061
vt 0.892269 0.407811
vt 0.892269 0.410387
vt 0.892269 0.412763
vt 0.892269 0.414918
vt 0.892269 0.416829
vt 0.892269 0.418480
vt 0.892269 0.419853
vt 0.892269 0.420936
vt 0.892269 0.421719
vt 0.892269 0.389710
vt 0.894930 0.387163
vt 0.894930 0.384674
vt 0.894930 0.389677
vt 0.894930 0.392191
vt 0.894930 0.394681
vt 0.894930 0.397124
vt 0.894930 0.399495
vt 0.894930 0.401771
vt 0.894930 0.403932
vt 0.894930 0.405955
vt 0.894930 0.407823
vt 0.894930 0.409515
vt 0.894930 0.411017
vt 0.894930 0.412314
vt 0.894930 0.413393
vt 0.894930 0.414244
vt 0.894930 0.414859
vt 0.894930 0.389710
vt 0.896906 0.387955
vt 0.896906 0.386241
vt 0.896906 0.389687
vt 0.896906 0.391419
vt 0.896906 0.393134
vt 0.896906 0.394816
vt 0.896906 0.396450
vt 0.896906 0.398018
vt 0.896906 0.399506
vt 0.896906 0.400900
vt 0.896906 0.402186
vt 0.896906 0.403352
vt 0.896906 0.404387
vt 0.896906 0.405280
vt 0.896906 0.406023
vt 0.896906 0.406609
vt 0.896906 0.407033
vt 0.896906 0.389710
vt 0.898123 0.388815
vt 0.898123 0.387941
vt 0.898123 0.389698
vt 0.898123 0.390581
vt 0.898123 0.391455
vt 0.898123 0.392313
vt 0.898123 0.393146
vt 0.898123 0.393945
vt 0.898123 0.394704
vt 0.898123 0.395414
vt 0.898123 0.396070
vt 0.898123 0.396665
vt 0.898123 0.397192
vt 0.898123 0.397647
vt 0.898123 0.398026
vt 0.898123 0.398325
vt 0.898123 0.398541
vt 0.898123 0.389710
vt 0.898534 0.389710
vt 0.857382 0.221468
vt 0.856165 0.223168
vt 0.855754 0.224937
vt 0.898123 0.224936
vt 0.898534 0.224936
vt 0.898123 0.223168
vt 0.896906 0.224936
vt 0.894929 0.224936
vt 0.892269 0.224936
vt 0.889028 0.224936
vt 0.885330 0.224937
vt 0.881317 0.224937
vt 0.877144 0.224937
vt 0.872971 0.224937
vt 0.868959 0.224937
vt 0.865261 0.224937
vt 0.862019 0.224937
vt 0.859359 0.224937
vt 0.857382 0.224937
vt 0.856165 0.224937
vt 0.896906 0.221468
vt 0.894929 0.219901
vt 0.892269 0.218527
vt 0.889028 0.217400
vt 0.885330 0.216562
vt 0.881317 0.216046
vt 0.877144 0.215872
vt 0.872971 0.216046
vt 0.868959 0.216562
vt 0.865261 0.217400
vt 0.862019 0.218527
vt 0.859359 0.219901
vt 0.855754 0.381493
vt 0.856165 0.379725
vt 0.856165 0.381493
vt 0.857382 0.378024
vt 0.857382 0.381493
vt 0.859359 0.376457
vt 0.859359 0.381493
vt 0.862019 0.375084
vt 0.862019 0.381493
vt 0.865261 0.373956
vt 0.865261 0.381493
vt 0.868959 0.373119
vt 0.868959 0.381493
vt 0.872971 0.372603
vt 0.872971 0.381493
vt 0.877144 0.372428
vt 0.877144 0.381493
vt 0.881317 0.372603
vt 0.881317 0.381493
vt 0.885330 0.373119
vt 0.885330 0.381493
vt 0.889028 0.373956
vt 0.889028 0.381493
vt 0.892269 0.375084
vt 0.892269 0.381493
vt 0.894930 0.376457
vt 0.894930 0.381493
vt 0.896906 0.378024
vt 0.896906 0.381493
vt 0.898123 0.379725
vt 0.898123 0.381493
vt 0.898534 0.381493
vt 0.856165 0.357529
vt 0.857382 0.355829
vt 0.855754 0.359298
vt 0.898534 0.359297
vt 0.898123 0.359298
vt 0.898123 0.357529
vt 0.896906 0.355829
vt 0.894929 0.354261
vt 0.892269 0.352888
vt 0.889028 0.351761
vt 0.885330 0.350923
vt 0.881317 0.350407
vt 0.877144 0.350233
vt 0.872971 0.350407
vt 0.868959 0.350923
vt 0.865261 0.351761
vt 0.862019 0.352888
vt 0.859359 0.354261
vt 0.896906 0.359297
vt 0.856165 0.359298
vt 0.894929 0.359297
vt 0.892269 0.359298
vt 0.889028 0.359298
vt 0.857382 0.359298
vt 0.885330 0.359298
vt 0.859359 0.359298
vt 0.881317 0.359298
vt 0.862019 0.359298
vt 0.877144 0.359298
vt 0.865261 0.359298
vt 0.872971 0.359298
vt 0.868959 0.359298
s 1
usemtl Material_#25
f 914/975/799 918/976/799 917/977/799
f 917/977/799 913/978/799 914/975/799
f 915/979/799 919/980/799 918/976/799
f 918/976/799 914/975/799 915/979/799
f 916/981/799 920/982/799 919/980/799
f 919/980/799 915/979/799 916/981/799
f 930/983/800 922/984/800 921/985/800
f 921/985/800 929/986/800 930/983/800
f 931/987/801 923/988/801 922/984/801
f 922/984/801 930/983/801 931/987/801
f 932/989/802 924/990/802 923/988/802
f 923/988/802 931/987/802 932/989/802
f 933/991/803 925/992/803 924/990/803
f 924/990/803 932/989/803 933/991/803
f 934/993/800 926/994/800 925/992/800
f 925/992/800 933/991/800 934/993/800
f 935/995/803 927/996/803 926/994/803
f 926/994/803 934/993/803 935/995/803
f 936/997/802 928/998/802 927/996/802
f 927/996/802 935/995/802 936/997/802
f 929/986/803 921/985/803 928/998/803
f 928/998/803 936/997/803 929/986/803
f 942/999/804 938/1000/804 937/1001/804
f 937/1001/804 941/1002/804 942/999/804
f 943/1003/804 939/1004/804 938/1000/804
f 938/1000/804 942/999/804 943/1003/804
f 944/1005/804 940/1006/804 939/1004/804
f 939/1004/804 943/1003/804 944/1005/804
f 945/1007/805 946/1008/806 947/1009/807
f 945/1007/805 947/1009/807 948/1010/808
f 945/1007/805 948/1010/808 949/1011/809
f 945/1007/805 949/1011/809 950/1012/810
f 945/1007/805 950/1012/810 951/1013/811
f 945/1007/805 951/1013/811 952/1014/812
f 945/1007/805 952/1014/812 953/1015/813
f 945/1007/805 953/1015/813 954/1016/814
f 945/1007/805 954/1016/814 955/1017/815
f 945/1007/805 955/1017/815 956/1018/816
f 945/1007/805 956/1018/816 957/1019/817
f 945/1007/805 957/1019/817 958/1020/818
f 945/1007/805 958/1020/818 959/1021/819
f 945/1007/805 959/1021/819 960/1022/820
f 945/1007/805 960/1022/820 961/1023/821
f 945/1007/805 961/1023/821 962/1024/822
f 945/1007/803 962/1024/803 963/1025/803
f 965/1026/823 947/1009/807 946/1008/806
f 946/1008/806 964/1027/824 965/1026/823
f 966/1028/825 948/1010/808 947/1009/807
f 947/1009/807 965/1026/823 966/1028/825
f 967/1029/826 949/1011/809 948/1010/808
f 948/1010/808 966/1028/825 967/1029/826
f 968/1030/827 950/1012/810 949/1011/809
f 949/1011/809 967/1029/826 968/1030/827
f 969/1031/828 951/1013/811 950/1012/810
f 950/1012/810 968/1030/827 969/1031/828
f 970/1032/829 952/1014/812 951/1013/811
f 951/1013/811 969/1031/828 970/1032/829
f 971/1033/830 953/1015/813 952/1014/812
f 952/1014/812 970/1032/829 971/1033/830
f 972/1034/831 954/1016/814 953/1015/813
f 953/1015/813 971/1033/830 972/1034/831
f 973/1035/832 955/1017/815 954/1016/814
f 954/1016/814 972/1034/831 973/1035/832
f 974/1036/833 956/1018/816 955/1017/815
f 955/1017/815 973/1035/832 974/1036/833
f 975/1037/834 957/1019/817 956/1018/816
f 956/1018/816 974/1036/833 975/1037/834
f 976/1038/835 958/1020/818 957/1019/817
f 957/1019/817 975/1037/834 976/1038/835
f 977/1039/836 959/1021/819 958/1020/818
f 958/1020/818 976/1038/835 977/1039/836
f 978/1040/837 960/1022/820 959/1021/819
f 959/1021/819 977/1039/836 978/1040/837
f 979/1041/838 961/1023/821 960/1022/820
f 960/1022/820 978/1040/837 979/1041/838
f 980/1042/839 962/1024/822 961/1023/821
f 961/1023/821 979/1041/838 980/1042/839
f 981/1043/803 963/1025/803 962/1024/803
f 962/1024/803 980/1042/803 981/1043/803
f 983/1044/840 965/1026/823 964/1027/824
f 964/1027/824 982/1045/841 983/1044/840
f 984/1046/842 966/1028/825 965/1026/823
f 965/1026/823 983/1044/840 984/1046/842
f 985/1047/843 967/1029/826 966/1028/825
f 966/1028/825 984/1046/842 985/1047/843
f 986/1048/844 968/1030/827 967/1029/826
f 967/1029/826 985/1047/843 986/1048/844
f 987/1049/845 969/1031/828 968/1030/827
f 968/1030/827 986/1048/844 987/1049/845
f 988/1050/846 970/1032/829 969/1031/828
f 969/1031/828 987/1049/845 988/1050/846
f 989/1051/847 971/1033/830 970/1032/829
f 970/1032/829 988/1050/846 989/1051/847
f 990/1052/848 972/1034/831 971/1033/830
f 971/1033/830 989/1051/847 990/1052/848
f 991/1053/849 973/1035/832 972/1034/831
f 972/1034/831 990/1052/848 991/1053/849
f 992/1054/850 974/1036/833 973/1035/832
f 973/1035/832 991/1053/849 992/1054/850
f 993/1055/851 975/1037/834 974/1036/833
f 974/1036/833 992/1054/850 993/1055/851
f 994/1056/852 976/1038/835 975/1037/834
f 975/1037/834 993/1055/851 994/1056/852
f 995/1057/853 977/1039/836 976/1038/835
f 976/1038/835 994/1056/852 995/1057/853
f 996/1058/854 978/1040/837 977/1039/836
f 977/1039/836 995/1057/853 996/1058/854
f 997/1059/855 979/1041/838 978/1040/837
f 978/1040/837 996/1058/854 997/1059/855
f 998/1060/856 980/1042/839 979/1041/838
f 979/1041/838 997/1059/855 998/1060/856
f 999/1061/803 981/1043/803 980/1042/803
f 980/1042/803 998/1060/803 999/1061/803
f 1001/1062/857 983/1044/840 982/1045/841
f 982/1045/841 1000/1063/858 1001/1062/857
f 1002/1064/859 984/1046/842 983/1044/840
f 983/1044/840 1001/1062/857 1002/1064/859
f 1003/1065/860 985/1047/843 984/1046/842
f 984/1046/842 1002/1064/859 1003/1065/860
f 1004/1066/861 986/1048/844 985/1047/843
f 985/1047/843 1003/1065/860 1004/1066/861
f 1005/1067/862 987/1049/845 986/1048/844
f 986/1048/844 1004/1066/861 1005/1067/862
f 1006/1068/863 988/1050/846 987/1049/845
f 987/1049/845 1005/1067/862 1006/1068/863
f 1007/1069/864 989/1051/847 988/1050/846
f 988/1050/846 1006/1068/863 1007/1069/864
f 1008/1070/865 990/1052/848 989/1051/847
f 989/1051/847 1007/1069/864 1008/1070/865
f 1009/1071/866 991/1053/849 990/1052/848
f 990/1052/848 1008/1070/865 1009/1071/866
f 1010/1072/867 992/1054/850 991/1053/849
f 991/1053/849 1009/1071/866 1010/1072/867
f 1011/1073/868 993/1055/851 992/1054/850
f 992/1054/850 1010/1072/867 1011/1073/868
f 1012/1074/869 994/1056/852 993/1055/851
f 993/1055/851 1011/1073/868 1012/1074/869
f 1013/1075/870 995/1057/853 994/1056/852
f 994/1056/852 1012/1074/869 1013/1075/870
f 1014/1076/871 996/1058/854 995/1057/853
f 995/1057/853 1013/1075/870 1014/1076/871
f 1015/1077/872 997/1059/855 996/1058/854
f 996/1058/854 1014/1076/871 1015/1077/872
f 1016/1078/873 998/1060/856 997/1059/855
f 997/1059/855 1015/1077/872 1016/1078/873
f 1017/1079/803 999/1061/803 998/1060/803
f 998/1060/803 1016/1078/803 1017/1079/803
f 1019/1080/874 1001/1062/857 1000/1063/858
f 1000/1063/858 1018/1081/875 1019/1080/874
f 1020/1082/876 1002/1064/859 1001/1062/857
f 1001/1062/857 1019/1080/874 1020/1082/876
f 1021/1083/877 1003/1065/860 1002/1064/859
f 1002/1064/859 1020/1082/876 1021/1083/877
f 1022/1084/878 1004/1066/861 1003/1065/860
f 1003/1065/860 1021/1083/877 1022/1084/878
f 1023/1085/879 1005/1067/862 1004/1066/861
f 1004/1066/861 1022/1084/878 1023/1085/879
f 1024/1086/880 1006/1068/863 1005/1067/862
f 1005/1067/862 1023/1085/879 1024/1086/880
f 1025/1087/881 1007/1069/864 1006/1068/863
f 1006/1068/863 1024/1086/880 1025/1087/881
f 1026/1088/882 1008/1070/865 1007/1069/864
f 1007/1069/864 1025/1087/881 1026/1088/882
f 1027/1089/883 1009/1071/866 1008/1070/865
f 1008/1070/865 1026/1088/882 1027/1089/883
f 1028/1090/884 1010/1072/867 1009/1071/866
f 1009/1071/866 1027/1089/883 1028/1090/884
f 1029/1091/885 1011/1073/868 1010/1072/867
f 1010/1072/867 1028/1090/884 1029/1091/885
f 1030/1092/886 1012/1074/869 1011/1073/868
f 1011/1073/868 1029/1091/885 1030/1092/886
f 1031/1093/887 1013/1075/870 1012/1074/869
f 1012/1074/869 1030/1092/886 1031/1093/887
f 1032/1094/888 1014/1076/871 1013/1075/870
f 1013/1075/870 1031/1093/887 1032/1094/888
f 1033/1095/889 1015/1077/872 1014/1076/871
f 1014/1076/871 1032/1094/888 1033/1095/889
f 1034/1096/890 1016/1078/873 1015/1077/872
f 1015/1077/872 1033/1095/889 1034/1096/890
f 1035/1097/803 1017/1079/803 1016/1078/803
f 1016/1078/803 1034/1096/803 1035/1097/803
f 1037/1098/891 1019/1080/874 1018/1081/875
f 1018/1081/875 1036/1099/892 1037/1098/891
f 1038/1100/893 1020/1082/876 1019/1080/874
f 1019/1080/874 1037/1098/891 1038/1100/893
f 1039/1101/894 1021/1083/877 1020/1082/876
f 1020/1082/876 1038/1100/893 1039/1101/894
f 1040/1102/895 1022/1084/878 1021/1083/877
f 1021/1083/877 1039/1101/894 1040/1102/895
f 1041/1103/896 1023/1085/879 1022/1084/878
f 1022/1084/878 1040/1102/895 1041/1103/896
f 1042/1104/897 1024/1086/880 1023/1085/879
f 1023/1085/879 1041/1103/896 1042/1104/897
f 1043/1105/898 1025/1087/881 1024/1086/880
f 1024/1086/880 1042/1104/897 1043/1105/898
f 1044/1106/899 1026/1088/882 1025/1087/881
f 1025/1087/881 1043/1105/898 1044/1106/899
f 1045/1107/900 1027/1089/883 1026/1088/882
f 1026/1088/882 1044/1106/899 1045/1107/900
f 1046/1108/901 1028/1090/884 1027/1089/883
f 1027/1089/883 1045/1107/900 1046/1108/901
f 1047/1109/902 1029/1091/885 1028/1090/884
f 1028/1090/884 1046/1108/901 1047/1109/902
f 1048/1110/903 1030/1092/886 1029/1091/885
f 1029/1091/885 1047/1109/902 1048/1110/903
f 1049/1111/904 1031/1093/887 1030/1092/886
f 1030/1092/886 1048/1110/903 1049/1111/904
f 1050/1112/905 1032/1094/888 1031/1093/887
f 1031/1093/887 1049/1111/904 1050/1112/905
f 1051/1113/906 1033/1095/889 1032/1094/888
f 1032/1094/888 1050/1112/905 1051/1113/906
f 1052/1114/907 1034/1096/890 1033/1095/889
f 1033/1095/889 1051/1113/906 1052/1114/907
f 1053/1115/803 1035/1097/803 1034/1096/803
f 1034/1096/803 1052/1114/803 1053/1115/803
f 1055/1116/908 1037/1098/891 1036/1099/892
f 1036/1099/892 1054/1117/909 1055/1116/908
f 1056/1118/910 1038/1100/893 1037/1098/891
f 1037/1098/891 1055/1116/908 1056/1118/910
f 1057/1119/911 1039/1101/894 1038/1100/893
f 1038/1100/893 1056/1118/910 1057/1119/911
f 1058/1120/912 1040/1102/895 1039/1101/894
f 1039/1101/894 1057/1119/911 1058/1120/912
f 1059/1121/913 1041/1103/896 1040/1102/895
f 1040/1102/895 1058/1120/912 1059/1121/913
f 1060/1122/914 1042/1104/897 1041/1103/896
f 1041/1103/896 1059/1121/913 1060/1122/914
f 1061/1123/915 1043/1105/898 1042/1104/897
f 1042/1104/897 1060/1122/914 1061/1123/915
f 1062/1124/916 1044/1106/899 1043/1105/898
f 1043/1105/898 1061/1123/915 1062/1124/916
f 1063/1125/917 1045/1107/900 1044/1106/899
f 1044/1106/899 1062/1124/916 1063/1125/917
f 1064/1126/918 1046/1108/901 1045/1107/900
f 1045/1107/900 1063/1125/917 1064/1126/918
f 1065/1127/919 1047/1109/902 1046/1108/901
f 1046/1108/901 1064/1126/918 1065/1127/919
f 1066/1128/920 1048/1110/903 1047/1109/902
f 1047/1109/902 1065/1127/919 1066/1128/920
f 1067/1129/921 1049/1111/904 1048/1110/903
f 1048/1110/903 1066/1128/920 1067/1129/921
f 1068/1130/922 1050/1112/905 1049/1111/904
f 1049/1111/904 1067/1129/921 1068/1130/922
f 1069/1131/923 1051/1113/906 1050/1112/905
f 1050/1112/905 1068/1130/922 1069/1131/923
f 1070/1132/924 1052/1114/907 1051/1113/906
f 1051/1113/906 1069/1131/923 1070/1132/924
f 1071/1133/803 1053/1115/803 1052/1114/803
f 1052/1114/803 1070/1132/803 1071/1133/803
f 1073/1134/925 1055/1116/908 1054/1117/909
f 1054/1117/909 1072/1135/926 1073/1134/925
f 1074/1136/927 1056/1118/910 1055/1116/908
f 1055/1116/908 1073/1134/925 1074/1136/927
f 1075/1137/928 1057/1119/911 1056/1118/910
f 1056/1118/910 1074/1136/927 1075/1137/928
f 1076/1138/929 1058/1120/912 1057/1119/911
f 1057/1119/911 1075/1137/928 1076/1138/929
f 1077/1139/930 1059/1121/913 1058/1120/912
f 1058/1120/912 1076/1138/929 1077/1139/930
f 1078/1140/931 1060/1122/914 1059/1121/913
f 1059/1121/913 1077/1139/930 1078/1140/931
f 1079/1141/932 1061/1123/915 1060/1122/914
f 1060/1122/914 1078/1140/931 1079/1141/932
f 1080/1142/933 1062/1124/916 1061/1123/915
f 1061/1123/915 1079/1141/932 1080/1142/933
f 1081/1143/934 1063/1125/917 1062/1124/916
f 1062/1124/916 1080/1142/933 1081/1143/934
f 1082/1144/935 1064/1126/918 1063/1125/917
f 1063/1125/917 1081/1143/934 1082/1144/935
f 1083/1145/936 1065/1127/919 1064/1126/918
f 1064/1126/918 1082/1144/935 1083/1145/936
f 1084/1146/937 1066/1128/920 1065/1127/919
f 1065/1127/919 1083/1145/936 1084/1146/937
f 1085/1147/938 1067/1129/921 1066/1128/920
f 1066/1128/920 1084/1146/937 1085/1147/938
f 1086/1148/939 1068/1130/922 1067/1129/921
f 1067/1129/921 1085/1147/938 1086/1148/939
f 1087/1149/940 1069/1131/923 1068/1130/922
f 1068/1130/922 1086/1148/939 1087/1149/940
f 1088/1150/941 1070/1132/924 1069/1131/923
f 1069/1131/923 1087/1149/940 1088/1150/941
f 1089/1151/803 1071/1133/803 1070/1132/803
f 1070/1132/803 1088/1150/803 1089/1151/803
f 1091/1152/942 1073/1134/925 1072/1135/926
f 1072/1135/926 1090/1153/943 1091/1152/942
f 1092/1154/944 1074/1136/927 1073/1134/925
f 1073/1134/925 1091/1152/942 1092/1154/944
f 1093/1155/945 1075/1137/928 1074/1136/927
f 1074/1136/927 1092/1154/944 1093/1155/945
f 1094/1156/946 1076/1138/929 1075/1137/928
f 1075/1137/928 1093/1155/945 1094/1156/946
f 1095/1157/947 1077/1139/930 1076/1138/929
f 1076/1138/929 1094/1156/946 1095/1157/947
f 1096/1158/948 1078/1140/931 1077/1139/930
f 1077/1139/930 1095/1157/947 1096/1158/948
f 1097/1159/949 1079/1141/932 1078/1140/931
f 1078/1140/931 1096/1158/948 1097/1159/949
f 1098/1160/950 1080/1142/933 1079/1141/932
f 1079/1141/932 1097/1159/949 1098/1160/950
f 1099/1161/951 1081/1143/934 1080/1142/933
f 1080/1142/933 1098/1160/950 1099/1161/951
f 1100/1162/952 1082/1144/935 1081/1143/934
f 1081/1143/934 1099/1161/951 1100/1162/952
f 1101/1163/953 1083/1145/936 1082/1144/935
f 1082/1144/935 1100/1162/952 1101/1163/953
f 1102/1164/954 1084/1146/937 1083/1145/936
f 1083/1145/936 1101/1163/953 1102/1164/954
f 1103/1165/955 1085/1147/938 1084/1146/937
f 1084/1146/937 1102/1164/954 1103/1165/955
f 1104/1166/956 1086/1148/939 1085/1147/938
f 1085/1147/938 1103/1165/955 1104/1166/956
f 1105/1167/957 1087/1149/940 1086/1148/939
f 1086/1148/939 1104/1166/956 1105/1167/957
f 1106/1168/958 1088/1150/941 1087/1149/940
f 1087/1149/940 1105/1167/957 1106/1168/958
f 1107/1169/803 1089/1151/803 1088/1150/803
f 1088/1150/803 1106/1168/803 1107/1169/803
f 1109/1170/959 1091/1152/942 1090/1153/943
f 1090/1153/943 1108/1171/960 1109/1170/959
f 1110/1172/961 1092/1154/944 1091/1152/942
f 1091/1152/942 1109/1170/959 1110/1172/961
f 1111/1173/962 1093/1155/945 1092/1154/944
f 1092/1154/944 1110/1172/961 1111/1173/962
f 1112/1174/963 1094/1156/946 1093/1155/945
f 1093/1155/945 1111/1173/962 1112/1174/963
f 1113/1175/964 1095/1157/947 1094/1156/946
f 1094/1156/946 1112/1174/963 1113/1175/964
f 1114/1176/965 1096/1158/948 1095/1157/947
f 1095/1157/947 1113/1175/964 1114/1176/965
f 1115/1177/966 1097/1159/949 1096/1158/948
f 1096/1158/948 1114/1176/965 1115/1177/966
f 1116/1178/967 1098/1160/950 1097/1159/949
f 1097/1159/949 1115/1177/966 1116/1178/967
f 1117/1179/968 1099/1161/951 1098/1160/950
f 1098/1160/950 1116/1178/967 1117/1179/968
f 1118/1180/969 1100/1162/952 1099/1161/951
f 1099/1161/951 1117/1179/968 1118/1180/969
f 1119/1181/970 1101/1163/953 1100/1162/952
f 1100/1162/952 1118/1180/969 1119/1181/970
f 1120/1182/971 1102/1164/954 1101/1163/953
f 1101/1163/953 1119/1181/970 1120/1182/971
f 1121/1183/972 1103/1165/955 1102/1164/954
f 1102/1164/954 1120/1182/971 1121/1183/972
f 1122/1184/973 1104/1166/956 1103/1165/955
f 1103/1165/955 1121/1183/972 1122/1184/973
f 1123/1185/974 1105/1167/957 1104/1166/956
f 1104/1166/956 1122/1184/973 1123/1185/974
f 1124/1186/975 1106/1168/958 1105/1167/957
f 1105/1167/957 1123/1185/974 1124/1186/975
f 1125/1187/803 1107/1169/803 1106/1168/803
f 1106/1168/803 1124/1186/803 1125/1187/803
f 1127/1188/976 1109/1170/959 1108/1171/960
f 1108/1171/960 1126/1189/977 1127/1188/976
f 1128/1190/978 1110/1172/961 1109/1170/959
f 1109/1170/959 1127/1188/976 1128/1190/978
f 1129/1191/979 1111/1173/962 1110/1172/961
f 1110/1172/961 1128/1190/978 1129/1191/979
f 1130/1192/980 1112/1174/963 1111/1173/962
f 1111/1173/962 1129/1191/979 1130/1192/980
f 1131/1193/981 1113/1175/964 1112/1174/963
f 1112/1174/963 1130/1192/980 1131/1193/981
f 1132/1194/982 1114/1176/965 1113/1175/964
f 1113/1175/964 1131/1193/981 1132/1194/982
f 1133/1195/983 1115/1177/966 1114/1176/965
f 1114/1176/965 1132/1194/982 1133/1195/983
f 1134/1196/984 1116/1178/967 1115/1177/966
f 1115/1177/966 1133/1195/983 1134/1196/984
f 1135/1197/985 1117/1179/968 1116/1178/967
f 1116/1178/967 1134/1196/984 1135/1197/985
f 1136/1198/986 1118/1180/969 1117/1179/968
f 1117/1179/968 1135/1197/985 1136/1198/986
f 1137/1199/987 1119/1181/970 1118/1180/969
f 1118/1180/969 1136/1198/986 1137/1199/987
f 1138/1200/988 1120/1182/971 1119/1181/970
f 1119/1181/970 1137/1199/987 1138/1200/988
f 1139/1201/989 1121/1183/972 1120/1182/971
f 1120/1182/971 1138/1200/988 1139/1201/989
f 1140/1202/990 1122/1184/973 1121/1183/972
f 1121/1183/972 1139/1201/989 1140/1202/990
f 1141/1203/991 1123/1185/974 1122/1184/973
f 1122/1184/973 1140/1202/990 1141/1203/991
f 1142/1204/992 1124/1186/975 1123/1185/974
f 1123/1185/974 1141/1203/991 1142/1204/992
f 1143/1205/803 1125/1187/803 1124/1186/803
f 1124/1186/803 1142/1204/803 1143/1205/803
f 1145/1206/993 1127/1188/976 1126/1189/977
f 1126/1189/977 1144/1207/994 1145/1206/993
f 1146/1208/995 1128/1190/978 1127/1188/976
f 1127/1188/976 1145/1206/993 1146/1208/995
f 1147/1209/996 1129/1191/979 1128/1190/978
f 1128/1190/978 1146/1208/995 1147/1209/996
f 1148/1210/997 1130/1192/980 1129/1191/979
f 1129/1191/979 1147/1209/996 1148/1210/997
f 1149/1211/998 1131/1193/981 1130/1192/980
f 1130/1192/980 1148/1210/997 1149/1211/998
f 1150/1212/999 1132/1194/982 1131/1193/981
f 1131/1193/981 1149/1211/998 1150/1212/999
f 1151/1213/1000 1133/1195/983 1132/1194/982
f 1132/1194/982 1150/1212/999 1151/1213/1000
f 1152/1214/1001 1134/1196/984 1133/1195/983
f 1133/1195/983 1151/1213/1000 1152/1214/1001
f 1153/1215/1002 1135/1197/985 1134/1196/984
f 1134/1196/984 1152/1214/1001 1153/1215/1002
f 1154/1216/1003 1136/1198/986 1135/1197/985
f 1135/1197/985 1153/1215/1002 1154/1216/1003
f 1155/1217/1004 1137/1199/987 1136/1198/986
f 1136/1198/986 1154/1216/1003 1155/1217/1004
f 1156/1218/1005 1138/1200/988 1137/1199/987
f 1137/1199/987 1155/1217/1004 1156/1218/1005
f 1157/1219/1006 1139/1201/989 1138/1200/988
f 1138/1200/988 1156/1218/1005 1157/1219/1006
f 1158/1220/1007 1140/1202/990 1139/1201/989
f 1139/1201/989 1157/1219/1006 1158/1220/1007
f 1159/1221/1008 1141/1203/991 1140/1202/990
f 1140/1202/990 1158/1220/1007 1159/1221/1008
f 1160/1222/1009 1142/1204/992 1141/1203/991
f 1141/1203/991 1159/1221/1008 1160/1222/1009
f 1161/1223/803 1143/1205/803 1142/1204/803
f 1142/1204/803 1160/1222/803 1161/1223/803
f 1163/1224/1010 1145/1206/993 1144/1207/994
f 1144/1207/994 1162/1225/1011 1163/1224/1010
f 1164/1226/1012 1146/1208/995 1145/1206/993
f 1145/1206/993 1163/1224/1010 1164/1226/1012
f 1165/1227/1013 1147/1209/996 1146/1208/995
f 1146/1208/995 1164/1226/1012 1165/1227/1013
f 1166/1228/1014 1148/1210/997 1147/1209/996
f 1147/1209/996 1165/1227/1013 1166/1228/1014
f 1167/1229/1015 1149/1211/998 1148/1210/997
f 1148/1210/997 1166/1228/1014 1167/1229/1015
f 1168/1230/1016 1150/1212/999 1149/1211/998
f 1149/1211/998 1167/1229/1015 1168/1230/1016
f 1169/1231/1017 1151/1213/1000 1150/1212/999
f 1150/1212/999 1168/1230/1016 1169/1231/1017
f 1170/1232/1018 1152/1214/1001 1151/1213/1000
f 1151/1213/1000 1169/1231/1017 1170/1232/1018
f 1171/1233/1019 1153/1215/1002 1152/1214/1001
f 1152/1214/1001 1170/1232/1018 1171/1233/1019
f 1172/1234/1020 1154/1216/1003 1153/1215/1002
f 1153/1215/1002 1171/1233/1019 1172/1234/1020
f 1173/1235/1021 1155/1217/1004 1154/1216/1003
f 1154/1216/1003 1172/1234/1020 1173/1235/1021
f 1174/1236/1022 1156/1218/1005 1155/1217/1004
f 1155/1217/1004 1173/1235/1021 1174/1236/1022
f 1175/1237/1023 1157/1219/1006 1156/1218/1005
f 1156/1218/1005 1174/1236/1022 1175/1237/1023
f 1176/1238/1024 1158/1220/1007 1157/1219/1006
f 1157/1219/1006 1175/1237/1023 1176/1238/1024
f 1177/1239/1025 1159/1221/1008 1158/1220/1007
f 1158/1220/1007 1176/1238/1024 1177/1239/1025
f 1178/1240/1026 1160/1222/1009 1159/1221/1008
f 1159/1221/1008 1177/1239/1025 1178/1240/1026
f 1179/1241/803 1161/1223/803 1160/1222/803
f 1160/1222/803 1178/1240/803 1179/1241/803
f 1181/1242/1027 1163/1224/1010 1162/1225/1011
f 1162/1225/1011 1180/1243/1028 1181/1242/1027
f 1182/1244/1029 1164/1226/1012 1163/1224/1010
f 1163/1224/1010 1181/1242/1027 1182/1244/1029
f 1183/1245/1030 1165/1227/1013 1164/1226/1012
f 1164/1226/1012 1182/1244/1029 1183/1245/1030
f 1184/1246/1031 1166/1228/1014 1165/1227/1013
f 1165/1227/1013 1183/1245/1030 1184/1246/1031
f 1185/1247/1032 1167/1229/1015 1166/1228/1014
f 1166/1228/1014 1184/1246/1031 1185/1247/1032
f 1186/1248/1033 1168/1230/1016 1167/1229/1015
f 1167/1229/1015 1185/1247/1032 1186/1248/1033
f 1187/1249/1034 1169/1231/1017 1168/1230/1016
f 1168/1230/1016 1186/1248/1033 1187/1249/1034
f 1188/1250/1035 1170/1232/1018 1169/1231/1017
f 1169/1231/1017 1187/1249/1034 1188/1250/1035
f 1189/1251/1036 1171/1233/1019 1170/1232/1018
f 1170/1232/1018 1188/1250/1035 1189/1251/1036
f 1190/1252/1037 1172/1234/1020 1171/1233/1019
f 1171/1233/1019 1189/1251/1036 1190/1252/1037
f 1191/1253/1038 1173/1235/1021 1172/1234/1020
f 1172/1234/1020 1190/1252/1037 1191/1253/1038
f 1192/1254/1039 1174/1236/1022 1173/1235/1021
f 1173/1235/1021 1191/1253/1038 1192/1254/1039
f 1193/1255/1040 1175/1237/1023 1174/1236/1022
f 1174/1236/1022 1192/1254/1039 1193/1255/1040
f 1194/1256/1041 1176/1238/1024 1175/1237/1023
f 1175/1237/1023 1193/1255/1040 1194/1256/1041
f 1195/1257/1042 1177/1239/1025 1176/1238/1024
f 1176/1238/1024 1194/1256/1041 1195/1257/1042
f 1196/1258/1043 1178/1240/1026 1177/1239/1025
f 1177/1239/1025 1195/1257/1042 1196/1258/1043
f 1197/1259/803 1179/1241/803 1178/1240/803
f 1178/1240/803 1196/1258/803 1197/1259/803
f 1199/1260/1044 1181/1242/1027 1180/1243/1028
f 1180/1243/1028 1198/1261/1045 1199/1260/1044
f 1200/1262/1046 1182/1244/1029 1181/1242/1027
f 1181/1242/1027 1199/1260/1044 1200/1262/1046
f 1201/1263/1047 1183/1245/1030 1182/1244/1029
f 1182/1244/1029 1200/1262/1046 1201/1263/1047
f 1202/1264/1048 1184/1246/1031 1183/1245/1030
f 1183/1245/1030 1201/1263/1047 1202/1264/1048
f 1203/1265/1049 1185/1247/1032 1184/1246/1031
f 1184/1246/1031 1202/1264/1048 1203/1265/1049
f 1204/1266/1050 1186/1248/1033 1185/1247/1032
f 1185/1247/1032 1203/1265/1049 1204/1266/1050
f 1205/1267/1051 1187/1249/1034 1186/1248/1033
f 1186/1248/1033 1204/1266/1050 1205/1267/1051
f 1206/1268/1052 1188/1250/1035 1187/1249/1034
f 1187/1249/1034 1205/1267/1051 1206/1268/1052
f 1207/1269/1053 1189/1251/1036 1188/1250/1035
f 1188/1250/1035 1206/1268/1052 1207/1269/1053
f 1208/1270/1054 1190/1252/1037 1189/1251/1036
f 1189/1251/1036 1207/1269/1053 1208/1270/1054
f 1209/1271/1055 1191/1253/1038 1190/1252/1037
f 1190/1252/1037 1208/1270/1054 1209/1271/1055
f 1210/1272/1056 1192/1254/1039 1191/1253/1038
f 1191/1253/1038 1209/1271/1055 1210/1272/1056
f 1211/1273/1057 1193/1255/1040 1192/1254/1039
f 1192/1254/1039 1210/1272/1056 1211/1273/1057
f 1212/1274/1058 1194/1256/1041 1193/1255/1040
f 1193/1255/1040 1211/1273/1057 1212/1274/1058
f 1213/1275/1059 1195/1257/1042 1194/1256/1041
f 1194/1256/1041 1212/1274/1058 1213/1275/1059
f 1214/1276/1060 1196/1258/1043 1195/1257/1042
f 1195/1257/1042 1213/1275/1059 1214/1276/1060
f 1215/1277/803 1197/1259/803 1196/1258/803
f 1196/1258/803 1214/1276/803 1215/1277/803
f 1216/1278/1061 1199/1260/1044 1198/1261/1045
f 1216/1278/1062 1200/1262/1046 1199/1260/1044
f 1216/1278/1062 1201/1263/1047 1200/1262/1046
f 1216/1278/1062 1202/1264/1048 1201/1263/1047
f 1216/1278/1062 1203/1265/1049 1202/1264/1048
f 1216/1278/1062 1204/1266/1050 1203/1265/1049
f 1216/1278/1062 1205/1267/1051 1204/1266/1050
f 1216/1278/1062 1206/1268/1052 1205/1267/1051
f 1216/1278/1062 1207/1269/1053 1206/1268/1052
f 1216/1278/1062 1208/1270/1054 1207/1269/1053
f 1216/1278/1062 1209/1271/1055 1208/1270/1054
f 1216/1278/1062 1210/1272/1056 1209/1271/1055
f 1216/1278/1062 1211/1273/1057 1210/1272/1056
f 1216/1278/1062 1212/1274/1058 1211/1273/1057
f 1216/1278/1062 1213/1275/1059 1212/1274/1058
f 1216/1278/1062 1214/1276/1060 1213/1275/1059
f 1216/1278/803 1215/1277/803 1214/1276/803
s 0
f 1284/1279/1063 1282/1280/1063 1281/1281/1063
f 1311/1282/1064 1312/1283/1064 1310/1284/1064
f 1309/1285/1064 1311/1282/1064 1310/1284/1064
f 1307/1286/1065 1309/1285/1065 1310/1284/1065
f 1305/1287/1064 1307/1286/1064 1310/1284/1064
f 1303/1288/1064 1305/1287/1064 1310/1284/1064
f 1301/1289/1064 1303/1288/1064 1310/1284/1064
f 1299/1290/1064 1301/1289/1064 1310/1284/1064
f 1297/1291/1064 1299/1290/1064 1310/1284/1064
f 1295/1292/1066 1297/1291/1066 1310/1284/1066
f 1293/1293/1065 1295/1292/1065 1310/1284/1065
f 1291/1294/1065 1293/1293/1065 1310/1284/1065
f 1289/1295/1067 1291/1294/1068 1310/1284/1068
f 1287/1296/1069 1289/1295/1069 1310/1284/1069
f 1285/1297/1065 1287/1296/1065 1310/1284/1065
f 1283/1298/1065 1285/1297/1065 1310/1284/1065
f 1310/1284/1070 1308/1299/1070 1306/1300/1070
f 1306/1300/1071 1304/1301/1071 1302/1302/1071
f 1310/1284/804 1306/1300/804 1302/1302/804
f 1302/1302/1072 1300/1303/1072 1298/1304/1072
f 1298/1304/1070 1296/1305/1070 1294/1306/1070
f 1302/1302/1073 1298/1304/1073 1294/1306/1073
f 1310/1284/1066 1302/1302/1066 1294/1306/1066
f 1283/1298/804 1310/1284/804 1294/1306/804
f 1294/1306/1074 1292/1307/1074 1290/1308/1074
f 1290/1308/1075 1288/1309/1075 1286/1310/1075
f 1294/1306/1076 1290/1308/1076 1286/1310/1076
f 1283/1298/1064 1294/1306/1064 1286/1310/1064
f 1281/1281/804 1283/1298/804 1286/1310/804
f 1284/1279/1077 1281/1281/1077 1286/1310/1077
f 1217/1311/1078 1218/1312/1078 946/1008/1078
f 946/1008/1078 945/1007/1078 1217/1311/1078
f 1219/1313/803 1217/1311/803 945/1007/803
f 945/1007/803 963/1025/803 1219/1313/803
f 1218/1312/1079 1220/1314/1079 964/1027/1079
f 964/1027/1079 946/1008/1079 1218/1312/1079
f 1221/1315/803 1219/1313/803 963/1025/803
f 963/1025/803 981/1043/803 1221/1315/803
f 1220/1314/1080 1222/1316/1080 982/1045/1080
f 982/1045/1080 964/1027/1080 1220/1314/1080
f 1223/1317/803 1221/1315/803 981/1043/803
f 981/1043/803 999/1061/803 1223/1317/803
f 1222/1316/1081 1224/1318/1081 1000/1063/1081
f 1000/1063/1081 982/1045/1081 1222/1316/1081
f 1225/1319/803 1223/1317/803 999/1061/803
f 999/1061/803 1017/1079/803 1225/1319/803
f 1224/1318/1082 1226/1320/1082 1018/1081/1082
f 1018/1081/1082 1000/1063/1082 1224/1318/1082
f 1227/1321/803 1225/1319/803 1017/1079/803
f 1017/1079/803 1035/1097/803 1227/1321/803
f 1226/1320/1083 1228/1322/1083 1036/1099/1083
f 1036/1099/1083 1018/1081/1083 1226/1320/1083
f 1229/1323/803 1227/1321/803 1035/1097/803
f 1035/1097/803 1053/1115/803 1229/1323/803
f 1228/1322/1084 1230/1324/1084 1054/1117/1084
f 1054/1117/1084 1036/1099/1084 1228/1322/1084
f 1231/1325/803 1229/1323/803 1053/1115/803
f 1053/1115/803 1071/1133/803 1231/1325/803
f 1230/1324/1085 1232/1326/1085 1072/1135/1085
f 1072/1135/1085 1054/1117/1085 1230/1324/1085
f 1233/1327/803 1231/1325/803 1071/1133/803
f 1071/1133/803 1089/1151/803 1233/1327/803
f 1232/1326/1086 1234/1328/1086 1090/1153/1086
f 1090/1153/1086 1072/1135/1086 1232/1326/1086
f 1235/1329/803 1233/1327/803 1089/1151/803
f 1089/1151/803 1107/1169/803 1235/1329/803
f 1234/1328/1087 1236/1330/1087 1108/1171/1087
f 1108/1171/1087 1090/1153/1087 1234/1328/1087
f 1237/1331/803 1235/1329/803 1107/1169/803
f 1107/1169/803 1125/1187/803 1237/1331/803
f 1236/1330/1088 1238/1332/1088 1126/1189/1088
f 1126/1189/1088 1108/1171/1088 1236/1330/1088
f 1239/1333/803 1237/1331/803 1125/1187/803
f 1125/1187/803 1143/1205/803 1239/1333/803
f 1238/1332/1089 1240/1334/1089 1144/1207/1089
f 1144/1207/1089 1126/1189/1089 1238/1332/1089
f 1241/1335/803 1239/1333/803 1143/1205/803
f 1143/1205/803 1161/1223/803 1241/1335/803
f 1240/1334/1090 1242/1336/1090 1162/1225/1090
f 1162/1225/1090 1144/1207/1090 1240/1334/1090
f 1243/1337/803 1241/1335/803 1161/1223/803
f 1161/1223/803 1179/1241/803 1243/1337/803
f 1242/1336/1091 1244/1338/1091 1180/1243/1091
f 1180/1243/1091 1162/1225/1091 1242/1336/1091
f 1245/1339/803 1243/1337/803 1179/1241/803
f 1179/1241/803 1197/1259/803 1245/1339/803
f 1244/1338/1092 1246/1340/1092 1198/1261/1092
f 1198/1261/1092 1180/1243/1092 1244/1338/1092
f 1247/1341/803 1245/1339/803 1197/1259/803
f 1197/1259/803 1215/1277/803 1247/1341/803
f 1246/1340/1093 1248/1342/1093 1216/1278/1093
f 1216/1278/1093 1198/1261/1093 1246/1340/1093
f 1248/1342/803 1247/1341/803 1215/1277/803
f 1215/1277/803 1216/1278/803 1248/1342/803
f 1250/1343/1079 1252/1344/1079 1220/1314/1079
f 1220/1314/1079 1218/1312/1079 1250/1343/1079
f 1249/1345/1078 1250/1343/1078 1218/1312/1078
f 1218/1312/1078 1217/1311/1078 1249/1345/1078
f 1280/1346/803 1279/1347/803 1247/1341/803
f 1247/1341/803 1248/1342/803 1280/1346/803
f 1278/1348/1093 1280/1346/1093 1248/1342/1093
f 1248/1342/1094 1246/1340/1094 1278/1348/1094
f 1276/1349/1092 1278/1348/1092 1246/1340/1092
f 1246/1340/1092 1244/1338/1092 1276/1349/1092
f 1274/1350/1091 1276/1349/1091 1244/1338/1091
f 1244/1338/1091 1242/1336/1091 1274/1350/1091
f 1272/1351/1090 1274/1350/1090 1242/1336/1090
f 1242/1336/1090 1240/1334/1090 1272/1351/1090
f 1270/1352/1089 1272/1351/1089 1240/1334/1089
f 1240/1334/1089 1238/1332/1089 1270/1352/1089
f 1268/1353/1088 1270/1352/1088 1238/1332/1088
f 1238/1332/1088 1236/1330/1088 1268/1353/1088
f 1266/1354/1087 1268/1353/1087 1236/1330/1087
f 1236/1330/1087 1234/1328/1087 1266/1354/1087
f 1264/1355/1086 1266/1354/1086 1234/1328/1086
f 1234/1328/1086 1232/1326/1086 1264/1355/1086
f 1262/1356/1085 1264/1355/1085 1232/1326/1085
f 1232/1326/1085 1230/1324/1085 1262/1356/1085
f 1260/1357/1084 1262/1356/1084 1230/1324/1084
f 1230/1324/1084 1228/1322/1084 1260/1357/1084
f 1258/1358/1083 1260/1357/1083 1228/1322/1083
f 1228/1322/1083 1226/1320/1083 1258/1358/1083
f 1256/1359/1082 1258/1358/1082 1226/1320/1082
f 1226/1320/1082 1224/1318/1082 1256/1359/1082
f 1254/1360/1081 1256/1359/1081 1224/1318/1081
f 1224/1318/1081 1222/1316/1081 1254/1360/1081
f 1252/1344/1080 1254/1360/1080 1222/1316/1080
f 1222/1316/1080 1220/1314/1080 1252/1344/1080
f 1279/1347/803 1277/1361/803 1245/1339/803
f 1245/1339/803 1247/1341/803 1279/1347/803
f 1251/1362/803 1249/1345/803 1217/1311/803
f 1217/1311/803 1219/1313/803 1251/1362/803
f 1277/1361/803 1275/1363/803 1243/1337/803
f 1243/1337/803 1245/1339/803 1277/1361/803
f 1275/1363/803 1273/1364/803 1241/1335/803
f 1241/1335/803 1243/1337/803 1275/1363/803
f 1273/1364/803 1271/1365/803 1239/1333/803
f 1239/1333/803 1241/1335/803 1273/1364/803
f 1253/1366/803 1251/1362/803 1219/1313/803
f 1219/1313/803 1221/1315/803 1253/1366/803
f 1271/1365/803 1269/1367/803 1237/1331/803
f 1237/1331/803 1239/1333/803 1271/1365/803
f 1255/1368/803 1253/1366/803 1221/1315/803
f 1221/1315/803 1223/1317/803 1255/1368/803
f 1269/1367/803 1267/1369/803 1235/1329/803
f 1235/1329/803 1237/1331/803 1269/1367/803
f 1257/1370/803 1255/1368/803 1223/1317/803
f 1223/1317/803 1225/1319/803 1257/1370/803
f 1267/1369/803 1265/1371/803 1233/1327/803
f 1233/1327/803 1235/1329/803 1267/1369/803
f 1259/1372/803 1257/1370/803 1225/1319/803
f 1225/1319/803 1227/1321/803 1259/1372/803
f 1265/1371/803 1263/1373/803 1231/1325/803
f 1231/1325/803 1233/1327/803 1265/1371/803
f 1261/1374/803 1259/1372/803 1227/1321/803
f 1227/1321/803 1229/1323/803 1261/1374/803
f 1263/1373/803 1261/1374/803 1229/1323/803
f 1229/1323/803 1231/1325/803 1263/1373/803
f 1282/1280/1079 1284/1279/1079 1252/1344/1079
f 1252/1344/1079 1250/1343/1079 1282/1280/1079
f 1281/1281/1078 1282/1280/1078 1250/1343/1078
f 1250/1343/1078 1249/1345/1078 1281/1281/1078
f 1312/1283/803 1311/1282/803 1279/1347/803
f 1279/1347/803 1280/1346/803 1312/1283/803
f 1310/1284/1093 1312/1283/1093 1280/1346/1093
f 1280/1346/1093 1278/1348/1093 1310/1284/1093
f 1308/1299/1092 1310/1284/1092 1278/1348/1092
f 1278/1348/1092 1276/1349/1092 1308/1299/1092
f 1306/1300/1091 1308/1299/1091 1276/1349/1091
f 1276/1349/1091 1274/1350/1091 1306/1300/1091
f 1304/1301/1090 1306/1300/1090 1274/1350/1090
f 1274/1350/1090 1272/1351/1090 1304/1301/1090
f 1302/1302/1089 1304/1301/1089 1272/1351/1089
f 1272/1351/1089 1270/1352/1089 1302/1302/1089
f 1300/1303/1088 1302/1302/1088 1270/1352/1088
f 1270/1352/1088 1268/1353/1088 1300/1303/1088
f 1298/1304/1087 1300/1303/1087 1268/1353/1087
f 1268/1353/1087 1266/1354/1087 1298/1304/1087
f 1296/1305/1086 1298/1304/1086 1266/1354/1086
f 1266/1354/1086 1264/1355/1086 1296/1305/1086
f 1294/1306/1085 1296/1305/1085 1264/1355/1085
f 1264/1355/1085 1262/1356/1085 1294/1306/1085
f 1292/1307/1084 1294/1306/1084 1262/1356/1084
f 1262/1356/1084 1260/1357/1084 1292/1307/1084
f 1290/1308/1083 1292/1307/1083 1260/1357/1083
f 1260/1357/1083 1258/1358/1083 1290/1308/1083
f 1288/1309/1082 1290/1308/1082 1258/1358/1082
f 1258/1358/1082 1256/1359/1082 1288/1309/1082
f 1286/1310/1081 1288/1309/1081 1256/1359/1081
f 1256/1359/1081 1254/1360/1081 1286/1310/1081
f 1284/1279/1080 1286/1310/1080 1254/1360/1080
f 1254/1360/1080 1252/1344/1080 1284/1279/1080
f 1311/1282/803 1309/1285/803 1277/1361/803
f 1277/1361/803 1279/1347/803 1311/1282/803
f 1283/1298/803 1281/1281/803 1249/1345/803
f 1249/1345/803 1251/1362/803 1283/1298/803
f 1309/1285/803 1307/1286/803 1275/1363/803
f 1275/1363/803 1277/1361/803 1309/1285/803
f 1307/1286/803 1305/1287/803 1273/1364/803
f 1273/1364/803 1275/1363/803 1307/1286/803
f 1305/1287/803 1303/1288/803 1271/1365/803
f 1271/1365/803 1273/1364/803 1305/1287/803
f 1285/1297/803 1283/1298/803 1251/1362/803
f 1251/1362/803 1253/1366/803 1285/1297/803
f 1303/1288/803 1301/1289/803 1269/1367/803
f 1269/1367/803 1271/1365/803 1303/1288/803
f 1287/1296/803 1285/1297/803 1253/1366/803
f 1253/1366/803 1255/1368/803 1287/1296/803
f 1301/1289/803 1299/1290/803 1267/1369/803
f 1267/1369/803 1269/1367/803 1301/1289/803
f 1289/1295/803 1287/1296/803 1255/1368/803
f 1255/1368/803 1257/1370/803 1289/1295/803
f 1299/1290/803 1297/1291/803 1265/1371/803
f 1265/1371/803 1267/1369/803 1299/1290/803
f 1291/1294/803 1289/1295/803 1257/1370/803
f 1257/1370/803 1259/1372/803 1291/1294/803
f 1297/1291/803 1295/1292/803 1263/1373/803
f 1263/1373/803 1265/1371/803 1297/1291/803
f 1293/1293/803 1291/1294/803 1259/1372/803
f 1259/1372/803 1261/1374/803 1293/1293/803
f 1295/1292/803 1293/1293/803 1261/1374/803
f 1261/1374/803 1263/1373/803 1295/1292/803
o Cylinder006
v 103.721664 1.661911 41.277199
v 103.721664 -11.618378 41.277199
v 123.429367 -10.246210 41.432327
v 142.538376 -8.605506 41.872391
v 160.467850 -6.816503 42.415245
v 176.673203 -4.996820 42.846161
v 190.661911 -3.266403 43.015533
v 202.009018 -1.724788 42.879707
v 210.369614 -0.417190 42.485046
v 215.489883 0.682602 41.920746
v 217.214096 1.661919 41.277229
v 215.489883 2.641235 40.633743
v 210.369644 3.741028 40.069412
v 202.009018 5.048621 39.674713
v 190.661880 6.590235 39.538879
v 176.673203 8.320652 39.708305
v 160.467911 10.140330 40.139198
v 142.538376 11.929334 40.682022
v 123.429428 13.570032 41.122040
v 103.721664 14.942199 41.277184
v 84.013901 15.909066 41.462791
v 64.905014 16.319656 42.126846
v 46.975510 16.020981 43.204567
v 30.770157 14.910774 44.398888
v 16.781403 13.012449 45.280746
v 5.434280 10.501645 45.459885
v -2.926361 7.640451 44.750244
v -8.046555 4.656899 43.245140
v -9.770767 1.661911 41.277161
v -8.046585 -1.333077 39.309212
v -2.926376 -4.316631 37.804024
v 5.434296 -7.177823 37.094490
v 16.781372 -9.688623 37.273521
v 30.770035 -11.586947 38.155495
v 46.975372 -12.697163 39.349754
v 64.904892 -12.995840 40.427490
v 84.013794 -12.585250 41.091537
v 103.721603 -11.618380 42.082123
v 123.429367 -10.238542 42.165245
v 142.538376 -8.574673 42.534645
v 160.467911 -6.752535 43.008614
v 176.673203 -4.897124 43.372993
v 190.661911 -3.134758 43.480263
v 202.009048 -1.568775 43.290253
v 210.369614 -0.245288 42.853462
v 215.489853 0.862990 42.262543
v 217.214035 1.844911 41.609947
v 215.489883 2.821623 40.975563
v 210.369644 3.912930 40.437805
v 202.009018 5.204635 40.085258
v 190.661942 6.721877 40.003571
v 176.673203 8.420347 40.235107
v 160.467880 10.204298 40.732559
v 142.538376 11.960166 41.344276
v 123.429428 13.577701 41.854942
v 103.721664 14.942196 42.082123
v 84.013962 15.899887 42.339638
v 64.905014 16.275644 43.072281
v 46.975479 15.912644 44.209534
v 30.770157 14.712406 45.447105
v 16.781403 12.709258 46.351013
v 5.434341 10.094436 46.531395
v -2.926361 7.146142 45.809715
v -8.046585 4.105228 44.290497
v -9.770767 1.090296 42.316483
v -8.046555 -1.884747 40.354584
v -2.926331 -4.810941 38.863495
v 5.434296 -7.585035 38.166008
v 16.781372 -9.991817 38.343773
v 30.770096 -11.785318 39.203712
v 46.975372 -12.805502 40.354652
v 64.904892 -13.039855 41.372902
v 84.013794 -12.594426 41.968414
v 103.721603 -11.618377 42.887024
v 123.429428 -10.230870 42.898132
v 142.538376 -8.543842 43.196869
v 160.467850 -6.688569 43.601997
v 176.673203 -4.797427 43.899834
v 190.661911 -3.003115 43.944923
v 202.009018 -1.412762 43.700790
v 210.369675 -0.073385 43.221924
v 215.489853 1.043378 42.604355
v 217.214096 2.027903 41.942680
v 215.489883 3.002011 41.317375
v 210.369644 4.084832 40.806282
v 202.008957 5.360647 40.495766
v 190.661942 6.853520 40.468246
v 176.673203 8.520044 40.761948
v 160.467911 10.268267 41.325912
v 142.538437 11.990991 42.006538
v 123.429428 13.585371 42.587830
v 103.721664 14.942200 42.887039
v 84.013901 15.890714 43.216461
v 64.904968 16.231632 44.017700
v 46.975479 15.804309 45.214447
v 30.770157 14.514039 46.495338
v 16.781387 12.406065 47.421280
v 5.434265 9.687223 47.602966
v -2.926376 6.651830 46.869179
v -8.046585 3.553559 45.335838
v -9.770767 0.518682 43.355820
v -8.046585 -2.436418 41.399925
v -2.926331 -5.305253 39.922920
v 5.434296 -7.992247 39.237549
v 16.781372 -10.295009 39.414055
v 30.770035 -11.983685 40.251968
v 46.975372 -12.913837 41.359596
v 64.904892 -13.083870 42.318306
v 84.013855 -12.603601 42.845238
v 103.721603 -11.618377 43.691895
v 123.429428 -10.223202 43.630981
v 142.538376 -8.513008 43.859062
v 160.467911 -6.624601 44.195343
v 176.673203 -4.697728 44.426620
v 190.661942 -2.871471 44.409668
v 202.009018 -1.256751 44.111336
v 210.369614 0.098517 43.590363
v 215.489914 1.223766 42.946175
v 217.214127 2.210895 42.275383
v 215.489883 3.182399 41.659172
v 210.369705 4.256734 41.174713
v 202.009018 5.516659 40.906303
v 190.661942 6.985164 40.932976
v 176.673141 8.619741 41.288765
v 160.467880 10.332236 41.919258
v 142.538437 12.021827 42.668747
v 123.429428 13.593039 43.320663
v 103.721756 14.942200 43.691895
v 84.013962 15.881540 44.093285
v 64.904968 16.187614 44.963097
v 46.975479 15.695972 46.219376
v 30.770142 14.315671 47.543625
v 16.781387 12.102876 48.491531
v 5.434326 9.280012 48.674469
v -2.926376 6.157521 47.928612
v -8.046585 3.001888 46.381195
v -9.770798 -0.052933 44.395119
v -8.046555 -2.988088 42.445282
v -2.926361 -5.799564 40.982391
v 5.434296 -8.399458 40.309059
v 16.781372 -10.598199 40.484306
v 30.770096 -12.182051 41.300186
v 46.975372 -13.022172 42.364563
v 64.904892 -13.127884 43.263710
v 84.013794 -12.612775 43.722061
v 103.721664 -11.618377 44.496796
v 123.429428 -10.215532 44.363838
v 142.538376 -8.482180 44.521301
v 160.467850 -6.560632 44.788727
v 176.673203 -4.598031 44.953529
v 190.661942 -2.739829 44.874313
v 202.009018 -1.100739 44.521843
v 210.369614 0.270420 43.958763
v 215.489914 1.404154 43.287987
v 217.214096 2.393888 42.608109
v 215.489853 3.362787 42.000999
v 210.369644 4.428637 41.543152
v 202.009018 5.672671 41.316849
v 190.661880 7.116807 41.397690
v 176.673203 8.719441 41.815636
v 160.467911 10.396205 42.512627
v 142.538437 12.052657 43.331001
v 123.429489 13.600708 44.053535
v 103.721664 14.942200 44.496796
v 84.013962 15.872367 44.970154
v 64.904968 16.143602 45.908470
v 46.975433 15.587637 47.224289
v 30.770142 14.117304 48.591873
v 16.781357 11.799685 49.561783
v 5.434326 8.872799 49.746048
v -2.926346 5.663209 48.988075
v -8.046570 2.450218 47.426552
v -9.770798 -0.624547 45.434418
v -8.046585 -3.539758 43.490623
v -2.926331 -6.293872 42.041840
v 5.434296 -8.806670 41.380615
v 16.781372 -10.901392 41.554558
v 30.770035 -12.380420 42.348419
v 46.975372 -13.130510 43.369461
v 64.904861 -13.171896 44.209106
v 84.013794 -12.621952 44.598862
v 103.721603 -11.618377 45.301735
v 123.429428 -10.207868 45.096687
v 142.538376 -8.451347 45.183540
v 160.467911 -6.496662 45.382057
v 176.673203 -4.498334 45.480347
v 190.661911 -2.608186 45.339012
v 202.008987 -0.944726 44.932381
v 210.369675 0.442322 44.327240
v 215.489914 1.584542 43.629814
v 217.214096 2.576880 42.940842
v 215.489883 3.543175 42.342819
v 210.369644 4.600539 41.911568
v 202.009018 5.828683 41.727371
v 190.661942 7.248450 41.862366
v 176.673203 8.819139 42.342476
v 160.467850 10.460173 43.105988
v 142.538376 12.083489 43.993210
v 123.429428 13.608377 44.786453
v 103.721664 14.942200 45.301720
v 84.013901 15.863191 45.846924
v 64.904953 16.099586 46.853905
v 46.975433 15.479298 48.229218
v 30.770142 13.918937 49.640091
v 16.781387 11.496498 50.632065
v 5.434326 8.465590 50.817574
v -2.926346 5.168899 50.047508
v -8.046600 1.898548 48.471893
v -9.770798 -1.196162 46.473755
v -8.046616 -4.091429 44.535980
v -2.926361 -6.788187 43.101288
v 5.434296 -9.213881 42.452156
v 16.781372 -11.204580 42.624794
v 30.770096 -12.578787 43.396690
v 46.975296 -13.238850 44.374374
v 64.904861 -13.215913 45.154510
v 84.013794 -12.631127 45.475670
v 103.721603 1.661911 45.301735
vn -0.0000 0.0014 -1.0000
vn 0.0185 0.0176 -0.9997
vn 0.0087 -0.0000 -1.0000
vn 0.0256 0.0389 -0.9989
vn 0.0240 0.0262 -0.9994
vn 0.0179 -0.0392 -0.9991
vn 0.0109 -0.1569 -0.9876
vn 0.0049 -0.3075 -0.9515
vn 0.0013 -0.4521 -0.8920
vn 0.0001 -0.5415 -0.8407
vn -0.0000 -0.5491 -0.8357
vn -0.0001 -0.5415 -0.8407
vn -0.0013 -0.4521 -0.8920
vn -0.0049 -0.3076 -0.9515
vn -0.0109 -0.1569 -0.9876
vn -0.0179 -0.0392 -0.9991
vn -0.0240 0.0262 -0.9994
vn -0.0256 0.0389 -0.9989
vn -0.0185 0.0176 -0.9997
vn -0.0087 -0.0000 -1.0000
vn -0.0307 -0.0294 -0.9991
vn -0.0557 -0.0897 -0.9944
vn -0.0641 -0.1201 -0.9907
vn -0.0550 -0.0684 -0.9961
vn -0.0364 0.0728 -0.9967
vn -0.0174 0.2631 -0.9646
vn -0.0051 0.4322 -0.9018
vn -0.0008 0.5276 -0.8495
vn -0.0000 0.5491 -0.8357
vn 0.0008 0.5276 -0.8495
vn 0.0051 0.4322 -0.9018
vn 0.0174 0.2631 -0.9646
vn 0.0364 0.0728 -0.9967
vn 0.0550 -0.0684 -0.9961
vn 0.0640 -0.1201 -0.9907
vn 0.0557 -0.0897 -0.9944
vn 0.0307 -0.0294 -0.9991
vn 0.0594 -0.9982 0.0001
vn 0.0784 -0.9969 0.0106
vn 0.0596 -0.9982 -0.0000
vn 0.0778 -0.9969 0.0108
vn 0.0929 -0.9946 0.0464
vn 0.0919 -0.9947 0.0469
vn 0.1043 -0.9888 0.1067
vn 0.1029 -0.9889 0.1074
vn 0.1146 -0.9761 0.1847
vn 0.1129 -0.9761 0.1857
vn 0.1272 -0.9543 0.2703
vn 0.1252 -0.9543 0.2714
vn 0.1490 -0.9244 0.3512
vn 0.1469 -0.9243 0.3524
vn 0.2007 -0.8878 0.4142
vn 0.1987 -0.8877 0.4154
vn 0.4066 -0.8081 0.4263
vn 0.4077 -0.8071 0.4269
vn 1.0000 0.0023 -0.0013
vn 0.9991 0.0382 -0.0191
vn 0.4008 0.8103 -0.4274
vn 0.3996 0.8113 -0.4268
vn 0.1936 0.8891 -0.4148
vn 0.1956 0.8892 -0.4136
vn 0.1420 0.9253 -0.3516
vn 0.1441 0.9254 -0.3504
vn 0.1206 0.9551 -0.2706
vn 0.1225 0.9552 -0.2695
vn 0.1087 0.9767 -0.1849
vn 0.1105 0.9767 -0.1839
vn 0.0995 0.9893 -0.1067
vn 0.1010 0.9892 -0.1059
vn 0.0896 0.9949 -0.0464
vn 0.0906 0.9948 -0.0459
vn 0.0767 0.9970 -0.0106
vn 0.0772 0.9970 -0.0103
vn 0.0588 0.9983 -0.0000
vn 0.0591 0.9983 0.0002
vn 0.0341 0.9994 0.0107
vn 0.0348 0.9993 0.0110
vn 0.0017 0.9989 0.0468
vn 0.0036 0.9989 0.0476
vn -0.0397 0.9934 0.1074
vn -0.0362 0.9934 0.1087
vn -0.0935 0.9782 0.1854
vn -0.0883 0.9783 0.1874
vn -0.1664 0.9486 0.2690
vn -0.1596 0.9491 0.2716
vn -0.2731 0.8992 0.3419
vn -0.2655 0.9002 0.3451
vn -0.4474 0.8105 0.3780
vn -0.4415 0.8121 0.3816
vn -0.7534 0.5820 0.3061
vn -0.7558 0.5788 0.3062
vn -1.0000 -0.0020 -0.0011
vn -0.9997 -0.0203 -0.0103
vn -0.7467 -0.5887 -0.3096
vn -0.7439 -0.5923 -0.3095
vn -0.4322 -0.8173 -0.3811
vn -0.4382 -0.8158 -0.3774
vn -0.2564 -0.9035 -0.3435
vn -0.2640 -0.9025 -0.3402
vn -0.1515 -0.9510 -0.2697
vn -0.1583 -0.9506 -0.2671
vn -0.0816 -0.9792 -0.1856
vn -0.0869 -0.9791 -0.1837
vn -0.0313 -0.9937 -0.1074
vn -0.0348 -0.9937 -0.1061
vn 0.0068 -0.9989 -0.0468
vn 0.0048 -0.9989 -0.0460
vn 0.0363 -0.9993 -0.0107
vn 0.0355 -0.9993 -0.0103
vn 0.0792 -0.9968 0.0106
vn 0.0601 -0.9982 -0.0000
vn 0.0946 -0.9944 0.0464
vn 0.1067 -0.9886 0.1066
vn 0.1176 -0.9757 0.1847
vn 0.1305 -0.9539 0.2702
vn 0.1525 -0.9238 0.3511
vn 0.2043 -0.8871 0.4139
vn 0.4094 -0.8070 0.4256
vn 1.0000 0.0046 -0.0026
vn 0.3980 0.8114 -0.4280
vn 0.1901 0.8897 -0.4151
vn 0.1384 0.9258 -0.3518
vn 0.1173 0.9555 -0.2707
vn 0.1058 0.9770 -0.1849
vn 0.0971 0.9895 -0.1067
vn 0.0879 0.9950 -0.0464
vn 0.0759 0.9971 -0.0106
vn 0.0584 0.9983 -0.0000
vn 0.0330 0.9994 0.0107
vn -0.0008 0.9989 0.0468
vn -0.0439 0.9932 0.1074
vn -0.0994 0.9776 0.1853
vn -0.1738 0.9474 0.2687
vn -0.2813 0.8970 0.3410
vn -0.4549 0.8071 0.3764
vn -0.7567 0.5786 0.3044
vn -1.0000 -0.0039 -0.0022
vn -0.7433 -0.5921 -0.3114
vn -0.4245 -0.8206 -0.3827
vn -0.2479 -0.9055 -0.3443
vn -0.1440 -0.9520 -0.2700
vn -0.0757 -0.9797 -0.1857
vn -0.0271 -0.9938 -0.1075
vn 0.0093 -0.9989 -0.0468
vn 0.0374 -0.9992 -0.0107
vn 0.0800 -0.9967 0.0106
vn 0.0605 -0.9982 -0.0000
vn 0.0963 -0.9943 0.0464
vn 0.1091 -0.9883 0.1066
vn 0.1205 -0.9754 0.1846
vn 0.1338 -0.9535 0.2701
vn 0.1560 -0.9233 0.3509
vn 0.2078 -0.8864 0.4136
vn 0.4123 -0.8058 0.4250
vn 1.0000 0.0070 -0.0038
vn 0.3951 0.8125 -0.4286
vn 0.1865 0.8903 -0.4154
vn 0.1349 0.9262 -0.3520
vn 0.1139 0.9559 -0.2708
vn 0.1028 0.9773 -0.1850
vn 0.0947 0.9898 -0.1068
vn 0.0862 0.9952 -0.0464
vn 0.0750 0.9971 -0.0106
vn 0.0579 0.9983 -0.0000
vn 0.0319 0.9994 0.0107
vn -0.0034 0.9989 0.0468
vn -0.0481 0.9931 0.1074
vn -0.1053 0.9770 0.1852
vn -0.1812 0.9461 0.2683
vn -0.2895 0.8947 0.3402
vn -0.4622 0.8037 0.3748
vn -0.7599 0.5753 0.3026
vn -1.0000 -0.0059 -0.0032
vn -0.7398 -0.5955 -0.3132
vn -0.4167 -0.8239 -0.3842
vn -0.2394 -0.9075 -0.3451
vn -0.1365 -0.9531 -0.2703
vn -0.0697 -0.9801 -0.1858
vn -0.0229 -0.9939 -0.1075
vn 0.0119 -0.9988 -0.0468
vn 0.0385 -0.9992 -0.0107
vn 0.0809 -0.9967 0.0106
vn 0.0609 -0.9981 -0.0000
vn 0.0980 -0.9941 0.0464
vn 0.1115 -0.9880 0.1066
vn 0.1234 -0.9750 0.1845
vn 0.1371 -0.9531 0.2700
vn 0.1595 -0.9228 0.3507
vn 0.2113 -0.8858 0.4132
vn 0.4151 -0.8047 0.4244
vn 0.9999 0.0093 -0.0051
vn 0.3921 0.8137 -0.4292
vn 0.1829 0.8909 -0.4156
vn 0.1314 0.9267 -0.3521
vn 0.1106 0.9562 -0.2709
vn 0.0999 0.9776 -0.1850
vn 0.0923 0.9900 -0.1068
vn 0.0845 0.9953 -0.0464
vn 0.0742 0.9972 -0.0106
vn 0.0575 0.9983 -0.0000
vn 0.0308 0.9995 0.0107
vn -0.0059 0.9989 0.0468
vn -0.0523 0.9928 0.1073
vn -0.1112 0.9764 0.1851
vn -0.1886 0.9448 0.2679
vn -0.2976 0.8924 0.3393
vn -0.4695 0.8002 0.3732
vn -0.7631 0.5720 0.3009
vn -1.0000 -0.0079 -0.0043
vn -0.7362 -0.5989 -0.3150
vn -0.4088 -0.8271 -0.3857
vn -0.2309 -0.9095 -0.3458
vn -0.1289 -0.9540 -0.2706
vn -0.0638 -0.9805 -0.1859
vn -0.0187 -0.9940 -0.1075
vn 0.0144 -0.9988 -0.0468
vn 0.0396 -0.9992 -0.0107
vn 0.0813 -0.9966 0.0103
vn 0.0611 -0.9981 -0.0001
vn 0.0989 -0.9940 0.0458
vn 0.1129 -0.9880 0.1058
vn 0.1251 -0.9750 0.1836
vn 0.1389 -0.9531 0.2689
vn 0.1614 -0.9229 0.3495
vn 0.2128 -0.8860 0.4120
vn 0.4121 -0.8064 0.4242
vn 0.9996 -0.0261 0.0126
vn 0.3914 0.8134 -0.4302
vn 0.1803 0.8909 -0.4169
vn 0.1290 0.9266 -0.3533
vn 0.1085 0.9562 -0.2720
vn 0.0980 0.9777 -0.1860
vn 0.0908 0.9900 -0.1076
vn 0.0834 0.9954 -0.0470
vn 0.0736 0.9972 -0.0108
vn 0.0571 0.9984 -0.0001
vn 0.0297 0.9995 0.0103
vn -0.0083 0.9989 0.0460
vn -0.0564 0.9928 0.1060
vn -0.1172 0.9761 0.1831
vn -0.1960 0.9440 0.2653
vn -0.3058 0.8909 0.3358
vn -0.4760 0.7982 0.3693
vn -0.7615 0.5744 0.3003
vn -0.9999 0.0106 0.0050
vn -0.7401 -0.5944 -0.3146
vn -0.4034 -0.8281 -0.3892
vn -0.2238 -0.9100 -0.3490
vn -0.1227 -0.9541 -0.2731
vn -0.0591 -0.9804 -0.1878
vn -0.0157 -0.9939 -0.1088
vn 0.0160 -0.9987 -0.0476
vn 0.0402 -0.9991 -0.0110
vn 0.0182 -0.0014 0.9998
vn 0.0096 -0.0000 1.0000
vn -0.0000 -0.0173 0.9999
vn -0.0064 -0.0363 0.9993
vn -0.0042 -0.0191 0.9998
vn 0.0020 0.0522 0.9986
vn 0.0082 0.1749 0.9845
vn 0.0122 0.3275 0.9448
vn 0.0134 0.4681 0.8835
vn 0.0129 0.5483 0.8362
vn 0.0130 0.5490 0.8357
vn 0.0134 0.5345 0.8451
vn 0.0166 0.4355 0.9000
vn 0.0227 0.2868 0.9577
vn 0.0303 0.1381 0.9900
vn 0.0380 0.0257 0.9989
vn 0.0439 -0.0337 0.9985
vn 0.0448 -0.0415 0.9981
vn 0.0370 -0.0180 0.9992
vn 0.0269 -0.0000 0.9996
vn 0.0483 0.0287 0.9984
vn 0.0709 0.0837 0.9940
vn 0.0761 0.1023 0.9918
vn 0.0659 0.0395 0.9970
vn 0.0492 -0.1034 0.9934
vn 0.0341 -0.2843 0.9581
vn 0.0254 -0.4416 0.8969
vn 0.0229 -0.5307 0.8472
vn 0.0225 -0.5490 0.8356
vn 0.0211 -0.5241 0.8514
vn 0.0147 -0.4214 0.9067
vn -0.0018 -0.2379 0.9713
vn -0.0254 -0.0364 0.9990
vn -0.0458 0.1019 0.9937
vn -0.0529 0.1400 0.9887
vn -0.0406 0.0962 0.9945
vn -0.0130 0.0301 0.9995
vt 0.944935 0.306350
vt 0.956214 0.292187
vt 0.957513 0.306350
vt 0.954660 0.278454
vt 0.952965 0.265569
vt 0.951242 0.253923
vt 0.949603 0.243870
vt 0.948143 0.235715
vt 0.946905 0.229706
vt 0.945863 0.226027
vt 0.944935 0.224788
vt 0.944008 0.226027
vt 0.942966 0.229706
vt 0.941728 0.235715
vt 0.940268 0.243870
vt 0.938629 0.253923
vt 0.936905 0.265569
vt 0.935211 0.278454
vt 0.933657 0.292187
vt 0.932357 0.306350
vt 0.931441 0.320513
vt 0.931053 0.334246
vt 0.931335 0.347132
vt 0.932387 0.358778
vt 0.934185 0.368831
vt 0.936563 0.376986
vt 0.939273 0.382994
vt 0.942099 0.386674
vt 0.944935 0.387913
vt 0.947772 0.386674
vt 0.950598 0.382994
vt 0.953308 0.376986
vt 0.955686 0.368831
vt 0.957484 0.358778
vt 0.958535 0.347132
vt 0.958818 0.334246
vt 0.958429 0.320514
vt 0.956207 0.292187
vt 0.957514 0.306350
vt 0.954631 0.278454
vt 0.952905 0.265569
vt 0.951148 0.253923
vt 0.949478 0.243870
vt 0.947995 0.235715
vt 0.946742 0.229706
vt 0.945692 0.226027
vt 0.944762 0.224788
vt 0.943837 0.226027
vt 0.942803 0.229706
vt 0.941580 0.235715
vt 0.940143 0.243870
vt 0.938534 0.253923
vt 0.936845 0.265569
vt 0.935181 0.278454
vt 0.933649 0.292187
vt 0.931450 0.320513
vt 0.931094 0.334246
vt 0.931438 0.347132
vt 0.932575 0.358778
vt 0.934472 0.368831
vt 0.936949 0.376986
vt 0.939741 0.382994
vt 0.942621 0.386674
vt 0.945477 0.387913
vt 0.948294 0.386674
vt 0.951066 0.382994
vt 0.953693 0.376986
vt 0.955973 0.368831
vt 0.957672 0.358778
vt 0.958638 0.347132
vt 0.958860 0.334246
vt 0.958438 0.320514
vt 0.956199 0.292187
vt 0.957513 0.306350
vt 0.954602 0.278454
vt 0.952844 0.265569
vt 0.951053 0.253923
vt 0.949354 0.243870
vt 0.947847 0.235715
vt 0.946579 0.229706
vt 0.945521 0.226027
vt 0.944589 0.224788
vt 0.943666 0.226027
vt 0.942641 0.229706
vt 0.941432 0.235715
vt 0.940018 0.243870
vt 0.938440 0.253923
vt 0.936784 0.265569
vt 0.935152 0.278454
vt 0.933642 0.292187
vt 0.931459 0.320513
vt 0.931136 0.334246
vt 0.931541 0.347132
vt 0.932763 0.358778
vt 0.934759 0.368831
vt 0.937334 0.376986
vt 0.940209 0.382994
vt 0.943144 0.386674
vt 0.946018 0.387913
vt 0.948817 0.386674
vt 0.951534 0.382994
vt 0.954079 0.376986
vt 0.956260 0.368831
vt 0.957859 0.358778
vt 0.958740 0.347132
vt 0.958902 0.334246
vt 0.958447 0.320513
vt 0.956192 0.292187
vt 0.954572 0.278454
vt 0.952784 0.265569
vt 0.950959 0.253923
vt 0.949229 0.243870
vt 0.947700 0.235715
vt 0.946416 0.229706
vt 0.945350 0.226027
vt 0.944415 0.224788
vt 0.943495 0.226027
vt 0.942478 0.229706
vt 0.941284 0.235715
vt 0.939893 0.243870
vt 0.938345 0.253923
vt 0.936723 0.265569
vt 0.935123 0.278454
vt 0.933635 0.292187
vt 0.932357 0.306350
vt 0.931467 0.320513
vt 0.931177 0.334246
vt 0.931643 0.347132
vt 0.932950 0.358778
vt 0.935046 0.368831
vt 0.937720 0.376986
vt 0.940677 0.382994
vt 0.943666 0.386674
vt 0.946559 0.387913
vt 0.949339 0.386674
vt 0.952002 0.382994
vt 0.954465 0.376986
vt 0.956547 0.368831
vt 0.958047 0.358778
vt 0.958843 0.347132
vt 0.958943 0.334246
vt 0.958455 0.320514
vt 0.956185 0.292187
vt 0.954543 0.278454
vt 0.952723 0.265569
vt 0.950864 0.253923
vt 0.949104 0.243870
vt 0.947552 0.235715
vt 0.946253 0.229706
vt 0.945179 0.226027
vt 0.944242 0.224788
vt 0.943324 0.226027
vt 0.942315 0.229706
vt 0.941137 0.235715
vt 0.939769 0.243870
vt 0.938251 0.253923
vt 0.936663 0.265569
vt 0.935094 0.278454
vt 0.933628 0.292187
vt 0.931476 0.320513
vt 0.931219 0.334246
vt 0.931746 0.347132
vt 0.933138 0.358778
vt 0.935333 0.368831
vt 0.938106 0.376986
vt 0.941146 0.382994
vt 0.944189 0.386674
vt 0.947101 0.387913
vt 0.949862 0.386674
vt 0.952470 0.382994
vt 0.954850 0.376986
vt 0.956834 0.368831
vt 0.958235 0.358778
vt 0.958946 0.347132
vt 0.958985 0.334246
vt 0.958464 0.320514
vt 0.956178 0.292187
vt 0.954514 0.278454
vt 0.952663 0.265569
vt 0.950770 0.253923
vt 0.948980 0.243870
vt 0.947404 0.235715
vt 0.946090 0.229706
vt 0.945009 0.226027
vt 0.944069 0.224788
vt 0.943154 0.226027
vt 0.942152 0.229706
vt 0.940989 0.235715
vt 0.939644 0.243870
vt 0.938156 0.253923
vt 0.936602 0.265569
vt 0.935065 0.278454
vt 0.933620 0.292187
vt 0.931485 0.320513
vt 0.931261 0.334246
vt 0.931848 0.347132
vt 0.933326 0.358778
vt 0.935621 0.368831
vt 0.938491 0.376986
vt 0.941614 0.382994
vt 0.944711 0.386674
vt 0.947642 0.387913
vt 0.950384 0.386674
vt 0.952939 0.382994
vt 0.955236 0.376986
vt 0.957121 0.368831
vt 0.958423 0.358778
vt 0.959048 0.347132
vt 0.959027 0.334246
vt 0.958473 0.320514
vt 0.944935 0.306350
s 1
usemtl Material_#25
f 1313/1375/1095 1315/1376/1096 1314/1377/1097
f 1313/1375/1095 1316/1378/1098 1315/1376/1096
f 1313/1375/1095 1317/1379/1099 1316/1378/1098
f 1313/1375/1095 1318/1380/1100 1317/1379/1099
f 1313/1375/1095 1319/1381/1101 1318/1380/1100
f 1313/1375/1095 1320/1382/1102 1319/1381/1101
f 1313/1375/1095 1321/1383/1103 1320/1382/1102
f 1313/1375/1095 1322/1384/1104 1321/1383/1103
f 1313/1375/1095 1323/1385/1105 1322/1384/1104
f 1313/1375/1095 1324/1386/1106 1323/1385/1105
f 1313/1375/1095 1325/1387/1107 1324/1386/1106
f 1313/1375/1095 1326/1388/1108 1325/1387/1107
f 1313/1375/1095 1327/1389/1109 1326/1388/1108
f 1313/1375/1095 1328/1390/1110 1327/1389/1109
f 1313/1375/1095 1329/1391/1111 1328/1390/1110
f 1313/1375/1095 1330/1392/1112 1329/1391/1111
f 1313/1375/1095 1331/1393/1113 1330/1392/1112
f 1313/1375/1095 1332/1394/1114 1331/1393/1113
f 1313/1375/1095 1333/1395/1115 1332/1394/1114
f 1313/1375/1095 1334/1396/1116 1333/1395/1115
f 1313/1375/1095 1335/1397/1117 1334/1396/1116
f 1313/1375/1095 1336/1398/1118 1335/1397/1117
f 1313/1375/1095 1337/1399/1119 1336/1398/1118
f 1313/1375/1095 1338/1400/1120 1337/1399/1119
f 1313/1375/1095 1339/1401/1121 1338/1400/1120
f 1313/1375/1095 1340/1402/1122 1339/1401/1121
f 1313/1375/1095 1341/1403/1123 1340/1402/1122
f 1313/1375/1095 1342/1404/1124 1341/1403/1123
f 1313/1375/1095 1343/1405/1125 1342/1404/1124
f 1313/1375/1095 1344/1406/1126 1343/1405/1125
f 1313/1375/1095 1345/1407/1127 1344/1406/1126
f 1313/1375/1095 1346/1408/1128 1345/1407/1127
f 1313/1375/1095 1347/1409/1129 1346/1408/1128
f 1313/1375/1095 1348/1410/1130 1347/1409/1129
f 1313/1375/1095 1349/1411/1131 1348/1410/1130
f 1313/1375/1095 1314/1377/1097 1349/1411/1131
f 1314/1377/1132 1351/1412/1133 1350/1413/1134
f 1314/1377/1132 1315/1376/1135 1351/1412/1133
f 1315/1376/1135 1352/1414/1136 1351/1412/1133
f 1315/1376/1135 1316/1378/1137 1352/1414/1136
f 1316/1378/1137 1353/1415/1138 1352/1414/1136
f 1316/1378/1137 1317/1379/1139 1353/1415/1138
f 1317/1379/1139 1354/1416/1140 1353/1415/1138
f 1317/1379/1139 1318/1380/1141 1354/1416/1140
f 1318/1380/1141 1355/1417/1142 1354/1416/1140
f 1318/1380/1141 1319/1381/1143 1355/1417/1142
f 1319/1381/1143 1356/1418/1144 1355/1417/1142
f 1319/1381/1143 1320/1382/1145 1356/1418/1144
f 1320/1382/1145 1357/1419/1146 1356/1418/1144
f 1320/1382/1145 1321/1383/1147 1357/1419/1146
f 1321/1383/1147 1358/1420/1148 1357/1419/1146
f 1321/1383/1147 1322/1384/1149 1358/1420/1148
f 1322/1384/1149 1359/1421/1150 1358/1420/1148
f 1322/1384/1149 1323/1385/1151 1359/1421/1150
f 1323/1385/1151 1360/1422/1152 1359/1421/1150
f 1323/1385/1151 1324/1386/1153 1360/1422/1152
f 1324/1386/1153 1361/1423/1154 1360/1422/1152
f 1324/1386/1153 1325/1387/1155 1361/1423/1154
f 1325/1387/1155 1362/1424/1156 1361/1423/1154
f 1325/1387/1155 1326/1388/1157 1362/1424/1156
f 1326/1388/1157 1363/1425/1158 1362/1424/1156
f 1326/1388/1157 1327/1389/1159 1363/1425/1158
f 1327/1389/1159 1364/1426/1160 1363/1425/1158
f 1327/1389/1159 1328/1390/1161 1364/1426/1160
f 1328/1390/1161 1365/1427/1162 1364/1426/1160
f 1328/1390/1161 1329/1391/1163 1365/1427/1162
f 1329/1391/1163 1366/1428/1164 1365/1427/1162
f 1329/1391/1163 1330/1392/1165 1366/1428/1164
f 1330/1392/1165 1367/1429/1166 1366/1428/1164
f 1330/1392/1165 1331/1393/1167 1367/1429/1166
f 1331/1393/1167 1368/1394/1168 1367/1429/1166
f 1331/1393/1167 1332/1394/1169 1368/1394/1168
f 1332/1394/1169 1369/1430/1170 1368/1394/1168
f 1332/1394/1169 1333/1395/1171 1369/1430/1170
f 1333/1395/1171 1370/1431/1172 1369/1430/1170
f 1333/1395/1171 1334/1396/1173 1370/1431/1172
f 1334/1396/1173 1371/1432/1174 1370/1431/1172
f 1334/1396/1173 1335/1397/1175 1371/1432/1174
f 1335/1397/1175 1372/1433/1176 1371/1432/1174
f 1335/1397/1175 1336/1398/1177 1372/1433/1176
f 1336/1398/1177 1373/1434/1178 1372/1433/1176
f 1336/1398/1177 1337/1399/1179 1373/1434/1178
f 1337/1399/1179 1374/1435/1180 1373/1434/1178
f 1337/1399/1179 1338/1400/1181 1374/1435/1180
f 1338/1400/1181 1375/1436/1182 1374/1435/1180
f 1338/1400/1181 1339/1401/1183 1375/1436/1182
f 1339/1401/1183 1376/1437/1184 1375/1436/1182
f 1339/1401/1183 1340/1402/1185 1376/1437/1184
f 1340/1402/1185 1377/1438/1186 1376/1437/1184
f 1340/1402/1185 1341/1403/1187 1377/1438/1186
f 1341/1403/1187 1378/1439/1188 1377/1438/1186
f 1341/1403/1187 1342/1404/1189 1378/1439/1188
f 1342/1404/1189 1379/1440/1190 1378/1439/1188
f 1342/1404/1189 1343/1405/1191 1379/1440/1190
f 1343/1405/1191 1380/1441/1192 1379/1440/1190
f 1343/1405/1191 1344/1406/1193 1380/1441/1192
f 1344/1406/1193 1381/1442/1194 1380/1441/1192
f 1344/1406/1193 1345/1407/1195 1381/1442/1194
f 1345/1407/1195 1382/1443/1196 1381/1442/1194
f 1345/1407/1195 1346/1408/1197 1382/1443/1196
f 1346/1408/1197 1383/1444/1198 1382/1443/1196
f 1346/1408/1197 1347/1409/1199 1383/1444/1198
f 1347/1409/1199 1384/1445/1200 1383/1444/1198
f 1347/1409/1199 1348/1410/1201 1384/1445/1200
f 1348/1410/1201 1385/1446/1202 1384/1445/1200
f 1348/1410/1201 1349/1411/1203 1385/1446/1202
f 1349/1411/1203 1350/1413/1134 1385/1446/1202
f 1349/1411/1203 1314/1377/1132 1350/1413/1134
f 1350/1413/1134 1387/1447/1204 1386/1448/1205
f 1350/1413/1134 1351/1412/1133 1387/1447/1204
f 1351/1412/1133 1388/1449/1206 1387/1447/1204
f 1351/1412/1133 1352/1414/1136 1388/1449/1206
f 1352/1414/1136 1389/1450/1207 1388/1449/1206
f 1352/1414/1136 1353/1415/1138 1389/1450/1207
f 1353/1415/1138 1390/1451/1208 1389/1450/1207
f 1353/1415/1138 1354/1416/1140 1390/1451/1208
f 1354/1416/1140 1391/1452/1209 1390/1451/1208
f 1354/1416/1140 1355/1417/1142 1391/1452/1209
f 1355/1417/1142 1392/1453/1210 1391/1452/1209
f 1355/1417/1142 1356/1418/1144 1392/1453/1210
f 1356/1418/1144 1393/1454/1211 1392/1453/1210
f 1356/1418/1144 1357/1419/1146 1393/1454/1211
f 1357/1419/1146 1394/1455/1212 1393/1454/1211
f 1357/1419/1146 1358/1420/1148 1394/1455/1212
f 1358/1420/1148 1395/1456/1213 1394/1455/1212
f 1358/1420/1148 1359/1421/1150 1395/1456/1213
f 1359/1421/1150 1396/1457/1214 1395/1456/1213
f 1359/1421/1150 1360/1422/1152 1396/1457/1214
f 1360/1422/1152 1397/1458/1215 1396/1457/1214
f 1360/1422/1152 1361/1423/1154 1397/1458/1215
f 1361/1423/1154 1398/1459/1216 1397/1458/1215
f 1361/1423/1154 1362/1424/1156 1398/1459/1216
f 1362/1424/1156 1399/1460/1217 1398/1459/1216
f 1362/1424/1156 1363/1425/1158 1399/1460/1217
f 1363/1425/1158 1400/1461/1218 1399/1460/1217
f 1363/1425/1158 1364/1426/1160 1400/1461/1218
f 1364/1426/1160 1401/1462/1219 1400/1461/1218
f 1364/1426/1160 1365/1427/1162 1401/1462/1219
f 1365/1427/1162 1402/1463/1220 1401/1462/1219
f 1365/1427/1162 1366/1428/1164 1402/1463/1220
f 1366/1428/1164 1403/1464/1221 1402/1463/1220
f 1366/1428/1164 1367/1429/1166 1403/1464/1221
f 1367/1429/1166 1404/1394/1222 1403/1464/1221
f 1367/1429/1166 1368/1394/1168 1404/1394/1222
f 1368/1394/1168 1405/1465/1223 1404/1394/1222
f 1368/1394/1168 1369/1430/1170 1405/1465/1223
f 1369/1430/1170 1406/1466/1224 1405/1465/1223
f 1369/1430/1170 1370/1431/1172 1406/1466/1224
f 1370/1431/1172 1407/1467/1225 1406/1466/1224
f 1370/1431/1172 1371/1432/1174 1407/1467/1225
f 1371/1432/1174 1408/1468/1226 1407/1467/1225
f 1371/1432/1174 1372/1433/1176 1408/1468/1226
f 1372/1433/1176 1409/1469/1227 1408/1468/1226
f 1372/1433/1176 1373/1434/1178 1409/1469/1227
f 1373/1434/1178 1410/1470/1228 1409/1469/1227
f 1373/1434/1178 1374/1435/1180 1410/1470/1228
f 1374/1435/1180 1411/1471/1229 1410/1470/1228
f 1374/1435/1180 1375/1436/1182 1411/1471/1229
f 1375/1436/1182 1412/1472/1230 1411/1471/1229
f 1375/1436/1182 1376/1437/1184 1412/1472/1230
f 1376/1437/1184 1413/1473/1231 1412/1472/1230
f 1376/1437/1184 1377/1438/1186 1413/1473/1231
f 1377/1438/1186 1414/1474/1232 1413/1473/1231
f 1377/1438/1186 1378/1439/1188 1414/1474/1232
f 1378/1439/1188 1415/1475/1233 1414/1474/1232
f 1378/1439/1188 1379/1440/1190 1415/1475/1233
f 1379/1440/1190 1416/1476/1234 1415/1475/1233
f 1379/1440/1190 1380/1441/1192 1416/1476/1234
f 1380/1441/1192 1417/1477/1235 1416/1476/1234
f 1380/1441/1192 1381/1442/1194 1417/1477/1235
f 1381/1442/1194 1418/1478/1236 1417/1477/1235
f 1381/1442/1194 1382/1443/1196 1418/1478/1236
f 1382/1443/1196 1419/1479/1237 1418/1478/1236
f 1382/1443/1196 1383/1444/1198 1419/1479/1237
f 1383/1444/1198 1420/1480/1238 1419/1479/1237
f 1383/1444/1198 1384/1445/1200 1420/1480/1238
f 1384/1445/1200 1421/1481/1239 1420/1480/1238
f 1384/1445/1200 1385/1446/1202 1421/1481/1239
f 1385/1446/1202 1386/1448/1205 1421/1481/1239
f 1385/1446/1202 1350/1413/1134 1386/1448/1205
f 1386/1448/1205 1423/1482/1240 1422/1448/1241
f 1386/1448/1205 1387/1447/1204 1423/1482/1240
f 1387/1447/1204 1424/1483/1242 1423/1482/1240
f 1387/1447/1204 1388/1449/1206 1424/1483/1242
f 1388/1449/1206 1425/1484/1243 1424/1483/1242
f 1388/1449/1206 1389/1450/1207 1425/1484/1243
f 1389/1450/1207 1426/1485/1244 1425/1484/1243
f 1389/1450/1207 1390/1451/1208 1426/1485/1244
f 1390/1451/1208 1427/1486/1245 1426/1485/1244
f 1390/1451/1208 1391/1452/1209 1427/1486/1245
f 1391/1452/1209 1428/1487/1246 1427/1486/1245
f 1391/1452/1209 1392/1453/1210 1428/1487/1246
f 1392/1453/1210 1429/1488/1247 1428/1487/1246
f 1392/1453/1210 1393/1454/1211 1429/1488/1247
f 1393/1454/1211 1430/1489/1248 1429/1488/1247
f 1393/1454/1211 1394/1455/1212 1430/1489/1248
f 1394/1455/1212 1431/1490/1249 1430/1489/1248
f 1394/1455/1212 1395/1456/1213 1431/1490/1249
f 1395/1456/1213 1432/1491/1250 1431/1490/1249
f 1395/1456/1213 1396/1457/1214 1432/1491/1250
f 1396/1457/1214 1433/1492/1251 1432/1491/1250
f 1396/1457/1214 1397/1458/1215 1433/1492/1251
f 1397/1458/1215 1434/1493/1252 1433/1492/1251
f 1397/1458/1215 1398/1459/1216 1434/1493/1252
f 1398/1459/1216 1435/1494/1253 1434/1493/1252
f 1398/1459/1216 1399/1460/1217 1435/1494/1253
f 1399/1460/1217 1436/1495/1254 1435/1494/1253
f 1399/1460/1217 1400/1461/1218 1436/1495/1254
f 1400/1461/1218 1437/1496/1255 1436/1495/1254
f 1400/1461/1218 1401/1462/1219 1437/1496/1255
f 1401/1462/1219 1438/1497/1256 1437/1496/1255
f 1401/1462/1219 1402/1463/1220 1438/1497/1256
f 1402/1463/1220 1439/1498/1257 1438/1497/1256
f 1402/1463/1220 1403/1464/1221 1439/1498/1257
f 1403/1464/1221 1440/1499/1258 1439/1498/1257
f 1403/1464/1221 1404/1394/1222 1440/1499/1258
f 1404/1394/1222 1441/1500/1259 1440/1499/1258
f 1404/1394/1222 1405/1465/1223 1441/1500/1259
f 1405/1465/1223 1442/1501/1260 1441/1500/1259
f 1405/1465/1223 1406/1466/1224 1442/1501/1260
f 1406/1466/1224 1443/1502/1261 1442/1501/1260
f 1406/1466/1224 1407/1467/1225 1443/1502/1261
f 1407/1467/1225 1444/1503/1262 1443/1502/1261
f 1407/1467/1225 1408/1468/1226 1444/1503/1262
f 1408/1468/1226 1445/1504/1263 1444/1503/1262
f 1408/1468/1226 1409/1469/1227 1445/1504/1263
f 1409/1469/1227 1446/1505/1264 1445/1504/1263
f 1409/1469/1227 1410/1470/1228 1446/1505/1264
f 1410/1470/1228 1447/1506/1265 1446/1505/1264
f 1410/1470/1228 1411/1471/1229 1447/1506/1265
f 1411/1471/1229 1448/1507/1266 1447/1506/1265
f 1411/1471/1229 1412/1472/1230 1448/1507/1266
f 1412/1472/1230 1449/1508/1267 1448/1507/1266
f 1412/1472/1230 1413/1473/1231 1449/1508/1267
f 1413/1473/1231 1450/1509/1268 1449/1508/1267
f 1413/1473/1231 1414/1474/1232 1450/1509/1268
f 1414/1474/1232 1451/1510/1269 1450/1509/1268
f 1414/1474/1232 1415/1475/1233 1451/1510/1269
f 1415/1475/1233 1452/1511/1270 1451/1510/1269
f 1415/1475/1233 1416/1476/1234 1452/1511/1270
f 1416/1476/1234 1453/1512/1271 1452/1511/1270
f 1416/1476/1234 1417/1477/1235 1453/1512/1271
f 1417/1477/1235 1454/1513/1272 1453/1512/1271
f 1417/1477/1235 1418/1478/1236 1454/1513/1272
f 1418/1478/1236 1455/1514/1273 1454/1513/1272
f 1418/1478/1236 1419/1479/1237 1455/1514/1273
f 1419/1479/1237 1456/1515/1274 1455/1514/1273
f 1419/1479/1237 1420/1480/1238 1456/1515/1274
f 1420/1480/1238 1457/1516/1275 1456/1515/1274
f 1420/1480/1238 1421/1481/1239 1457/1516/1275
f 1421/1481/1239 1422/1448/1241 1457/1516/1275
f 1421/1481/1239 1386/1448/1205 1422/1448/1241
f 1422/1448/1241 1459/1517/1276 1458/1377/1277
f 1422/1448/1241 1423/1482/1240 1459/1517/1276
f 1423/1482/1240 1460/1518/1278 1459/1517/1276
f 1423/1482/1240 1424/1483/1242 1460/1518/1278
f 1424/1483/1242 1461/1519/1279 1460/1518/1278
f 1424/1483/1242 1425/1484/1243 1461/1519/1279
f 1425/1484/1243 1462/1520/1280 1461/1519/1279
f 1425/1484/1243 1426/1485/1244 1462/1520/1280
f 1426/1485/1244 1463/1521/1281 1462/1520/1280
f 1426/1485/1244 1427/1486/1245 1463/1521/1281
f 1427/1486/1245 1464/1522/1282 1463/1521/1281
f 1427/1486/1245 1428/1487/1246 1464/1522/1282
f 1428/1487/1246 1465/1523/1283 1464/1522/1282
f 1428/1487/1246 1429/1488/1247 1465/1523/1283
f 1429/1488/1247 1466/1524/1284 1465/1523/1283
f 1429/1488/1247 1430/1489/1248 1466/1524/1284
f 1430/1489/1248 1467/1525/1285 1466/1524/1284
f 1430/1489/1248 1431/1490/1249 1467/1525/1285
f 1431/1490/1249 1468/1526/1286 1467/1525/1285
f 1431/1490/1249 1432/1491/1250 1468/1526/1286
f 1432/1491/1250 1469/1527/1287 1468/1526/1286
f 1432/1491/1250 1433/1492/1251 1469/1527/1287
f 1433/1492/1251 1470/1528/1288 1469/1527/1287
f 1433/1492/1251 1434/1493/1252 1470/1528/1288
f 1434/1493/1252 1471/1529/1289 1470/1528/1288
f 1434/1493/1252 1435/1494/1253 1471/1529/1289
f 1435/1494/1253 1472/1530/1290 1471/1529/1289
f 1435/1494/1253 1436/1495/1254 1472/1530/1290
f 1436/1495/1254 1473/1531/1291 1472/1530/1290
f 1436/1495/1254 1437/1496/1255 1473/1531/1291
f 1437/1496/1255 1474/1532/1292 1473/1531/1291
f 1437/1496/1255 1438/1497/1256 1474/1532/1292
f 1438/1497/1256 1475/1533/1293 1474/1532/1292
f 1438/1497/1256 1439/1498/1257 1475/1533/1293
f 1439/1498/1257 1476/1394/1294 1475/1533/1293
f 1439/1498/1257 1440/1499/1258 1476/1394/1294
f 1440/1499/1258 1477/1534/1295 1476/1394/1294
f 1440/1499/1258 1441/1500/1259 1477/1534/1295
f 1441/1500/1259 1478/1535/1296 1477/1534/1295
f 1441/1500/1259 1442/1501/1260 1478/1535/1296
f 1442/1501/1260 1479/1536/1297 1478/1535/1296
f 1442/1501/1260 1443/1502/1261 1479/1536/1297
f 1443/1502/1261 1480/1537/1298 1479/1536/1297
f 1443/1502/1261 1444/1503/1262 1480/1537/1298
f 1444/1503/1262 1481/1538/1299 1480/1537/1298
f 1444/1503/1262 1445/1504/1263 1481/1538/1299
f 1445/1504/1263 1482/1539/1300 1481/1538/1299
f 1445/1504/1263 1446/1505/1264 1482/1539/1300
f 1446/1505/1264 1483/1540/1301 1482/1539/1300
f 1446/1505/1264 1447/1506/1265 1483/1540/1301
f 1447/1506/1265 1484/1541/1302 1483/1540/1301
f 1447/1506/1265 1448/1507/1266 1484/1541/1302
f 1448/1507/1266 1485/1542/1303 1484/1541/1302
f 1448/1507/1266 1449/1508/1267 1485/1542/1303
f 1449/1508/1267 1486/1543/1304 1485/1542/1303
f 1449/1508/1267 1450/1509/1268 1486/1543/1304
f 1450/1509/1268 1487/1544/1305 1486/1543/1304
f 1450/1509/1268 1451/1510/1269 1487/1544/1305
f 1451/1510/1269 1488/1545/1306 1487/1544/1305
f 1451/1510/1269 1452/1511/1270 1488/1545/1306
f 1452/1511/1270 1489/1546/1307 1488/1545/1306
f 1452/1511/1270 1453/1512/1271 1489/1546/1307
f 1453/1512/1271 1490/1547/1308 1489/1546/1307
f 1453/1512/1271 1454/1513/1272 1490/1547/1308
f 1454/1513/1272 1491/1548/1309 1490/1547/1308
f 1454/1513/1272 1455/1514/1273 1491/1548/1309
f 1455/1514/1273 1492/1549/1310 1491/1548/1309
f 1455/1514/1273 1456/1515/1274 1492/1549/1310
f 1456/1515/1274 1493/1550/1311 1492/1549/1310
f 1456/1515/1274 1457/1516/1275 1493/1550/1311
f 1457/1516/1275 1458/1377/1277 1493/1550/1311
f 1457/1516/1275 1422/1448/1241 1458/1377/1277
f 1458/1377/1277 1495/1551/1312 1494/1448/1313
f 1458/1377/1277 1459/1517/1276 1495/1551/1312
f 1459/1517/1276 1496/1552/1314 1495/1551/1312
f 1459/1517/1276 1460/1518/1278 1496/1552/1314
f 1460/1518/1278 1497/1553/1315 1496/1552/1314
f 1460/1518/1278 1461/1519/1279 1497/1553/1315
f 1461/1519/1279 1498/1554/1316 1497/1553/1315
f 1461/1519/1279 1462/1520/1280 1498/1554/1316
f 1462/1520/1280 1499/1555/1317 1498/1554/1316
f 1462/1520/1280 1463/1521/1281 1499/1555/1317
f 1463/1521/1281 1500/1556/1318 1499/1555/1317
f 1463/1521/1281 1464/1522/1282 1500/1556/1318
f 1464/1522/1282 1501/1557/1319 1500/1556/1318
f 1464/1522/1282 1465/1523/1283 1501/1557/1319
f 1465/1523/1283 1502/1558/1320 1501/1557/1319
f 1465/1523/1283 1466/1524/1284 1502/1558/1320
f 1466/1524/1284 1503/1559/1321 1502/1558/1320
f 1466/1524/1284 1467/1525/1285 1503/1559/1321
f 1467/1525/1285 1504/1560/1322 1503/1559/1321
f 1467/1525/1285 1468/1526/1286 1504/1560/1322
f 1468/1526/1286 1505/1561/1323 1504/1560/1322
f 1468/1526/1286 1469/1527/1287 1505/1561/1323
f 1469/1527/1287 1506/1562/1324 1505/1561/1323
f 1469/1527/1287 1470/1528/1288 1506/1562/1324
f 1470/1528/1288 1507/1563/1325 1506/1562/1324
f 1470/1528/1288 1471/1529/1289 1507/1563/1325
f 1471/1529/1289 1508/1564/1326 1507/1563/1325
f 1471/1529/1289 1472/1530/1290 1508/1564/1326
f 1472/1530/1290 1509/1565/1327 1508/1564/1326
f 1472/1530/1290 1473/1531/1291 1509/1565/1327
f 1473/1531/1291 1510/1566/1328 1509/1565/1327
f 1473/1531/1291 1474/1532/1292 1510/1566/1328
f 1474/1532/1292 1511/1567/1329 1510/1566/1328
f 1474/1532/1292 1475/1533/1293 1511/1567/1329
f 1475/1533/1293 1512/1394/1330 1511/1567/1329
f 1475/1533/1293 1476/1394/1294 1512/1394/1330
f 1476/1394/1294 1513/1568/1331 1512/1394/1330
f 1476/1394/1294 1477/1534/1295 1513/1568/1331
f 1477/1534/1295 1514/1569/1332 1513/1568/1331
f 1477/1534/1295 1478/1535/1296 1514/1569/1332
f 1478/1535/1296 1515/1570/1333 1514/1569/1332
f 1478/1535/1296 1479/1536/1297 1515/1570/1333
f 1479/1536/1297 1516/1571/1334 1515/1570/1333
f 1479/1536/1297 1480/1537/1298 1516/1571/1334
f 1480/1537/1298 1517/1572/1335 1516/1571/1334
f 1480/1537/1298 1481/1538/1299 1517/1572/1335
f 1481/1538/1299 1518/1573/1336 1517/1572/1335
f 1481/1538/1299 1482/1539/1300 1518/1573/1336
f 1482/1539/1300 1519/1574/1337 1518/1573/1336
f 1482/1539/1300 1483/1540/1301 1519/1574/1337
f 1483/1540/1301 1520/1575/1338 1519/1574/1337
f 1483/1540/1301 1484/1541/1302 1520/1575/1338
f 1484/1541/1302 1521/1576/1339 1520/1575/1338
f 1484/1541/1302 1485/1542/1303 1521/1576/1339
f 1485/1542/1303 1522/1577/1340 1521/1576/1339
f 1485/1542/1303 1486/1543/1304 1522/1577/1340
f 1486/1543/1304 1523/1578/1341 1522/1577/1340
f 1486/1543/1304 1487/1544/1305 1523/1578/1341
f 1487/1544/1305 1524/1579/1342 1523/1578/1341
f 1487/1544/1305 1488/1545/1306 1524/1579/1342
f 1488/1545/1306 1525/1580/1343 1524/1579/1342
f 1488/1545/1306 1489/1546/1307 1525/1580/1343
f 1489/1546/1307 1526/1581/1344 1525/1580/1343
f 1489/1546/1307 1490/1547/1308 1526/1581/1344
f 1490/1547/1308 1527/1582/1345 1526/1581/1344
f 1490/1547/1308 1491/1548/1309 1527/1582/1345
f 1491/1548/1309 1528/1583/1346 1527/1582/1345
f 1491/1548/1309 1492/1549/1310 1528/1583/1346
f 1492/1549/1310 1529/1584/1347 1528/1583/1346
f 1492/1549/1310 1493/1550/1311 1529/1584/1347
f 1493/1550/1311 1494/1448/1313 1529/1584/1347
f 1493/1550/1311 1458/1377/1277 1494/1448/1313
f 1530/1585/1348 1494/1448/1349 1495/1551/1350
f 1530/1585/1348 1495/1551/1350 1496/1552/1351
f 1530/1585/1348 1496/1552/1351 1497/1553/1352
f 1530/1585/1348 1497/1553/1352 1498/1554/1353
f 1530/1585/1348 1498/1554/1353 1499/1555/1354
f 1530/1585/1348 1499/1555/1354 1500/1556/1355
f 1530/1585/1348 1500/1556/1355 1501/1557/1356
f 1530/1585/1348 1501/1557/1356 1502/1558/1357
f 1530/1585/1348 1502/1558/1357 1503/1559/1358
f 1530/1585/1348 1503/1559/1358 1504/1560/1359
f 1530/1585/1348 1504/1560/1359 1505/1561/1360
f 1530/1585/1348 1505/1561/1360 1506/1562/1361
f 1530/1585/1348 1506/1562/1361 1507/1563/1362
f 1530/1585/1348 1507/1563/1362 1508/1564/1363
f 1530/1585/1348 1508/1564/1363 1509/1565/1364
f 1530/1585/1348 1509/1565/1364 1510/1566/1365
f 1530/1585/1348 1510/1566/1365 1511/1567/1366
f 1530/1585/1348 1511/1567/1366 1512/1394/1367
f 1530/1585/1348 1512/1394/1367 1513/1568/1368
f 1530/1585/1348 1513/1568/1368 1514/1569/1369
f 1530/1585/1348 1514/1569/1369 1515/1570/1370
f 1530/1585/1348 1515/1570/1370 1516/1571/1371
f 1530/1585/1348 1516/1571/1371 1517/1572/1372
f 1530/1585/1348 1517/1572/1372 1518/1573/1373
f 1530/1585/1348 1518/1573/1373 1519/1574/1374
f 1530/1585/1348 1519/1574/1374 1520/1575/1375
f 1530/1585/1348 1520/1575/1375 1521/1576/1376
f 1530/1585/1348 1521/1576/1376 1522/1577/1377
f 1530/1585/1348 1522/1577/1377 1523/1578/1378
f 1530/1585/1348 1523/1578/1378 1524/1579/1379
f 1530/1585/1348 1524/1579/1379 1525/1580/1380
f 1530/1585/1348 1525/1580/1380 1526/1581/1381
f 1530/1585/1348 1526/1581/1381 1527/1582/1382
f 1530/1585/1348 1527/1582/1382 1528/1583/1383
f 1530/1585/1348 1528/1583/1383 1529/1584/1384
f 1530/1585/1348 1529/1584/1384 1494/1448/1349
o Capsule002
v -181.402100 -30.709129 229.343002
v -174.530823 28.462814 228.741852
v -174.530823 -30.709129 228.741852
v -188.064606 28.462822 231.128220
v -181.402100 28.462814 229.343002
v -188.064606 -30.709129 231.128220
v -194.315887 28.462822 234.043243
v -194.315887 -30.709129 234.043243
v -199.966019 28.462814 237.999496
v -199.966019 -30.709129 237.999496
v -204.843307 28.462814 242.876785
v -211.714584 6.748497 254.778198
v -208.799561 28.462822 248.526917
v -208.799561 6.748497 248.526917
v -213.499802 6.748497 261.440704
v -211.714600 28.462822 254.778198
v -214.100952 6.748497 268.311981
v -213.499802 28.462822 261.440704
v -213.499802 28.462822 275.183258
v -214.100967 28.462822 268.311981
v -213.499802 6.748497 275.183258
v -211.714600 28.462822 281.845764
v -211.714600 6.748497 281.845764
v -208.799561 28.462822 288.097046
v -205.095078 6.748497 293.387604
v -204.843307 -30.709129 293.747162
v -204.843307 28.462814 293.747162
v -199.966019 28.462814 298.624451
v -194.315903 -30.709129 302.580719
v -199.966034 -30.709129 298.624451
v -188.064621 28.462822 305.495728
v -194.315903 28.462822 302.580719
v -181.402115 -30.709129 307.280945
v -188.064621 -30.709129 305.495728
v -174.530838 -30.709129 307.882111
v -181.402115 28.462814 307.280945
v -167.659561 28.462814 307.280975
v -174.530838 28.462814 307.882111
v -160.997055 -30.709129 305.495758
v -167.659561 -30.709129 307.280975
v -154.745773 28.462814 302.580719
v -160.997055 28.462814 305.495758
v -154.745773 -30.709129 302.580750
v -149.095642 28.462814 298.624481
v -149.095642 -30.709129 298.624481
v -144.218353 28.462814 293.747192
v -143.966568 6.748489 293.387604
v -144.218353 -30.709129 293.747192
v -143.966568 -30.709129 293.387604
v -140.262085 6.748489 288.097076
v -137.347076 28.462811 281.845764
v -140.262085 28.462811 288.097046
v -137.347061 6.748489 281.845795
v -135.561859 28.462811 275.183289
v -135.561844 6.748489 275.183289
v -134.960693 28.462811 268.312012
v -135.561844 6.748489 261.440735
v -134.960693 6.748489 268.312012
v -137.347046 6.748489 254.778214
v -135.561844 28.462811 261.440735
v -140.262070 6.748489 248.526932
v -137.347061 28.462811 254.778214
v -143.966568 6.748489 243.236359
v -144.218323 -30.709129 242.876801
v -144.218323 28.462814 242.876801
v -149.095612 -30.709129 237.999512
v -154.745728 28.462814 234.043243
v -149.095612 28.462814 237.999512
v -154.745728 -30.709129 234.043243
v -160.997009 28.462814 231.128220
v -167.659515 -30.709129 229.343018
v -160.997009 -30.709129 231.128220
v -167.659515 28.462814 229.343018
v -174.530823 -34.157898 228.892426
v -181.375961 -34.157898 229.491287
v -188.013107 -34.157898 231.269714
v -194.240601 -34.157898 234.173645
v -199.869232 -34.157898 238.114838
v -204.843307 -30.709129 242.876785
v -199.869232 -34.157898 298.509094
v -194.240616 -34.157898 302.450317
v -188.013123 -34.157898 305.354248
v -174.530838 -34.157898 307.731537
v -167.685699 -34.157898 307.132690
v -161.048553 -34.157898 305.354248
v -154.821060 -34.157898 302.450317
v -149.192429 -34.157898 298.509125
v -149.192398 -34.157898 238.114868
v -154.821014 -34.157898 234.173645
v -161.048508 -34.157898 231.269714
v -167.685654 -34.157898 229.491302
v -181.297714 -37.580414 229.935028
v -187.858994 -37.580414 231.693115
v -194.015305 -37.580414 234.563858
v -204.414810 -37.263023 293.387604
v -199.579605 -37.580414 298.163940
v -194.015320 -37.580414 302.060089
v -187.859009 -37.580414 304.930847
v -181.375977 -34.157898 307.132660
v -181.297729 -37.580414 306.688934
v -174.530838 -37.580414 307.280945
v -161.202667 -37.580414 304.930847
v -155.046356 -37.580414 302.060120
v -144.646820 -37.262894 243.236359
v -149.482025 -37.580414 238.460022
v -155.046310 -37.580414 234.563873
v -161.202621 -37.580414 231.693130
v -167.763901 -37.580414 229.935028
v -174.530823 -40.950630 230.090164
v -174.530823 -37.580414 229.343002
v -187.603455 -40.950630 232.395218
v -193.641724 -40.950630 235.210907
v -199.579605 -37.580414 238.460007
v -193.641739 -40.950630 301.413025
v -181.167984 -40.950630 305.953125
v -174.530838 -40.950630 306.533813
v -167.893692 -40.950630 305.953125
v -167.763947 -37.580414 306.688934
v -161.458206 -40.950630 304.228760
v -149.962326 -40.950630 297.591614
v -149.482056 -37.580414 298.163971
v -155.419891 -40.950630 235.210922
v -167.893646 -40.950630 230.670837
v -174.530823 -44.242912 231.128204
v -181.167969 -40.950630 230.670837
v -187.248413 -44.242912 233.370667
v -198.432083 -44.242912 239.827560
v -199.099335 -40.950630 239.032364
v -199.099350 -40.950630 297.591583
v -193.122711 -44.242912 300.514069
v -187.603470 -40.950630 304.228729
v -180.987732 -44.242912 304.930847
v -168.073944 -44.242912 304.930847
v -161.813248 -44.242912 303.253296
v -155.419937 -40.950630 301.413055
v -150.629578 -44.242912 296.796417
v -150.629532 -44.242912 239.827576
v -149.962296 -40.950630 239.032379
v -161.813202 -44.242912 233.370682
v -161.458160 -40.950630 232.395233
v -168.073898 -44.242912 231.693115
v -180.758316 -47.432190 232.994095
v -180.987717 -44.242912 231.693115
v -186.796600 -47.432190 234.612045
v -193.122711 -44.242912 236.109894
v -192.462189 -47.432190 237.253952
v -198.432098 -44.242912 296.796387
v -192.462189 -47.432190 299.369995
v -186.796616 -47.432190 302.011902
v -187.248428 -44.242912 303.253296
v -174.530838 -47.432190 304.174713
v -174.530838 -44.242912 305.495758
v -168.303345 -47.432190 303.629883
v -162.265060 -47.432190 302.011932
v -155.938965 -44.242912 300.514069
v -151.478729 -47.432190 295.784424
v -156.599442 -47.432190 237.253967
v -155.938919 -44.242912 236.109909
v -162.265015 -47.432190 234.612045
v -168.303299 -47.432190 232.994095
v -174.530823 -50.494202 234.043243
v -174.530823 -47.432190 232.449249
v -180.481522 -50.494202 234.563858
v -191.665192 -50.494202 238.634369
v -196.558350 -50.494202 242.060593
v -197.582932 -47.432190 240.839539
v -196.558350 -50.494202 294.563354
v -197.582947 -47.432190 295.784424
v -191.665207 -50.494202 297.989563
v -180.481537 -50.494202 302.060120
v -180.758331 -47.432190 303.629883
v -168.580139 -50.494202 302.060120
v -162.810242 -50.494202 300.514069
v -156.599472 -47.432190 299.370026
v -152.503311 -50.494202 294.563385
v -152.503281 -50.494202 242.060608
v -151.478683 -47.432190 240.839554
v -157.396423 -50.494202 238.634384
v -162.810196 -50.494202 236.109894
v -180.159439 -53.405624 236.390472
v -185.617050 -53.405624 237.852829
v -186.251419 -50.494202 236.109894
v -195.016083 -53.405624 293.387604
v -190.737808 -53.405624 296.383301
v -186.251434 -50.494202 300.514069
v -185.617065 -53.405624 298.771149
v -174.530838 -53.405624 300.725952
v -174.530838 -50.494202 302.580719
v -163.444611 -53.405624 298.771149
v -158.323853 -53.405624 296.383301
v -157.396469 -50.494202 297.989594
v -154.045563 -53.405624 243.236359
v -158.323822 -53.405624 240.240677
v -168.902176 -53.405624 236.390472
v -168.580093 -50.494202 234.563858
v -174.530823 -56.144318 237.999496
v -174.530823 -53.405624 235.898026
v -184.898300 -56.144318 239.827560
v -190.737793 -53.405624 240.240662
v -184.898315 -56.144318 296.796387
v -179.794540 -56.144318 298.163940
v -180.159454 -53.405624 300.233490
v -169.267136 -56.144318 298.163940
v -168.902222 -53.405624 300.233490
v -164.163361 -56.144318 296.796417
v -164.163315 -56.144318 239.827576
v -163.444580 -53.405624 237.852829
v -179.389557 -58.689438 240.756760
v -179.794525 -56.144318 238.460007
v -186.711090 -58.689438 293.387604
v -184.100662 -58.689438 294.604858
v -179.389557 -58.689438 295.867218
v -174.530838 -58.689438 296.292297
v -174.530838 -56.144318 298.624451
v -169.672104 -58.689438 295.867218
v -162.350555 -58.689438 243.236359
v -164.960968 -58.689438 242.019104
v -169.672073 -58.689438 240.756760
v -169.267090 -56.144318 238.460022
v -178.640671 -61.021622 293.387604
v -174.530838 -61.021622 293.747162
v -174.530823 -58.689438 240.331665
v -170.420990 -61.021622 243.236359
v -174.530823 -61.021622 242.876785
v -204.414795 -37.263092 243.236359
v -204.355942 -37.580414 243.236359
v -204.911957 -34.157898 243.236359
v -205.095078 -30.709129 243.236359
v -204.727966 -34.157898 242.973572
v -203.303314 -40.950630 243.236359
v -201.840881 -44.242912 243.236359
v -199.979752 -47.432190 243.236359
v -195.016083 -53.405624 243.236359
v -195.571777 -52.903397 243.236359
v -197.734100 -50.494202 243.236359
v -191.366211 -56.144318 243.236359
v -189.687057 -56.144318 242.060593
v -189.008240 -57.625931 243.236359
v -186.711075 -58.689438 243.236359
v -183.657608 -59.876434 243.236359
v -184.100647 -58.689438 242.019089
v -178.640671 -61.021622 243.236359
v -174.530823 -61.297531 243.236359
v -178.952332 -60.996628 243.236359
v -144.149689 -34.157898 243.236359
v -144.333664 -34.157898 242.973602
v -143.966568 -30.709129 243.236359
v -145.758331 -40.950630 243.236359
v -144.705704 -37.580414 243.236359
v -147.220764 -44.242912 243.236359
v -149.081894 -47.432190 243.236359
v -157.695435 -56.144318 243.236359
v -160.053375 -57.625916 243.236359
v -159.374557 -56.144318 242.060608
v -165.404022 -59.876434 243.236359
v -151.327545 -50.494202 243.236359
v -153.489838 -52.903381 243.236359
v -205.095078 6.748497 243.236359
v -204.911957 -34.157898 293.387604
v -204.727966 -34.157898 293.650391
v -205.095078 -30.709129 293.387604
v -203.303314 -40.950630 293.387604
v -204.355942 -37.580414 293.387604
v -201.840881 -44.242912 293.387604
v -199.979752 -47.432190 293.387604
v -191.366211 -56.144318 293.387604
v -197.734100 -50.494202 293.387604
v -195.571793 -52.903397 293.387604
v -189.008255 -57.625916 293.387604
v -189.687073 -56.144318 294.563354
v -183.657623 -59.876434 293.387604
v -174.530838 -61.297531 293.387604
v -159.374588 -56.144318 294.563385
v -160.053421 -57.625931 293.387604
v -157.695435 -56.144318 293.387604
v -162.350571 -58.689438 293.387604
v -165.404053 -59.876450 293.387604
v -164.961014 -58.689438 294.604889
v -170.420959 -61.021622 293.387604
v -170.109329 -60.996628 293.387604
v -144.646881 -37.263229 293.387604
v -144.705704 -37.580414 293.387604
v -144.149689 -34.157898 293.387604
v -144.333694 -34.157898 293.650391
v -145.758331 -40.950630 293.387604
v -147.220764 -44.242912 293.387604
v -149.081894 -47.432190 293.387604
v -154.045563 -53.405624 293.387604
v -153.489899 -52.903442 293.387604
v -151.327545 -50.494202 293.387604
v -208.799561 6.748497 288.097046
v -140.262070 28.462811 248.526932
v -178.952347 -60.996628 293.387604
v -170.109299 -60.996628 243.236359
v -199.463837 14.509987 237.647873
v -199.966019 12.515808 237.999496
v -199.974762 12.466202 238.008255
v -201.012421 10.668915 239.045914
v -202.602203 9.334930 240.635696
v -202.602219 19.685051 240.635696
v -201.012436 18.351063 239.045914
v -199.974762 16.553787 238.008255
v -199.966019 16.504158 237.999496
v -204.552368 8.625130 242.585861
v -204.843307 8.625130 242.876785
v -206.092743 8.625130 244.661179
v -207.458267 9.334930 246.611343
v -208.571442 10.668922 248.201126
v -208.799561 11.233200 248.526917
v -209.131516 12.466202 249.238785
v -209.299561 14.509987 249.599167
v -209.131516 16.553780 249.238785
v -208.799561 17.786789 248.526917
v -208.571442 18.351063 248.201126
v -207.458267 19.685051 246.611343
v -206.092758 20.394852 244.661179
v -204.843307 20.394852 242.876785
v -204.552368 20.394852 242.585861
v -211.442017 19.685051 240.635696
v -211.442017 20.394852 242.585861
v -211.442017 20.394852 244.661179
v -211.442017 19.685051 246.611343
v -211.442017 18.351063 248.201126
v -211.442017 16.553780 249.238785
v -211.442017 14.509987 249.599167
v -211.442017 12.466202 249.238785
v -211.442017 10.668922 248.201126
v -211.442017 9.334930 246.611343
v -211.442017 8.625130 244.661179
v -211.442017 8.625130 242.585861
v -211.442017 18.351063 239.045914
v -211.442017 16.553787 238.008255
v -211.442017 14.509987 237.647873
v -211.442017 12.466202 238.008255
v -211.442017 10.668922 239.045914
v -211.442017 9.334930 240.635696
vn -0.5000 -0.0000 -0.8660
vn -0.3419 -0.0218 -0.9395
vn -0.4999 -0.0218 -0.8658
vn -0.6428 -0.0000 -0.7660
vn -0.5736 -0.0000 -0.8191
vn -0.5849 -0.0000 -0.8111
vn -0.9397 -0.0000 -0.3420
vn -0.9848 -0.0000 -0.1736
vn -1.0000 -0.0000 -0.0000
vn -0.9848 -0.0000 0.1736
vn -0.8660 -0.0000 0.5000
vn -0.9397 -0.0000 0.3420
vn -0.8191 -0.0000 0.5736
vn -0.7659 -0.0218 0.6426
vn -0.7660 -0.0000 0.6428
vn -0.5000 -0.0000 0.8660
vn -0.3419 -0.0218 0.9395
vn -0.3420 -0.0000 0.9397
vn -0.1736 -0.0000 0.9848
vn -0.1736 -0.0218 0.9846
vn -0.0000 -0.0000 1.0000
vn 0.1736 -0.0000 0.9848
vn -0.0000 -0.0218 0.9998
vn 0.1736 -0.0218 0.9846
vn 0.9848 -0.0000 0.1737
vn 1.0000 -0.0000 -0.0000
vn 0.9397 -0.0000 -0.3420
vn 0.8660 -0.0000 -0.5000
vn 0.8191 -0.0000 -0.5736
vn 0.7659 -0.0218 -0.6426
vn 0.7660 -0.0000 -0.6428
vn 0.6426 -0.0218 -0.7659
vn 0.6428 -0.0000 -0.7660
vn -0.1736 -0.0218 -0.9846
vn -0.0000 -0.0869 -0.9962
vn -0.1730 -0.0870 -0.9811
vn -0.3407 -0.0869 -0.9361
vn -0.4981 -0.0869 -0.8627
vn -0.6426 -0.0218 -0.7659
vn -0.6404 -0.0869 -0.7631
vn -0.7659 -0.0218 -0.6426
vn -0.7632 -0.0869 -0.6403
vn -0.6404 -0.0869 0.7631
vn -0.7632 -0.0869 0.6403
vn -0.4981 -0.0870 0.8627
vn -0.6426 -0.0218 0.7659
vn -0.3407 -0.0869 0.9361
vn -0.1730 -0.0869 0.9811
vn -0.0000 -0.0870 0.9962
vn 0.1730 -0.0870 0.9811
vn 0.3419 -0.0218 0.9395
vn 0.3407 -0.0870 0.9361
vn 0.4999 -0.0218 0.8658
vn 0.4981 -0.0869 0.8627
vn 0.6426 -0.0218 0.7659
vn 0.6404 -0.0869 0.7631
vn 0.7659 -0.0218 0.6426
vn 0.7631 -0.0869 0.6404
vn 0.6404 -0.0869 -0.7631
vn 0.7631 -0.0869 -0.6404
vn 0.4981 -0.0869 -0.8627
vn 0.3407 -0.0870 -0.9361
vn 0.4999 -0.0218 -0.8658
vn 0.1730 -0.0869 -0.9811
vn 0.3419 -0.0218 -0.9395
vn -0.0000 -0.0218 -0.9998
vn -0.1710 -0.1732 -0.9699
vn -0.0000 -0.1732 -0.9849
vn -0.3368 -0.1732 -0.9255
vn -0.4924 -0.1732 -0.8529
vn -0.6331 -0.1732 -0.7545
vn -0.7051 -0.1301 0.6971
vn -0.6331 -0.1732 0.7545
vn -0.4924 -0.1732 0.8529
vn -0.3369 -0.1732 0.9255
vn -0.1710 -0.1732 0.9699
vn -0.0000 -0.1732 0.9849
vn 0.1710 -0.1732 0.9699
vn 0.3369 -0.1732 0.9255
vn 0.4924 -0.1732 0.8529
vn 0.6331 -0.1732 0.7545
vn 0.7051 -0.1301 -0.6971
vn 0.6331 -0.1732 -0.7545
vn 0.4924 -0.1732 -0.8529
vn 0.3368 -0.1732 -0.9255
vn 0.1710 -0.1732 -0.9699
vn -0.0000 -0.2582 -0.9661
vn -0.1678 -0.2582 -0.9514
vn -0.3304 -0.2582 -0.9078
vn -0.4830 -0.2582 -0.8367
vn -0.6210 -0.2582 -0.7401
vn -0.4830 -0.2582 0.8367
vn -0.6210 -0.2582 0.7401
vn -0.3304 -0.2582 0.9078
vn -0.1678 -0.2582 0.9514
vn -0.0000 -0.2582 0.9661
vn 0.1678 -0.2582 0.9514
vn 0.3304 -0.2582 0.9078
vn 0.4830 -0.2582 0.8367
vn 0.6210 -0.2582 0.7401
vn 0.4830 -0.2582 -0.8367
vn 0.6210 -0.2582 -0.7401
vn 0.3304 -0.2582 -0.9078
vn 0.1678 -0.2582 -0.9514
vn -0.0000 -0.3412 -0.9400
vn -0.1632 -0.3412 -0.9257
vn -0.3215 -0.3412 -0.8833
vn -0.4700 -0.3412 -0.8140
vn -0.6042 -0.3412 -0.7201
vn -0.4700 -0.3412 0.8140
vn -0.6042 -0.3412 0.7201
vn -0.3215 -0.3412 0.8833
vn -0.1632 -0.3412 0.9257
vn -0.0000 -0.3412 0.9400
vn 0.1632 -0.3412 0.9257
vn 0.3215 -0.3412 0.8833
vn 0.4700 -0.3412 0.8140
vn 0.6042 -0.3412 0.7201
vn 0.6042 -0.3412 -0.7201
vn 0.4700 -0.3412 -0.8140
vn 0.3215 -0.3412 -0.8833
vn 0.1632 -0.3412 -0.9257
vn -0.1575 -0.4217 -0.8930
vn -0.0000 -0.4217 -0.9067
vn -0.3101 -0.4217 -0.8521
vn -0.4534 -0.4217 -0.7853
vn -0.5828 -0.4217 -0.6946
vn -0.4534 -0.4217 0.7853
vn -0.5828 -0.4217 0.6946
vn -0.3101 -0.4217 0.8521
vn -0.1575 -0.4217 0.8930
vn -0.0000 -0.4217 0.9067
vn 0.1575 -0.4217 0.8930
vn 0.3101 -0.4217 0.8521
vn 0.4534 -0.4217 0.7853
vn 0.5828 -0.4217 0.6946
vn 0.4534 -0.4217 -0.7853
vn 0.5828 -0.4217 -0.6946
vn 0.3101 -0.4217 -0.8521
vn 0.1575 -0.4217 -0.8930
vn -0.0000 -0.4990 -0.8666
vn -0.1505 -0.4990 -0.8535
vn -0.2964 -0.4990 -0.8144
vn -0.4333 -0.4990 -0.7505
vn -0.5571 -0.4990 -0.6639
vn -0.5571 -0.4990 0.6639
vn -0.4333 -0.4990 0.7505
vn -0.2964 -0.4990 0.8144
vn -0.1505 -0.4990 0.8535
vn -0.0000 -0.4990 0.8666
vn 0.1505 -0.4990 0.8535
vn 0.2964 -0.4990 0.8144
vn 0.4333 -0.4990 0.7505
vn 0.5571 -0.4990 0.6639
vn 0.5571 -0.4990 -0.6639
vn 0.4333 -0.4990 -0.7505
vn 0.2964 -0.4990 -0.8144
vn 0.1505 -0.4990 -0.8535
vn -0.1424 -0.5724 -0.8075
vn -0.0000 -0.5724 -0.8199
vn -0.2804 -0.5724 -0.7705
vn -0.4100 -0.5724 -0.7101
vn -0.4767 -0.5561 0.6808
vn -0.4100 -0.5724 0.7101
vn -0.2804 -0.5724 0.7705
vn -0.1424 -0.5724 0.8075
vn -0.0000 -0.5724 0.8199
vn 0.1424 -0.5724 0.8075
vn 0.2804 -0.5724 0.7705
vn 0.4100 -0.5724 0.7101
vn 0.4767 -0.5561 -0.6808
vn 0.4100 -0.5724 -0.7101
vn 0.2804 -0.5724 -0.7705
vn 0.1424 -0.5724 -0.8075
vn -0.0000 -0.6416 -0.7670
vn -0.1332 -0.6416 -0.7554
vn -0.2623 -0.6416 -0.7208
vn -0.3835 -0.6416 -0.6643
vn -0.2623 -0.6416 0.7208
vn -0.3835 -0.6416 0.6643
vn -0.1332 -0.6416 0.7554
vn -0.0000 -0.6416 0.7670
vn 0.1332 -0.6416 0.7554
vn 0.2623 -0.6416 0.7208
vn 0.3835 -0.6416 0.6643
vn 0.2623 -0.6416 -0.7208
vn 0.3835 -0.6416 -0.6643
vn 0.1332 -0.6416 -0.7554
vn -0.1230 -0.7059 -0.6976
vn -0.0000 -0.7059 -0.7083
vn -0.2423 -0.7059 -0.6656
vn -0.1230 -0.7059 0.6976
vn -0.2423 -0.7059 0.6656
vn -0.0000 -0.7059 0.7083
vn 0.1230 -0.7059 0.6976
vn 0.2423 -0.7059 0.6656
vn 0.1230 -0.7059 -0.6976
vn 0.2423 -0.7059 -0.6656
vn -0.8162 -0.0851 -0.5715
vn -0.7051 -0.1301 -0.6971
vn -0.6845 -0.2510 -0.6845
vn -0.6670 -0.3321 -0.6670
vn -0.6446 -0.4111 -0.6446
vn -0.6175 -0.4872 -0.6175
vn -0.5048 -0.5367 -0.6761
vn -0.4477 -0.6252 -0.6393
vn -0.3428 -0.6753 -0.6531
vn -0.3076 -0.6858 -0.6596
vn -0.2144 -0.7372 -0.6408
vn -0.0588 -0.7380 -0.6722
vn -0.0000 -0.7649 -0.6442
vn -0.0000 -0.7934 -0.6088
vn 0.8162 -0.0851 -0.5715
vn 0.6845 -0.2510 -0.6845
vn 0.6670 -0.3321 -0.6670
vn 0.6446 -0.4111 -0.6446
vn 0.4477 -0.6252 -0.6393
vn 0.3428 -0.6753 -0.6531
vn 0.0588 -0.7380 -0.6722
vn 0.3076 -0.6858 -0.6596
vn 0.2144 -0.7372 -0.6408
vn 0.6175 -0.4872 -0.6175
vn 0.5048 -0.5367 -0.6761
vn -0.8162 -0.0851 0.5715
vn -0.6845 -0.2510 0.6845
vn -0.6670 -0.3321 0.6670
vn -0.6446 -0.4110 0.6446
vn -0.4477 -0.6252 0.6393
vn -0.6175 -0.4872 0.6175
vn -0.5048 -0.5367 0.6761
vn -0.3428 -0.6753 0.6531
vn -0.3076 -0.6858 0.6596
vn -0.2144 -0.7372 0.6408
vn -0.0588 -0.7380 0.6722
vn -0.0000 -0.7933 0.6088
vn -0.0000 -0.7648 0.6442
vn 0.3428 -0.6753 0.6531
vn 0.4477 -0.6252 0.6393
vn 0.3076 -0.6858 0.6596
vn 0.0588 -0.7380 0.6722
vn 0.2144 -0.7372 0.6408
vn 0.8162 -0.0851 0.5715
vn 0.7051 -0.1301 0.6971
vn 0.6845 -0.2510 0.6845
vn 0.6670 -0.3321 0.6670
vn 0.6446 -0.4111 0.6446
vn 0.6175 -0.4872 0.6175
vn 0.5048 -0.5367 0.6761
vn -0.0000 -0.0000 -1.0000
vn -0.1736 -0.0000 -0.9848
vn -0.3420 -0.0000 -0.9397
vn -0.9064 -0.0000 -0.4225
vn -0.8660 -0.0000 -0.5000
vn -0.8916 -0.0000 -0.4528
vn -0.6428 -0.0000 0.7660
vn -0.4999 -0.0218 0.8658
vn 0.3420 -0.0000 0.9397
vn 0.5000 -0.0000 0.8660
vn 0.6428 -0.0000 0.7660
vn 0.7660 -0.0000 0.6428
vn 0.8192 -0.0000 0.5736
vn 0.8190 -0.0215 0.5734
vn 0.9397 -0.0000 0.3420
vn 0.8660 -0.0000 0.5000
vn 0.9848 -0.0000 0.1736
vn 0.9848 -0.0000 -0.1736
vn 0.5000 -0.0000 -0.8660
vn 0.3420 -0.0000 -0.9397
vn 0.1736 -0.0218 -0.9846
vn 0.1736 -0.0000 -0.9848
vn -0.6970 -0.1682 -0.6970
vn -0.4767 -0.5561 -0.6808
vn -0.1084 -0.7372 -0.6669
vn 0.1084 -0.7372 -0.6669
vn -0.1084 -0.7372 0.6669
vn 0.1084 -0.7372 0.6669
vn 0.6970 -0.1682 0.6970
vn 0.4767 -0.5561 0.6808
vn -0.0000 -1.0000 -0.0000
vn -0.0000 0.0001 -1.0000
vn -0.0000 -0.0001 1.0000
vn -0.7071 -0.0000 -0.7071
vn -0.7660 -0.0000 -0.6428
vn -0.8192 -0.0000 -0.5736
vn -0.8190 -0.0215 -0.5734
vn -0.0000 0.8660 -0.5000
vn -0.0000 0.9660 -0.2586
vn -0.0000 0.8225 -0.5688
vn -0.0000 0.9848 -0.1737
vn -0.0000 0.9941 0.1081
vn -0.0000 1.0000 -0.0000
vn -0.0000 0.9848 0.1736
vn -0.0000 0.8938 0.4485
vn -0.0000 0.8660 0.5000
vn -0.0000 0.6761 0.7368
vn -0.0000 0.6428 0.7660
vn -0.0000 0.3576 0.9339
vn -0.0000 0.5000 0.8660
vn -0.0000 0.3420 0.9397
vn -0.0000 -0.3420 0.9397
vn -0.0000 -0.3576 0.9339
vn -0.0000 -0.6428 0.7660
vn -0.0000 -0.6761 0.7368
vn -0.0000 -0.8660 0.5000
vn -0.0000 -0.8938 0.4485
vn -0.0000 -0.9848 0.1736
vn -0.0000 -0.9941 0.1081
vn -0.0000 -0.9848 -0.1737
vn -0.0000 0.6428 -0.7660
vn -0.0000 0.5903 -0.8072
vn -0.0000 0.3420 -0.9397
vn -0.0000 0.3046 -0.9525
vn -0.0000 0.1735 -0.9848
vn -0.0000 -0.3049 -0.9524
vn -0.0000 -0.3420 -0.9397
vn -0.0000 -0.5903 -0.8072
vn -0.0000 -0.6428 -0.7661
vn -0.0000 -0.8225 -0.5688
vn -0.0000 -0.8660 -0.5000
vn -0.0000 -0.9660 -0.2586
vn -0.5848 -0.0000 -0.8112
vn -0.8190 -0.0215 0.5734
vn 0.8190 -0.0215 -0.5734
vn -0.6970 -0.1682 0.6970
vn 0.6970 -0.1682 -0.6970
vn -0.9063 -0.0000 -0.4226
vn -0.0000 -0.0001 -1.0000
vn -0.7071 -0.0000 -0.7072
vn -0.8191 -0.0000 -0.5736
vn -0.7078 -0.0000 -0.7064
vn -0.0000 -0.5000 0.8660
vn -0.0000 -0.1737 -0.9848
vt 0.219745 0.813706
vt 0.134764 0.806250
vt 0.134764 0.813706
vt 0.219745 0.820445
vt 0.199707 0.819846
vt 0.202571 0.820445
vt 0.003782 0.859015
vt 0.001701 0.833573
vt 0.001701 0.859015
vt 0.001000 0.833573
vt 0.001000 0.859015
vt 0.001701 0.833573
vt 0.007180 0.859015
vt 0.003782 0.833573
vt 0.007180 0.833573
vt 0.011499 0.833573
vt 0.011792 0.789685
vt 0.011792 0.859015
vt 0.134764 0.806250
vt 0.219745 0.806250
vt 0.219745 0.798303
vt 0.134764 0.798303
vt 0.219745 0.790108
vt 0.219745 0.781912
vt 0.134764 0.790108
vt 0.134764 0.781912
vt 0.092557 0.859015
vt 0.093258 0.833573
vt 0.093258 0.859015
vt 0.090476 0.859015
vt 0.087078 0.833573
vt 0.087078 0.859015
vt 0.082759 0.833573
vt 0.082466 0.789685
vt 0.082466 0.859015
vt 0.219745 0.753953
vt 0.134764 0.759771
vt 0.219745 0.759770
vt 0.134764 0.798303
vt 0.129811 0.790108
vt 0.129811 0.798272
vt 0.129811 0.806188
vt 0.129811 0.813616
vt 0.134764 0.820445
vt 0.129811 0.820330
vt 0.134764 0.826262
vt 0.129811 0.826125
vt 0.129811 0.820329
vt 0.129811 0.826125
vt 0.129811 0.813616
vt 0.134764 0.820445
vt 0.129811 0.806188
vt 0.129811 0.798272
vt 0.129811 0.781943
vt 0.134764 0.773966
vt 0.129811 0.774027
vt 0.134764 0.766509
vt 0.129811 0.766599
vt 0.134764 0.759770
vt 0.129811 0.759886
vt 0.134764 0.753953
vt 0.129811 0.754091
vt 0.124895 0.798179
vt 0.124895 0.790108
vt 0.124895 0.806005
vt 0.124895 0.813347
vt 0.124895 0.819984
vt 0.125351 0.825751
vt 0.124895 0.806005
vt 0.124895 0.798179
vt 0.124895 0.782037
vt 0.124895 0.774211
vt 0.124895 0.766868
vt 0.124895 0.760231
vt 0.125351 0.754464
vt 0.120055 0.790108
vt 0.120055 0.798024
vt 0.120055 0.805700
vt 0.120055 0.812902
vt 0.120055 0.819411
vt 0.120055 0.812902
vt 0.120055 0.805700
vt 0.120055 0.798024
vt 0.120055 0.790108
vt 0.120055 0.782191
vt 0.120055 0.774516
vt 0.120055 0.767314
vt 0.120055 0.760804
vt 0.120055 0.767314
vt 0.120055 0.774516
vt 0.120055 0.782191
vt 0.115327 0.790108
vt 0.115327 0.797809
vt 0.115327 0.805276
vt 0.115327 0.812283
vt 0.115327 0.818615
vt 0.115327 0.812283
vt 0.115327 0.805276
vt 0.115327 0.782406
vt 0.115327 0.774939
vt 0.115327 0.767933
vt 0.115327 0.761600
vt 0.115327 0.761600
vt 0.110746 0.797535
vt 0.110746 0.790108
vt 0.110746 0.804737
vt 0.110746 0.811495
vt 0.110746 0.817603
vt 0.110746 0.804737
vt 0.110746 0.797535
vt 0.110746 0.782680
vt 0.110746 0.775478
vt 0.110746 0.768721
vt 0.110746 0.762613
vt 0.106349 0.790108
vt 0.106349 0.797205
vt 0.106349 0.804087
vt 0.106349 0.810544
vt 0.106349 0.816381
vt 0.106349 0.810544
vt 0.106349 0.783010
vt 0.106349 0.776128
vt 0.106349 0.769671
vt 0.106349 0.763835
vt 0.102168 0.796821
vt 0.102168 0.790108
vt 0.102168 0.803331
vt 0.102168 0.809438
vt 0.102168 0.814541
vt 0.102168 0.809438
vt 0.102168 0.803331
vt 0.102168 0.796821
vt 0.102168 0.783394
vt 0.102168 0.776885
vt 0.102168 0.770777
vt 0.102168 0.765674
vt 0.102168 0.776885
vt 0.098234 0.790108
vt 0.098234 0.796386
vt 0.098234 0.802473
vt 0.098234 0.808185
vt 0.098234 0.796386
vt 0.098234 0.783830
vt 0.098234 0.777742
vt 0.098234 0.772030
vt 0.094579 0.795903
vt 0.094579 0.790108
vt 0.094579 0.801522
vt 0.094579 0.795903
vt 0.094579 0.801522
vt 0.094579 0.784313
vt 0.094579 0.778693
vt 0.129811 0.826344
vt 0.125351 0.825751
vt 0.120055 0.824425
vt 0.115327 0.822681
vt 0.110746 0.820461
vt 0.106349 0.817783
vt 0.102889 0.815204
vt 0.098234 0.810188
vt 0.096106 0.807375
vt 0.094579 0.804635
vt 0.092874 0.800993
vt 0.091230 0.795010
vt 0.091230 0.790108
vt 0.090833 0.790108
vt 0.129811 0.753871
vt 0.120055 0.755790
vt 0.115327 0.757534
vt 0.110746 0.759754
vt 0.098234 0.770028
vt 0.096106 0.772840
vt 0.091230 0.785206
vt 0.094579 0.775580
vt 0.092874 0.779222
vt 0.106349 0.762433
vt 0.102889 0.765012
vt 0.129811 0.826344
vt 0.115327 0.822681
vt 0.106349 0.817783
vt 0.102889 0.815204
vt 0.098234 0.770028
vt 0.091230 0.785206
vt 0.129811 0.753871
vt 0.125351 0.754464
vt 0.120055 0.755790
vt 0.106349 0.762433
vt 0.102889 0.765012
vt 0.219745 0.798303
vt 0.219745 0.806250
vt 0.006793 0.845062
vt 0.007180 0.859015
vt 0.007180 0.846507
vt 0.003782 0.859015
vt 0.219745 0.826262
vt 0.219745 0.820445
vt 0.219745 0.773966
vt 0.219745 0.766509
vt 0.188560 0.753653
vt 0.134764 0.753653
vt 0.087078 0.833573
vt 0.090476 0.833573
vt 0.092557 0.833573
vt 0.219745 0.781912
vt 0.124895 0.825681
vt 0.091265 0.795381
vt 0.091265 0.784834
vt 0.091265 0.784834
vt 0.124895 0.754534
vt 0.007180 0.833573
vt 0.011499 0.833573
vt 0.061233 0.755542
vt 0.051979 0.752229
vt 0.051607 0.752193
vt 0.032177 0.755542
vt 0.041431 0.752229
vt 0.041803 0.752193
vt 0.191255 0.825915
vt 0.191255 0.826262
vt 0.188560 0.826563
vt 0.134764 0.826563
vt 0.010336 0.849562
vt 0.011792 0.859015
vt 0.011792 0.849562
vt 0.012131 0.849562
vt 0.004100 0.848731
vt 0.014405 0.848731
vt 0.004100 0.849562
vt 0.008744 0.848731
vt 0.004100 0.848731
vt 0.007446 0.847168
vt 0.004100 0.847168
vt 0.004100 0.845062
vt 0.006597 0.842667
vt 0.004100 0.840273
vt 0.006793 0.840273
vt 0.004100 0.838167
vt 0.007446 0.838167
vt 0.004100 0.836604
vt 0.008744 0.836604
vt 0.004100 0.835772
vt 0.010336 0.835772
vt 0.004100 0.847168
vt 0.016258 0.847168
vt 0.004100 0.842667
vt 0.004100 0.845062
vt 0.017468 0.845062
vt 0.004100 0.842667
vt 0.017478 0.845004
vt 0.017468 0.840273
vt 0.004100 0.840273
vt 0.016258 0.838167
vt 0.004100 0.838167
vt 0.014405 0.836604
vt 0.004100 0.836604
vt 0.012131 0.835772
vt 0.196843 0.820445
vt 0.003782 0.833573
vt 0.188560 0.826562
vt 0.134764 0.826562
vt 0.124895 0.825681
vt 0.007180 0.838828
vt 0.087078 0.859015
vt 0.082760 0.833573
vt 0.082466 0.859015
vt 0.083160 0.849523
vt 0.010250 0.795727
vt 0.010250 0.849523
vt 0.083160 0.795727
vt 0.082941 0.790774
vt 0.010469 0.790774
vt 0.082348 0.786314
vt 0.011062 0.786315
vt 0.011132 0.785859
vt 0.012387 0.781018
vt 0.014132 0.776290
vt 0.016351 0.771710
vt 0.019030 0.767312
vt 0.021609 0.763852
vt 0.022272 0.763131
vt 0.026625 0.759198
vt 0.029437 0.757070
vt 0.035819 0.753838
vt 0.046705 0.751797
vt 0.082278 0.785859
vt 0.081023 0.781018
vt 0.079278 0.776290
vt 0.077059 0.771710
vt 0.074380 0.767312
vt 0.071801 0.763852
vt 0.071138 0.763131
vt 0.066785 0.759198
vt 0.063973 0.757070
vt 0.057591 0.753838
vt 0.010250 0.795727
vt 0.010250 0.849523
vt 0.082941 0.790774
vt 0.010469 0.790774
vt 0.011062 0.786315
vt 0.082349 0.786315
vt 0.081023 0.781018
vt 0.074380 0.767312
vt 0.071801 0.763852
vt 0.066785 0.759198
vt 0.051979 0.752229
vt 0.051607 0.752193
vt 0.011132 0.785859
vt 0.014132 0.776290
vt 0.019030 0.767312
vt 0.021609 0.763852
vt 0.196771 0.820455
vt 0.194190 0.821693
vt 0.192274 0.823589
vt 0.011792 0.835772
vt 0.011792 0.789685
vt 0.017478 0.859015
vt 0.018063 0.842667
vt 0.017478 0.840331
s 1
usemtl Material_#25
f 1537/1586/1385 1536/1587/1386 1538/1588/1387
f 1539/1589/1388 1825/1590/1389 1833/1591/1390
f 1546/1592/1391 1545/1593/1392 1548/1594/1392
f 1548/1594/1392 1547/1595/1393 1550/1596/1393
f 1550/1596/1393 1551/1597/1394 1549/1594/1394
f 1554/1598/1395 1553/1599/1396 1821/1600/1395
f 1555/1601/1397 1556/1602/1398 1557/1603/1399
f 1562/1586/1400 1564/1604/1401 1561/1605/1402
f 1564/1604/1401 1566/1606/1403 1561/1605/1402
f 1563/1607/1404 1568/1608/1405 1566/1606/1403
f 1567/1609/1406 1565/1610/1407 1570/1611/1408
f 1584/1612/1409 1588/1613/1410 1586/1614/1410
f 1592/1615/1411 1591/1616/1412 1822/1617/1412
f 1593/1618/1413 1594/1619/1414 1595/1620/1415
f 1595/1621/1415 1596/1622/1416 1598/1623/1417
f 1531/1624/1418 1604/1625/1419 1605/1626/1420
f 1536/1587/1386 1605/1626/1420 1606/1627/1421
f 1538/1588/1387 1606/1627/1421 1607/1628/1422
f 1540/1629/1423 1607/1628/1422 1608/1630/1424
f 1609/1631/1425 1608/1630/1424 1759/1632/1426
f 1610/1633/1427 1556/1631/1398 1790/1634/1428
f 1611/1635/1429 1560/1636/1430 1610/1633/1427
f 1564/1604/1401 1611/1635/1429 1612/1637/1431
f 1563/1607/1404 1612/1637/1431 1629/1638/1432
f 1613/1625/1433 1563/1607/1404 1629/1638/1432
f 1570/1611/1408 1613/1625/1433 1614/1639/1434
f 1569/1640/1435 1614/1639/1434 1615/1641/1436
f 1573/1642/1437 1615/1641/1436 1616/1643/1438
f 1575/1644/1439 1616/1643/1438 1617/1645/1440
f 1578/1646/1441 1617/1645/1440 1814/1647/1442
f 1618/1645/1443 1594/1646/1414 1776/1647/1444
f 1619/1643/1445 1596/1622/1416 1618/1645/1443
f 1620/1641/1446 1599/1642/1447 1619/1643/1445
f 1621/1639/1448 1602/1640/1449 1620/1641/1446
f 1533/1610/1450 1621/1639/1448 1604/1625/1419
f 1622/1648/1451 1604/1625/1419 1640/1649/1452
f 1606/1627/1421 1622/1648/1451 1623/1650/1453
f 1607/1628/1422 1623/1650/1453 1624/1651/1454
f 1608/1630/1424 1624/1651/1454 1643/1652/1455
f 1625/1653/1456 1626/1652/1457 1610/1633/1427
f 1611/1635/1429 1626/1652/1457 1627/1651/1458
f 1612/1637/1431 1627/1651/1458 1628/1654/1459
f 1629/1638/1432 1628/1654/1459 1630/1655/1460
f 1613/1625/1433 1630/1655/1460 1631/1649/1461
f 1614/1639/1434 1631/1649/1461 1648/1656/1462
f 1632/1657/1463 1614/1639/1434 1648/1656/1462
f 1616/1643/1438 1632/1657/1463 1633/1658/1464
f 1617/1645/1440 1633/1658/1464 1651/1659/1465
f 1634/1660/1466 1635/1659/1467 1618/1645/1443
f 1619/1643/1445 1635/1659/1467 1636/1658/1468
f 1620/1641/1446 1636/1658/1468 1637/1657/1469
f 1621/1639/1448 1637/1657/1469 1638/1656/1470
f 1604/1625/1419 1638/1656/1470 1640/1649/1452
f 1622/1648/1451 1639/1661/1471 1655/1662/1472
f 1641/1663/1473 1622/1648/1451 1655/1662/1472
f 1642/1664/1474 1623/1650/1453 1641/1663/1473
f 1643/1652/1455 1642/1664/1474 1658/1665/1475
f 1644/1666/1476 1626/1652/1457 1659/1665/1477
f 1628/1654/1459 1644/1666/1476 1661/1667/1478
f 1645/1668/1479 1628/1654/1459 1661/1667/1478
f 1646/1669/1480 1630/1655/1460 1645/1668/1479
f 1647/1670/1481 1631/1649/1461 1646/1669/1480
f 1632/1657/1463 1647/1670/1481 1649/1671/1482
f 1633/1658/1464 1649/1671/1482 1665/1672/1483
f 1650/1673/1484 1633/1658/1464 1665/1672/1483
f 1652/1674/1485 1635/1659/1467 1668/1673/1486
f 1637/1657/1469 1652/1674/1485 1670/1675/1487
f 1653/1676/1488 1637/1657/1469 1670/1675/1487
f 1640/1649/1452 1653/1676/1488 1639/1661/1471
f 1655/1662/1472 1654/1677/1489 1673/1678/1490
f 1656/1679/1491 1655/1662/1472 1673/1678/1490
f 1642/1664/1474 1656/1679/1491 1675/1680/1492
f 1657/1681/1493 1642/1664/1474 1675/1680/1492
f 1660/1682/1494 1659/1665/1477 1677/1681/1495
f 1661/1667/1478 1660/1682/1494 1680/1683/1496
f 1662/1678/1497 1661/1667/1478 1680/1683/1496
f 1646/1669/1480 1662/1678/1497 1682/1677/1498
f 1663/1684/1499 1646/1669/1480 1682/1677/1498
f 1664/1685/1500 1647/1670/1481 1663/1684/1499
f 1665/1672/1483 1664/1685/1500 1685/1686/1501
f 1666/1687/1502 1665/1672/1483 1685/1686/1501
f 1652/1674/1485 1667/1688/1503 1688/1686/1504
f 1669/1685/1505 1652/1674/1485 1688/1686/1504
f 1671/1684/1506 1670/1675/1487 1669/1685/1505
f 1654/1677/1489 1653/1676/1488 1671/1684/1506
f 1672/1689/1507 1654/1677/1489 1692/1690/1508
f 1674/1691/1509 1673/1678/1490 1672/1689/1507
f 1675/1680/1492 1674/1691/1509 1676/1692/1510
f 1657/1681/1493 1676/1692/1510 1696/1693/1511
f 1678/1692/1512 1677/1681/1495 1698/1693/1513
f 1679/1694/1514 1660/1682/1494 1678/1692/1512
f 1662/1678/1497 1679/1694/1514 1701/1695/1515
f 1681/1690/1516 1662/1678/1497 1701/1695/1515
f 1683/1696/1517 1682/1677/1498 1681/1690/1516
f 1664/1685/1500 1683/1696/1517 1684/1697/1518
f 1685/1686/1501 1684/1697/1518 1704/1698/1519
f 1686/1699/1520 1685/1686/1501 1704/1698/1519
f 1687/1698/1521 1667/1688/1503 1707/1699/1522
f 1689/1697/1523 1688/1686/1504 1687/1698/1521
f 1671/1684/1506 1689/1697/1523 1690/1696/1524
f 1654/1677/1489 1690/1696/1524 1692/1690/1508
f 1672/1689/1507 1691/1700/1525 1693/1701/1526
f 1674/1691/1509 1693/1701/1526 1712/1702/1527
f 1694/1703/1528 1674/1691/1509 1712/1702/1527
f 1695/1704/1529 1676/1692/1510 1694/1703/1528
f 1678/1692/1512 1697/1704/1530 1699/1705/1531
f 1679/1694/1514 1699/1705/1531 1715/1702/1532
f 1700/1701/1533 1679/1694/1514 1715/1702/1532
f 1681/1690/1516 1700/1701/1533 1718/1700/1534
f 1702/1706/1535 1681/1690/1516 1718/1700/1534
f 1703/1707/1536 1683/1696/1517 1702/1706/1535
f 1704/1698/1519 1703/1707/1536 1721/1708/1537
f 1705/1709/1538 1704/1698/1519 1721/1708/1537
f 1687/1698/1521 1706/1709/1539 1708/1708/1540
f 1689/1697/1523 1708/1708/1540 1709/1707/1541
f 1690/1696/1524 1709/1707/1541 1725/1706/1542
f 1691/1700/1525 1690/1696/1524 1725/1706/1542
f 1710/1710/1543 1691/1700/1525 1727/1711/1544
f 1711/1712/1545 1693/1701/1526 1710/1710/1543
f 1694/1703/1528 1711/1712/1545 1729/1713/1546
f 1699/1705/1531 1713/1714/1547 1714/1715/1548
f 1715/1702/1532 1714/1715/1548 1716/1716/1549
f 1700/1701/1533 1716/1716/1549 1732/1717/1550
f 1717/1711/1551 1700/1701/1533 1732/1717/1550
f 1702/1706/1535 1717/1711/1551 1734/1718/1552
f 1719/1719/1553 1702/1706/1535 1734/1718/1552
f 1720/1720/1554 1703/1707/1536 1719/1719/1553
f 1708/1708/1540 1722/1721/1555 1723/1720/1556
f 1709/1707/1541 1723/1720/1556 1737/1722/1557
f 1724/1718/1558 1709/1707/1541 1737/1722/1557
f 1691/1700/1525 1724/1718/1558 1727/1711/1544
f 1710/1710/1543 1726/1723/1559 1739/1724/1560
f 1728/1725/1561 1710/1710/1543 1739/1724/1560
f 1729/1713/1546 1728/1725/1561 1767/1726/1562
f 1730/1725/1563 1714/1715/1548 1800/1726/1564
f 1731/1727/1565 1716/1716/1549 1730/1725/1563
f 1717/1711/1551 1731/1727/1565 1744/1723/1566
f 1733/1728/1567 1717/1711/1551 1744/1723/1566
f 1719/1719/1553 1733/1728/1567 1735/1729/1568
f 1720/1720/1554 1735/1729/1568 1803/1730/1569
f 1736/1729/1570 1723/1720/1556 1784/1730/1571
f 1724/1718/1558 1736/1729/1570 1749/1728/1572
f 1726/1723/1559 1724/1718/1558 1749/1728/1572
f 1738/1731/1573 1726/1723/1559 1752/1732/1574
f 1728/1725/1561 1738/1731/1573 1771/1733/1575
f 1742/1734/1576 1730/1725/1563 1741/1735/1577
f 1743/1732/1578 1731/1727/1565 1742/1734/1576
f 1745/1736/1579 1744/1723/1566 1743/1732/1578
f 1735/1729/1568 1745/1736/1579 1808/1737/1580
f 1748/1736/1581 1736/1729/1570 1747/1737/1582
f 1726/1723/1559 1748/1736/1581 1752/1732/1574
f 1757/1738/1583 1609/1631/1425 1759/1632/1426
f 1757/1738/1583 1759/1632/1426 1755/1739/1584
f 1760/1740/1585 1643/1652/1455 1658/1665/1475
f 1761/1741/1586 1658/1665/1475 1657/1681/1493
f 1762/1742/1587 1657/1681/1493 1696/1693/1511
f 1765/1743/1588 1695/1704/1529 1764/1744/1589
f 1765/1743/1588 1696/1693/1511 1695/1704/1529
f 1766/1745/1590 1729/1713/1546 1767/1726/1562
f 1767/1726/1562 1768/1746/1591 1766/1745/1590
f 1728/1725/1561 1769/1747/1592 1768/1746/1591
f 1771/1733/1575 1770/1748/1593 1769/1747/1592
f 1772/1749/1594 1754/1750/1595 1773/1751/1596
f 1775/1752/1597 1634/1660/1466 1776/1647/1444
f 1594/1646/1414 1775/1752/1597 1776/1647/1444
f 1635/1659/1467 1778/1753/1598 1668/1673/1486
f 1668/1673/1486 1780/1754/1599 1667/1688/1503
f 1667/1688/1503 1781/1755/1600 1707/1699/1522
f 1723/1720/1556 1782/1756/1601 1784/1730/1571
f 1782/1756/1601 1783/1757/1602 1784/1730/1571
f 1753/1758/1603 1773/1751/1596 1754/1750/1595
f 1746/1759/1604 1785/1760/1605 1747/1737/1582
f 1786/1761/1606 1787/1762/1607 1706/1709/1539
f 1707/1699/1522 1786/1761/1606 1706/1709/1539
f 1789/1763/1608 1625/1653/1456 1790/1634/1428
f 1556/1631/1398 1789/1763/1608 1790/1634/1428
f 1626/1652/1457 1792/1740/1609 1659/1665/1477
f 1659/1665/1477 1794/1764/1610 1677/1681/1495
f 1677/1681/1495 1795/1742/1611 1698/1693/1513
f 1714/1715/1548 1796/1745/1612 1800/1726/1564
f 1797/1765/1613 1798/1766/1614 1697/1704/1530
f 1698/1693/1513 1797/1765/1613 1697/1704/1530
f 1796/1745/1612 1799/1746/1615 1800/1726/1564
f 1740/1747/1616 1801/1748/1617 1741/1735/1577
f 1750/1749/1618 1802/1751/1619 1751/1750/1620
f 1803/1730/1569 1804/1757/1621 1805/1767/1622
f 1735/1729/1568 1806/1759/1623 1804/1757/1621
f 1751/1750/1620 1802/1751/1619 1809/1768/1624
f 1806/1759/1623 1808/1737/1580 1807/1760/1625
f 1813/1769/1626 1578/1646/1441 1814/1647/1442
f 1813/1769/1626 1814/1647/1442 1811/1770/1627
f 1815/1771/1628 1651/1659/1465 1650/1673/1484
f 1816/1754/1629 1650/1673/1484 1666/1687/1502
f 1817/1755/1630 1666/1687/1502 1686/1699/1520
f 1820/1772/1631 1705/1709/1538 1819/1773/1632
f 1820/1772/1631 1686/1699/1520 1705/1709/1538
f 1805/1767/1622 1720/1720/1554 1803/1730/1569
f 1532/1608/1633 1531/1624/1418 1535/1774/1634
f 1535/1774/1634 1536/1587/1386 1534/1775/1635
f 1842/1776/1636 1543/1777/1637 1843/1778/1638
f 1552/1779/1396 1551/1597/1394 1553/1599/1396
f 1557/1780/1399 1560/1636/1430 1558/1781/1639
f 1558/1781/1639 1559/1588/1640 1562/1586/1400
f 1567/1609/1406 1569/1640/1435 1572/1782/1641
f 1572/1782/1641 1573/1642/1437 1571/1783/1642
f 1571/1783/1642 1575/1644/1439 1574/1623/1643
f 1574/1623/1643 1578/1646/1441 1576/1621/1644
f 1577/1784/1645 1578/1646/1441 1579/1785/1646
f 1581/1615/1647 1580/1786/1648 1583/1787/1647
f 1581/1615/1647 1585/1788/1649 1584/1612/1409
f 1586/1614/1410 1587/1788/1650 1590/1612/1650
f 1590/1612/1650 1589/1787/1411 1592/1615/1411
f 1598/1623/1417 1599/1642/1447 1597/1783/1651
f 1597/1783/1651 1602/1640/1449 1600/1782/1652
f 1600/1782/1652 1601/1611/1653 1603/1789/1654
f 1603/1789/1654 1533/1610/1450 1532/1608/1633
f 1730/1725/1563 1740/1747/1616 1741/1735/1577
f 1736/1729/1570 1746/1759/1604 1747/1737/1582
f 1743/1732/1578 1750/1749/1618 1751/1750/1620
f 1752/1732/1574 1753/1758/1603 1754/1750/1595
f 1755/1739/1584 1643/1652/1455 1756/1790/1655
f 1694/1703/1528 1763/1714/1656 1764/1744/1589
f 1770/1748/1593 1738/1731/1573 1774/1791/1657
f 1752/1732/1574 1772/1749/1594 1774/1791/1657
f 1748/1736/1581 1785/1760/1605 1824/1792/1658
f 1742/1734/1576 1801/1748/1617 1823/1791/1659
f 1807/1760/1625 1745/1736/1579 1810/1793/1660
f 1743/1732/1578 1809/1768/1624 1810/1793/1660
f 1811/1770/1627 1651/1659/1465 1812/1794/1661
f 1721/1708/1537 1818/1721/1662 1819/1773/1632
f 1545/1593/1663 1544/1795/1663 1788/1796/1663
f 1806/1797/1633 1810/1798/1664 1809/1799/1633
f 1769/1800/1405 1774/1801/1665 1772/1802/1405
f 1834/1803/1666 1609/1631/1425 1835/1804/1667
f 1788/1805/1668 1609/1631/1425 1758/1806/1669
f 1846/1807/1668 1541/1808/1667 1847/1809/1667
f 1541/1808/1667 1848/1810/1666 1847/1809/1667
f 1849/1811/1670 1848/1810/1671 1830/1812/1672
f 1850/1813/1673 1846/1807/1674 1847/1809/1675
f 1851/1813/1676 1845/1814/1677 1846/1807/1674
f 1852/1815/1678 1844/1816/1679 1845/1814/1677
f 1853/1817/1680 1842/1776/1681 1843/1778/1682
f 1854/1818/1683 1841/1819/1405 1842/1776/1681
f 1841/1819/1405 1856/1820/1684 1840/1821/1685
f 1857/1822/1686 1840/1821/1685 1856/1820/1684
f 1838/1823/1687 1858/1824/1688 1837/1825/1689
f 1837/1825/1689 1859/1826/1690 1836/1827/1691
f 1860/1826/1692 1836/1827/1691 1859/1826/1690
f 1861/1828/1693 1830/1812/1672 1831/1829/1694
f 1857/1822/1393 1855/1830/1393 1854/1818/1393
f 1862/1831/1695 1831/1829/1694 1832/1832/1696
f 1863/1833/1633 1832/1832/1696 1833/1834/1697
f 1863/1833/1633 1827/1835/1698 1864/1836/1699
f 1864/1836/1699 1828/1837/1700 1865/1838/1701
f 1865/1838/1701 1829/1839/1702 1866/1840/1703
f 1834/1841/1704 1866/1840/1703 1829/1839/1702
f 1536/1587/1386 1537/1586/1385 1534/1775/1635
f 1538/1588/1387 1539/1589/1388 1537/1586/1385
f 1826/1842/1705 1538/1588/1387 1540/1629/1423
f 1825/1590/1389 1538/1588/1387 1826/1842/1705
f 1825/1590/1389 1539/1589/1388 1538/1588/1387
f 1545/1593/1392 1546/1592/1391 1542/1843/1391
f 1547/1595/1393 1548/1594/1392 1545/1593/1392
f 1551/1597/1394 1550/1596/1393 1547/1595/1393
f 1553/1599/1396 1554/1598/1395 1552/1779/1396
f 1821/1600/1395 1557/1603/1399 1554/1598/1395
f 1555/1601/1397 1557/1603/1399 1821/1600/1395
f 1556/1631/1398 1555/1844/1397 1791/1845/1706
f 1564/1604/1401 1562/1586/1400 1559/1588/1640
f 1566/1606/1403 1564/1604/1401 1563/1607/1404
f 1568/1608/1405 1563/1607/1404 1565/1610/1407
f 1565/1610/1407 1567/1609/1406 1568/1608/1405
f 1588/1613/1410 1584/1612/1409 1585/1788/1649
f 1591/1616/1412 1592/1615/1411 1589/1787/1411
f 1593/1618/1413 1822/1617/1412 1591/1616/1412
f 1593/1618/1413 1595/1620/1415 1822/1617/1412
f 1594/1646/1414 1593/1784/1413 1777/1785/1707
f 1596/1622/1416 1595/1621/1415 1594/1646/1414
f 1604/1625/1419 1531/1624/1418 1533/1610/1450
f 1605/1626/1420 1536/1587/1386 1531/1624/1418
f 1606/1627/1421 1538/1588/1387 1536/1587/1386
f 1607/1628/1422 1540/1629/1423 1538/1588/1387
f 1608/1630/1424 1609/1631/1425 1540/1629/1423
f 1556/1631/1398 1610/1633/1427 1560/1636/1430
f 1560/1636/1430 1611/1635/1429 1559/1588/1640
f 1611/1635/1429 1564/1604/1401 1559/1588/1640
f 1612/1637/1431 1563/1607/1404 1564/1604/1401
f 1563/1607/1404 1613/1625/1433 1565/1610/1407
f 1613/1625/1433 1570/1611/1408 1565/1610/1407
f 1614/1639/1434 1569/1640/1435 1570/1611/1408
f 1615/1641/1436 1573/1642/1437 1569/1640/1435
f 1616/1643/1438 1575/1644/1439 1573/1642/1437
f 1617/1645/1440 1578/1646/1441 1575/1644/1439
f 1594/1646/1414 1618/1645/1443 1596/1622/1416
f 1596/1622/1416 1619/1643/1445 1599/1642/1447
f 1599/1642/1447 1620/1641/1446 1602/1640/1449
f 1602/1640/1449 1621/1639/1448 1601/1611/1653
f 1621/1639/1448 1533/1610/1450 1601/1611/1653
f 1604/1625/1419 1622/1648/1451 1605/1626/1420
f 1622/1648/1451 1606/1627/1421 1605/1626/1420
f 1623/1650/1453 1607/1628/1422 1606/1627/1421
f 1624/1651/1454 1608/1630/1424 1607/1628/1422
f 1625/1653/1456 1610/1633/1427 1790/1634/1428
f 1626/1652/1457 1625/1653/1456 1793/1846/1708
f 1626/1652/1457 1611/1635/1429 1610/1633/1427
f 1627/1651/1458 1612/1637/1431 1611/1635/1429
f 1628/1654/1459 1629/1638/1432 1612/1637/1431
f 1630/1655/1460 1613/1625/1433 1629/1638/1432
f 1631/1649/1461 1614/1639/1434 1613/1625/1433
f 1614/1639/1434 1632/1657/1463 1615/1641/1436
f 1632/1657/1463 1616/1643/1438 1615/1641/1436
f 1633/1658/1464 1617/1645/1440 1616/1643/1438
f 1634/1660/1466 1618/1645/1443 1776/1647/1444
f 1635/1659/1467 1634/1660/1466 1779/1794/1709
f 1635/1659/1467 1619/1643/1445 1618/1645/1443
f 1636/1658/1468 1620/1641/1446 1619/1643/1445
f 1637/1657/1469 1621/1639/1448 1620/1641/1446
f 1638/1656/1470 1604/1625/1419 1621/1639/1448
f 1639/1661/1471 1622/1648/1451 1640/1649/1452
f 1622/1648/1451 1641/1663/1473 1623/1650/1453
f 1623/1650/1453 1642/1664/1474 1624/1651/1454
f 1642/1664/1474 1643/1652/1455 1624/1651/1454
f 1626/1652/1457 1644/1666/1476 1627/1651/1458
f 1644/1666/1476 1628/1654/1459 1627/1651/1458
f 1628/1654/1459 1645/1668/1479 1630/1655/1460
f 1630/1655/1460 1646/1669/1480 1631/1649/1461
f 1631/1649/1461 1647/1670/1481 1648/1656/1462
f 1647/1670/1481 1632/1657/1463 1648/1656/1462
f 1649/1671/1482 1633/1658/1464 1632/1657/1463
f 1633/1658/1464 1650/1673/1484 1651/1659/1465
f 1635/1659/1467 1652/1674/1485 1636/1658/1468
f 1652/1674/1485 1637/1657/1469 1636/1658/1468
f 1637/1657/1469 1653/1676/1488 1638/1656/1470
f 1653/1676/1488 1640/1649/1452 1638/1656/1470
f 1654/1677/1489 1655/1662/1472 1639/1661/1471
f 1655/1662/1472 1656/1679/1491 1641/1663/1473
f 1656/1679/1491 1642/1664/1474 1641/1663/1473
f 1642/1664/1474 1657/1681/1493 1658/1665/1475
f 1659/1665/1477 1660/1682/1494 1644/1666/1476
f 1660/1682/1494 1661/1667/1478 1644/1666/1476
f 1661/1667/1478 1662/1678/1497 1645/1668/1479
f 1662/1678/1497 1646/1669/1480 1645/1668/1479
f 1646/1669/1480 1663/1684/1499 1647/1670/1481
f 1647/1670/1481 1664/1685/1500 1649/1671/1482
f 1664/1685/1500 1665/1672/1483 1649/1671/1482
f 1665/1672/1483 1666/1687/1502 1650/1673/1484
f 1667/1688/1503 1652/1674/1485 1668/1673/1486
f 1652/1674/1485 1669/1685/1505 1670/1675/1487
f 1670/1675/1487 1671/1684/1506 1653/1676/1488
f 1653/1676/1488 1654/1677/1489 1639/1661/1471
f 1654/1677/1489 1672/1689/1507 1673/1678/1490
f 1673/1678/1490 1674/1691/1509 1656/1679/1491
f 1674/1691/1509 1675/1680/1492 1656/1679/1491
f 1676/1692/1510 1657/1681/1493 1675/1680/1492
f 1677/1681/1495 1678/1692/1512 1660/1682/1494
f 1660/1682/1494 1679/1694/1514 1680/1683/1496
f 1679/1694/1514 1662/1678/1497 1680/1683/1496
f 1662/1678/1497 1681/1690/1516 1682/1677/1498
f 1682/1677/1498 1683/1696/1517 1663/1684/1499
f 1683/1696/1517 1664/1685/1500 1663/1684/1499
f 1684/1697/1518 1685/1686/1501 1664/1685/1500
f 1685/1686/1501 1686/1699/1520 1666/1687/1502
f 1667/1688/1503 1687/1698/1521 1688/1686/1504
f 1688/1686/1504 1689/1697/1523 1669/1685/1505
f 1689/1697/1523 1671/1684/1506 1669/1685/1505
f 1690/1696/1524 1654/1677/1489 1671/1684/1506
f 1691/1700/1525 1672/1689/1507 1692/1690/1508
f 1693/1701/1526 1674/1691/1509 1672/1689/1507
f 1674/1691/1509 1694/1703/1528 1676/1692/1510
f 1676/1692/1510 1695/1704/1529 1696/1693/1511
f 1697/1704/1530 1678/1692/1512 1698/1693/1513
f 1699/1705/1531 1679/1694/1514 1678/1692/1512
f 1679/1694/1514 1700/1701/1533 1701/1695/1515
f 1700/1701/1533 1681/1690/1516 1701/1695/1515
f 1681/1690/1516 1702/1706/1535 1683/1696/1517
f 1683/1696/1517 1703/1707/1536 1684/1697/1518
f 1703/1707/1536 1704/1698/1519 1684/1697/1518
f 1704/1698/1519 1705/1709/1538 1686/1699/1520
f 1706/1709/1539 1687/1698/1521 1707/1699/1522
f 1708/1708/1540 1689/1697/1523 1687/1698/1521
f 1709/1707/1541 1690/1696/1524 1689/1697/1523
f 1690/1696/1524 1691/1700/1525 1692/1690/1508
f 1691/1700/1525 1710/1710/1543 1693/1701/1526
f 1693/1701/1526 1711/1712/1545 1712/1702/1527
f 1711/1712/1545 1694/1703/1528 1712/1702/1527
f 1798/1766/1614 1699/1705/1531 1697/1704/1530
f 1713/1714/1547 1699/1705/1531 1798/1766/1614
f 1714/1715/1548 1715/1702/1532 1699/1705/1531
f 1716/1716/1549 1700/1701/1533 1715/1702/1532
f 1700/1701/1533 1717/1711/1551 1718/1700/1534
f 1717/1711/1551 1702/1706/1535 1718/1700/1534
f 1702/1706/1535 1719/1719/1553 1703/1707/1536
f 1703/1707/1536 1720/1720/1554 1721/1708/1537
f 1787/1762/1607 1708/1708/1540 1706/1709/1539
f 1722/1721/1555 1708/1708/1540 1787/1762/1607
f 1723/1720/1556 1709/1707/1541 1708/1708/1540
f 1709/1707/1541 1724/1718/1558 1725/1706/1542
f 1724/1718/1558 1691/1700/1525 1725/1706/1542
f 1726/1723/1559 1710/1710/1543 1727/1711/1544
f 1710/1710/1543 1728/1725/1561 1711/1712/1545
f 1728/1725/1561 1729/1713/1546 1711/1712/1545
f 1714/1715/1548 1730/1725/1563 1716/1716/1549
f 1716/1716/1549 1731/1727/1565 1732/1717/1550
f 1731/1727/1565 1717/1711/1551 1732/1717/1550
f 1717/1711/1551 1733/1728/1567 1734/1718/1552
f 1733/1728/1567 1719/1719/1553 1734/1718/1552
f 1735/1729/1568 1720/1720/1554 1719/1719/1553
f 1723/1720/1556 1736/1729/1570 1737/1722/1557
f 1736/1729/1570 1724/1718/1558 1737/1722/1557
f 1724/1718/1558 1726/1723/1559 1727/1711/1544
f 1726/1723/1559 1738/1731/1573 1739/1724/1560
f 1738/1731/1573 1728/1725/1561 1739/1724/1560
f 1730/1725/1563 1742/1734/1576 1731/1727/1565
f 1731/1727/1565 1743/1732/1578 1744/1723/1566
f 1744/1723/1566 1745/1736/1579 1733/1728/1567
f 1745/1736/1579 1735/1729/1568 1733/1728/1567
f 1736/1729/1570 1748/1736/1581 1749/1728/1572
f 1748/1736/1581 1726/1723/1559 1749/1728/1572
f 1609/1631/1425 1757/1738/1583 1758/1806/1669
f 1643/1652/1455 1760/1740/1585 1756/1790/1655
f 1658/1665/1475 1761/1741/1586 1760/1740/1585
f 1657/1681/1493 1762/1742/1587 1761/1741/1586
f 1696/1693/1511 1765/1743/1588 1762/1742/1587
f 1729/1713/1546 1766/1745/1590 1763/1714/1656
f 1728/1725/1561 1768/1746/1591 1767/1726/1562
f 1769/1747/1592 1728/1725/1561 1771/1733/1575
f 1775/1752/1597 1594/1646/1414 1777/1785/1707
f 1778/1753/1598 1635/1659/1467 1779/1794/1709
f 1780/1754/1599 1668/1673/1486 1778/1753/1598
f 1781/1755/1600 1667/1688/1503 1780/1754/1599
f 1782/1756/1601 1723/1720/1556 1722/1721/1555
f 1786/1761/1606 1707/1699/1522 1781/1755/1600
f 1789/1763/1608 1556/1631/1398 1791/1845/1706
f 1792/1740/1609 1626/1652/1457 1793/1846/1708
f 1794/1764/1610 1659/1665/1477 1792/1740/1609
f 1795/1742/1611 1677/1681/1495 1794/1764/1610
f 1796/1745/1612 1714/1715/1548 1713/1714/1547
f 1797/1765/1613 1698/1693/1513 1795/1742/1611
f 1735/1729/1568 1804/1757/1621 1803/1730/1569
f 1806/1759/1623 1735/1729/1568 1808/1737/1580
f 1578/1646/1441 1813/1769/1626 1579/1785/1646
f 1651/1659/1465 1815/1771/1628 1812/1794/1661
f 1650/1673/1484 1816/1754/1629 1815/1771/1628
f 1666/1687/1502 1817/1755/1630 1816/1754/1629
f 1686/1699/1520 1820/1772/1631 1817/1755/1630
f 1720/1720/1554 1805/1767/1622 1818/1721/1662
f 1531/1624/1418 1532/1608/1633 1533/1610/1450
f 1536/1587/1386 1535/1774/1634 1531/1624/1418
f 1542/1843/1391 1839/1847/1638 1544/1795/1637
f 1543/1777/1637 1542/1843/1391 1546/1592/1391
f 1542/1843/1391 1840/1821/1710 1839/1847/1638
f 1542/1843/1391 1841/1819/1710 1840/1821/1710
f 1543/1777/1637 1841/1819/1710 1542/1843/1391
f 1543/1777/1637 1842/1776/1636 1841/1819/1710
f 1551/1597/1394 1552/1779/1396 1549/1594/1394
f 1560/1636/1430 1557/1780/1399 1556/1631/1398
f 1559/1588/1640 1558/1781/1639 1560/1636/1430
f 1569/1640/1435 1567/1609/1406 1570/1611/1408
f 1573/1642/1437 1572/1782/1641 1569/1640/1435
f 1575/1644/1439 1571/1783/1642 1573/1642/1437
f 1578/1646/1441 1574/1623/1643 1575/1644/1439
f 1582/1848/1648 1577/1849/1645 1580/1786/1648
f 1576/1850/1644 1577/1849/1645 1582/1848/1648
f 1578/1646/1441 1577/1784/1645 1576/1621/1644
f 1580/1786/1648 1581/1615/1647 1582/1848/1648
f 1585/1788/1649 1581/1615/1647 1583/1787/1647
f 1587/1788/1650 1586/1614/1410 1588/1613/1410
f 1589/1787/1411 1590/1612/1650 1587/1788/1650
f 1599/1642/1447 1598/1623/1417 1596/1622/1416
f 1602/1640/1449 1597/1783/1651 1599/1642/1447
f 1601/1611/1653 1600/1782/1652 1602/1640/1449
f 1533/1610/1450 1603/1789/1654 1601/1611/1653
f 1799/1746/1615 1730/1725/1563 1800/1726/1564
f 1740/1747/1616 1730/1725/1563 1799/1746/1615
f 1783/1757/1602 1736/1729/1570 1784/1730/1571
f 1746/1759/1604 1736/1729/1570 1783/1757/1602
f 1823/1791/1659 1743/1732/1578 1742/1734/1576
f 1750/1749/1618 1743/1732/1578 1823/1791/1659
f 1824/1792/1658 1752/1732/1574 1748/1736/1581
f 1753/1758/1603 1752/1732/1574 1824/1792/1658
f 1608/1630/1424 1755/1739/1584 1759/1632/1426
f 1643/1652/1455 1755/1739/1584 1608/1630/1424
f 1694/1703/1528 1764/1744/1589 1695/1704/1529
f 1763/1714/1656 1694/1703/1528 1729/1713/1546
f 1738/1731/1573 1770/1748/1593 1771/1733/1575
f 1752/1732/1574 1774/1791/1657 1738/1731/1573
f 1772/1749/1594 1752/1732/1574 1754/1750/1595
f 1785/1760/1605 1748/1736/1581 1747/1737/1582
f 1801/1748/1617 1742/1734/1576 1741/1735/1577
f 1745/1736/1579 1807/1760/1625 1808/1737/1580
f 1743/1732/1578 1810/1793/1660 1745/1736/1579
f 1809/1768/1624 1743/1732/1578 1751/1750/1620
f 1617/1645/1440 1811/1770/1627 1814/1647/1442
f 1651/1659/1465 1811/1770/1627 1617/1645/1440
f 1721/1708/1537 1819/1773/1632 1705/1709/1538
f 1818/1721/1662 1721/1708/1537 1720/1720/1554
f 1555/1601/1663 1580/1786/1663 1577/1849/1663
f 1555/1601/1663 1583/1787/1663 1580/1786/1663
f 1555/1601/1663 1585/1788/1663 1583/1787/1663
f 1555/1601/1663 1588/1613/1663 1585/1788/1663
f 1555/1601/1663 1587/1788/1663 1588/1613/1663
f 1555/1601/1663 1589/1787/1663 1587/1788/1663
f 1555/1601/1663 1591/1616/1663 1589/1787/1663
f 1555/1601/1663 1593/1618/1663 1591/1616/1663
f 1555/1601/1663 1788/1796/1663 1593/1618/1663
f 1821/1600/1663 1788/1796/1663 1555/1601/1663
f 1553/1599/1663 1788/1796/1663 1821/1600/1663
f 1551/1597/1663 1788/1796/1663 1553/1599/1663
f 1547/1595/1663 1788/1796/1663 1551/1597/1663
f 1545/1593/1663 1788/1796/1663 1547/1595/1663
f 1544/1795/1663 1545/1593/1663 1542/1843/1663
f 1577/1851/1633 1791/1852/1633 1555/1853/1633
f 1579/1854/1633 1791/1852/1633 1577/1851/1633
f 1813/1855/1633 1791/1852/1633 1579/1854/1633
f 1813/1855/1633 1789/1856/1633 1791/1852/1633
f 1811/1857/1633 1789/1856/1633 1813/1855/1633
f 1811/1857/1633 1625/1858/1633 1789/1856/1633
f 1811/1857/1633 1793/1859/1633 1625/1858/1633
f 1811/1857/1633 1792/1860/1633 1793/1859/1633
f 1811/1857/1633 1794/1861/1633 1792/1860/1633
f 1811/1857/1633 1795/1862/1633 1794/1861/1633
f 1811/1857/1633 1797/1863/1633 1795/1862/1633
f 1811/1857/1633 1798/1864/1633 1797/1863/1633
f 1811/1857/1633 1713/1865/1633 1798/1864/1633
f 1811/1857/1633 1796/1866/1633 1713/1865/1633
f 1811/1857/1633 1799/1867/1633 1796/1866/1633
f 1811/1857/1633 1740/1800/1633 1799/1867/1633
f 1811/1857/1633 1801/1868/1633 1740/1800/1633
f 1811/1857/1633 1823/1801/1633 1801/1868/1633
f 1811/1857/1633 1750/1802/1664 1823/1801/1633
f 1811/1857/1633 1802/1869/1633 1750/1802/1664
f 1811/1857/1633 1809/1799/1633 1802/1869/1633
f 1812/1870/1633 1809/1799/1633 1811/1857/1633
f 1815/1871/1633 1809/1799/1633 1812/1870/1633
f 1816/1872/1633 1809/1799/1633 1815/1871/1633
f 1817/1873/1633 1809/1799/1633 1816/1872/1633
f 1820/1874/1633 1809/1799/1633 1817/1873/1633
f 1819/1875/1633 1809/1799/1633 1820/1874/1633
f 1818/1876/1633 1809/1799/1633 1819/1875/1633
f 1805/1877/1633 1809/1799/1633 1818/1876/1633
f 1804/1878/1633 1809/1799/1633 1805/1877/1633
f 1806/1797/1633 1809/1799/1633 1804/1878/1633
f 1810/1798/1664 1806/1797/1633 1807/1879/1711
f 1758/1880/1405 1593/1851/1405 1788/1881/1405
f 1758/1880/1405 1777/1854/1405 1593/1851/1405
f 1758/1880/1405 1775/1882/1405 1777/1854/1405
f 1757/1883/1405 1775/1882/1405 1758/1880/1405
f 1755/1884/1405 1775/1882/1405 1757/1883/1405
f 1755/1884/1405 1634/1885/1405 1775/1882/1405
f 1755/1884/1405 1779/1870/1405 1634/1885/1405
f 1755/1884/1405 1778/1886/1405 1779/1870/1405
f 1755/1884/1405 1780/1872/1405 1778/1886/1405
f 1755/1884/1405 1781/1873/1405 1780/1872/1405
f 1755/1884/1405 1786/1887/1405 1781/1873/1405
f 1755/1884/1405 1787/1888/1405 1786/1887/1405
f 1755/1884/1405 1722/1876/1405 1787/1888/1405
f 1755/1884/1405 1782/1889/1405 1722/1876/1405
f 1755/1884/1405 1783/1878/1405 1782/1889/1405
f 1755/1884/1405 1746/1797/1405 1783/1878/1405
f 1755/1884/1405 1785/1879/1405 1746/1797/1405
f 1755/1884/1405 1824/1890/1405 1785/1879/1405
f 1755/1884/1405 1753/1891/1405 1824/1890/1405
f 1755/1884/1405 1773/1869/1405 1753/1891/1405
f 1755/1884/1405 1772/1802/1405 1773/1869/1405
f 1756/1892/1405 1772/1802/1405 1755/1884/1405
f 1760/1860/1405 1772/1802/1405 1756/1892/1405
f 1761/1893/1405 1772/1802/1405 1760/1860/1405
f 1762/1862/1405 1772/1802/1405 1761/1893/1405
f 1765/1894/1405 1772/1802/1405 1762/1862/1405
f 1764/1895/1405 1772/1802/1405 1765/1894/1405
f 1763/1865/1405 1772/1802/1405 1764/1895/1405
f 1766/1866/1405 1772/1802/1405 1763/1865/1405
f 1768/1867/1405 1772/1802/1405 1766/1866/1405
f 1769/1800/1405 1772/1802/1405 1768/1867/1405
f 1774/1801/1665 1769/1800/1405 1770/1868/1665
f 1540/1629/1423 1827/1896/1712 1826/1842/1705
f 1540/1629/1423 1828/1897/1666 1827/1896/1712
f 1540/1629/1423 1829/1898/1666 1828/1897/1666
f 1540/1629/1423 1834/1803/1666 1829/1898/1666
f 1609/1631/1425 1834/1803/1666 1540/1629/1423
f 1838/1823/1713 1544/1795/1637 1839/1847/1638
f 1837/1825/1668 1544/1795/1637 1838/1823/1713
f 1837/1825/1668 1788/1796/1668 1544/1795/1637
f 1836/1827/1713 1788/1796/1668 1837/1825/1668
f 1835/1899/1667 1788/1796/1668 1836/1827/1713
f 1609/1900/1425 1788/1796/1668 1835/1899/1667
f 1543/1777/1637 1844/1816/1713 1843/1778/1638
f 1543/1777/1637 1845/1814/1668 1844/1816/1713
f 1541/1808/1667 1845/1814/1668 1543/1777/1637
f 1541/1808/1667 1846/1807/1668 1845/1814/1668
f 1832/1832/1714 1539/1901/1388 1833/1834/1390
f 1831/1829/1666 1539/1901/1388 1832/1832/1714
f 1830/1812/1666 1539/1901/1388 1831/1829/1666
f 1830/1812/1666 1541/1808/1667 1539/1901/1388
f 1848/1810/1666 1541/1808/1667 1830/1812/1666
f 1848/1810/1671 1849/1811/1670 1850/1813/1673
f 1850/1813/1673 1847/1809/1675 1848/1810/1671
f 1846/1807/1674 1850/1813/1673 1851/1813/1676
f 1845/1814/1677 1851/1813/1676 1852/1815/1678
f 1844/1816/1679 1852/1815/1678 1853/1817/1680
f 1853/1817/1680 1843/1778/1682 1844/1816/1679
f 1842/1776/1681 1853/1817/1680 1854/1818/1683
f 1841/1819/1405 1854/1818/1683 1855/1830/1405
f 1856/1820/1684 1841/1819/1405 1855/1830/1405
f 1839/1847/1715 1857/1822/1686 1838/1823/1687
f 1840/1821/1685 1857/1822/1686 1839/1847/1715
f 1858/1824/1688 1838/1823/1687 1857/1822/1686
f 1859/1826/1690 1837/1825/1689 1858/1824/1688
f 1835/1899/1663 1860/1826/1692 1834/1841/1704
f 1836/1827/1691 1860/1826/1692 1835/1899/1663
f 1830/1812/1672 1861/1828/1693 1849/1811/1670
f 1865/1838/1393 1863/1833/1393 1864/1836/1393
f 1866/1840/1393 1863/1833/1393 1865/1838/1393
f 1866/1840/1393 1862/1831/1393 1863/1833/1393
f 1866/1840/1393 1861/1828/1393 1862/1831/1393
f 1866/1840/1393 1849/1811/1393 1861/1828/1393
f 1860/1826/1393 1849/1811/1393 1866/1840/1393
f 1859/1826/1393 1849/1811/1393 1860/1826/1393
f 1858/1824/1393 1849/1811/1393 1859/1826/1393
f 1857/1822/1393 1849/1811/1393 1858/1824/1393
f 1857/1822/1393 1850/1813/1393 1849/1811/1393
f 1857/1822/1393 1851/1813/1393 1850/1813/1393
f 1857/1822/1393 1852/1815/1393 1851/1813/1393
f 1857/1822/1393 1853/1817/1393 1852/1815/1393
f 1857/1822/1393 1854/1818/1393 1853/1817/1393
f 1855/1830/1393 1857/1822/1393 1856/1820/1393
f 1831/1829/1694 1862/1831/1695 1861/1828/1693
f 1863/1833/1633 1833/1834/1697 1825/1902/1633
f 1832/1832/1696 1863/1833/1633 1862/1831/1695
f 1826/1903/1716 1863/1833/1633 1825/1902/1633
f 1827/1835/1698 1863/1833/1633 1826/1903/1716
f 1828/1837/1700 1864/1836/1699 1827/1835/1698
f 1829/1839/1702 1865/1838/1701 1828/1837/1700
f 1866/1840/1703 1834/1841/1704 1860/1826/1692
o Mesh003
v 759.326599 -17.368792 268.807892
v 747.593689 -20.316504 268.807892
v 747.593689 -19.967394 263.464081
v 759.326599 -17.064470 264.300903
v 747.593689 -18.930677 258.404755
v 759.326599 -16.160742 260.023682
v 747.593689 -17.237852 253.891037
v 759.327087 -14.685052 256.187744
v 747.593689 -14.940347 250.139801
v 759.327087 -12.682271 252.970276
v 747.593689 -12.107985 247.307434
v 759.327087 -10.213231 250.501221
v 747.593689 -8.826816 245.479980
v 759.327087 -7.352958 248.855637
v 747.593689 -5.196534 244.670593
v 759.327087 -4.188357 248.051285
v 747.593689 -1.327450 244.824097
v 759.327087 -0.815585 248.052017
v 747.593689 2.662899 245.828491
v 759.327087 2.662897 248.776215
v 759.326782 15.539250 256.424164
v 759.326782 18.008293 258.893219
v 759.327271 6.141599 250.108994
v 759.327271 9.514375 251.917191
v 759.327271 12.678975 254.064178
v 747.593872 17.434010 255.101807
v 747.593872 20.266376 257.934174
v 759.327271 20.011078 261.396301
v 759.327271 2.663136 248.776138
v 747.593872 22.563881 260.745270
v 747.593872 6.653461 247.531021
v 747.593872 10.522553 249.757980
v 747.593872 14.152837 252.334244
v 747.593872 24.256706 263.492126
v 759.326782 21.486748 263.889557
v 747.593872 2.663136 245.828430
v 747.593872 25.293423 266.170990
v 759.326782 22.390484 266.357880
v 747.593872 25.642536 268.807831
v 759.326782 22.694809 268.807831
v 759.326782 -17.368555 268.807831
v 747.593872 25.293427 271.444672
v 759.326782 22.390488 271.257751
v 759.326782 -17.064226 273.314819
v 759.326782 12.678983 283.551453
v 759.327271 -10.212976 287.114502
v 759.327271 -12.682021 284.645447
v 747.593872 -19.967150 274.151672
v 747.593872 -20.316267 268.807831
v 759.326782 18.008297 278.722412
v 759.326782 15.539254 281.191467
v 759.326782 9.514379 285.698456
v 747.593872 24.256706 274.123505
v 759.326782 21.486748 273.726074
v 747.593872 -12.107726 290.308289
v 747.593872 -14.940099 287.475922
v 759.327271 -14.684808 281.427979
v 759.326782 -16.160498 277.592041
v 747.593872 20.266380 279.681458
v 747.593872 17.434013 282.513824
v 747.593872 14.152837 285.281403
v 747.593872 10.522561 287.857666
v 759.327271 6.141607 287.506653
v 759.326782 -7.352698 288.760071
v 747.593872 -17.237600 283.724701
v 747.593872 -18.930433 279.210999
v 759.326782 20.011082 276.219360
v 747.593872 6.653469 290.084625
v 759.327271 2.663144 288.839508
v 747.593872 22.563881 276.870361
v 747.593872 -8.826556 292.135742
v 759.327271 -0.815324 289.563690
v 747.593872 2.663143 291.787231
v 759.327271 -4.188097 289.564423
v 747.593872 -1.327186 292.791595
v 747.593872 -5.196270 292.945129
v 747.593689 -20.316504 268.807892
v 747.593689 -19.967394 263.464081
v 747.593689 -18.930677 258.404755
v 747.593689 -17.237852 253.891037
v 747.593689 -14.940347 250.139801
v 747.593689 -12.107985 247.307434
v 747.593689 -8.826816 245.479980
v 747.593689 -5.196534 244.670593
v 747.593689 -1.327450 244.824097
v 747.593689 2.662899 245.828491
v 734.300232 2.662903 243.055664
v 734.299744 7.134732 245.146729
v 747.593689 6.653225 247.531082
v 734.300232 11.470684 247.803360
v 747.593689 10.522313 249.758041
v 734.300232 15.539017 250.809952
v 747.593689 14.152600 252.334305
v 734.300232 19.216114 253.975021
v 747.593689 17.433773 255.101868
v 734.300232 22.390259 257.149170
v 747.593689 20.266140 257.934235
v 734.300232 24.964989 260.235901
v 747.593689 22.563644 260.745361
v 734.300232 26.862083 263.194763
v 747.593689 24.256470 263.492188
v 734.300232 28.023895 266.035889
v 747.593689 25.293186 266.171051
v 734.300232 28.415131 268.807892
v 747.593689 25.642300 268.807892
v 734.300232 28.023903 271.579865
v 747.593689 25.293190 271.444733
v 734.300232 26.862083 274.421021
v 747.593689 24.256470 274.123566
v 734.300232 24.964989 277.379852
v 747.593689 22.563644 276.870422
v 734.300232 22.390259 280.466614
v 747.593689 20.266140 279.681519
v 734.300232 19.216122 283.640747
v 747.593689 17.433777 282.513885
v 734.300232 15.539022 286.805817
v 747.593689 14.152600 285.281464
v 734.300232 11.470692 289.812408
v 747.593689 10.522322 287.857727
v 734.300232 7.134735 292.469025
v 747.593689 6.653233 290.084686
v 734.300232 2.662911 294.560120
v 747.593689 2.662908 291.787292
v 734.300232 -1.808917 295.868713
v 747.593689 -1.327423 292.791656
v 734.300232 -6.144872 296.201721
v 747.593689 -5.196508 292.945190
v 734.300232 -10.213202 295.414124
v 747.593689 -8.826793 292.135803
v 734.300232 -13.890304 293.429749
v 747.593689 -12.107966 290.308350
v 734.300232 -17.064445 290.255585
v 747.593689 -14.940335 287.475983
v 734.300232 -19.639175 285.988159
v 747.593689 -17.237841 283.724762
v 734.300232 -21.536278 280.810333
v 747.593689 -18.930670 279.211060
v 734.300232 -22.698090 274.979553
v 747.593689 -19.967390 274.151733
v 734.300232 -23.089329 268.807892
v 734.300232 -22.698093 262.636230
v 734.300232 -21.536282 256.805481
v 734.300232 -19.639191 251.627640
v 734.300232 -17.064461 247.360199
v 734.300232 -13.890326 244.186050
v 734.300232 -10.213228 242.201660
v 734.299744 -6.144897 241.414062
v 734.299744 -1.808947 241.747055
v 719.547058 2.662903 240.478821
v 719.547058 7.582192 242.966232
v 719.547058 12.352015 246.053238
v 719.547058 16.827436 249.482803
v 719.547058 20.872475 253.029572
v 719.547058 24.364231 256.521332
v 719.547058 27.196602 259.851959
v 719.547058 29.283524 262.984741
v 719.547058 30.561596 265.945648
v 719.547058 30.991978 268.807892
v 719.547058 30.561596 271.670135
v 719.547058 29.283527 274.631012
v 719.547058 27.196602 277.763794
v 719.547058 24.364235 281.094452
v 719.547058 20.872478 284.586182
v 719.547058 16.827444 288.132965
v 719.547058 12.352022 291.562531
v 719.547058 7.582203 294.649506
v 719.547058 2.662910 297.136932
v 719.547058 -2.256378 298.763611
v 719.547058 -7.026198 299.294464
v 719.547058 -11.501625 298.550201
v 719.547058 -15.546666 296.432220
v 719.547058 -19.038416 292.940460
v 719.547058 -21.870783 288.181030
v 719.547058 -23.957708 282.362976
v 719.547058 -25.235785 275.784241
v 719.547058 -25.666166 268.807892
v 719.547058 -25.235788 261.831573
v 719.547058 -23.957720 255.252823
v 719.547058 -21.870798 249.434753
v 719.547058 -19.038435 244.675308
v 719.547058 -15.546693 241.183563
v 719.547058 -11.501652 239.065582
v 719.547058 -7.026228 238.321304
v 719.547058 -2.256410 238.852158
v 391.552063 -15.665561 233.697037
v 391.552124 -9.568623 236.992432
v 391.552063 -3.656939 241.005310
v 391.552063 1.889871 245.394592
v 391.552063 6.903272 249.864227
v 391.552063 11.230925 254.191879
v 391.552063 14.741344 258.246063
v 391.552063 17.327866 261.990112
v 391.552063 18.911896 265.472931
v 391.552063 19.445309 268.807892
v 391.552063 18.911896 272.142853
v 391.552063 17.327866 275.625671
v 391.552063 14.741348 279.369751
v 391.552063 11.230928 283.423920
v 391.552063 6.903278 287.751556
v 391.552063 1.889879 292.221191
v 391.552063 -3.656929 296.610474
v 391.552063 -9.568612 300.623352
v 391.552063 -15.665547 303.918762
v 391.552063 -21.762484 306.147339
v 391.552063 -27.674168 306.992157
v 391.552063 -33.220978 306.208374
v 391.552124 -38.234371 303.657196
v 391.552124 -42.562031 299.329559
v 391.552124 -46.072449 293.356934
v 391.552124 -48.658970 286.007355
v 391.552124 -50.243000 277.666840
v 391.552124 -50.776417 268.807922
v 391.552124 -50.243011 259.949005
v 391.552124 -48.658981 251.608475
v 391.552063 -46.072468 244.258896
v 391.552063 -42.562050 238.286270
v 391.552063 -38.234402 233.958618
v 391.552063 -33.221012 231.407410
v 391.552063 -27.674206 230.623657
v 391.552063 -21.762524 231.468460
v 273.817261 0.443074 223.249100
v 273.817383 10.773319 223.941238
v 273.817261 20.789680 225.996628
v 273.817261 30.187824 229.352814
v 273.817139 38.682190 233.907837
v 273.817139 46.014679 239.523270
v 273.817139 51.962498 246.028503
v 273.817139 56.344917 253.225861
v 273.817139 59.028793 260.896698
v 273.817139 59.932571 268.807892
v 273.817139 59.028793 276.719086
v 273.817139 56.344917 284.389893
v 273.817139 51.962498 291.587280
v 273.817261 46.014683 298.092499
v 273.817261 38.682198 303.707947
v 273.817261 30.187840 308.262939
v 273.817261 20.789700 311.619141
v 273.817383 10.773338 313.674530
v 273.817261 0.443097 314.366669
v 273.817139 -9.887144 313.674530
v 273.817261 -19.903509 311.619141
v 273.817261 -29.301655 308.262970
v 273.817261 -37.796021 303.707947
v 273.817261 -45.128521 298.092529
v 273.817261 -51.076340 291.587280
v 273.817261 -55.458771 284.389923
v 273.817261 -58.142651 276.719116
v 273.817261 -59.046429 268.807922
v 273.817261 -58.142658 260.896729
v 273.817261 -55.458786 253.225891
v 273.817261 -51.076363 246.028519
v 273.817261 -45.128555 239.523285
v 273.817139 -37.796074 233.907852
v 273.817261 -29.301714 229.352844
v 273.817261 -19.903574 225.996643
v 273.817139 -9.887212 223.941254
v 256.686890 0.443078 220.642136
v 256.686890 11.364439 221.373886
v 256.686890 21.953960 223.546890
v 256.686890 31.889879 227.095123
v 256.686890 40.870300 231.910782
v 256.686768 48.622372 237.847549
v 256.686646 54.910530 244.725021
v 256.686768 59.543728 252.334229
v 256.686768 62.381176 260.444000
v 256.686768 63.336674 268.807892
v 256.686890 62.381184 277.171783
v 256.686890 59.543732 285.281525
v 256.686890 54.910534 292.890747
v 256.686768 48.622372 299.768219
v 256.686890 40.870312 305.704987
v 256.686890 31.889896 310.520630
v 256.686890 21.953976 314.068878
v 256.686890 11.364461 316.241882
v 256.686890 0.443102 316.973633
v 256.686768 -10.478254 316.241882
v 256.686890 -21.067772 314.068878
v 256.686890 -31.003695 310.520660
v 256.686890 -39.984131 305.705017
v 256.686890 -47.736214 299.768250
v 256.686890 -54.024372 292.890778
v 256.687012 -58.657578 285.281555
v 256.687012 -61.495033 277.171814
v 256.687012 -62.450531 268.807922
v 256.686768 -61.495045 260.444031
v 256.686768 -58.657597 252.334259
v 256.686768 -54.024403 244.725037
v 256.686890 -47.736244 237.847565
v 256.687012 -39.984184 231.910797
v 256.686890 -31.003757 227.095139
v 256.686890 -21.067841 223.546906
v 256.686890 -10.478326 221.373886
v 238.670410 0.443081 218.401749
v 238.670410 11.872438 219.167542
v 238.670410 22.954515 221.441620
v 238.670288 33.352604 225.154907
v 238.670410 42.750755 230.194550
v 238.670410 50.863403 236.407455
v 238.670410 57.444054 243.604828
v 238.670410 62.292755 251.567978
v 238.670410 65.262154 260.054962
v 238.670532 66.262100 268.807892
v 238.670532 65.262161 277.560822
v 238.670532 62.292759 286.047791
v 238.670532 57.444057 294.010925
v 238.670532 50.863411 301.208313
v 238.670410 42.750767 307.421204
v 238.670410 33.352619 312.460846
v 238.670410 22.954536 316.174133
v 238.670410 11.872461 318.448212
v 238.670410 0.443107 319.214020
v 238.670410 -10.986246 318.448242
v 238.670410 -22.068327 316.174164
v 238.670532 -32.466408 312.460876
v 238.670410 -41.864540 307.421234
v 238.670410 -49.977200 301.208313
v 238.670410 -56.557850 294.010956
v 238.670532 -61.406563 286.047821
v 238.670410 -64.376030 277.560852
v 238.670288 -65.375977 268.807922
v 238.670288 -64.376038 260.054993
v 238.670288 -61.406578 251.568008
v 238.670288 -56.557880 243.604843
v 238.670288 -49.977242 236.407471
v 238.670410 -41.864601 230.194580
v 238.670410 -32.466469 225.154907
v 238.670410 -22.068399 221.441620
v 238.670410 -10.986321 219.167542
v 219.905151 0.443085 216.544983
v 219.905151 12.293457 217.338989
v 219.905029 23.783754 219.696838
v 219.905029 34.564873 223.546890
v 219.905029 44.309216 228.772186
v 219.905029 52.720703 235.213959
v 219.905151 59.543758 242.676453
v 219.905151 64.571030 250.932922
v 219.905151 67.649834 259.732544
v 219.905151 68.686607 268.807892
v 219.905151 67.649834 277.883240
v 219.905151 64.571037 286.682861
v 219.905151 59.543762 294.939331
v 219.905090 52.720707 302.401794
v 219.905151 44.309227 308.843567
v 219.905151 34.564888 314.068878
v 219.905151 23.783775 317.918915
v 219.905029 12.293479 320.276764
v 219.905029 0.443111 321.070770
v 219.905151 -11.407252 320.276794
v 219.905029 -22.897556 317.918945
v 219.905029 -33.678650 314.068878
v 219.905029 -43.422985 308.843597
v 219.905151 -51.834476 302.401855
v 219.905151 -58.657536 294.939362
v 219.905151 -63.684895 286.682861
v 219.905151 -66.763718 277.883270
v 219.905029 -67.800507 268.807922
v 219.905029 -66.763741 259.732574
v 219.905029 -63.684917 250.932953
v 219.905029 -58.657570 242.676468
v 219.905090 -51.834522 235.213959
v 219.905151 -43.423046 228.772202
v 219.905151 -33.678722 223.546906
v 219.905151 -22.897633 219.696838
v 219.905151 -11.407331 217.338989
v 200.533813 0.443089 215.085983
v 200.533691 12.624287 215.902130
v 200.533813 24.435364 218.325806
v 200.533813 35.517448 222.283340
v 200.533813 45.533813 227.654510
v 200.533813 54.180122 234.276108
v 200.533813 61.193661 241.946930
v 200.533813 66.361290 250.433914
v 200.533813 69.526047 259.479187
v 200.533813 70.591766 268.807892
v 200.533813 69.526047 278.136597
v 200.533936 66.361298 287.181854
v 200.533936 61.193665 295.668823
v 200.533813 54.180126 303.339661
v 200.533936 45.533829 309.961243
v 200.533813 35.517464 315.332397
v 200.533813 24.435385 319.289948
v 200.533813 12.624310 321.713654
v 200.533813 0.443116 322.529785
v 200.533813 -11.738073 321.713654
v 200.533813 -23.549143 319.289978
v 200.533813 -34.631222 315.332428
v 200.533813 -44.647591 309.961273
v 200.533813 -53.293911 303.339661
v 200.533813 -60.307442 295.668854
v 200.533813 -65.475128 287.181885
v 200.533813 -68.639915 278.136627
v 200.533813 -69.705643 268.807922
v 200.533813 -68.639931 259.479218
v 200.533813 -65.475151 250.433945
v 200.533813 -60.307476 241.946960
v 200.533813 -53.293953 234.276123
v 200.533691 -44.647652 227.654541
v 200.533813 -34.631294 222.283356
v 200.533813 -23.549221 218.325821
v 200.533813 -11.738153 215.902145
v 180.703857 0.443093 214.035828
v 180.703796 12.862406 214.867950
v 180.703796 24.904362 217.338989
v 180.703796 36.203079 221.373886
v 180.703857 46.415245 226.850052
v 180.703796 55.230572 233.601089
v 180.703735 62.381210 241.421860
v 180.703735 67.649841 250.074738
v 180.703857 70.876480 259.296814
v 180.703857 71.963036 268.807892
v 180.703857 70.876488 278.318970
v 180.703979 67.649841 287.541016
v 180.703979 62.381214 296.193909
v 180.703857 55.230579 304.014679
v 180.703979 46.415257 310.765717
v 180.703735 36.203098 316.241882
v 180.703735 24.904383 320.276794
v 180.703796 12.862430 322.747833
v 180.703796 0.443121 323.579956
v 180.703857 -11.976188 322.747833
v 180.703796 -24.018143 320.276794
v 180.703857 -35.316853 316.241882
v 180.703796 -45.529022 310.765747
v 180.703857 -54.344360 304.014709
v 180.703796 -61.494991 296.193939
v 180.703796 -66.763710 287.541046
v 180.703735 -69.990334 278.319000
v 180.703735 -71.076897 268.807922
v 180.703735 -69.990349 259.296844
v 180.703735 -66.763733 250.074768
v 180.703735 -61.495026 241.421875
v 180.703735 -54.344402 233.601105
v 180.703735 -45.529087 226.850067
v 180.703796 -35.316925 221.373901
v 180.703796 -24.018221 217.338989
v 180.703857 -11.976270 214.867950
v 160.566223 0.443097 213.402527
v 160.566223 13.006008 214.244263
v 160.566223 25.187204 216.743866
v 160.566223 36.616550 220.825424
v 160.566223 46.946796 226.364899
v 160.566223 55.864052 233.194000
v 160.566284 63.097363 241.105209
v 160.566284 68.426933 249.858139
v 160.566284 71.690887 259.186859
v 160.566284 72.790001 268.807892
v 160.566284 71.690887 278.428925
v 160.566345 68.426933 287.757629
v 160.566284 63.097366 296.510559
v 160.566284 55.864056 304.421753
v 160.566284 46.946812 311.250854
v 160.566284 36.616570 316.790344
v 160.566284 25.187229 320.871887
v 160.566223 13.006033 323.371521
v 160.566223 0.443125 324.213257
v 160.566223 -12.119784 323.371521
v 160.566223 -24.300970 320.871918
v 160.566223 -35.730339 316.790344
v 160.566223 -46.060589 311.250885
v 160.566284 -54.977852 304.421783
v 160.566223 -62.211170 296.510590
v 160.566223 -67.540794 287.757660
v 160.566223 -70.804718 278.428955
v 160.566223 -71.903839 268.807922
v 160.566223 -70.804733 259.186890
v 160.566162 -67.540817 249.858170
v 160.566162 -62.211201 241.105225
v 160.566162 -54.977894 233.194031
v 160.566162 -46.060650 226.364929
v 160.566223 -35.730412 220.825439
v 160.566223 -24.301050 216.743866
v 160.566284 -12.119866 214.244263
v 140.274109 0.443101 213.190887
v 140.274109 13.054002 214.035828
v 140.274109 25.281725 216.544998
v 140.274109 47.124432 226.202789
v 140.274109 56.075752 233.057968
v 140.274170 63.336697 240.999390
v 140.274170 68.686638 249.785751
v 140.274109 71.963058 259.150116
v 140.274109 73.066376 268.807892
v 140.274109 71.963074 278.465668
v 140.274170 68.686638 287.830017
v 140.274170 63.336697 296.616394
v 140.274170 56.075756 304.557800
v 140.274170 47.124443 311.412964
v 140.274170 25.281746 321.070770
v 140.274109 13.054026 323.579956
v 140.274109 0.443129 324.424896
v 140.274109 -12.167766 323.579956
v 140.274109 -24.395487 321.070801
v 140.062805 -39.875778 299.823883
v 140.062805 -48.494392 296.243164
v 140.062805 -55.934151 291.828827
v 140.062744 -61.968971 286.714996
v 140.062744 -66.415520 281.057068
v 140.062866 -69.138641 275.026978
v 140.062805 -70.055649 268.807922
v 140.062866 -69.138649 262.588867
v 140.062744 -66.415527 256.558746
v 140.062744 -61.969002 250.900833
v 140.062744 -55.934189 245.787018
v 140.062744 -48.494446 241.372681
v 140.062744 -39.875839 237.791931
v 140.274048 -24.395567 216.545013
v 140.274109 -12.167850 214.035843
v -96.470947 0.443160 213.190887
v -96.470947 13.054063 214.035858
v -96.470947 25.281788 216.545013
v -96.470947 36.754799 220.642166
v -96.470947 47.124496 226.202805
v -96.470947 56.075821 233.057983
v -96.470947 63.336769 240.999405
v -96.470947 68.686699 249.785767
v -96.470947 71.963104 259.150116
v -96.470947 73.066422 268.807892
v -96.470947 71.963112 278.465698
v -96.471008 68.686699 287.830017
v -96.470947 63.336769 296.616394
v -96.470947 56.075821 304.557831
v -96.470947 47.124512 311.412994
v -96.470947 36.754814 316.973633
v -96.470947 25.281807 321.070801
v -96.470947 13.054086 323.579956
v -96.471008 0.443189 324.424927
v -96.471008 -12.167709 323.579956
v -96.471008 -24.395424 321.070801
v -96.280518 -39.875717 299.823883
v -96.280396 -50.767105 296.243164
v -96.280396 -58.206856 291.828827
v -96.280396 -64.241684 286.714996
v -96.280396 -68.688225 281.057098
v -96.280396 -71.411362 275.027008
v -96.280396 -72.328369 268.807922
v -96.280396 -71.411369 262.588867
v -96.280396 -68.688232 256.558777
v -96.280396 -64.241714 250.900848
v -96.280396 -58.206894 245.787033
v -96.280396 -50.767159 241.372681
v -96.280457 -39.875778 237.791946
v -96.470947 -24.395508 216.545044
v -96.471008 -12.167789 214.035858
v -105.056030 0.443165 222.939301
v -105.056030 13.168335 213.539551
v -105.056030 25.506859 216.071457
v -105.056030 37.083836 220.205719
v -105.056030 47.547501 225.816742
v -105.056030 56.579926 232.734039
v -105.056030 63.906666 240.747421
v -105.056030 69.305077 249.613403
v -105.056030 72.611168 259.062592
v -105.056030 73.724480 268.807892
v -105.056030 72.611168 278.553192
v -105.056030 69.305077 288.002380
v -105.056030 63.906673 296.868378
v -105.056030 56.579933 304.881744
v -105.056030 47.547516 311.799042
v -105.056030 37.083855 317.410095
v -105.056030 25.506882 321.544373
v -105.056030 13.168360 324.076294
v -105.056030 0.443196 314.676514
v -105.056030 -12.281972 306.427643
v -105.056030 -24.620493 304.704224
v -104.833740 -40.149170 300.104950
v -104.833740 -48.845894 296.491760
v -104.833740 -56.353065 292.037415
v -104.833740 -62.442566 286.877258
v -104.833740 -66.929413 281.168091
v -104.833740 -69.677223 275.083344
v -104.833740 -70.602539 268.807922
v -104.833740 -69.677231 262.532501
v -104.833740 -66.929428 256.447784
v -104.833740 -62.442596 250.738586
v -104.833740 -56.353096 245.578430
v -104.833740 -48.845947 241.124084
v -104.833740 -40.149231 237.510895
v -105.056030 -24.620577 232.911621
v -105.056030 -12.282056 231.188202
v -176.977173 22.631460 214.457001
v -176.977295 32.069401 215.282715
v -176.977295 41.220570 217.734756
v -176.977295 49.806919 221.738647
v -176.977295 57.567554 227.172699
v -176.977295 64.266678 233.871826
v -176.977173 69.700729 241.632462
v -176.977173 73.704605 250.218811
v -176.977173 76.156647 259.369965
v -176.977173 76.982361 268.807892
v -176.977173 76.156647 278.245850
v -176.977173 73.704605 287.397003
v -176.977173 69.700729 295.983368
v -176.977295 64.266678 303.743988
v -176.977295 57.567562 310.443115
v -176.977295 49.806927 315.877167
v -176.977295 41.220585 319.881042
v -176.977295 32.069416 322.333099
v -176.977173 22.631481 323.158813
v -181.714233 22.631462 214.663818
v -181.714233 32.033485 215.486389
v -181.714233 41.149834 217.929108
v -181.714233 49.703506 221.917755
v -181.714233 57.434616 227.331131
v -181.714233 64.108246 234.004761
v -181.714233 69.521622 241.735870
v -181.714233 73.510254 250.289536
v -181.714233 75.952972 259.405884
v -181.714233 76.775543 268.807892
v -181.714233 75.952972 278.209930
v -181.714233 73.510254 287.326263
v -181.714233 69.521622 295.879944
v -181.714233 64.108246 303.611053
v -181.714233 57.434631 310.284668
v -181.714233 49.703522 315.698059
v -181.714233 41.149849 319.686707
v -181.714233 32.033504 322.129425
v -181.714233 22.631483 322.951996
v -186.415161 22.631462 215.282715
v -186.415161 31.926020 216.095886
v -186.415161 40.938160 218.510681
v -186.415161 49.394066 222.453720
v -186.415161 57.036793 227.805237
v -186.415161 63.634144 234.402573
v -186.415161 68.985641 242.045319
v -186.415161 72.928680 250.501221
v -186.415161 75.343475 259.513367
v -186.415161 76.156647 268.807892
v -186.415161 75.343491 278.102448
v -186.415161 72.928680 287.114594
v -186.415161 68.985641 295.570496
v -186.415161 63.634151 303.213257
v -186.415161 57.036800 309.810577
v -186.415161 49.394073 315.162079
v -186.415161 40.938175 319.105133
v -186.415161 31.926035 321.519958
v -186.415161 22.631483 322.333130
v -191.044312 22.631464 216.308960
v -191.044312 31.747810 217.106537
v -191.044312 40.587166 219.475037
v -191.044312 48.880947 223.342484
v -191.044312 56.377148 228.591370
v -191.044312 62.848011 235.062225
v -191.044312 68.096893 242.558441
v -191.044312 71.964340 250.852203
v -191.044312 74.332840 259.691559
v -191.044312 75.130417 268.807892
v -191.044312 74.332840 277.924255
v -191.044312 71.964340 286.763611
v -191.044312 68.096893 295.057373
v -191.044312 62.848011 302.553589
v -191.044312 56.377155 309.024445
v -191.044312 48.880955 314.273315
v -191.044312 40.587181 318.140778
v -191.044312 31.747829 320.509277
v -191.044312 22.631483 321.306854
v -195.566284 22.631464 217.734756
v -195.566284 31.500227 218.510681
v -195.566284 40.099514 220.814850
v -195.566284 48.168045 224.577271
v -195.566284 55.460663 229.683609
v -195.566284 61.755779 235.978729
v -195.566284 66.862106 243.271332
v -195.566284 70.624527 251.339859
v -195.566284 72.928696 259.939148
v -195.566284 73.704620 268.807922
v -195.566284 72.928696 277.676666
v -195.566284 70.624527 286.275940
v -195.566284 66.862106 294.344482
v -195.566284 61.755787 301.637085
v -195.566284 55.460670 307.932190
v -195.566284 48.168053 313.038544
v -195.566284 40.099529 316.800964
v -195.566284 31.500240 319.105133
v -195.566284 22.631485 319.881073
v -199.946899 22.631468 219.549255
v -199.946899 31.185144 220.297607
v -199.946899 39.478920 222.519913
v -199.946899 47.260796 226.148666
v -199.946899 54.294323 231.073593
v -199.946899 60.365788 237.145050
v -199.946899 65.290710 244.178589
v -199.946899 68.919456 251.960449
v -199.946899 71.141762 260.254242
v -199.946899 71.890114 268.807922
v -199.946899 71.141769 277.361572
v -199.946899 68.919456 285.655365
v -199.946899 65.290710 293.437225
v -199.946899 60.365788 300.470764
v -199.946899 54.294334 306.542236
v -199.946899 47.260811 311.467163
v -199.946899 39.478935 315.095886
v -199.946899 31.185160 317.318207
v -199.946899 22.631487 318.066559
v -204.152710 22.631468 221.738632
v -204.152710 30.804962 222.453720
v -204.152710 38.730110 224.577255
v -204.152710 46.166103 228.044724
v -204.152710 52.887012 232.750763
v -204.152710 58.688625 238.552368
v -204.152710 63.394650 245.273270
v -204.152710 66.862122 252.709274
v -204.152710 68.985657 260.634430
v -204.152710 69.700745 268.807922
v -204.152710 68.985657 276.981415
v -204.152710 66.862122 284.906555
v -204.152710 63.394657 292.342529
v -204.152710 58.688625 299.063446
v -204.152710 52.887020 304.865051
v -204.152710 46.166119 309.571106
v -204.152710 38.730122 313.038544
v -204.152710 30.804974 315.162109
v -204.152710 22.631487 315.877197
v -208.151611 22.631468 224.286240
v -208.151611 30.362572 224.962631
v -208.151611 37.858772 226.971222
v -208.151611 44.892303 230.251007
v -208.151611 51.249443 234.702332
v -208.151611 56.737045 240.189941
v -208.151611 61.188362 246.547089
v -208.151611 64.468147 253.580612
v -208.151611 66.476746 261.076813
v -208.151611 67.153130 268.807922
v -208.151611 66.476746 276.539001
v -208.151611 64.468147 284.035217
v -208.151611 61.188362 291.068726
v -208.151611 56.737045 297.425873
v -208.151611 51.249451 302.913483
v -208.151611 44.892311 307.364807
v -208.151611 37.858788 310.644592
v -208.151611 30.362589 312.653198
v -208.151611 22.631485 313.329559
v -211.913330 22.631472 227.172684
v -211.913330 29.861353 227.805222
v -211.913330 36.871559 229.683594
v -211.913330 43.449081 232.750748
v -211.913330 49.394073 236.913483
v -211.913330 54.525894 242.045303
v -211.913330 58.688629 247.990311
v -211.913330 61.755775 254.567825
v -211.913330 63.634155 261.578033
v -211.913330 64.266685 268.807922
v -211.913330 63.634155 276.037781
v -211.913330 61.755775 283.048004
v -211.913330 58.688629 289.625519
v -211.913330 54.525902 295.570496
v -211.913330 49.394081 300.702332
v -211.913330 43.449089 304.865051
v -211.913330 36.871567 307.932220
v -211.913330 29.861364 309.810577
v -211.913330 22.631485 310.443115
v -215.409180 22.631472 230.376007
v -215.409180 29.305099 230.959869
v -215.409180 35.775951 232.693741
v -215.409180 41.847420 235.524902
v -215.409180 47.335022 239.367371
v -215.409180 52.072014 244.104370
v -215.409180 55.914474 249.591965
v -215.409180 58.745644 255.663437
v -215.409180 60.479500 262.134277
v -215.409180 61.063370 268.807922
v -215.409180 60.479500 275.481537
v -215.409180 58.745644 281.952393
v -215.409180 55.914474 288.023865
v -215.409180 52.072014 293.511444
v -215.409180 47.335030 298.248444
v -215.409180 41.847427 302.090912
v -215.409180 35.775963 304.922058
v -215.409180 29.305113 306.655945
v -215.409180 22.631489 307.239807
v -218.612427 22.631470 233.871811
v -218.612427 28.698061 234.402573
v -218.612427 34.580318 235.978714
v -218.612427 40.099514 238.552368
v -218.612427 45.087959 242.045303
v -218.612427 49.394073 246.351425
v -218.612427 52.887016 251.339859
v -218.612427 55.460659 256.859070
v -218.612427 57.036812 262.741333
v -218.612427 57.567566 268.807922
v -218.612427 57.036812 274.874512
v -218.612427 55.460663 280.756744
v -218.612427 52.887020 286.275940
v -218.612427 49.394073 291.264404
v -218.612427 45.087967 295.570496
v -218.612427 40.099522 299.063446
v -218.612427 34.580326 301.637085
v -218.612427 28.698072 303.213257
v -218.612427 22.631487 303.744019
v -221.498901 22.631472 237.633499
v -221.498901 28.044849 238.107117
v -221.498901 33.293755 239.513550
v -221.498901 38.218681 241.810089
v -221.498901 42.669998 244.926926
v -221.498901 46.512459 248.769394
v -221.498901 49.629307 253.220703
v -221.498901 51.925838 258.145630
v -221.498901 53.332275 263.394531
v -221.498901 53.805885 268.807922
v -221.498901 53.332275 274.221283
v -221.498901 51.925838 279.470184
v -221.498901 49.629311 284.395111
v -221.498901 46.512463 288.846436
v -221.498901 42.670006 292.688873
v -221.498901 38.218689 295.805725
v -221.498901 33.293762 298.102264
v -221.498901 28.044861 299.508698
v -221.498901 22.631485 299.982330
v -224.046509 22.631474 241.632462
v -224.046509 27.350443 242.045319
v -224.046509 31.926027 243.271332
v -224.046509 36.219208 245.273285
v -224.046509 40.099525 247.990311
v -224.046509 43.449089 251.339874
v -224.046509 46.166115 255.220184
v -224.046509 48.168053 259.513367
v -224.046509 49.394073 264.088928
v -224.046509 49.806934 268.807922
v -224.046509 49.394081 273.526886
v -224.046509 48.168053 278.102448
v -224.046509 46.166115 282.395630
v -224.046509 43.449089 286.275970
v -224.046509 40.099529 289.625519
v -224.046509 36.219212 292.342560
v -224.046509 31.926039 294.344482
v -224.046509 27.350451 295.570526
v -224.046509 22.631483 295.983368
v -226.235962 22.631474 245.838226
v -226.235962 26.620115 246.187180
v -226.235962 30.487570 247.223465
v -226.235962 34.116322 248.915573
v -226.235962 37.396111 251.212112
v -226.235962 40.227283 254.043274
v -226.235962 42.523811 257.323059
v -226.235962 44.215927 260.951813
v -226.235962 45.252205 264.819275
v -226.235962 45.601166 268.807922
v -226.235962 45.252209 272.796570
v -226.235962 44.215927 276.664001
v -226.235962 42.523815 280.292755
v -226.235962 40.227283 283.572540
v -226.235962 37.396114 286.403717
v -226.235962 34.116325 288.700256
v -226.235962 30.487577 290.392365
v -226.235962 26.620125 291.428650
v -226.235962 22.631483 291.777618
v -228.050415 22.631475 250.218811
v -228.050415 25.859438 250.501221
v -228.050415 28.989325 251.339859
v -228.050415 31.926027 252.709274
v -228.050415 34.580326 254.567825
v -228.050415 36.871559 256.859070
v -228.050415 38.730118 259.513367
v -228.050415 40.099525 262.450073
v -228.050415 40.938175 265.579956
v -228.050415 41.220585 268.807922
v -228.050415 40.938175 272.035889
v -228.050415 40.099525 275.165771
v -228.050415 38.730118 278.102478
v -228.050415 36.871563 280.756744
v -228.050415 34.580330 283.048004
v -228.050415 31.926031 284.906555
v -228.050415 28.989328 286.275970
v -228.050415 25.859446 287.114594
v -228.050415 22.631483 287.397034
v -229.476196 22.631474 254.740860
v -229.476196 25.074192 254.954575
v -229.476196 27.442690 255.589203
v -229.476196 29.664999 256.625488
v -229.476196 31.673601 258.031921
v -229.476196 33.407463 259.765778
v -229.476196 34.813900 261.774384
v -229.476196 35.850182 263.996704
v -229.476196 36.484818 266.365204
v -229.476196 36.698528 268.807922
v -229.476196 36.484818 271.250641
v -229.476196 35.850182 273.619141
v -229.476196 34.813904 275.841431
v -229.476196 33.407463 277.850037
v -229.476196 31.673605 279.583893
v -229.476196 29.665003 280.990326
v -229.476196 27.442694 282.026611
v -229.476196 25.074198 282.661255
v -229.476196 22.631479 282.874969
v -230.502441 22.631475 259.369965
v -230.502441 24.270357 259.513367
v -230.502441 25.859442 259.939148
v -230.502441 27.350445 260.634430
v -230.502441 28.698067 261.578033
v -230.502441 29.861357 262.741333
v -230.502441 30.804970 264.088959
v -230.502441 31.500237 265.579956
v -230.502441 31.926029 267.169037
v -230.502441 32.069412 268.807922
v -230.502441 31.926033 270.446777
v -230.502441 31.500237 272.035889
v -230.502441 30.804970 273.526886
v -230.502441 29.861355 274.874512
v -230.502441 28.698069 276.037781
v -230.502441 27.350447 276.981415
v -230.502441 25.859444 277.676666
v -230.502441 24.270361 278.102478
v -230.502441 22.631479 278.245850
v -230.502441 20.992599 278.102478
v -230.502441 20.992588 259.513367
v -231.121338 22.631477 264.070923
v -231.121338 23.454046 264.142883
v -231.121338 24.251623 264.356598
v -231.121338 24.999975 264.705566
v -231.121338 25.676357 265.179169
v -231.121338 26.260225 265.763031
v -231.121338 26.733833 266.439423
v -231.121338 27.082794 267.187775
v -231.121338 27.296505 267.985352
v -231.121338 27.368471 268.807922
v -231.121338 27.296505 269.630493
v -231.121338 27.082796 270.428070
v -231.121338 26.733833 271.176422
v -231.121338 26.260225 271.852783
v -231.121338 25.676361 272.436646
v -231.121338 24.999975 272.910278
v -231.121338 24.251625 273.259216
v -231.121338 23.454048 273.472931
v -231.121338 22.631477 273.544922
v -231.121338 21.808907 273.472931
v -231.121338 21.011330 273.259247
v -231.121338 21.011326 264.356598
v -231.121338 21.808903 264.142883
v -231.328125 22.631477 268.807922
v -138.352539 -2.686849 227.917343
v -138.352539 -12.282050 228.387527
v -138.352539 -24.620567 230.239227
v -138.352539 -36.197540 233.262817
v -138.352478 -46.661201 237.366455
v -138.352478 -55.693619 242.425400
v -138.352478 -63.020348 248.285965
v -138.352478 -68.418777 254.770081
v -138.352539 -71.724869 261.680725
v -138.352539 -72.838173 268.807953
v -138.352539 -71.724861 275.935150
v -138.352478 -68.418762 282.845795
v -138.352478 -63.020309 289.329895
v -138.352478 -55.693573 295.190460
v -138.352478 -46.661133 300.249420
v -138.352539 -36.197464 304.353027
v -138.352539 -24.620487 307.376617
v -138.352539 -12.281966 309.228333
v -138.352539 -2.686849 309.698486
v -191.044312 20.310017 216.512054
v -204.152710 20.310022 221.941742
v -208.151611 20.310024 224.489349
v -199.946899 20.310022 219.752350
v -195.566284 20.310020 217.937866
v -211.913330 20.310030 227.375793
v -215.409180 20.310030 230.579117
v -218.612427 20.310032 234.074921
v -221.498901 20.310032 237.836609
v -224.046509 20.310036 241.835556
v -229.476196 20.310038 254.943970
v -229.630981 20.310038 255.642456
v -230.502441 20.310040 259.696259
v -226.235962 20.310036 246.041321
v -228.050415 20.310038 250.421906
v -230.851440 20.310040 262.429840
v -231.121338 20.310040 264.683624
v -229.630981 20.310038 281.973480
v -230.502441 20.310040 277.919586
v -229.476196 20.310038 282.671875
v -231.226807 20.310040 268.807922
v -231.225220 20.310040 268.398590
v -231.225220 20.310040 269.217255
v -231.125488 20.310040 264.787079
v -231.170532 20.310040 266.041351
v -231.195801 20.310040 266.859985
v -231.211060 20.310040 267.467621
v -231.220337 20.310040 267.962982
v -231.220337 20.310040 269.652863
v -231.211060 20.310040 270.148193
v -231.195801 20.310040 270.755829
v -231.170532 20.310040 271.574493
v -231.125488 20.310040 272.828766
v -231.121338 20.310040 272.932220
v -230.851440 20.310040 275.186005
v -228.050415 20.310038 287.193909
v -226.235962 20.310036 291.574493
v -224.046509 20.310036 295.780273
v -221.498901 20.310032 299.779205
v -176.977173 20.310009 214.660095
v -176.977173 20.310009 322.955719
v -186.415161 20.310015 215.485809
v -181.714233 20.310013 214.866913
v -186.415161 20.310015 322.130005
v -191.044312 20.310017 321.103760
v -181.714233 20.310013 322.748901
v -204.152710 20.310022 315.674072
v -208.151611 20.310024 313.126465
v -199.946899 20.310022 317.863464
v -195.566284 20.310020 319.677979
v -215.409180 20.310030 307.036713
v -218.612427 20.310032 303.540894
v -211.913330 20.310030 310.240021
v 140.274170 34.255791 317.866028
v 140.274109 34.255779 219.749741
v 146.998779 34.255787 219.826828
v 146.998779 34.255787 317.788940
v 38.930237 34.255844 317.866028
v 38.930237 34.255844 219.749756
v 146.998779 47.106033 226.287506
v 146.998779 47.065571 226.256516
v 146.998779 47.065582 311.359253
v 146.998779 47.106033 311.328278
v 146.998779 36.708946 220.702881
v 146.998779 36.708961 316.912872
v 38.930298 47.106091 311.422852
v 38.930298 47.106091 226.192932
v 140.274170 47.106030 311.422852
v 140.274109 47.106022 226.192917
v 142.376221 47.106030 226.219589
v 142.377563 47.106030 311.396179
v 38.930237 36.754768 316.973633
v 38.930237 36.754753 220.642151
v 140.067139 -50.767166 296.243164
v 140.067139 -42.148552 299.823883
v -96.280457 -42.148483 299.823883
v -104.829468 -42.421944 300.104950
v -104.829407 -51.118660 296.491760
v -104.829407 -58.625832 292.037415
v -104.829407 -64.715355 286.877258
v -104.829407 -69.202179 281.168091
v -104.829407 -71.949989 275.083344
v -104.829407 -72.875305 268.807922
v -104.829407 -71.949997 262.532501
v -104.829407 -69.202194 256.447784
v -104.829468 -64.715385 250.738586
v -104.829407 -58.625870 245.578430
v -104.829407 -51.118713 241.124084
v -104.829468 -42.422005 237.510895
v -96.280457 -42.148544 237.791946
v 140.067078 -42.148605 237.791931
v 140.067078 -50.767220 241.372681
v 140.067078 -58.206955 245.787018
v 140.067078 -64.241776 250.900833
v 140.067078 -68.688293 256.558746
v 140.067139 -71.411415 262.588867
v 140.067139 -72.328415 268.807922
v 140.067139 -71.411407 275.026978
v 140.067078 -68.688286 281.057098
v 140.067078 -64.241745 286.714996
v 140.067139 -58.206921 291.828827
v 138.703430 -50.767166 296.243164
v 138.703491 -43.347191 299.325897
v -96.280396 -43.347122 299.325897
v -103.465881 -43.611931 299.598053
v -103.465820 -51.110672 296.482422
v -103.465820 -58.615463 292.028900
v -103.465820 -64.702576 286.870026
v -103.465820 -69.187218 281.162750
v -103.465881 -71.933464 275.080505
v -103.465881 -72.858208 268.807922
v -103.465881 -71.933472 262.535370
v -103.465820 -69.187233 256.453094
v -103.465881 -64.702606 250.745819
v -103.465820 -58.615501 245.586960
v -103.465820 -51.110725 241.133423
v -103.465881 -43.611992 238.017792
v -96.280396 -43.347183 238.289948
v 138.703430 -43.347252 238.289932
v 138.703369 -50.767220 241.372681
v 138.703430 -58.206955 245.787018
v 138.703430 -64.241776 250.900833
v 138.703430 -68.688293 256.558746
v 138.703491 -71.411415 262.588867
v 138.703491 -72.328415 268.807922
v 138.703491 -71.411407 275.026978
v 138.703430 -68.688286 281.057068
v 138.703430 -64.241745 286.714996
v 138.703430 -58.206924 291.828827
v -162.406250 37.739655 294.860901
v -162.472290 37.739655 294.106476
v -162.472290 37.997688 294.151978
v -162.472290 38.224598 294.282990
v -162.472290 38.393017 294.483704
v -162.472290 38.482632 294.729919
v -162.472290 38.482632 294.991913
v -162.472290 38.393017 295.238129
v -162.472290 38.224598 295.438843
v -162.472290 37.997688 295.569855
v -162.472290 37.739655 295.615356
v -162.472290 37.481621 295.569855
v -162.472290 37.254711 295.438843
v -162.472290 37.086292 295.238129
v -162.472290 36.996677 294.991913
v -162.472290 36.996677 294.729919
v -162.472290 37.086292 294.483704
v -162.472290 37.254711 294.282990
v -162.472290 37.481621 294.151978
v -162.668335 37.739655 293.374969
v -162.668335 38.247879 293.464569
v -162.668335 38.694805 293.722595
v -162.668335 39.026527 294.117950
v -162.668335 39.203033 294.602875
v -162.668335 39.203033 295.118958
v -162.668335 39.026527 295.603882
v -162.668335 38.694805 295.999207
v -162.668335 38.247879 296.257263
v -162.668335 37.739655 296.346863
v -162.668335 37.231430 296.257263
v -162.668335 36.784504 295.999207
v -162.668335 36.452782 295.603882
v -162.668335 36.276276 295.118958
v -162.668335 36.276276 294.602875
v -162.668335 36.452782 294.117950
v -162.668335 36.784500 293.722595
v -162.668335 37.231426 293.464569
v -162.988281 37.739655 292.688599
v -162.988281 38.482632 292.819611
v -162.988281 39.135994 293.196838
v -162.988281 39.620937 293.774750
v -162.988281 39.878971 294.483704
v -162.988281 39.878971 295.238129
v -162.988281 39.620937 295.947083
v -162.988281 39.135994 296.525024
v -162.988281 38.482632 296.902222
v -162.988281 37.739655 297.033234
v -162.988281 36.996677 296.902222
v -162.988281 36.343315 296.525024
v -162.988281 35.858372 295.947083
v -162.988281 35.600338 295.238129
v -162.988281 35.600338 294.483704
v -162.988281 35.858372 293.774750
v -162.988281 36.343315 293.196838
v -162.988281 36.996677 292.819611
v -163.422729 37.739655 292.068237
v -163.422729 38.694805 292.236664
v -163.422729 39.534752 292.721619
v -163.422729 40.158184 293.464569
v -163.422729 40.489906 294.375977
v -163.422729 40.489906 295.345856
v -163.422729 40.158184 296.257263
v -163.422729 39.534752 297.000244
v -163.422729 38.694805 297.485168
v -163.422729 37.739655 297.653595
v -163.422729 36.784504 297.485168
v -163.422729 35.944557 297.000244
v -163.422729 35.321125 296.257263
v -163.422729 34.989403 295.345856
v -163.422729 34.989403 294.375977
v -163.422729 35.321125 293.464569
v -163.422729 35.944553 292.721619
v -163.422729 36.784500 292.236664
v -163.958252 37.739655 291.532745
v -163.958252 38.877960 291.733459
v -163.958252 39.878971 292.311371
v -163.958252 40.621948 293.196838
v -163.958252 41.017277 294.282990
v -163.958252 41.017277 295.438843
v -163.958252 40.621944 296.525024
v -163.958252 39.878971 297.410461
v -163.958252 38.877960 297.988403
v -163.958252 37.739655 298.189087
v -163.958252 36.601349 297.988403
v -163.958252 35.600342 297.410461
v -163.958252 34.857365 296.525024
v -163.958252 34.462032 295.438843
v -163.958252 34.462032 294.282990
v -163.958252 34.857361 293.196838
v -163.958252 35.600338 292.311371
v -163.958252 36.601345 291.733459
v -164.578613 37.739655 291.098358
v -164.578613 39.026527 291.325256
v -164.578613 40.158184 291.978638
v -164.578613 40.998131 292.979645
v -164.578613 41.445057 294.207550
v -164.578613 41.445057 295.514282
v -164.578613 40.998131 296.742188
v -164.578613 40.158184 297.743225
v -164.578613 39.026527 298.396576
v -164.578613 37.739655 298.623474
v -164.578613 36.452782 298.396576
v -164.578613 35.321125 297.743225
v -164.578613 34.481178 296.742188
v -164.578613 34.034252 295.514282
v -164.578613 34.034252 294.207550
v -164.578613 34.481178 292.979645
v -164.578613 35.321121 291.978638
v -164.578613 36.452778 291.325256
v -165.264893 37.739655 290.778290
v -165.264893 39.135994 291.024506
v -165.264893 40.363914 291.733459
v -165.264893 41.275307 292.819611
v -165.264893 41.760254 294.151978
v -165.264893 41.760254 295.569855
v -165.264893 41.275307 296.902222
v -165.264893 40.363914 297.988403
v -165.264893 39.135994 298.697327
v -165.264893 37.739655 298.943542
v -165.264893 36.343315 298.697327
v -165.264893 35.115398 297.988403
v -165.264893 34.204002 296.902222
v -165.264893 33.719059 295.569855
v -165.264893 33.719055 294.151978
v -165.264893 34.203999 292.819611
v -165.264893 35.115395 291.733459
v -165.264893 36.343311 291.024506
v -165.996460 37.739655 290.582275
v -165.996460 39.203033 290.840332
v -165.996460 40.489906 291.583313
v -165.996460 41.445057 292.721619
v -165.996460 41.953281 294.117950
v -165.996460 41.953281 295.603882
v -165.996460 41.445057 297.000244
v -165.996460 40.489906 298.138550
v -165.996460 39.203033 298.881531
v -165.996460 37.739655 299.139557
v -165.996460 36.276279 298.881531
v -165.996460 34.989407 298.138550
v -165.996460 34.034252 297.000244
v -165.996460 33.526028 295.603882
v -165.996460 33.526024 294.117950
v -165.996460 34.034252 292.721619
v -165.996460 34.989403 291.583313
v -165.996460 36.276276 290.840332
v -166.750854 37.739658 290.516296
v -166.750854 39.225613 290.778290
v -166.750854 40.532337 291.532745
v -166.750854 41.502224 292.688599
v -166.750854 42.018288 294.106476
v -166.750854 42.018288 295.615356
v -166.750854 41.502224 297.033234
v -166.750854 40.532337 298.189087
v -166.750854 39.225613 298.943542
v -166.750854 37.739658 299.205566
v -166.750854 36.253708 298.943542
v -166.750854 34.946983 298.189087
v -166.750854 33.977097 297.033234
v -166.750854 33.461029 295.615356
v -166.750854 33.461029 294.106476
v -166.750854 33.977093 292.688599
v -166.750854 34.946980 291.532745
v -166.750854 36.253704 290.778290
v -255.505615 37.739681 290.516296
v -255.505615 39.225636 290.778290
v -255.505615 40.532360 291.532745
v -255.505615 41.502247 292.688599
v -255.505615 42.018311 294.106476
v -255.505615 42.018311 295.615356
v -255.505615 41.502247 297.033234
v -255.505615 40.532360 298.189117
v -255.505615 39.225636 298.943542
v -255.505615 37.739681 299.205566
v -255.505615 36.253731 298.943542
v -255.505615 34.947006 298.189117
v -255.505615 33.977119 297.033234
v -255.505615 33.461052 295.615356
v -255.505615 33.461052 294.106476
v -255.505615 33.977116 292.688599
v -255.505615 34.947002 291.532745
v -255.505615 36.253727 290.778290
v -256.260010 37.739681 290.582275
v -256.260010 39.203060 290.840332
v -256.260010 40.489933 291.583313
v -256.260010 41.445084 292.721619
v -256.260010 41.953308 294.117950
v -256.260010 41.953308 295.603882
v -256.260010 41.445084 297.000244
v -256.260010 40.489933 298.138550
v -256.260010 39.203060 298.881531
v -256.260010 37.739681 299.139557
v -256.260010 36.276306 298.881531
v -256.260010 34.989433 298.138550
v -256.260010 34.034279 297.000244
v -256.260010 33.526054 295.603912
v -256.260010 33.526051 294.117950
v -256.260010 34.034279 292.721619
v -256.260010 34.989429 291.583313
v -256.260010 36.276302 290.840332
v -256.991577 37.739681 290.778290
v -256.991577 39.136021 291.024506
v -256.991577 40.363941 291.733459
v -256.991577 41.275333 292.819611
v -256.991577 41.760281 294.151978
v -256.991577 41.760281 295.569855
v -256.991577 41.275333 296.902222
v -256.991577 40.363941 297.988403
v -256.991577 39.136021 298.697327
v -256.991577 37.739681 298.943542
v -256.991577 36.343342 298.697327
v -256.991577 35.115425 297.988403
v -256.991577 34.204029 296.902222
v -256.991577 33.719086 295.569855
v -256.991577 33.719082 294.151978
v -256.991577 34.204025 292.819611
v -256.991577 35.115421 291.733459
v -256.991577 36.343338 291.024506
v -257.677856 37.739681 291.098358
v -257.677856 39.026554 291.325256
v -257.677856 40.158211 291.978638
v -257.677856 40.998158 292.979645
v -257.677856 41.445084 294.207550
v -257.677856 41.445084 295.514282
v -257.677856 40.998158 296.742188
v -257.677856 40.158211 297.743225
v -257.677856 39.026554 298.396576
v -257.677856 37.739681 298.623474
v -257.677856 36.452808 298.396576
v -257.677856 35.321152 297.743225
v -257.677856 34.481205 296.742188
v -257.677856 34.034279 295.514282
v -257.677856 34.034279 294.207550
v -257.677856 34.481205 292.979645
v -257.677856 35.321148 291.978638
v -257.677856 36.452805 291.325256
v -258.298218 37.739681 291.532745
v -258.298218 38.877987 291.733459
v -258.298218 39.878998 292.311401
v -258.298218 40.621975 293.196838
v -258.298218 41.017303 294.282990
v -258.298218 41.017303 295.438843
v -258.298218 40.621971 296.525024
v -258.298218 39.878998 297.410461
v -258.298218 38.877987 297.988403
v -258.298218 37.739681 298.189117
v -258.298218 36.601376 297.988403
v -258.298218 35.600368 297.410461
v -258.298218 34.857391 296.525024
v -258.298218 34.462059 295.438843
v -258.298218 34.462059 294.282990
v -258.298218 34.857388 293.196838
v -258.298218 35.600365 292.311401
v -258.298218 36.601372 291.733459
v -258.833740 37.739681 292.068237
v -258.833740 38.694832 292.236664
v -258.833740 39.534779 292.721619
v -258.833740 40.158211 293.464569
v -258.833740 40.489933 294.375977
v -258.833740 40.489933 295.345856
v -258.833740 40.158211 296.257263
v -258.833740 39.534779 297.000244
v -258.833740 38.694832 297.485168
v -258.833740 37.739681 297.653595
v -258.833740 36.784531 297.485168
v -258.833740 35.944584 297.000244
v -258.833740 35.321152 296.257263
v -258.833740 34.989429 295.345856
v -258.833740 34.989429 294.375977
v -258.833740 35.321152 293.464600
v -258.833740 35.944580 292.721619
v -258.833740 36.784527 292.236664
v -259.268188 37.739681 292.688599
v -259.268188 38.482658 292.819611
v -259.268188 39.136021 293.196838
v -259.268188 39.620964 293.774750
v -259.268188 39.878998 294.483704
v -259.268188 39.878998 295.238129
v -259.268188 39.620964 295.947083
v -259.268188 39.136021 296.525024
v -259.268188 38.482658 296.902222
v -259.268188 37.739681 297.033234
v -259.268188 36.996704 296.902222
v -259.268188 36.343342 296.525024
v -259.268188 35.858398 295.947083
v -259.268188 35.600365 295.238129
v -259.268188 35.600365 294.483704
v -259.268188 35.858398 293.774780
v -259.268188 36.343342 293.196838
v -259.268188 36.996704 292.819611
v -259.588257 37.739681 293.374969
v -259.588257 38.247906 293.464569
v -259.588257 38.694832 293.722626
v -259.588257 39.026554 294.117950
v -259.588257 39.203060 294.602875
v -259.588257 39.203060 295.118958
v -259.588257 39.026554 295.603882
v -259.588257 38.694832 295.999237
v -259.588257 38.247906 296.257263
v -259.588257 37.739681 296.346863
v -259.588257 37.231457 296.257263
v -259.588257 36.784531 295.999237
v -259.588257 36.452808 295.603882
v -259.588257 36.276302 295.118958
v -259.588257 36.276302 294.602905
v -259.588257 36.452808 294.117950
v -259.588257 36.784527 293.722626
v -259.588257 37.231453 293.464569
v -259.784180 37.739681 294.106476
v -259.784180 37.997715 294.151978
v -259.784180 38.224625 294.282990
v -259.784180 38.393044 294.483704
v -259.784180 38.482658 294.729919
v -259.784180 38.482658 294.991943
v -259.784180 38.393044 295.238129
v -259.784180 38.224625 295.438843
v -259.784180 37.997715 295.569855
v -259.784180 37.739681 295.615356
v -259.784180 37.481647 295.569855
v -259.784180 37.254738 295.438843
v -259.784180 37.086319 295.238129
v -259.784180 36.996704 294.991943
v -259.784180 36.996704 294.729919
v -259.784180 37.086319 294.483704
v -259.784180 37.254738 294.282990
v -259.784180 37.481647 294.151978
v -259.850220 37.739681 294.860931
v 271.117310 0.443200 225.536407
v 271.117310 10.254763 226.193787
v 271.117188 19.768208 228.145981
v 271.117188 28.694469 231.333649
v 271.117188 36.762325 235.659958
v 271.117188 43.726650 240.993439
v 271.117065 49.375828 247.172043
v 271.117065 53.538204 254.008041
v 271.117065 56.087322 261.293701
v 271.117065 56.945724 268.807678
v 271.117065 56.087322 276.321655
v 271.117065 53.538204 283.607330
v 271.117065 49.375828 290.443329
v 271.117310 43.726654 296.621918
v 271.117310 36.762333 301.955383
v 271.117188 28.694483 306.281708
v 271.117188 19.768225 309.469391
v 271.117310 10.254781 311.421570
v 271.117188 0.443222 312.078949
v 271.117188 -9.368338 311.421570
v 271.117188 -18.881775 309.469391
v 271.117188 -27.808041 306.281708
v 271.117310 -35.875912 301.955414
v 271.117310 -42.840244 296.621918
v 271.117310 -48.489426 290.443329
v 271.117310 -52.651814 283.607361
v 271.117310 -55.200935 276.321686
v 271.117310 -56.059334 268.807709
v 271.117310 -55.200943 261.293732
v 271.117310 -52.651829 254.008057
v 271.117310 -48.489445 247.172058
v 271.117310 -42.840279 240.993454
v 271.117188 -35.875961 235.659973
v 271.117310 -27.808096 231.333679
v 271.117310 -18.881838 228.145996
v 271.117188 -9.368402 226.193802
v 253.986816 0.443203 223.060333
v 253.986816 10.816203 223.755341
v 253.986938 20.874022 225.819244
v 253.986938 30.311056 229.189331
v 253.986816 38.840572 233.763184
v 253.986816 46.203415 239.401855
v 253.986694 52.175842 245.934021
v 253.986816 56.576408 253.161179
v 253.986816 59.271389 260.863739
v 253.986816 60.178909 268.807678
v 253.986938 59.271393 276.751617
v 253.986938 56.576412 284.454193
v 253.986938 52.175846 291.681335
v 253.986816 46.203415 298.213501
v 253.986816 38.840584 303.852173
v 253.986816 30.311073 308.426025
v 253.986938 20.874035 311.796112
v 253.986938 10.816223 313.860016
v 253.986816 0.443226 314.555023
v 253.986816 -9.929768 313.860016
v 253.986938 -19.987587 311.796143
v 253.986938 -29.424627 308.426056
v 253.986816 -37.954151 303.852173
v 253.986816 -45.317001 298.213501
v 253.986816 -51.289433 291.681366
v 253.986938 -55.690002 284.454224
v 253.986938 -58.384991 276.751648
v 253.986938 -59.292511 268.807709
v 253.986694 -58.385002 260.863770
v 253.986694 -55.690022 253.161194
v 253.986694 -51.289459 245.934036
v 253.986816 -45.317032 239.401871
v 253.986938 -37.954201 233.763199
v 253.986816 -29.424686 229.189331
v 253.986938 -19.987654 225.819244
v 253.986816 -9.929835 223.755356
v -96.399780 0.372913 213.190887
v -96.399780 12.983815 214.035858
v -96.399780 25.211540 216.545013
v -96.399780 36.684551 220.642166
v -96.399780 47.054249 226.202805
v -96.399780 56.005573 233.057983
v -96.399780 63.266521 240.999405
v -96.399780 68.616455 249.785767
v -96.399780 71.892860 259.150116
v -96.399780 72.996178 268.807892
v -96.399780 71.892868 278.465698
v -96.399841 68.616455 287.830017
v -96.399780 63.266521 296.616394
v -96.399780 56.005573 304.557831
v -96.399780 47.054264 311.412994
v -96.399780 36.684566 316.973633
v -96.399780 25.211559 321.070801
v -96.399780 12.983838 323.579956
v -96.399841 0.372941 324.424927
v -96.399841 -12.237957 323.579956
v -96.399780 -24.465672 321.070801
v -96.399780 -24.465755 216.545044
v -96.399841 -12.238037 214.035858
v -104.984863 0.372918 222.939301
v -104.984863 13.098087 213.539551
v -104.984863 25.436611 216.071457
v -104.984863 37.013588 220.205719
v -104.984863 47.477253 225.816742
v -104.984863 56.509678 232.734039
v -104.984863 63.836418 240.747421
v -104.984863 69.234833 249.613403
v -104.984863 72.540924 259.062592
v -104.984863 73.654236 268.807892
v -104.984863 72.540924 278.553192
v -104.984863 69.234833 288.002380
v -104.984863 63.836426 296.868378
v -104.984863 56.509686 304.881744
v -104.984863 47.477268 311.799042
v -104.984863 37.013607 317.410095
v -104.984863 25.436634 321.544373
v -104.984863 13.098112 324.076294
v -104.984863 0.372949 314.676514
v -104.984863 -12.352220 306.427643
v -104.984863 -24.690741 304.704224
v -104.984863 -24.690825 232.911621
v -104.984863 -12.352304 231.188202
v -96.090393 -0.961783 213.190903
v -96.090393 11.649119 214.035858
v -96.090393 23.876842 216.545013
v -96.090393 35.349857 220.642166
v -96.090393 45.719555 226.202820
v -96.090393 54.670879 233.057983
v -96.090393 61.931831 240.999405
v -96.090393 67.281754 249.785767
v -96.090393 70.558159 259.150116
v -96.090393 71.661476 268.807892
v -96.090393 70.558167 278.465698
v -96.090393 67.281754 287.830017
v -96.090393 61.931831 296.616394
v -96.090393 54.670879 304.557831
v -96.090393 45.719570 311.412994
v -96.090393 35.349873 316.973633
v -96.090393 23.876862 321.070801
v -96.090393 11.649142 323.579956
v -96.090393 -0.961755 324.424927
v -96.090393 -13.572653 323.579956
v -96.090393 -25.800369 321.070801
v -96.090393 -25.800453 216.545044
v -96.090393 -13.572733 214.035858
v -104.675415 -0.961778 222.939301
v -104.675415 11.763391 213.539566
v -104.675415 24.101915 216.071472
v -104.675415 35.678894 220.205719
v -104.675415 46.142559 225.816742
v -104.675415 55.174984 232.734039
v -104.675415 62.501720 240.747421
v -104.675415 67.900131 249.613403
v -104.675415 71.206223 259.062592
v -104.675415 72.319534 268.807892
v -104.675415 71.206223 278.553192
v -104.675415 67.900131 288.002411
v -104.675415 62.501728 296.868378
v -104.675415 55.174992 304.881775
v -104.675415 46.142574 311.799042
v -104.675415 35.678913 317.410095
v -104.675415 24.101938 321.544373
v -104.675415 11.763416 324.076294
v -104.675415 -0.961748 314.676514
v -104.675415 -13.686914 306.427643
v -104.675476 -26.025438 304.704224
v -104.675415 -26.025522 232.911621
v -104.675415 -13.686998 231.188202
v -178.217041 23.298496 216.387131
v -178.296143 32.458435 216.966965
v -178.307495 41.349777 219.251450
v -178.309448 49.693649 223.113174
v -178.310181 57.235287 228.379059
v -178.310425 63.745407 234.879669
v -178.310547 69.026184 242.414368
v -178.310669 72.917099 250.752823
v -178.310669 75.299988 259.640869
v -178.310669 76.102386 268.807892
v -178.310669 75.299988 277.974915
v -178.310669 72.917099 286.862946
v -178.310547 69.026184 295.201385
v -178.310425 63.745407 302.736084
v -178.310181 57.235294 309.236694
v -178.309448 49.693657 314.502594
v -178.307495 41.349792 318.364319
v -178.296143 32.458450 320.648804
v -178.217041 23.298519 321.228638
v -179.889038 23.363354 216.546432
v -180.077393 32.472111 216.815826
v -180.066040 41.333019 219.288040
v -180.064087 49.645714 223.193420
v -180.063354 57.158855 228.468994
v -180.063110 63.644295 234.963943
v -180.062866 68.904999 242.484024
v -180.062866 72.781143 250.802139
v -180.062744 75.154953 259.666351
v -180.062744 75.954346 268.807892
v -180.062744 75.154953 277.949402
v -180.062866 72.781143 286.813629
v -180.062866 68.904999 295.131744
v -180.063110 63.644295 302.651825
v -180.063354 57.158871 309.146759
v -180.064087 49.645729 314.422363
v -180.066040 41.333035 318.327728
v -180.077393 32.472130 320.799927
v -179.889038 23.363377 321.069336
vn 0.2466 -0.9602 -0.1309
vn 0.2478 -0.9599 -0.1308
vn 0.2438 -0.9677 -0.0648
vn 0.2432 -0.9679 -0.0632
vn 0.2557 -0.9280 -0.2711
vn 0.2575 -0.9277 -0.2703
vn 0.2703 -0.8629 -0.4271
vn 0.2719 -0.8637 -0.4243
vn 0.2873 -0.7490 -0.5971
vn 0.2877 -0.7530 -0.5918
vn 0.3001 -0.5727 -0.7629
vn 0.2982 -0.5818 -0.7567
vn 0.3007 -0.3414 -0.8905
vn 0.2960 -0.3560 -0.8864
vn 0.2862 -0.0926 -0.9537
vn 0.2791 -0.1116 -0.9538
vn 0.2622 0.1296 -0.9563
vn 0.2538 0.1080 -0.9612
vn 0.2465 0.2296 -0.9415
vn 0.2388 0.1979 -0.9507
vn 0.1901 0.6643 -0.7229
vn 0.1940 0.7289 -0.6565
vn 0.1951 0.7286 -0.6566
vn 0.1885 0.6595 -0.7277
vn 0.1884 0.5895 -0.7855
vn 0.2042 0.7998 -0.5645
vn 0.2075 0.8021 -0.5600
vn 0.2162 0.4309 -0.8761
vn 0.2084 0.4118 -0.8871
vn 0.2177 0.3565 -0.9086
vn 0.2012 0.5253 -0.8268
vn 0.1949 0.5104 -0.8376
vn 0.1925 0.5994 -0.7769
vn 0.2196 0.8762 -0.4290
vn 0.2251 0.3824 -0.8962
vn 0.2235 0.8785 -0.4223
vn 0.2353 0.9427 -0.2366
vn 0.2378 0.9433 -0.2317
vn 0.2430 0.9700 0.0005
vn 0.2429 0.9700 0.0006
vn 0.2376 0.9420 0.2372
vn 0.2353 0.9437 0.2327
vn 0.2466 -0.9602 0.1313
vn 0.2477 -0.9599 0.1313
vn 0.2438 -0.9677 0.0637
vn 0.2431 -0.9678 0.0653
vn 0.2230 0.8755 0.4287
vn 0.2997 -0.5825 0.7555
vn 0.2986 -0.5738 0.7626
vn 0.2881 -0.7492 0.5964
vn 0.2866 -0.7537 0.5914
vn 0.2554 -0.9282 0.2706
vn 0.1940 0.7294 0.6560
vn 0.1952 0.7293 0.6557
vn 0.1888 0.6652 0.7224
vn 0.1901 0.6602 0.7266
vn 0.1886 0.6007 0.7769
vn 0.1928 0.5900 0.7841
vn 0.1949 0.5267 0.8274
vn 0.2020 0.5105 0.8358
vn 0.2198 0.8792 0.4228
vn 0.3010 -0.3568 0.8844
vn 0.2721 -0.8625 0.4267
vn 0.2698 -0.8644 0.4243
vn 0.2576 -0.9274 0.2712
vn 0.2044 0.8029 0.5600
vn 0.2079 0.4323 0.8774
vn 0.2175 0.4115 0.8851
vn 0.2072 0.7996 0.5637
vn 0.2963 -0.3430 0.8914
vn 0.2279 0.3042 0.9249
vn 0.2388 0.2809 0.9296
vn 0.2873 -0.1124 0.9512
vn 0.2534 0.1297 0.9586
vn 0.2639 0.1071 0.9586
vn 0.2790 -0.0936 0.9557
vn 0.1885 0.3202 -0.9284
vn 0.1764 0.3476 -0.9209
vn 0.1581 0.4675 -0.8697
vn 0.1697 0.4444 -0.8796
vn 0.1457 0.5526 -0.8206
vn 0.1574 0.5350 -0.8301
vn 0.1389 0.6174 -0.7743
vn 0.1514 0.6058 -0.7811
vn 0.1375 0.6734 -0.7264
vn 0.1513 0.6679 -0.7287
vn 0.1571 0.7305 -0.6646
vn 0.1416 0.7306 -0.6680
vn 0.1513 0.7971 -0.5846
vn 0.1685 0.8004 -0.5754
vn 0.1658 0.8751 -0.4546
vn 0.1838 0.8781 -0.4417
vn 0.1806 0.9495 -0.2565
vn 0.1981 0.9487 -0.2464
vn 0.1871 0.9823 0.0005
vn 0.2034 0.9791 0.0006
vn 0.1804 0.9494 0.2572
vn 0.1955 0.9490 0.2473
vn 0.1656 0.8751 0.4547
vn 0.1801 0.8787 0.4421
vn 0.1513 0.7973 0.5842
vn 0.1655 0.8011 0.5753
vn 0.1417 0.7311 0.6674
vn 0.1561 0.7312 0.6641
vn 0.1376 0.6741 0.7257
vn 0.1528 0.6686 0.7278
vn 0.1390 0.6181 0.7737
vn 0.1555 0.6063 0.7799
vn 0.1457 0.5533 0.8202
vn 0.1640 0.5352 0.8287
vn 0.1581 0.4680 0.8695
vn 0.1783 0.4442 0.8780
vn 0.1765 0.3477 0.9208
vn 0.1982 0.3197 0.9266
vn 0.2000 0.1759 0.9639
vn 0.2223 0.1469 0.9638
vn 0.2240 -0.0562 0.9730
vn 0.2458 -0.0805 0.9660
vn 0.2399 -0.3271 0.9140
vn 0.2600 -0.3416 0.9032
vn 0.2407 -0.5803 0.7780
vn 0.2589 -0.5844 0.7690
vn 0.2290 -0.7668 0.5997
vn 0.2457 -0.7647 0.5957
vn 0.2131 -0.8810 0.4223
vn 0.2291 -0.8770 0.4223
vn 0.1997 -0.9433 0.2652
vn 0.2153 -0.9394 0.2668
vn 0.1912 -0.9732 0.1274
vn 0.2069 -0.9699 0.1287
vn 0.1883 -0.9821 0.0002
vn 0.2045 -0.9789 0.0003
vn 0.1912 -0.9733 -0.1271
vn 0.2080 -0.9697 -0.1282
vn 0.1997 -0.9433 -0.2650
vn 0.2172 -0.9390 -0.2665
vn 0.2132 -0.8810 -0.4224
vn 0.2311 -0.8765 -0.4223
vn 0.2291 -0.7664 -0.6002
vn 0.2467 -0.7640 -0.5962
vn 0.2575 -0.5837 -0.7701
vn 0.2408 -0.5794 -0.7787
vn 0.2397 -0.3259 -0.9145
vn 0.2552 -0.3407 -0.9049
vn 0.2237 -0.0553 -0.9731
vn 0.2379 -0.0796 -0.9680
vn 0.1997 0.1762 -0.9639
vn 0.2128 0.1477 -0.9659
vn 0.0806 0.3809 -0.9211
vn 0.0678 0.4957 -0.8659
vn 0.0590 0.5745 -0.8163
vn 0.0535 0.6330 -0.7723
vn 0.0509 0.6829 -0.7287
vn 0.0509 0.7349 -0.6763
vn 0.0536 0.7985 -0.5996
vn 0.0587 0.8786 -0.4739
vn 0.0646 0.9602 -0.2717
vn 0.0678 0.9977 0.0003
vn 0.0657 0.9601 0.2720
vn 0.0603 0.8786 0.4738
vn 0.0549 0.7986 0.5993
vn 0.0514 0.7351 0.6760
vn 0.0504 0.6833 0.7284
vn 0.0519 0.6334 0.7721
vn 0.0564 0.5750 0.8162
vn 0.0644 0.4961 0.8659
vn 0.0768 0.3811 0.9213
vn 0.0938 0.2109 0.9730
vn 0.1137 -0.0276 0.9931
vn 0.1312 -0.3141 0.9403
vn 0.1402 -0.5841 0.7995
vn 0.1401 -0.7795 0.6106
vn 0.1351 -0.8950 0.4251
vn 0.1296 -0.9556 0.2646
vn 0.1257 -0.9840 0.1264
vn 0.1242 -0.9923 0.0001
vn 0.1253 -0.9841 -0.1262
vn 0.1288 -0.9557 -0.2645
vn 0.1343 -0.8951 -0.4252
vn 0.1397 -0.7793 -0.6109
vn 0.1409 -0.5836 -0.7997
vn 0.1331 -0.3135 -0.9402
vn 0.1168 -0.0272 -0.9928
vn 0.0976 0.2109 -0.9726
vn 0.0738 0.4010 -0.9131
vn 0.0923 0.5106 -0.8548
vn 0.1082 0.5834 -0.8050
vn 0.1206 0.6354 -0.7627
vn 0.1291 0.6788 -0.7229
vn 0.1344 0.7241 -0.6765
vn 0.1377 0.7820 -0.6079
vn 0.1414 0.8601 -0.4902
vn 0.1469 0.9464 -0.2878
vn 0.1509 0.9886 -0.0005
vn 0.1490 0.9462 0.2873
vn 0.1437 0.8596 0.4903
vn 0.1381 0.7814 0.6086
vn 0.1340 0.7244 0.6763
vn 0.1243 0.6771 0.7253
vn 0.1099 0.6352 0.7645
vn 0.0942 0.5834 0.8067
vn 0.0759 0.5108 0.8563
vn 0.0566 0.4015 0.9141
vn 0.0390 0.2342 0.9714
vn 0.0268 -0.0078 0.9996
vn 0.0239 -0.3057 0.9518
vn 0.0282 -0.5892 0.8075
vn 0.0407 -0.7880 0.6144
vn 0.0561 -0.9043 0.4232
vn 0.0661 -0.9629 0.2615
vn 0.0716 -0.9897 0.1241
vn 0.0723 -0.9974 -0.0006
vn 0.0683 -0.9898 -0.1252
vn 0.0600 -0.9631 -0.2623
vn 0.0488 -0.9046 -0.4235
vn 0.0370 -0.7896 -0.6125
vn 0.0287 -0.5894 -0.8073
vn 0.0284 -0.3079 -0.9510
vn 0.0379 -0.0097 -0.9992
vn 0.0545 0.2332 -0.9709
vn 0.0803 0.0126 -0.9967
vn 0.1236 0.1470 -0.9814
vn 0.1685 0.2789 -0.9454
vn 0.2109 0.4082 -0.8882
vn 0.2481 0.5343 -0.8081
vn 0.2782 0.6553 -0.7023
vn 0.3007 0.7665 -0.5675
vn 0.3157 0.8594 -0.4023
vn 0.3238 0.9226 -0.2097
vn 0.3257 0.9455 -0.0004
vn 0.3221 0.9232 0.2094
vn 0.3135 0.8599 0.4028
vn 0.3001 0.7661 0.5684
vn 0.2788 0.6555 0.7019
vn 0.2528 0.5305 0.8091
vn 0.2251 0.4053 0.8860
vn 0.1877 0.2768 0.9424
vn 0.1460 0.1462 0.9784
vn 0.1029 0.0133 0.9946
vn 0.0626 -0.1224 0.9905
vn 0.0294 -0.2608 0.9649
vn 0.0074 -0.4012 0.9160
vn 0.0021 -0.5435 0.8394
vn 0.0070 -0.6766 0.7363
vn 0.0194 -0.8034 0.5952
vn 0.0401 -0.9062 0.4210
vn 0.0586 -0.9742 0.2180
vn 0.0681 -0.9977 -0.0013
vn 0.0655 -0.9733 -0.2200
vn 0.0517 -0.9053 -0.4217
vn 0.0320 -0.8034 -0.5946
vn 0.0131 -0.6794 -0.7336
vn 0.0016 -0.5437 -0.8393
vn 0.0020 -0.4037 -0.9149
vn 0.0161 -0.2632 -0.9646
vn 0.0431 -0.1242 -0.9913
vn 0.1440 0.1334 -0.9806
vn 0.1439 0.1323 -0.9807
vn 0.1431 -0.0000 -0.9897
vn 0.1466 0.2653 -0.9530
vn 0.1466 0.2675 -0.9523
vn 0.1509 0.3994 -0.9043
vn 0.1510 0.4024 -0.9029
vn 0.1568 0.5336 -0.8311
vn 0.1569 0.5371 -0.8288
vn 0.1640 0.6682 -0.7256
vn 0.1638 0.6647 -0.7289
vn 0.1716 0.7894 -0.5894
vn 0.1714 0.7865 -0.5933
vn 0.1785 0.8886 -0.4225
vn 0.1786 0.8903 -0.4189
vn 0.1836 0.9579 -0.2206
vn 0.1836 0.9584 -0.2184
vn 0.1855 0.9827 -0.0000
vn 0.1836 0.9579 0.2206
vn 0.1836 0.9584 0.2183
vn 0.1785 0.8886 0.4225
vn 0.1786 0.8903 0.4189
vn 0.1714 0.7865 0.5933
vn 0.1716 0.7894 0.5894
vn 0.1640 0.6682 0.7256
vn 0.1638 0.6647 0.7289
vn 0.1569 0.5371 0.8288
vn 0.1568 0.5336 0.8311
vn 0.1509 0.3994 0.9043
vn 0.1510 0.4024 0.9029
vn 0.1466 0.2653 0.9530
vn 0.1466 0.2675 0.9523
vn 0.1440 0.1334 0.9806
vn 0.1439 0.1323 0.9807
vn 0.1431 -0.0000 0.9897
vn 0.1439 -0.1323 0.9807
vn 0.1440 -0.1334 0.9806
vn 0.1466 -0.2675 0.9523
vn 0.1466 -0.2653 0.9530
vn 0.1509 -0.3994 0.9043
vn 0.1510 -0.4024 0.9029
vn 0.1569 -0.5371 0.8288
vn 0.1568 -0.5336 0.8311
vn 0.1638 -0.6647 0.7289
vn 0.1640 -0.6682 0.7256
vn 0.1714 -0.7865 0.5933
vn 0.1716 -0.7894 0.5894
vn 0.1785 -0.8886 0.4225
vn 0.1786 -0.8903 0.4189
vn 0.1836 -0.9579 0.2206
vn 0.1836 -0.9584 0.2184
vn 0.1855 -0.9827 -0.0000
vn 0.1836 -0.9584 -0.2184
vn 0.1836 -0.9579 -0.2206
vn 0.1786 -0.8903 -0.4189
vn 0.1785 -0.8886 -0.4225
vn 0.1716 -0.7894 -0.5894
vn 0.1714 -0.7865 -0.5933
vn 0.1638 -0.6647 -0.7289
vn 0.1640 -0.6682 -0.7256
vn 0.1568 -0.5336 -0.8311
vn 0.1569 -0.5371 -0.8288
vn 0.1510 -0.4024 -0.9029
vn 0.1509 -0.3994 -0.9043
vn 0.1466 -0.2653 -0.9530
vn 0.1466 -0.2675 -0.9523
vn 0.1439 -0.1323 -0.9807
vn 0.1440 -0.1334 -0.9806
vn 0.1116 0.1334 -0.9848
vn 0.1242 0.1327 -0.9833
vn 0.1234 -0.0000 -0.9924
vn 0.1109 -0.0000 -0.9938
vn 0.1136 0.2677 -0.9568
vn 0.1264 0.2662 -0.9556
vn 0.1170 0.4029 -0.9077
vn 0.1302 0.4008 -0.9069
vn 0.1353 0.5355 -0.8336
vn 0.1217 0.5382 -0.8340
vn 0.1415 0.6673 -0.7312
vn 0.1272 0.6703 -0.7311
vn 0.1481 0.7897 -0.5953
vn 0.1332 0.7928 -0.5948
vn 0.1386 0.8953 -0.4233
vn 0.1542 0.8924 -0.4240
vn 0.1426 0.9648 -0.2209
vn 0.1586 0.9622 -0.2214
vn 0.1603 0.9871 -0.0000
vn 0.1441 0.9896 -0.0000
vn 0.1426 0.9648 0.2209
vn 0.1586 0.9622 0.2214
vn 0.1386 0.8953 0.4233
vn 0.1542 0.8924 0.4240
vn 0.1332 0.7928 0.5948
vn 0.1481 0.7897 0.5953
vn 0.1415 0.6673 0.7312
vn 0.1272 0.6703 0.7311
vn 0.1217 0.5382 0.8340
vn 0.1353 0.5355 0.8336
vn 0.1302 0.4008 0.9069
vn 0.1170 0.4029 0.9077
vn 0.1136 0.2677 0.9568
vn 0.1264 0.2662 0.9556
vn 0.1116 0.1334 0.9848
vn 0.1242 0.1327 0.9833
vn 0.1234 -0.0000 0.9924
vn 0.1109 -0.0000 0.9938
vn 0.1242 -0.1327 0.9833
vn 0.1116 -0.1334 0.9848
vn 0.1136 -0.2677 0.9568
vn 0.1264 -0.2662 0.9556
vn 0.1302 -0.4008 0.9069
vn 0.1170 -0.4029 0.9077
vn 0.1353 -0.5355 0.8336
vn 0.1217 -0.5382 0.8340
vn 0.1272 -0.6703 0.7311
vn 0.1415 -0.6673 0.7312
vn 0.1481 -0.7897 0.5953
vn 0.1331 -0.7928 0.5948
vn 0.1386 -0.8953 0.4233
vn 0.1542 -0.8924 0.4240
vn 0.1426 -0.9648 0.2209
vn 0.1586 -0.9622 0.2214
vn 0.1441 -0.9896 -0.0000
vn 0.1603 -0.9871 -0.0000
vn 0.1586 -0.9622 -0.2214
vn 0.1426 -0.9648 -0.2209
vn 0.1542 -0.8924 -0.4240
vn 0.1386 -0.8953 -0.4233
vn 0.1481 -0.7897 -0.5953
vn 0.1331 -0.7928 -0.5948
vn 0.1272 -0.6703 -0.7311
vn 0.1415 -0.6673 -0.7312
vn 0.1217 -0.5382 -0.8340
vn 0.1353 -0.5355 -0.8336
vn 0.1302 -0.4008 -0.9069
vn 0.1170 -0.4029 -0.9077
vn 0.1136 -0.2677 -0.9568
vn 0.1264 -0.2662 -0.9556
vn 0.1242 -0.1327 -0.9833
vn 0.1116 -0.1334 -0.9848
vn 0.0873 0.1338 -0.9872
vn 0.0867 -0.0000 -0.9962
vn 0.0889 0.2683 -0.9592
vn 0.0916 0.4040 -0.9102
vn 0.0952 0.5397 -0.8364
vn 0.0996 0.6724 -0.7334
vn 0.1043 0.7956 -0.5968
vn 0.1086 0.8987 -0.4249
vn 0.1117 0.9687 -0.2218
vn 0.1129 0.9936 -0.0000
vn 0.1117 0.9687 0.2218
vn 0.1086 0.8987 0.4249
vn 0.1043 0.7956 0.5968
vn 0.0996 0.6724 0.7334
vn 0.0952 0.5397 0.8364
vn 0.0916 0.4040 0.9102
vn 0.0889 0.2683 0.9592
vn 0.0873 0.1338 0.9872
vn 0.0867 -0.0000 0.9962
vn 0.0873 -0.1338 0.9872
vn 0.0889 -0.2683 0.9592
vn 0.0916 -0.4040 0.9102
vn 0.0952 -0.5397 0.8364
vn 0.0996 -0.6724 0.7334
vn 0.1043 -0.7956 0.5968
vn 0.1086 -0.8987 0.4249
vn 0.1117 -0.9687 0.2218
vn 0.1129 -0.9936 -0.0000
vn 0.1117 -0.9687 -0.2218
vn 0.1086 -0.8987 -0.4249
vn 0.1043 -0.7956 -0.5968
vn 0.0996 -0.6724 -0.7334
vn 0.0952 -0.5397 -0.8364
vn 0.0916 -0.4040 -0.9102
vn 0.0889 -0.2683 -0.9592
vn 0.0873 -0.1338 -0.9872
vn 0.0644 0.1340 -0.9889
vn 0.0640 -0.0000 -0.9980
vn 0.0656 0.2688 -0.9610
vn 0.0676 0.4048 -0.9119
vn 0.0702 0.5409 -0.8382
vn 0.0735 0.6739 -0.7351
vn 0.0770 0.7976 -0.5983
vn 0.0802 0.9012 -0.4260
vn 0.0825 0.9715 -0.2224
vn 0.0834 0.9965 -0.0000
vn 0.0825 0.9715 0.2224
vn 0.0802 0.9012 0.4260
vn 0.0770 0.7976 0.5983
vn 0.0735 0.6739 0.7351
vn 0.0702 0.5408 0.8382
vn 0.0676 0.4048 0.9119
vn 0.0656 0.2688 0.9610
vn 0.0644 0.1340 0.9889
vn 0.0640 -0.0000 0.9980
vn 0.0644 -0.1340 0.9889
vn 0.0656 -0.2688 0.9610
vn 0.0676 -0.4048 0.9119
vn 0.0702 -0.5409 0.8382
vn 0.0735 -0.6740 0.7351
vn 0.0770 -0.7976 0.5983
vn 0.0802 -0.9012 0.4260
vn 0.0825 -0.9715 0.2224
vn 0.0834 -0.9965 -0.0000
vn 0.0825 -0.9715 -0.2224
vn 0.0802 -0.9012 -0.4260
vn 0.0770 -0.7976 -0.5983
vn 0.0735 -0.6739 -0.7351
vn 0.0702 -0.5409 -0.8382
vn 0.0676 -0.4048 -0.9119
vn 0.0656 -0.2688 -0.9610
vn 0.0644 -0.1340 -0.9889
vn 0.0421 -0.0000 -0.9991
vn 0.0424 0.1342 -0.9901
vn 0.0432 0.2692 -0.9621
vn 0.0445 0.4053 -0.9131
vn 0.0463 0.5416 -0.8394
vn 0.0484 0.6750 -0.7362
vn 0.0507 0.7989 -0.5993
vn 0.0529 0.9028 -0.4268
vn 0.0544 0.9733 -0.2228
vn 0.0550 0.9985 -0.0000
vn 0.0544 0.9733 0.2228
vn 0.0529 0.9028 0.4268
vn 0.0507 0.7989 0.5993
vn 0.0484 0.6750 0.7362
vn 0.0463 0.5416 0.8394
vn 0.0445 0.4053 0.9131
vn 0.0432 0.2692 0.9621
vn 0.0424 0.1342 0.9901
vn 0.0421 -0.0000 0.9991
vn 0.0424 -0.1342 0.9901
vn 0.0432 -0.2692 0.9621
vn 0.0445 -0.4053 0.9131
vn 0.0463 -0.5416 0.8394
vn 0.0484 -0.6750 0.7362
vn 0.0507 -0.7989 0.5993
vn 0.0529 -0.9028 0.4268
vn 0.0544 -0.9733 0.2228
vn 0.0550 -0.9985 -0.0000
vn 0.0544 -0.9733 -0.2228
vn 0.0529 -0.9028 -0.4268
vn 0.0507 -0.7989 -0.5993
vn 0.0484 -0.6750 -0.7362
vn 0.0463 -0.5416 -0.8394
vn 0.0445 -0.4053 -0.9131
vn 0.0432 -0.2692 -0.9621
vn 0.0424 -0.1342 -0.9901
vn 0.0209 -0.0000 -0.9998
vn 0.0211 0.1343 -0.9907
vn 0.0215 0.2693 -0.9628
vn 0.0221 0.4056 -0.9138
vn 0.0230 0.5420 -0.8400
vn 0.0240 0.6756 -0.7369
vn 0.0252 0.7997 -0.5999
vn 0.0263 0.9038 -0.4272
vn 0.0270 0.9744 -0.2231
vn 0.0273 0.9996 -0.0000
vn 0.0270 0.9744 0.2231
vn 0.0263 0.9038 0.4272
vn 0.0252 0.7997 0.5999
vn 0.0240 0.6756 0.7369
vn 0.0230 0.5420 0.8400
vn 0.0221 0.4056 0.9138
vn 0.0215 0.2693 0.9628
vn 0.0211 0.1343 0.9907
vn 0.0209 -0.0000 0.9998
vn 0.0211 -0.1343 0.9907
vn 0.0215 -0.2693 0.9628
vn -0.1329 -0.4739 0.8705
vn -0.2295 -0.5163 0.8251
vn -0.1821 -0.6572 0.7314
vn -0.1398 -0.7821 0.6072
vn -0.0863 -0.8944 0.4388
vn -0.0432 -0.9714 0.2333
vn -0.0243 -0.9997 -0.0000
vn -0.0364 -0.9727 -0.2292
vn -0.0828 -0.8931 -0.4422
vn -0.1398 -0.7821 -0.6072
vn -0.1821 -0.6572 -0.7314
vn -0.2394 -0.5109 -0.8256
vn -0.1354 -0.4770 -0.8684
vn 0.0215 -0.2693 -0.9628
vn 0.0211 -0.1343 -0.9907
vn 0.0052 0.1343 -0.9909
vn 0.0052 -0.0000 -1.0000
vn 0.0053 0.2694 -0.9630
vn 0.0063 0.7999 -0.6002
vn 0.0060 0.6757 -0.7372
vn 0.0065 0.9040 -0.4274
vn 0.0067 0.9747 -0.2232
vn 0.0068 1.0000 -0.0000
vn 0.0067 0.9747 0.2232
vn 0.0065 0.9040 0.4274
vn 0.0063 0.7999 0.6002
vn 0.0060 0.6757 0.7372
vn 0.0053 0.2694 0.9630
vn 0.0052 0.1343 0.9909
vn 0.0052 -0.0000 1.0000
vn 0.0052 -0.1343 0.9909
vn -0.0555 -0.4964 0.8663
vn -0.3351 -0.6243 0.7057
vn -0.5170 -0.4047 0.7542
vn -0.4010 -0.5697 0.7174
vn -0.2869 -0.7149 0.6377
vn -0.1865 -0.8560 0.4821
vn -0.1221 -0.9557 0.2678
vn -0.1008 -0.9949 -0.0000
vn -0.1340 -0.9573 -0.2562
vn -0.2070 -0.8460 -0.4914
vn -0.2869 -0.7149 -0.6377
vn -0.4010 -0.5697 -0.7174
vn -0.5106 -0.3980 -0.7621
vn -0.3179 -0.6321 -0.7066
vn -0.0555 -0.4964 -0.8663
vn 0.0052 -0.1343 -0.9909
vn -0.0000 -0.0000 -1.0000
vn -0.0000 0.1342 -0.9909
vn -0.0000 0.2693 -0.9630
vn 0.0057 0.5421 -0.8403
vn -0.0000 0.5421 -0.8403
vn -0.0000 0.6756 -0.7372
vn -0.0000 0.7998 -0.6002
vn -0.0000 0.9040 -0.4275
vn -0.0000 0.9748 -0.2233
vn -0.0000 1.0000 -0.0000
vn -0.0000 0.9748 0.2233
vn -0.0000 0.9040 0.4275
vn -0.0000 0.7998 0.6002
vn -0.0000 0.6756 0.7372
vn 0.0057 0.5425 0.8400
vn -0.0000 0.5421 0.8403
vn -0.0000 0.2693 0.9630
vn -0.0000 0.1342 0.9909
vn -0.0000 -0.0000 1.0000
vn -0.0000 -0.1342 0.9909
vn -0.1636 -0.5789 0.7988
vn -0.1716 -0.6518 0.7387
vn -0.0000 -0.4481 0.8940
vn -0.0000 -0.3837 0.9235
vn 0.0244 -0.3836 0.9232
vn 0.0256 -0.4474 0.8940
vn -0.0000 -0.5804 0.8143
vn 0.0278 -0.5795 0.8145
vn -0.0000 -0.7200 0.6939
vn 0.0306 -0.7191 0.6943
vn -0.0000 -0.8551 0.5185
vn 0.0335 -0.8541 0.5190
vn 0.0359 -0.9588 0.2818
vn -0.0000 -0.9596 0.2814
vn -0.0000 -1.0000 -0.0000
vn 0.0369 -0.9993 -0.0000
vn -0.0000 -0.9596 -0.2814
vn 0.0359 -0.9588 -0.2818
vn -0.0000 -0.8551 -0.5185
vn 0.0335 -0.8541 -0.5190
vn 0.0306 -0.7191 -0.6943
vn -0.0000 -0.7200 -0.6939
vn 0.0278 -0.5796 -0.8145
vn -0.0000 -0.5804 -0.8143
vn 0.0256 -0.4474 -0.8940
vn -0.0000 -0.4481 -0.8940
vn 0.0244 -0.3836 -0.9232
vn -0.0000 -0.3837 -0.9235
vn -0.1716 -0.6518 -0.7387
vn -0.1636 -0.5789 -0.7988
vn -0.0000 -0.1342 -0.9909
vn -0.6270 -0.1793 -0.7581
vn -0.7810 -0.2816 -0.5574
vn -0.1413 0.0010 -0.9900
vn 0.0590 0.1338 -0.9893
vn 0.0601 0.2693 -0.9612
vn 0.0601 0.2684 -0.9614
vn 0.0619 0.4054 -0.9120
vn 0.0619 0.4042 -0.9126
vn 0.0644 0.5417 -0.8381
vn 0.0644 0.5402 -0.8391
vn 0.0674 0.6748 -0.7349
vn 0.0673 0.6734 -0.7362
vn 0.0706 0.7984 -0.5979
vn 0.0705 0.7972 -0.5996
vn 0.0735 0.9019 -0.4256
vn 0.0735 0.9012 -0.4271
vn 0.0756 0.9721 -0.2222
vn 0.0756 0.9719 -0.2231
vn 0.0764 0.9971 -0.0000
vn 0.0756 0.9721 0.2222
vn 0.0756 0.9719 0.2231
vn 0.0735 0.9019 0.4256
vn 0.0735 0.9012 0.4271
vn 0.0706 0.7984 0.5979
vn 0.0705 0.7972 0.5995
vn 0.0674 0.6748 0.7349
vn 0.0673 0.6734 0.7362
vn 0.0644 0.5417 0.8381
vn 0.0643 0.5402 0.8391
vn 0.0619 0.4054 0.9120
vn 0.0619 0.4042 0.9126
vn 0.0601 0.2693 0.9612
vn 0.0601 0.2684 0.9614
vn -0.1413 0.0010 0.9900
vn 0.0590 0.1338 0.9893
vn -0.7810 -0.2816 0.5574
vn -0.6270 -0.1793 0.7581
vn -0.8797 -0.1540 0.4498
vn -0.8527 -0.1322 0.5054
vn -0.8833 -0.0648 0.4642
vn -0.8879 -0.0820 0.4527
vn -0.1968 -0.3675 0.9089
vn 0.0640 -0.3179 0.9460
vn 0.0490 -0.3832 0.9224
vn 0.0511 -0.4486 0.8922
vn 0.0556 -0.5809 0.8121
vn 0.0611 -0.7200 0.6913
vn 0.0669 -0.8541 0.5158
vn 0.0717 -0.9574 0.2796
vn 0.0735 -0.9973 -0.0000
vn 0.0717 -0.9574 -0.2796
vn 0.0669 -0.8541 -0.5158
vn 0.0611 -0.7200 -0.6913
vn 0.0556 -0.5809 -0.8121
vn 0.0511 -0.4486 -0.8922
vn 0.0490 -0.3832 -0.9224
vn 0.0663 -0.3198 -0.9452
vn -0.1939 -0.3656 -0.9104
vn -0.8879 -0.0820 -0.4527
vn -0.8833 -0.0648 -0.4642
vn -0.8797 -0.1540 -0.4498
vn -0.8527 -0.1322 -0.5054
vn 0.0688 0.1468 -0.9868
vn -0.0979 -0.2714 -0.9575
vn -0.1038 -0.5426 -0.8335
vn 0.0970 -0.0514 -0.9940
vn 0.0587 0.3495 -0.9351
vn 0.0304 0.2635 -0.9642
vn 0.0768 0.5022 -0.8614
vn 0.0453 0.4021 -0.9145
vn 0.0721 0.6366 -0.7678
vn 0.0587 0.5357 -0.8424
vn 0.0620 0.6786 -0.7319
vn 0.0719 0.7669 -0.6377
vn 0.0718 0.8622 -0.5015
vn 0.0506 0.7994 -0.5987
vn 0.0615 0.9368 -0.3445
vn 0.0472 0.9034 -0.4263
vn 0.0524 0.9830 -0.1759
vn 0.0455 0.9738 -0.2230
vn 0.0469 0.9989 -0.0011
vn 0.0461 0.9837 0.1739
vn 0.0516 0.9739 0.2210
vn 0.0496 0.9380 0.3432
vn 0.0585 0.9035 0.4246
vn 0.0559 0.8636 0.5011
vn 0.0652 0.7992 0.5975
vn 0.0621 0.7635 0.6429
vn 0.0689 0.6744 0.7351
vn 0.0648 0.6414 0.7645
vn 0.0671 0.5395 0.8393
vn 0.0605 0.5015 0.8630
vn 0.0578 0.4011 0.9142
vn 0.0462 0.3479 0.9364
vn 0.0391 0.2623 0.9642
vn 0.0625 0.1437 0.9876
vn -0.0951 -0.2737 0.9571
vn -0.1038 -0.5426 0.8335
vn 0.0970 -0.0514 0.9940
vn 0.0743 0.1649 -0.9835
vn 0.0783 0.1656 -0.9831
vn -0.0713 0.0321 -0.9969
vn -0.0938 0.0275 -0.9952
vn -0.0181 0.3371 -0.9413
vn -0.0228 0.3358 -0.9417
vn -0.0522 0.5007 -0.8640
vn -0.0532 0.5011 -0.8638
vn -0.0663 0.6412 -0.7645
vn -0.0676 0.6410 -0.7645
vn -0.0744 0.7639 -0.6411
vn -0.0752 0.7638 -0.6411
vn -0.0792 0.8633 -0.4985
vn -0.0797 0.8632 -0.4985
vn -0.0822 0.9365 -0.3410
vn -0.0823 0.9364 -0.3410
vn -0.0837 0.9814 -0.1730
vn -0.0838 0.9814 -0.1730
vn -0.0842 0.9965 -0.0000
vn -0.0837 0.9814 0.1730
vn -0.0837 0.9814 0.1729
vn -0.0822 0.9365 0.3410
vn -0.0823 0.9364 0.3410
vn -0.0797 0.8632 0.4985
vn -0.0792 0.8633 0.4985
vn -0.0747 0.7642 0.6406
vn -0.0749 0.7643 0.6405
vn -0.0676 0.6416 0.7641
vn -0.0663 0.6415 0.7643
vn -0.0540 0.5000 0.8643
vn -0.0514 0.4997 0.8647
vn -0.0246 0.3456 0.9381
vn -0.0163 0.3443 0.9387
vn 0.0783 0.1422 0.9867
vn 0.0746 0.1423 0.9870
vn -0.0713 0.0585 0.9957
vn -0.0923 0.0621 0.9938
vn -0.1305 0.1722 -0.9764
vn -0.1014 -0.0293 -0.9944
vn -0.1732 -0.0000 -0.9849
vn -0.1732 0.1710 -0.9699
vn -0.1305 0.3391 -0.9317
vn -0.1732 0.3368 -0.9255
vn -0.1732 0.4924 -0.8529
vn -0.1305 0.4957 -0.8586
vn -0.1305 0.6373 -0.7595
vn -0.1732 0.6331 -0.7545
vn -0.1305 0.7595 -0.6373
vn -0.1732 0.7545 -0.6331
vn -0.1732 0.8529 -0.4924
vn -0.1305 0.8586 -0.4957
vn -0.1305 0.9317 -0.3391
vn -0.1732 0.9255 -0.3368
vn -0.1305 0.9764 -0.1722
vn -0.1732 0.9699 -0.1710
vn -0.1732 0.9849 -0.0000
vn -0.1305 0.9914 -0.0000
vn -0.1732 0.9699 0.1710
vn -0.1305 0.9764 0.1722
vn -0.1305 0.9317 0.3391
vn -0.1732 0.9255 0.3368
vn -0.1732 0.8529 0.4924
vn -0.1305 0.8586 0.4957
vn -0.1732 0.7545 0.6331
vn -0.1305 0.7595 0.6373
vn -0.1305 0.6373 0.7595
vn -0.1732 0.6331 0.7545
vn -0.1305 0.4957 0.8586
vn -0.1732 0.4924 0.8529
vn -0.1305 0.3391 0.9317
vn -0.1732 0.3369 0.9255
vn -0.1305 0.1722 0.9764
vn -0.1732 0.1710 0.9699
vn -0.1014 -0.0293 0.9944
vn -0.1732 -0.0000 0.9849
vn -0.2582 -0.0000 -0.9661
vn -0.2582 0.1678 -0.9514
vn -0.2582 0.3304 -0.9078
vn -0.2582 0.4830 -0.8367
vn -0.2582 0.6210 -0.7401
vn -0.2582 0.7401 -0.6210
vn -0.2582 0.8367 -0.4830
vn -0.2582 0.9078 -0.3304
vn -0.2582 0.9514 -0.1678
vn -0.2582 0.9661 -0.0000
vn -0.2582 0.9514 0.1678
vn -0.2582 0.9078 0.3304
vn -0.2582 0.8367 0.4830
vn -0.2582 0.7401 0.6210
vn -0.2582 0.6210 0.7401
vn -0.2582 0.4830 0.8367
vn -0.2582 0.3304 0.9078
vn -0.2582 0.1678 0.9514
vn -0.2582 -0.0000 0.9661
vn -0.3412 0.1632 -0.9257
vn -0.3412 -0.0000 -0.9400
vn -0.3412 0.3215 -0.8833
vn -0.3412 0.4700 -0.8140
vn -0.3412 0.6042 -0.7201
vn -0.3412 0.7201 -0.6042
vn -0.3412 0.8140 -0.4700
vn -0.3412 0.8833 -0.3215
vn -0.3412 0.9257 -0.1632
vn -0.3412 0.9400 -0.0000
vn -0.3412 0.9257 0.1632
vn -0.3412 0.8833 0.3215
vn -0.3412 0.8140 0.4700
vn -0.3412 0.7201 0.6042
vn -0.3412 0.6042 0.7201
vn -0.3412 0.4700 0.8140
vn -0.3412 0.3215 0.8833
vn -0.3412 0.1632 0.9257
vn -0.3412 -0.0000 0.9400
vn -0.4217 -0.0000 -0.9067
vn -0.4217 0.1575 -0.8930
vn -0.4217 0.3101 -0.8521
vn -0.4217 0.4534 -0.7853
vn -0.4217 0.5828 -0.6946
vn -0.4217 0.6946 -0.5828
vn -0.4217 0.7853 -0.4534
vn -0.4217 0.8521 -0.3101
vn -0.4217 0.8930 -0.1575
vn -0.4217 0.9067 -0.0000
vn -0.4217 0.8930 0.1575
vn -0.4217 0.8521 0.3101
vn -0.4217 0.7853 0.4534
vn -0.4217 0.6946 0.5828
vn -0.4217 0.5828 0.6946
vn -0.4217 0.4534 0.7853
vn -0.4217 0.3101 0.8521
vn -0.4217 0.1575 0.8930
vn -0.4217 -0.0000 0.9067
vn -0.4990 0.1505 -0.8535
vn -0.4990 -0.0000 -0.8666
vn -0.4990 0.2964 -0.8144
vn -0.4990 0.4333 -0.7505
vn -0.4990 0.5571 -0.6639
vn -0.4990 0.6639 -0.5571
vn -0.4990 0.7505 -0.4333
vn -0.4990 0.8144 -0.2964
vn -0.4990 0.8535 -0.1505
vn -0.4990 0.8666 -0.0000
vn -0.4990 0.8535 0.1505
vn -0.4990 0.8144 0.2964
vn -0.4990 0.7505 0.4333
vn -0.4990 0.6639 0.5571
vn -0.4990 0.5571 0.6639
vn -0.4990 0.4333 0.7505
vn -0.4990 0.2964 0.8144
vn -0.4990 0.1505 0.8535
vn -0.4990 -0.0000 0.8666
vn -0.5724 0.1424 -0.8075
vn -0.5724 -0.0000 -0.8199
vn -0.5724 0.2804 -0.7705
vn -0.5724 0.4100 -0.7101
vn -0.5724 0.5271 -0.6281
vn -0.5724 0.6281 -0.5271
vn -0.5724 0.7101 -0.4100
vn -0.5724 0.7705 -0.2804
vn -0.5724 0.8075 -0.1424
vn -0.5724 0.8199 -0.0000
vn -0.5724 0.8075 0.1424
vn -0.5724 0.7705 0.2804
vn -0.5724 0.7101 0.4100
vn -0.5724 0.6281 0.5270
vn -0.5724 0.5270 0.6281
vn -0.5724 0.4100 0.7101
vn -0.5724 0.2804 0.7705
vn -0.5724 0.1424 0.8075
vn -0.5724 -0.0000 0.8199
vn -0.6416 -0.0000 -0.7670
vn -0.6416 0.1332 -0.7554
vn -0.6416 0.2623 -0.7208
vn -0.6416 0.3835 -0.6643
vn -0.6416 0.4930 -0.5876
vn -0.6416 0.5876 -0.4930
vn -0.6416 0.6643 -0.3835
vn -0.6416 0.7208 -0.2623
vn -0.6416 0.7554 -0.1332
vn -0.6416 0.7670 -0.0000
vn -0.6416 0.7554 0.1332
vn -0.6416 0.7208 0.2623
vn -0.6416 0.6643 0.3835
vn -0.6416 0.5876 0.4930
vn -0.6416 0.4930 0.5876
vn -0.6416 0.3835 0.6643
vn -0.6416 0.2623 0.7208
vn -0.6416 0.1332 0.7554
vn -0.6416 -0.0000 0.7670
vn -0.7059 0.1230 -0.6976
vn -0.7059 -0.0000 -0.7083
vn -0.7059 0.2423 -0.6656
vn -0.7059 0.3542 -0.6134
vn -0.7059 0.4553 -0.5426
vn -0.7059 0.5426 -0.4553
vn -0.7059 0.6134 -0.3542
vn -0.7059 0.6656 -0.2423
vn -0.7059 0.6976 -0.1230
vn -0.7059 0.7083 -0.0000
vn -0.7059 0.6976 0.1230
vn -0.7059 0.6656 0.2423
vn -0.7059 0.6134 0.3542
vn -0.7059 0.5426 0.4553
vn -0.7059 0.4553 0.5426
vn -0.7059 0.3542 0.6134
vn -0.7059 0.2423 0.6656
vn -0.7059 0.1230 0.6976
vn -0.7059 -0.0000 0.7083
vn -0.7649 -0.0000 -0.6442
vn -0.7649 0.1119 -0.6344
vn -0.7649 0.2203 -0.6054
vn -0.7649 0.3221 -0.5579
vn -0.7649 0.4141 -0.4935
vn -0.7649 0.4935 -0.4141
vn -0.7649 0.5579 -0.3221
vn -0.7649 0.6054 -0.2203
vn -0.7649 0.6344 -0.1119
vn -0.7649 0.6442 -0.0000
vn -0.7649 0.6344 0.1119
vn -0.7649 0.6054 0.2203
vn -0.7649 0.5579 0.3221
vn -0.7649 0.4935 0.4141
vn -0.7649 0.4141 0.4935
vn -0.7649 0.3221 0.5579
vn -0.7649 0.2203 0.6054
vn -0.7649 0.1119 0.6344
vn -0.7649 -0.0000 0.6442
vn -0.8180 -0.0000 -0.5752
vn -0.8180 0.0999 -0.5665
vn -0.8180 0.1967 -0.5405
vn -0.8180 0.2876 -0.4981
vn -0.8180 0.3697 -0.4406
vn -0.8180 0.4406 -0.3697
vn -0.8180 0.4981 -0.2876
vn -0.8180 0.5405 -0.1967
vn -0.8180 0.5665 -0.0999
vn -0.8180 0.5752 -0.0000
vn -0.8180 0.5665 0.0999
vn -0.8180 0.5405 0.1967
vn -0.8180 0.4981 0.2876
vn -0.8180 0.4406 0.3697
vn -0.8180 0.3697 0.4406
vn -0.8180 0.2876 0.4981
vn -0.8180 0.1967 0.5405
vn -0.8180 0.0999 0.5665
vn -0.8180 -0.0000 0.5752
vn -0.8650 -0.0000 -0.5018
vn -0.8650 0.0871 -0.4942
vn -0.8650 0.1716 -0.4716
vn -0.8650 0.2509 -0.4346
vn -0.8650 0.3226 -0.3844
vn -0.8650 0.3844 -0.3226
vn -0.8650 0.4346 -0.2509
vn -0.8650 0.4716 -0.1716
vn -0.8650 0.4942 -0.0871
vn -0.8650 0.5018 -0.0000
vn -0.8650 0.4942 0.0871
vn -0.8650 0.4716 0.1716
vn -0.8650 0.4346 0.2509
vn -0.8650 0.3844 0.3226
vn -0.8650 0.3226 0.3844
vn -0.8650 0.2509 0.4346
vn -0.8650 0.1716 0.4716
vn -0.8650 0.0871 0.4942
vn -0.8650 -0.0000 0.5018
vn -0.9054 0.0737 -0.4182
vn -0.9054 -0.0000 -0.4246
vn -0.9054 0.1452 -0.3990
vn -0.9054 0.2123 -0.3677
vn -0.9054 0.2729 -0.3253
vn -0.9054 0.3253 -0.2729
vn -0.9054 0.3677 -0.2123
vn -0.9054 0.3990 -0.1452
vn -0.9054 0.4182 -0.0737
vn -0.9054 0.4246 -0.0000
vn -0.9054 0.4182 0.0737
vn -0.9054 0.3990 0.1452
vn -0.9054 0.3677 0.2123
vn -0.9054 0.3253 0.2729
vn -0.9054 0.2729 0.3253
vn -0.9054 0.2123 0.3677
vn -0.9054 0.1452 0.3990
vn -0.9054 0.0737 0.4182
vn -0.9054 -0.0000 0.4246
vn -0.9389 0.0598 -0.3389
vn -0.9389 -0.0000 -0.3441
vn -0.9389 0.1177 -0.3234
vn -0.9389 0.1721 -0.2980
vn -0.9389 0.2212 -0.2636
vn -0.9389 0.2636 -0.2212
vn -0.9389 0.2980 -0.1721
vn -0.9389 0.3234 -0.1177
vn -0.9389 0.3389 -0.0598
vn -0.9389 0.3441 -0.0000
vn -0.9389 0.3389 0.0598
vn -0.9389 0.3234 0.1177
vn -0.9389 0.2980 0.1721
vn -0.9389 0.2636 0.2212
vn -0.9389 0.2212 0.2636
vn -0.9389 0.1721 0.2980
vn -0.9389 0.1177 0.3234
vn -0.9389 0.0598 0.3389
vn -0.9389 -0.0000 0.3441
vn -0.9653 0.0453 -0.2571
vn -0.9653 -0.0000 -0.2611
vn -0.9653 0.0893 -0.2453
vn -0.9653 0.1305 -0.2261
vn -0.9653 0.1678 -0.2000
vn -0.9653 0.2000 -0.1678
vn -0.9653 0.2261 -0.1305
vn -0.9653 0.2453 -0.0893
vn -0.9653 0.2571 -0.0453
vn -0.9653 0.2611 -0.0000
vn -0.9653 0.2571 0.0453
vn -0.9653 0.2453 0.0893
vn -0.9653 0.2261 0.1305
vn -0.9653 0.2000 0.1678
vn -0.9653 0.1678 0.2000
vn -0.9653 0.1305 0.2261
vn -0.9653 0.0893 0.2453
vn -0.9653 0.0453 0.2571
vn -0.9653 -0.0000 0.2611
vn -0.9844 -0.0000 -0.1760
vn -0.9844 0.0306 -0.1733
vn -0.9844 0.0602 -0.1654
vn -0.9844 0.0880 -0.1524
vn -0.9844 0.1131 -0.1348
vn -0.9844 0.1348 -0.1131
vn -0.9844 0.1524 -0.0880
vn -0.9844 0.1654 -0.0602
vn -0.9844 0.1733 -0.0306
vn -0.9844 0.1760 -0.0000
vn -0.9844 0.1733 0.0306
vn -0.9844 0.1654 0.0602
vn -0.9844 0.1524 0.0880
vn -0.9844 0.1348 0.1131
vn -0.9844 0.1131 0.1348
vn -0.9844 0.0880 0.1524
vn -0.9844 0.0602 0.1654
vn -0.9844 0.0306 0.1733
vn -0.9844 -0.0000 0.1760
vn -0.9960 0.0155 -0.0882
vn -0.9960 -0.0000 -0.0896
vn -0.9960 0.0306 -0.0842
vn -0.9960 0.0448 -0.0776
vn -0.9960 0.0576 -0.0686
vn -0.9960 0.0686 -0.0576
vn -0.9960 0.0776 -0.0448
vn -0.9960 0.0842 -0.0306
vn -0.9960 0.0882 -0.0155
vn -0.9960 0.0896 -0.0000
vn -0.9960 0.0882 0.0155
vn -0.9960 0.0842 0.0306
vn -0.9960 0.0776 0.0448
vn -0.9960 0.0686 0.0576
vn -0.9960 0.0576 0.0686
vn -0.9960 0.0448 0.0776
vn -0.9960 0.0306 0.0842
vn -0.9960 0.0156 0.0882
vn -0.9960 -0.0000 0.0896
vn -0.9960 -0.0155 0.0882
vn -0.9844 -0.0306 0.1733
vn -0.9960 -0.0306 0.0842
vn -0.9914 -0.0362 0.1257
vn -0.9859 -0.0433 0.1615
vn -0.9844 -0.0306 -0.1733
vn -0.9960 -0.0155 -0.0882
vn -1.0000 -0.0000 -0.0000
vn -0.9960 -0.0306 -0.0842
vn 0.0820 -0.0971 -0.9919
vn 0.0195 -0.3035 -0.9526
vn 0.0784 -0.1997 -0.9767
vn 0.0797 -0.3091 -0.9477
vn 0.0681 -0.4497 -0.8906
vn 0.0760 -0.4242 -0.9024
vn 0.0620 -0.5805 -0.8119
vn 0.0697 -0.5559 -0.8283
vn 0.0630 -0.7172 -0.6940
vn 0.0643 -0.6969 -0.7143
vn 0.0660 -0.8532 -0.5175
vn 0.0616 -0.8404 -0.5384
vn 0.0656 -0.9577 -0.2802
vn 0.0645 -0.9536 -0.2942
vn 0.0649 -0.9979 -0.0000
vn 0.0666 -0.9978 -0.0000
vn 0.0635 -0.9574 0.2818
vn 0.0664 -0.9530 0.2955
vn 0.0638 -0.8541 0.5162
vn 0.0635 -0.8411 0.5372
vn 0.0630 -0.7172 0.6940
vn 0.0643 -0.6969 0.7143
vn 0.0620 -0.5805 0.8119
vn 0.0697 -0.5559 0.8283
vn 0.0681 -0.4497 0.8906
vn 0.0760 -0.4242 0.9024
vn 0.0864 -0.3045 0.9486
vn 0.0836 -0.2039 0.9754
vn 0.0195 -0.3035 0.9526
vn 0.0820 -0.0971 0.9919
vn -0.4996 -0.0755 -0.8629
vn -0.5732 -0.0714 -0.8163
vn -0.4222 -0.0790 -0.9030
vn -0.2585 -0.0842 -0.9623
vn -0.3417 -0.0819 -0.9363
vn -0.6425 -0.0668 -0.7633
vn -0.7070 -0.0616 -0.7045
vn -0.7660 -0.0560 -0.6404
vn -0.8193 -0.0500 -0.5712
vn -0.8662 -0.0435 -0.4977
vn -0.9762 -0.0211 -0.2160
vn -0.9859 -0.0433 -0.1615
vn -0.9066 -0.0368 -0.4203
vn -0.9401 -0.0297 -0.3397
vn -0.9663 -0.0225 -0.2565
vn -0.9914 -0.0362 -0.1257
vn -0.9971 -0.0319 -0.0684
vn -0.9762 -0.0211 0.2160
vn -0.9663 -0.0225 0.2565
vn -0.9990 -0.0429 -0.0079
vn -0.9990 -0.0436 -0.0000
vn -0.9990 -0.0429 0.0079
vn -0.9990 -0.0196 -0.0393
vn -0.9990 -0.0264 -0.0347
vn -0.9990 -0.0324 -0.0293
vn -0.9990 -0.0371 -0.0229
vn -0.9990 -0.0406 -0.0158
vn -0.9990 -0.0406 0.0158
vn -0.9990 -0.0371 0.0229
vn -0.9990 -0.0324 0.0293
vn -0.9990 -0.0264 0.0347
vn -0.9990 -0.0196 0.0391
vn -0.9971 -0.0320 0.0685
vn -0.9401 -0.0297 0.3397
vn -0.9066 -0.0368 0.4203
vn -0.8662 -0.0435 0.4977
vn -0.8193 -0.0500 0.5712
vn -0.1734 -0.0858 -0.9811
vn 0.1428 -0.0863 -0.9860
vn -0.0870 -0.0868 -0.9924
vn -0.2585 -0.0842 0.9623
vn -0.1734 -0.0859 0.9811
vn -0.0870 -0.0868 0.9924
vn 0.1428 -0.0863 0.9860
vn -0.5732 -0.0714 0.8163
vn -0.4996 -0.0755 0.8629
vn -0.4222 -0.0790 0.9030
vn -0.3416 -0.0819 0.9363
vn -0.7660 -0.0560 0.6404
vn -0.7070 -0.0616 0.7045
vn -0.6425 -0.0668 0.7633
vn 0.0110 0.4057 -0.9140
vn 0.0115 0.5421 -0.8402
vn 0.0115 0.5424 0.8400
vn 0.0110 0.4057 0.9140
vn 0.0117 0.6076 -0.7942
vn 0.0056 0.4725 -0.8813
vn 0.0056 0.4734 0.8808
vn 0.0117 0.6076 0.7942
vn -0.0209 -0.4027 -0.9151
vn -0.0209 -0.4027 0.9151
vn -0.0015 -1.0000 -0.0000
vn -0.0008 -1.0000 -0.0000
vn -0.5116 -0.8592 -0.0000
vn -0.2423 -0.9702 -0.0000
vn 0.0001 -1.0000 -0.0000
vn -0.0001 -1.0000 -0.0000
vn -0.0002 -1.0000 -0.0000
vn 0.0054 0.3363 -0.9417
vn 0.0108 0.3363 -0.9417
vn 0.0108 0.3363 0.9417
vn 0.0054 0.3363 0.9417
vn 0.0117 0.6080 -0.7939
vn 0.0117 0.6082 0.7937
vn -0.0000 0.3363 0.9418
vn -0.0000 0.4056 0.9141
vn -0.0000 0.3363 -0.9418
vn -0.0000 0.4056 -0.9141
vn -0.0000 0.4736 0.8807
vn -0.0000 0.4722 -0.8815
vn -1.0000 -0.0000 0.0018
vn -1.0000 -0.0000 -0.0005
vn -1.0000 -0.0000 0.0002
vn 1.0000 -0.0000 -0.0000
vn 1.0000 0.0019 -0.0046
vn 0.0329 -0.0000 0.9995
vn 0.0328 0.0001 0.9995
vn -1.0000 -0.0019 0.0045
vn -1.0000 -0.0019 0.0043
vn -1.0000 -0.0019 0.0032
vn -1.0000 -0.0019 0.0022
vn -1.0000 -0.0019 0.0023
vn -1.0000 -0.0019 0.0015
vn -1.0000 -0.0019 0.0009
vn -1.0000 -0.0019 0.0003
vn -1.0000 -0.0019 -0.0003
vn -1.0000 -0.0019 -0.0009
vn -1.0000 -0.0019 -0.0015
vn -1.0000 -0.0019 -0.0022
vn -1.0000 -0.0019 -0.0023
vn -1.0000 -0.0019 -0.0032
vn -1.0000 -0.0019 -0.0046
vn -1.0000 -0.0019 -0.0045
vn 0.0329 0.0001 -0.9995
vn 0.0328 -0.0000 -0.9995
vn 1.0000 0.0019 0.0046
vn 1.0000 0.0019 0.0032
vn 1.0000 0.0019 0.0022
vn 1.0000 0.0019 0.0023
vn 1.0000 0.0019 0.0015
vn 1.0000 0.0019 0.0009
vn 1.0000 0.0019 0.0008
vn 1.0000 0.0019 0.0003
vn 1.0000 0.0019 -0.0003
vn 1.0000 0.0019 -0.0008
vn 1.0000 0.0019 -0.0015
vn 1.0000 0.0019 -0.0023
vn 1.0000 0.0019 -0.0032
vn 0.0491 -0.3832 0.9224
vn 0.0420 -0.3505 0.9356
vn 0.0084 -0.3837 0.9234
vn 0.0086 -0.3837 0.9234
vn 0.0089 -0.5103 0.8599
vn 0.0093 -0.5103 0.8600
vn 0.0097 -0.6465 0.7628
vn 0.0101 -0.6465 0.7629
vn 0.0106 -0.7863 0.6178
vn 0.0111 -0.7862 0.6179
vn 0.0116 -0.9113 0.4115
vn 0.0119 -0.9113 0.4115
vn 0.0123 -0.9892 0.1458
vn 0.0124 -0.9892 0.1459
vn 0.0124 -0.9892 -0.1458
vn 0.0123 -0.9892 -0.1459
vn 0.0119 -0.9113 -0.4115
vn 0.0116 -0.9113 -0.4115
vn 0.0110 -0.7863 -0.6178
vn 0.0106 -0.7862 -0.6179
vn 0.0101 -0.6465 -0.7628
vn 0.0097 -0.6465 -0.7629
vn 0.0093 -0.5103 -0.8599
vn 0.0089 -0.5103 -0.8600
vn 0.0086 -0.3837 -0.9234
vn 0.0085 -0.3837 -0.9234
vn 0.0482 -0.3442 -0.9377
vn 0.0426 -0.3833 -0.9226
vn -0.0000 -0.5103 -0.8600
vn -0.0000 -0.6465 -0.7629
vn -0.0000 -0.7862 -0.6179
vn -0.0000 -0.9114 -0.4116
vn -0.0000 -0.9893 -0.1459
vn -0.0000 -0.9893 0.1459
vn -0.0000 -0.9114 0.4116
vn -0.0000 -0.7863 0.6179
vn -0.0000 -0.7862 0.6179
vn -0.0000 -0.6465 0.7629
vn -0.0000 -0.5103 0.8600
vn 0.9831 -0.0000 -0.1831
vn 0.9831 0.0626 -0.1720
vn 0.9831 0.1177 -0.1402
vn 0.9831 0.1584 -0.0919
vn 0.9831 0.1803 -0.0318
vn 0.9831 0.1803 0.0318
vn 0.9831 0.1585 0.0915
vn 0.9831 0.1177 0.1402
vn 0.9831 0.0626 0.1720
vn 0.9831 -0.0000 0.1830
vn 0.9831 -0.0626 0.1720
vn 0.9831 -0.1177 0.1402
vn 0.9831 -0.1585 0.0915
vn 0.9831 -0.1802 0.0321
vn 0.9831 -0.1803 -0.0318
vn 0.9831 -0.1585 -0.0915
vn 0.9831 -0.1176 -0.1402
vn 0.9831 -0.0626 -0.1720
vn 0.9366 0.1199 -0.3293
vn 0.9366 -0.0000 -0.3505
vn 0.9366 0.2253 -0.2685
vn 0.9366 0.3035 -0.1752
vn 0.9366 0.3451 -0.0609
vn 0.9366 0.3451 0.0609
vn 0.9366 0.3035 0.1752
vn 0.9366 0.2253 0.2685
vn 0.9366 0.1199 0.3293
vn 0.9366 -0.0000 0.3505
vn 0.9366 -0.1199 0.3293
vn 0.9366 -0.2253 0.2685
vn 0.9366 -0.3035 0.1752
vn 0.9366 -0.3451 0.0609
vn 0.9366 -0.3451 -0.0609
vn 0.9366 -0.3035 -0.1752
vn 0.9366 -0.2253 -0.2685
vn 0.9366 -0.1199 -0.3293
vn 0.8618 0.1734 -0.4766
vn 0.8619 -0.0000 -0.5072
vn 0.8618 0.3260 -0.3885
vn 0.8618 0.4392 -0.2536
vn 0.8618 0.4995 -0.0881
vn 0.8618 0.4995 0.0881
vn 0.8618 0.4392 0.2536
vn 0.8618 0.3260 0.3885
vn 0.8618 0.1735 0.4766
vn 0.8618 -0.0000 0.5072
vn 0.8618 -0.1735 0.4766
vn 0.8618 -0.3260 0.3885
vn 0.8619 -0.4392 0.2536
vn 0.8618 -0.4995 0.0881
vn 0.8618 -0.4995 -0.0881
vn 0.8619 -0.4392 -0.2536
vn 0.8618 -0.3260 -0.3885
vn 0.8618 -0.1735 -0.4766
vn 0.7615 0.2218 -0.6090
vn 0.7613 -0.0000 -0.6484
vn 0.7613 0.4168 -0.4967
vn 0.7613 0.5615 -0.3242
vn 0.7613 0.6386 -0.1126
vn 0.7613 0.6386 0.1126
vn 0.7613 0.5615 0.3242
vn 0.7613 0.4168 0.4967
vn 0.7613 0.2218 0.6093
vn 0.7613 -0.0000 0.6484
vn 0.7613 -0.2218 0.6093
vn 0.7613 -0.4168 0.4967
vn 0.7613 -0.5615 0.3242
vn 0.7613 -0.6386 0.1126
vn 0.7613 -0.6386 -0.1126
vn 0.7613 -0.5616 -0.3242
vn 0.7613 -0.4168 -0.4967
vn 0.7613 -0.2218 -0.6093
vn 0.6381 0.2633 -0.7235
vn 0.6381 -0.0000 -0.7700
vn 0.6381 0.4949 -0.5898
vn 0.6381 0.6668 -0.3850
vn 0.6381 0.7583 -0.1337
vn 0.6381 0.7583 0.1337
vn 0.6381 0.6668 0.3850
vn 0.6381 0.4949 0.5898
vn 0.6381 0.2633 0.7235
vn 0.6381 -0.0000 0.7700
vn 0.6381 -0.2633 0.7235
vn 0.6381 -0.4949 0.5898
vn 0.6381 -0.6668 0.3850
vn 0.6381 -0.7583 0.1337
vn 0.6381 -0.7583 -0.1337
vn 0.6381 -0.6668 -0.3850
vn 0.6381 -0.4949 -0.5898
vn 0.6381 -0.2633 -0.7235
vn 0.4959 0.2970 -0.8160
vn 0.4959 -0.0000 -0.8684
vn 0.4959 0.5582 -0.6652
vn 0.4959 0.7520 -0.4342
vn 0.4959 0.8552 -0.1508
vn 0.4959 0.8552 0.1508
vn 0.4959 0.7520 0.4342
vn 0.4959 0.5582 0.6652
vn 0.4959 0.2970 0.8160
vn 0.4959 -0.0000 0.8684
vn 0.4959 -0.2970 0.8160
vn 0.4959 -0.5582 0.6652
vn 0.4959 -0.7521 0.4342
vn 0.4959 -0.8552 0.1508
vn 0.4959 -0.8552 -0.1508
vn 0.4959 -0.7520 -0.4342
vn 0.4959 -0.5582 -0.6652
vn 0.4959 -0.2970 -0.8160
vn 0.3390 0.3218 -0.8841
vn 0.3390 -0.0000 -0.9408
vn 0.3390 0.6047 -0.7207
vn 0.3390 0.8148 -0.4704
vn 0.3390 0.9265 -0.1634
vn 0.3390 0.9265 0.1634
vn 0.3390 0.8148 0.4704
vn 0.3390 0.6047 0.7207
vn 0.3390 0.3218 0.8841
vn 0.3390 -0.0000 0.9408
vn 0.3390 -0.3218 0.8841
vn 0.3390 -0.6047 0.7207
vn 0.3390 -0.8148 0.4704
vn 0.3390 -0.9265 0.1634
vn 0.3390 -0.9265 -0.1634
vn 0.3390 -0.8147 -0.4704
vn 0.3390 -0.6047 -0.7207
vn 0.3390 -0.3218 -0.8841
vn 0.1720 0.3369 -0.9257
vn 0.1720 -0.0000 -0.9851
vn 0.1720 0.6332 -0.7546
vn 0.1720 0.8531 -0.4925
vn 0.1720 0.9701 -0.1711
vn 0.1720 0.9701 0.1711
vn 0.1720 0.8531 0.4926
vn 0.1720 0.6332 0.7546
vn 0.1720 0.3369 0.9257
vn 0.1720 -0.0000 0.9851
vn 0.1720 -0.3369 0.9257
vn 0.1720 -0.6332 0.7546
vn 0.1720 -0.8531 0.4925
vn 0.1720 -0.9701 0.1711
vn 0.1720 -0.9701 -0.1711
vn 0.1720 -0.8531 -0.4926
vn 0.1720 -0.6332 -0.7546
vn 0.1720 -0.3369 -0.9257
vn 0.0434 0.3417 -0.9388
vn 0.0434 -0.0000 -0.9991
vn 0.0434 0.6422 -0.7653
vn 0.0434 0.8652 -0.4995
vn 0.0434 0.9839 -0.1735
vn 0.0434 0.9839 0.1735
vn 0.0434 0.8652 0.4995
vn 0.0434 0.6422 0.7653
vn 0.0434 0.3417 0.9388
vn 0.0434 -0.0000 0.9991
vn 0.0434 -0.3417 0.9388
vn 0.0434 -0.6422 0.7653
vn 0.0434 -0.8652 0.4995
vn 0.0434 -0.9839 0.1735
vn 0.0434 -0.9839 -0.1735
vn 0.0434 -0.8652 -0.4995
vn 0.0434 -0.6422 -0.7653
vn 0.0434 -0.3417 -0.9388
vn -0.0434 0.3417 -0.9388
vn -0.0434 -0.0000 -0.9991
vn -0.0434 0.6422 -0.7653
vn -0.0434 0.8652 -0.4995
vn -0.0434 0.9839 -0.1735
vn -0.0434 0.9839 0.1735
vn -0.0434 0.8652 0.4995
vn -0.0434 0.6422 0.7653
vn -0.0434 0.3417 0.9388
vn -0.0434 -0.0000 0.9991
vn -0.0434 -0.3417 0.9388
vn -0.0434 -0.6422 0.7653
vn -0.0434 -0.8652 0.4995
vn -0.0434 -0.9839 0.1735
vn -0.0434 -0.9839 -0.1735
vn -0.0434 -0.8652 -0.4995
vn -0.0434 -0.6422 -0.7653
vn -0.0434 -0.3417 -0.9388
vn -0.1720 0.3369 -0.9257
vn -0.1720 -0.0000 -0.9851
vn -0.1720 0.6332 -0.7546
vn -0.1720 0.8531 -0.4926
vn -0.1720 0.9701 -0.1711
vn -0.1720 0.9701 0.1711
vn -0.1720 0.8531 0.4925
vn -0.1720 0.6332 0.7546
vn -0.1720 0.3369 0.9257
vn -0.1720 -0.0000 0.9851
vn -0.1720 -0.3369 0.9257
vn -0.1720 -0.6332 0.7546
vn -0.1720 -0.8531 0.4926
vn -0.1720 -0.9701 0.1711
vn -0.1720 -0.9701 -0.1711
vn -0.1720 -0.8531 -0.4925
vn -0.1720 -0.6332 -0.7546
vn -0.1720 -0.3369 -0.9257
vn -0.3390 0.3218 -0.8841
vn -0.3390 -0.0000 -0.9408
vn -0.3390 0.6047 -0.7207
vn -0.3390 0.8147 -0.4704
vn -0.3390 0.9265 -0.1634
vn -0.3390 0.9265 0.1634
vn -0.3390 0.8148 0.4704
vn -0.3390 0.6047 0.7207
vn -0.3390 0.3218 0.8841
vn -0.3390 -0.0000 0.9408
vn -0.3390 -0.3218 0.8841
vn -0.3390 -0.6047 0.7207
vn -0.3390 -0.8148 0.4704
vn -0.3390 -0.9265 0.1634
vn -0.3390 -0.9265 -0.1634
vn -0.3390 -0.8148 -0.4704
vn -0.3390 -0.6047 -0.7207
vn -0.3390 -0.3218 -0.8841
vn -0.4959 0.2970 -0.8160
vn -0.4959 -0.0000 -0.8684
vn -0.4959 0.5582 -0.6652
vn -0.4959 0.7520 -0.4342
vn -0.4959 0.8552 -0.1508
vn -0.4959 0.8552 0.1508
vn -0.4959 0.7520 0.4342
vn -0.4959 0.5582 0.6652
vn -0.4959 0.2970 0.8160
vn -0.4959 -0.0000 0.8684
vn -0.4959 -0.2970 0.8160
vn -0.4959 -0.5582 0.6652
vn -0.4959 -0.7520 0.4342
vn -0.4959 -0.8552 0.1508
vn -0.4959 -0.8552 -0.1508
vn -0.4959 -0.7520 -0.4342
vn -0.4959 -0.5582 -0.6652
vn -0.4959 -0.2970 -0.8160
vn -0.6381 0.2633 -0.7235
vn -0.6381 -0.0000 -0.7700
vn -0.6381 0.4949 -0.5898
vn -0.6381 0.6668 -0.3850
vn -0.6381 0.7583 -0.1337
vn -0.6381 0.7583 0.1337
vn -0.6381 0.6668 0.3850
vn -0.6381 0.4949 0.5898
vn -0.6381 0.2633 0.7235
vn -0.6381 -0.0000 0.7700
vn -0.6381 -0.2634 0.7235
vn -0.6381 -0.4949 0.5898
vn -0.6381 -0.6668 0.3850
vn -0.6381 -0.7583 0.1337
vn -0.6381 -0.7583 -0.1337
vn -0.6381 -0.6668 -0.3850
vn -0.6381 -0.4949 -0.5898
vn -0.6381 -0.2634 -0.7235
vn -0.7613 0.2218 -0.6093
vn -0.7613 -0.0000 -0.6484
vn -0.7613 0.4168 -0.4967
vn -0.7613 0.5616 -0.3242
vn -0.7613 0.6386 -0.1126
vn -0.7613 0.6386 0.1126
vn -0.7613 0.5615 0.3242
vn -0.7613 0.4168 0.4967
vn -0.7613 0.2218 0.6093
vn -0.7613 -0.0000 0.6484
vn -0.7613 -0.2218 0.6093
vn -0.7613 -0.4168 0.4967
vn -0.7613 -0.5615 0.3242
vn -0.7613 -0.6386 0.1126
vn -0.7613 -0.6386 -0.1126
vn -0.7613 -0.5615 -0.3242
vn -0.7613 -0.4168 -0.4967
vn -0.7613 -0.2218 -0.6093
vn -0.8618 0.1735 -0.4766
vn -0.8618 -0.0000 -0.5072
vn -0.8618 0.3260 -0.3886
vn -0.8618 0.4392 -0.2536
vn -0.8618 0.4995 -0.0881
vn -0.8618 0.4995 0.0881
vn -0.8618 0.4393 0.2536
vn -0.8618 0.3260 0.3885
vn -0.8618 0.1735 0.4766
vn -0.8618 -0.0000 0.5072
vn -0.8618 -0.1735 0.4766
vn -0.8618 -0.3260 0.3885
vn -0.8618 -0.4393 0.2536
vn -0.8618 -0.4995 0.0881
vn -0.8618 -0.4995 -0.0881
vn -0.8618 -0.4393 -0.2536
vn -0.8618 -0.3260 -0.3886
vn -0.8618 -0.1735 -0.4766
vn -0.9366 0.1199 -0.3293
vn -0.9366 -0.0000 -0.3505
vn -0.9366 0.2253 -0.2685
vn -0.9366 0.3035 -0.1752
vn -0.9366 0.3451 -0.0609
vn -0.9366 0.3452 0.0609
vn -0.9366 0.3035 0.1752
vn -0.9366 0.2253 0.2685
vn -0.9366 0.1199 0.3293
vn -0.9366 -0.0000 0.3505
vn -0.9366 -0.1199 0.3293
vn -0.9366 -0.2253 0.2685
vn -0.9366 -0.3035 0.1752
vn -0.9366 -0.3451 0.0609
vn -0.9366 -0.3451 -0.0609
vn -0.9366 -0.3035 -0.1752
vn -0.9366 -0.2253 -0.2685
vn -0.9366 -0.1199 -0.3293
vn -0.9831 0.0626 -0.1719
vn -0.9831 -0.0000 -0.1830
vn -0.9831 0.1176 -0.1402
vn -0.9831 0.1584 -0.0915
vn -0.9831 0.1802 -0.0318
vn -0.9831 0.1802 0.0318
vn -0.9831 0.1584 0.0915
vn -0.9831 0.1176 0.1402
vn -0.9831 0.0626 0.1719
vn -0.9831 -0.0000 0.1830
vn -0.9831 -0.0626 0.1719
vn -0.9831 -0.1176 0.1401
vn -0.9831 -0.1585 0.0915
vn -0.9831 -0.1802 0.0318
vn -0.9831 -0.1802 -0.0318
vn -0.9831 -0.1585 -0.0915
vn -0.9831 -0.1176 -0.1402
vn -0.9831 -0.0626 -0.1719
vn -0.6455 0.0511 -0.7620
vn -0.6502 0.1527 -0.7442
vn -0.6593 0.2529 -0.7081
vn -0.6722 0.3499 -0.6525
vn -0.6878 0.4413 -0.5763
vn -0.7046 0.5237 -0.4789
vn -0.7045 0.5237 -0.4789
vn -0.7203 0.5924 -0.3607
vn -0.7328 0.6423 -0.2247
vn -0.7397 0.6686 -0.0764
vn -0.7396 0.6686 -0.0764
vn -0.7397 0.6686 0.0764
vn -0.7328 0.6423 0.2247
vn -0.7204 0.5924 0.3607
vn -0.7046 0.5237 0.4788
vn -0.6879 0.4413 0.5763
vn -0.6723 0.3499 0.6524
vn -0.6722 0.3499 0.6524
vn -0.6594 0.2528 0.7080
vn -0.6503 0.1527 0.7442
vn -0.6456 0.0511 0.7620
vn -0.6456 -0.0510 0.7620
vn -0.6456 -0.0511 0.7620
vn -0.6503 -0.1527 0.7442
vn -0.6594 -0.2528 0.7080
vn -0.6723 -0.3499 0.6524
vn -0.6879 -0.4413 0.5763
vn -0.6879 -0.4413 0.5762
vn -0.7046 -0.5237 0.4788
vn -0.7204 -0.5924 0.3607
vn -0.7328 -0.6422 0.2247
vn -0.7397 -0.6686 0.0764
vn -0.7397 -0.6686 -0.0764
vn -0.7328 -0.6423 -0.2247
vn -0.7204 -0.5924 -0.3607
vn -0.7046 -0.5237 -0.4788
vn -0.6878 -0.4413 -0.5763
vn -0.6722 -0.3499 -0.6525
vn -0.6593 -0.2529 -0.7081
vn -0.6502 -0.1527 -0.7442
vn -0.6455 -0.0510 -0.7620
vn -0.6456 -0.0510 -0.7620
vn 0.6663 -0.0499 0.7440
vn 0.6663 -0.0498 0.7440
vn 0.6709 -0.1491 0.7264
vn 0.6799 -0.2466 0.6906
vn 0.6925 -0.3409 0.6358
vn 0.7077 -0.4295 0.5609
vn 0.7077 -0.4296 0.5609
vn 0.7240 -0.5091 0.4655
vn 0.7240 -0.5091 0.4654
vn 0.7393 -0.5751 0.3502
vn 0.7513 -0.6229 0.2179
vn 0.7580 -0.6481 0.0740
vn 0.7580 -0.6481 -0.0740
vn 0.7513 -0.6229 -0.2179
vn 0.7394 -0.5751 -0.3502
vn 0.7393 -0.5751 -0.3502
vn 0.7241 -0.5090 -0.4654
vn 0.7078 -0.4295 -0.5609
vn 0.6925 -0.3409 -0.6357
vn 0.6799 -0.2466 -0.6906
vn 0.6710 -0.1490 -0.7263
vn 0.6664 -0.0498 -0.7439
vn 0.6664 -0.0499 -0.7439
vn 0.6664 0.0498 -0.7439
vn 0.6710 0.1490 -0.7263
vn 0.6799 0.2466 -0.6905
vn 0.6799 0.2466 -0.6906
vn 0.6926 0.3409 -0.6357
vn 0.7078 0.4295 -0.5609
vn 0.7078 0.4295 -0.5608
vn 0.7241 0.5090 -0.4654
vn 0.7394 0.5751 -0.3502
vn 0.7514 0.6229 -0.2179
vn 0.7580 0.6481 -0.0740
vn 0.7580 0.6481 0.0740
vn 0.7513 0.6229 0.2179
vn 0.7393 0.5751 0.3502
vn 0.7240 0.5090 0.4654
vn 0.7240 0.5091 0.4654
vn 0.7077 0.4295 0.5609
vn 0.6925 0.3409 0.6358
vn 0.6799 0.2466 0.6906
vn 0.6709 0.1491 0.7264
vn 0.6710 0.1491 0.7264
vn 0.6663 0.0498 0.7440
vn 0.6663 0.0499 0.7440
vn -0.0659 -0.0667 0.9956
vn -0.0658 -0.0667 0.9956
vn -0.1946 -0.1972 0.9609
vn -0.5146 -0.5214 0.6807
vn -0.5144 -0.5210 0.6811
vn -0.5145 -0.5213 0.6808
vn -0.5888 -0.5965 0.5454
vn -0.5890 -0.5967 0.5450
vn -0.5889 -0.5967 0.5451
vn -0.6446 -0.6530 0.3976
vn -0.6447 -0.6531 0.3972
vn -0.6818 -0.6906 0.2412
vn -0.6817 -0.6906 0.2416
vn -0.6818 -0.6905 0.2416
vn -0.7001 -0.7095 0.0811
vn -0.7002 -0.7093 0.0810
vn -0.7002 -0.7093 -0.0810
vn -0.6816 -0.6905 -0.2421
vn -0.6817 -0.6907 -0.2412
vn -0.6445 -0.6530 -0.3977
vn -0.6448 -0.6531 -0.3972
vn -0.5888 -0.5965 -0.5454
vn -0.5889 -0.5965 -0.5454
vn -0.5144 -0.5211 -0.6810
vn -0.5145 -0.5213 -0.6808
vn -0.1946 -0.1972 -0.9609
vn -0.0658 -0.0667 -0.9956
vn -0.0659 -0.0667 -0.9956
vn 0.0659 0.0667 -0.9956
vn 0.0658 0.0667 -0.9956
vn 0.1946 0.1972 -0.9609
vn 0.1944 0.1969 -0.9610
vn 0.1951 0.1977 -0.9606
vn 0.1952 0.1977 -0.9606
vn 0.1941 0.1966 0.9611
vn 0.1951 0.1977 0.9606
vn 0.1951 0.1976 0.9607
vn 0.0659 0.0667 0.9956
vn 0.0661 0.0669 0.9956
vn -0.5061 -0.5128 -0.6935
vn -0.5050 -0.5118 -0.6950
vn -0.5050 -0.5117 -0.6950
vn 0.1947 0.1972 -0.9608
vn 0.3154 0.3196 -0.8935
vn 0.3151 0.3192 -0.8938
vn -0.3150 -0.3192 0.8938
vn -0.3151 -0.3192 0.8938
vn 0.4227 0.4283 -0.7987
vn 0.4229 0.4285 -0.7985
vn 0.4230 0.4286 -0.7984
vn -0.4229 -0.4284 0.7985
vn -0.4228 -0.4283 0.7986
vn 0.5146 0.5213 -0.6807
vn 0.5150 0.5218 -0.6801
vn 0.5887 0.5968 -0.5451
vn 0.5888 0.5965 -0.5455
vn 0.5885 0.5965 -0.5457
vn 0.6447 0.6532 -0.3971
vn 0.6447 0.6532 -0.3970
vn 0.6442 0.6534 -0.3976
vn 0.6445 0.6531 -0.3976
vn 0.6816 0.6906 -0.2417
vn 0.6815 0.6908 -0.2417
vn 0.7001 0.7094 -0.0810
vn 0.6999 0.7096 -0.0812
vn 0.7001 0.7094 0.0810
vn 0.7002 0.7093 0.0810
vn 0.6816 0.6906 0.2416
vn 0.6817 0.6906 0.2416
vn 0.6445 0.6531 0.3977
vn 0.6444 0.6529 0.3980
vn 0.5889 0.5967 0.5450
vn 0.5888 0.5966 0.5454
vn 0.5887 0.5964 0.5457
vn 0.5143 0.5211 0.6811
vn 0.5146 0.5213 0.6807
vn 0.4229 0.4285 0.7985
vn 0.4228 0.4283 0.7987
vn -0.4227 -0.4283 -0.7987
vn -0.4229 -0.4285 -0.7984
vn -0.3150 -0.3192 -0.8938
vn -0.3152 -0.3194 -0.8937
vn 0.3150 0.3192 0.8938
vn 0.3154 0.3195 0.8935
vn 0.1947 0.1972 0.9608
vn 0.1946 0.1972 0.9609
vn -0.5057 -0.5124 0.6941
vn -0.5056 -0.5124 0.6941
vn -0.5056 -0.5123 0.6942
vn -0.4730 -0.4792 0.7394
vn -0.4731 -0.4793 0.7392
vn -0.1353 -0.1371 0.9813
vn 0.6571 0.6656 -0.3538
vn 0.6570 0.6657 -0.3538
vn 0.6571 0.6656 0.3538
vn 0.6570 0.6657 0.3538
vn -0.1353 -0.1371 -0.9813
vn -0.4730 -0.4792 -0.7393
vn -0.4731 -0.4793 -0.7393
vn -0.9316 -0.2160 -0.2924
vn -0.2772 -0.0642 0.9587
vn -0.2771 -0.0642 0.9587
vn 0.6551 0.1519 -0.7401
vn -0.6552 -0.1519 0.7401
vn -0.6551 -0.1519 0.7401
vn 0.8233 0.1909 -0.5345
vn -0.8234 -0.1909 0.5344
vn -0.8234 -0.1909 0.5345
vn 0.8978 0.2081 -0.3882
vn -0.8978 -0.2081 0.3881
vn 0.9344 0.2166 -0.2829
vn -0.9344 -0.2166 0.2828
vn 0.9540 0.2212 -0.2022
vn -0.9540 -0.2212 0.2022
vn 0.9651 0.2237 -0.1362
vn 0.9651 0.2238 -0.1362
vn -0.9651 -0.2237 0.1362
vn -0.9711 -0.2251 0.0788
vn 0.9711 0.2252 -0.0788
vn 0.9738 0.2258 -0.0258
vn -0.9738 -0.2257 0.0258
vn 0.9738 0.2258 0.0258
vn -0.9738 -0.2257 -0.0258
vn 0.9711 0.2252 0.0788
vn -0.9711 -0.2251 -0.0788
vn -0.9711 -0.2252 -0.0788
vn 0.9651 0.2238 0.1362
vn -0.9651 -0.2238 -0.1362
vn -0.9651 -0.2237 -0.1362
vn 0.9540 0.2212 0.2022
vn -0.9540 -0.2212 -0.2022
vn -0.9344 -0.2166 -0.2828
vn 0.9344 0.2166 0.2829
vn 0.8976 0.2080 0.3886
vn 0.8978 0.2081 0.3882
vn -0.8978 -0.2081 -0.3881
vn -0.8231 -0.1908 -0.5349
vn -0.8235 -0.1909 -0.5342
vn -0.8234 -0.1909 -0.5344
vn 0.8233 0.1909 0.5345
vn -0.6552 -0.1519 -0.7401
vn -0.6551 -0.1519 -0.7401
vn 0.6551 0.1519 0.7401
vn -0.9316 -0.2160 0.2924
vn -0.2771 -0.0642 -0.9587
vn -0.9199 -0.2133 0.3290
vn 0.2771 0.0642 -0.9587
vn -0.5125 -0.1188 0.8505
vn -0.5128 -0.1189 0.8502
vn -0.5127 -0.1189 0.8503
vn 0.8664 0.2008 -0.4572
vn 0.8664 0.2009 0.4572
vn 0.8664 0.2008 0.4572
vn -0.5124 -0.1188 -0.8505
vn 0.6552 0.1519 0.7401
vn -0.9199 -0.2133 -0.3290
vn 0.2771 0.0642 0.9587
vn -0.8327 0.0482 -0.5516
vn -0.7833 0.0325 -0.6208
vn -0.7566 0.1692 -0.6316
vn -0.7340 0.1681 -0.6580
vn -0.7044 0.3000 -0.6433
vn -0.6971 0.3010 -0.6508
vn -0.6665 0.4276 -0.6107
vn -0.6627 0.4287 -0.6141
vn -0.6323 0.5478 -0.5478
vn -0.6300 0.5487 -0.5495
vn -0.6020 0.6541 -0.4580
vn -0.6004 0.6548 -0.4590
vn -0.5769 0.7403 -0.3452
vn -0.5759 0.7408 -0.3457
vn -0.5589 0.8009 -0.2146
vn -0.5584 0.8013 -0.2148
vn -0.5495 0.8323 -0.0728
vn -0.5493 0.8324 -0.0729
vn -0.5493 0.8324 0.0728
vn -0.5495 0.8323 0.0729
vn -0.5584 0.8013 0.2147
vn -0.5590 0.8009 0.2147
vn -0.5759 0.7409 0.3455
vn -0.5770 0.7401 0.3454
vn -0.6004 0.6551 0.4587
vn -0.6021 0.6538 0.4582
vn -0.6299 0.5492 0.5492
vn -0.6325 0.5473 0.5481
vn -0.6625 0.4296 0.6136
vn -0.6668 0.4266 0.6111
vn -0.6967 0.3032 0.6502
vn -0.7050 0.2977 0.6437
vn -0.7326 0.1762 0.6575
vn -0.7586 0.1612 0.6313
vn -0.7800 0.0545 0.6234
vn -0.8369 0.0274 0.5467
vn -0.8367 0.0274 0.5469
vn -0.0153 0.9368 -0.3494
vn 0.0059 0.9463 -0.3232
vn 0.6178 0.0685 -0.7833
vn 0.7106 0.0355 -0.7027
vn 0.6089 0.2053 -0.7662
vn 0.5793 0.2184 -0.7853
vn 0.5819 0.3437 -0.7371
vn 0.5729 0.3484 -0.7419
vn 0.5511 0.4786 -0.6835
vn 0.5466 0.4812 -0.6853
vn 0.5204 0.6038 -0.6038
vn 0.5178 0.6054 -0.6045
vn 0.4924 0.7130 -0.4992
vn 0.4908 0.7139 -0.4994
vn 0.4692 0.8003 -0.3732
vn 0.4682 0.8009 -0.3732
vn 0.4526 0.8613 -0.2308
vn 0.4521 0.8616 -0.2308
vn 0.4439 0.8927 -0.0781
vn 0.4437 0.8928 -0.0781
vn 0.4437 0.8928 0.0781
vn 0.4439 0.8927 0.0781
vn 0.4521 0.8616 0.2309
vn 0.4526 0.8614 0.2307
vn 0.4682 0.8008 0.3734
vn 0.4692 0.8004 0.3730
vn 0.4909 0.7137 0.4997
vn 0.4924 0.7132 0.4989
vn 0.5180 0.6049 0.6049
vn 0.5203 0.6043 0.6034
vn 0.5470 0.4802 0.6858
vn 0.5509 0.4796 0.6830
vn 0.5736 0.3462 0.7424
vn 0.5814 0.3458 0.7364
vn 0.5817 0.2105 0.7857
vn 0.6074 0.2128 0.7654
vn -0.0146 0.9421 0.3350
vn 0.0015 0.9316 0.3636
vn 0.7045 0.0619 0.7070
vn 0.6242 0.0360 0.7804
vt 0.404640 0.728192
vt 0.403925 0.716204
vt 0.400071 0.716204
vt 0.400071 0.728192
vt 0.408966 0.728192
vt 0.407582 0.716204
vt 0.412826 0.728192
vt 0.410862 0.716204
vt 0.416033 0.728192
vt 0.413613 0.716204
vt 0.418455 0.728192
vt 0.415724 0.716204
vt 0.420017 0.728192
vt 0.417131 0.716204
vt 0.420709 0.728192
vt 0.417819 0.716204
vt 0.420578 0.728192
vt 0.417818 0.716204
vt 0.419719 0.728192
vt 0.417199 0.716204
vt 0.476819 0.301787
vt 0.474394 0.301787
vt 0.473572 0.289781
vt 0.475687 0.289781
vt 0.477708 0.289780
vt 0.471987 0.301787
vt 0.471429 0.289780
vt 0.483302 0.301787
vt 0.481095 0.289780
vt 0.482236 0.289780
vt 0.481395 0.301787
vt 0.479546 0.289780
vt 0.479189 0.301787
vt 0.469634 0.301787
vt 0.484760 0.301787
vt 0.469294 0.289781
vt 0.467340 0.301787
vt 0.467180 0.289781
vt 0.465082 0.301787
vt 0.465082 0.289781
vt 0.462824 0.301787
vt 0.462984 0.289781
vt 0.461223 0.289781
vt 0.460506 0.301787
vt 0.460530 0.301787
vt 0.449406 0.289780
vt 0.446671 0.301787
vt 0.449096 0.301787
vt 0.451520 0.289780
vt 0.457560 0.289781
vt 0.456592 0.289781
vt 0.455771 0.301787
vt 0.453345 0.301787
vt 0.454478 0.289781
vt 0.450975 0.301787
vt 0.452457 0.289781
vt 0.448769 0.301787
vt 0.450618 0.289781
vt 0.460871 0.289781
vt 0.447996 0.289781
vt 0.452308 0.301787
vt 0.454275 0.289780
vt 0.456174 0.301787
vt 0.458735 0.289781
vt 0.446862 0.301787
vt 0.449070 0.289780
vt 0.458178 0.301787
vt 0.445106 0.301787
vt 0.445404 0.301787
vt 0.447928 0.289780
vt 0.447308 0.289780
vt 0.444544 0.301787
vt 0.447308 0.289780
vt 0.444413 0.301787
vt 0.895835 0.413363
vt 0.884060 0.413363
vt 0.884060 0.416783
vt 0.895835 0.416414
vt 0.884060 0.420098
vt 0.895835 0.419373
vt 0.884060 0.423210
vt 0.895835 0.422149
vt 0.884060 0.426021
vt 0.895835 0.424659
vt 0.895835 0.426824
vt 0.884060 0.428449
vt 0.884060 0.430418
vt 0.895835 0.428581
vt 0.884060 0.431869
vt 0.895835 0.429876
vt 0.884060 0.432757
vt 0.895835 0.430669
vt 0.884060 0.433056
vt 0.895835 0.430936
vt 0.895835 0.419373
vt 0.884060 0.416783
vt 0.895835 0.416414
vt 0.884060 0.409943
vt 0.895835 0.410311
vt 0.884060 0.406627
vt 0.895835 0.407353
vt 0.884060 0.403516
vt 0.895835 0.404576
vt 0.884060 0.400704
vt 0.895835 0.402067
vt 0.884060 0.398277
vt 0.895835 0.399901
vt 0.884060 0.396308
vt 0.895835 0.398144
vt 0.884060 0.394857
vt 0.895835 0.396850
vt 0.884060 0.393969
vt 0.895835 0.396057
vt 0.884060 0.393670
vt 0.895835 0.395790
vt 0.884060 0.394857
vt 0.895835 0.396850
vt 0.884060 0.396308
vt 0.884060 0.398277
vt 0.884060 0.400704
vt 0.884060 0.403516
vt 0.895835 0.404576
vt 0.884060 0.406627
vt 0.895835 0.407353
vt 0.884060 0.409943
vt 0.895835 0.410311
vt 0.865188 0.412879
vt 0.865188 0.416641
vt 0.865188 0.420289
vt 0.865188 0.423711
vt 0.865188 0.426804
vt 0.865188 0.429475
vt 0.865188 0.431641
vt 0.865188 0.433237
vt 0.865188 0.434214
vt 0.865188 0.434543
vt 0.865188 0.423711
vt 0.865188 0.420289
vt 0.865188 0.409117
vt 0.865188 0.405470
vt 0.865188 0.402047
vt 0.865188 0.398954
vt 0.865188 0.396284
vt 0.865188 0.394118
vt 0.865188 0.392522
vt 0.865188 0.391544
vt 0.865188 0.391215
vt 0.865188 0.391544
vt 0.865188 0.396284
vt 0.865188 0.398954
vt 0.865188 0.402047
vt 0.865188 0.405470
vt 0.865188 0.409117
vt 0.865172 0.415354
vt 0.574352 0.410192
vt 0.574494 0.414853
vt 0.865287 0.419114
vt 0.574632 0.419371
vt 0.865398 0.422760
vt 0.574761 0.423611
vt 0.865502 0.426181
vt 0.574878 0.427443
vt 0.865596 0.429273
vt 0.865678 0.431942
vt 0.574978 0.430751
vt 0.575060 0.433434
vt 0.865744 0.434107
vt 0.575120 0.435411
vt 0.865792 0.435702
vt 0.575157 0.436622
vt 0.865822 0.436679
vt 0.575170 0.437030
vt 0.865832 0.437008
vt 0.574878 0.427443
vt 0.574761 0.423611
vt 0.865502 0.426181
vt 0.574632 0.419371
vt 0.865398 0.422760
vt 0.574352 0.410192
vt 0.574210 0.405532
vt 0.865058 0.411594
vt 0.574072 0.401013
vt 0.864947 0.407948
vt 0.573943 0.396774
vt 0.864842 0.404527
vt 0.573826 0.392941
vt 0.864748 0.401435
vt 0.573726 0.389633
vt 0.864667 0.398766
vt 0.573644 0.386950
vt 0.864601 0.396601
vt 0.573583 0.384973
vt 0.864552 0.395006
vt 0.573547 0.383762
vt 0.864522 0.394029
vt 0.573534 0.383355
vt 0.864512 0.393700
vt 0.864522 0.394029
vt 0.573583 0.384973
vt 0.573644 0.386950
vt 0.573725 0.389633
vt 0.864667 0.398766
vt 0.864748 0.401435
vt 0.573826 0.392941
vt 0.573943 0.396773
vt 0.864842 0.404527
vt 0.574072 0.401013
vt 0.864947 0.407948
vt 0.574210 0.405532
vt 0.865058 0.411594
vt 0.572773 0.413954
vt 0.468487 0.426273
vt 0.468487 0.434173
vt 0.572773 0.418617
vt 0.468487 0.441833
vt 0.572773 0.423138
vt 0.468487 0.449020
vt 0.572773 0.427379
vt 0.468487 0.455515
vt 0.572773 0.431213
vt 0.468487 0.461123
vt 0.572773 0.434523
vt 0.468487 0.465671
vt 0.572773 0.437207
vt 0.468487 0.469022
vt 0.572773 0.439185
vt 0.468487 0.471075
vt 0.572773 0.440397
vt 0.468487 0.471766
vt 0.572773 0.440804
vt 0.468487 0.469022
vt 0.468487 0.461123
vt 0.572773 0.431213
vt 0.468487 0.455515
vt 0.572773 0.427379
vt 0.468487 0.441833
vt 0.572773 0.423138
vt 0.468487 0.434173
vt 0.468487 0.426273
vt 0.572773 0.413954
vt 0.468487 0.418373
vt 0.572773 0.409292
vt 0.468487 0.410714
vt 0.572773 0.404771
vt 0.468487 0.403527
vt 0.572773 0.400529
vt 0.468487 0.397031
vt 0.572773 0.396696
vt 0.572773 0.393386
vt 0.468487 0.391423
vt 0.468487 0.386875
vt 0.572773 0.390702
vt 0.468487 0.383524
vt 0.572773 0.388724
vt 0.468487 0.381471
vt 0.572773 0.387512
vt 0.468487 0.380780
vt 0.572773 0.387104
vt 0.468487 0.381471
vt 0.468487 0.383524
vt 0.572773 0.388724
vt 0.468487 0.386875
vt 0.572773 0.390702
vt 0.468487 0.391423
vt 0.572773 0.393386
vt 0.468487 0.397031
vt 0.572773 0.396695
vt 0.468487 0.403527
vt 0.572773 0.400529
vt 0.468487 0.410713
vt 0.572773 0.404771
vt 0.468487 0.418373
vt 0.572773 0.409292
vt 0.137291 0.097692
vt 0.168185 0.096920
vt 0.168185 0.083427
vt 0.137291 0.083427
vt 0.168185 0.110003
vt 0.137291 0.111524
vt 0.168185 0.122280
vt 0.137291 0.124503
vt 0.168185 0.133375
vt 0.137291 0.136233
vt 0.137291 0.146359
vt 0.168185 0.142953
vt 0.137291 0.154572
vt 0.168185 0.150722
vt 0.168185 0.156446
vt 0.137291 0.160624
vt 0.168185 0.159952
vt 0.137291 0.164331
vt 0.168185 0.161132
vt 0.137291 0.165579
vt 0.137291 0.164331
vt 0.137291 0.160624
vt 0.137291 0.154573
vt 0.137291 0.146359
vt 0.168185 0.142953
vt 0.137291 0.136233
vt 0.168185 0.133375
vt 0.137291 0.124503
vt 0.168185 0.110004
vt 0.137291 0.111524
vt 0.137291 0.097692
vt 0.168185 0.096920
vt 0.168185 0.083427
vt 0.137291 0.083427
vt 0.168185 0.069933
vt 0.137291 0.069161
vt 0.137291 0.055329
vt 0.168185 0.056850
vt 0.168185 0.044574
vt 0.137291 0.042351
vt 0.137291 0.030620
vt 0.168185 0.033478
vt 0.168185 0.023901
vt 0.137291 0.020494
vt 0.168185 0.016131
vt 0.137291 0.012281
vt 0.168185 0.010407
vt 0.137291 0.006229
vt 0.168185 0.006901
vt 0.137291 0.002522
vt 0.137291 0.001274
vt 0.168185 0.005721
vt 0.137291 0.002522
vt 0.137291 0.006229
vt 0.168185 0.010407
vt 0.137291 0.012281
vt 0.168185 0.016131
vt 0.168185 0.023900
vt 0.137291 0.020494
vt 0.168185 0.033478
vt 0.137291 0.030620
vt 0.137291 0.042350
vt 0.168185 0.044574
vt 0.168185 0.056850
vt 0.137291 0.055329
vt 0.168185 0.069933
vt 0.137291 0.069161
vt 0.355055 0.095561
vt 0.397649 0.095027
vt 0.397649 0.083540
vt 0.355055 0.083540
vt 0.355055 0.107218
vt 0.397649 0.106166
vt 0.355055 0.118155
vt 0.397649 0.116617
vt 0.397649 0.126063
vt 0.355055 0.128041
vt 0.397648 0.134217
vt 0.355055 0.136574
vt 0.397648 0.140831
vt 0.355055 0.143496
vt 0.355055 0.148596
vt 0.397648 0.145704
vt 0.355055 0.151719
vt 0.397648 0.148689
vt 0.397648 0.149694
vt 0.355056 0.152771
vt 0.355056 0.151719
vt 0.397649 0.148689
vt 0.355056 0.148596
vt 0.397649 0.145704
vt 0.355056 0.143496
vt 0.397649 0.140831
vt 0.397648 0.134217
vt 0.355056 0.136574
vt 0.355055 0.128041
vt 0.397649 0.126063
vt 0.397649 0.116617
vt 0.355055 0.118155
vt 0.355056 0.107218
vt 0.397649 0.106166
vt 0.355055 0.095562
vt 0.397649 0.095027
vt 0.397649 0.083540
vt 0.355055 0.083540
vt 0.397648 0.072052
vt 0.355055 0.071518
vt 0.355055 0.059861
vt 0.397649 0.060913
vt 0.397649 0.050462
vt 0.355056 0.048924
vt 0.397649 0.041016
vt 0.355055 0.039038
vt 0.355055 0.030505
vt 0.397649 0.032862
vt 0.397649 0.026248
vt 0.355055 0.023583
vt 0.355056 0.018483
vt 0.397649 0.021375
vt 0.355055 0.015360
vt 0.397649 0.018390
vt 0.355055 0.014308
vt 0.397649 0.017385
vt 0.397648 0.018390
vt 0.355055 0.015360
vt 0.397648 0.021375
vt 0.355055 0.018483
vt 0.397648 0.026248
vt 0.355055 0.023583
vt 0.355055 0.030505
vt 0.397649 0.032862
vt 0.355055 0.039038
vt 0.397649 0.041016
vt 0.397649 0.050462
vt 0.355055 0.048924
vt 0.355055 0.059861
vt 0.397649 0.060913
vt 0.397649 0.072052
vt 0.355055 0.071518
vt 0.310692 0.096004
vt 0.310692 0.083540
vt 0.310692 0.108090
vt 0.310692 0.119430
vt 0.310692 0.129680
vt 0.310692 0.138528
vt 0.310692 0.145704
vt 0.310692 0.150992
vt 0.310692 0.154231
vt 0.310692 0.155321
vt 0.310692 0.154231
vt 0.310692 0.150992
vt 0.310692 0.145704
vt 0.310692 0.138528
vt 0.310692 0.129680
vt 0.310692 0.119431
vt 0.310692 0.108090
vt 0.310692 0.096004
vt 0.310692 0.083540
vt 0.310692 0.071075
vt 0.310692 0.058989
vt 0.310692 0.047649
vt 0.310692 0.037399
vt 0.310692 0.028551
vt 0.310692 0.021375
vt 0.310692 0.016087
vt 0.310692 0.012848
vt 0.310692 0.011758
vt 0.310691 0.012848
vt 0.310691 0.016087
vt 0.310691 0.021375
vt 0.310692 0.028551
vt 0.310692 0.037399
vt 0.310692 0.047649
vt 0.310692 0.058989
vt 0.310692 0.071075
vt 0.264895 0.096352
vt 0.264895 0.083540
vt 0.264896 0.108776
vt 0.264895 0.120432
vt 0.264895 0.130968
vt 0.264895 0.140063
vt 0.264895 0.147440
vt 0.264895 0.152875
vt 0.264895 0.156204
vt 0.264895 0.157325
vt 0.264896 0.156204
vt 0.264896 0.152876
vt 0.264896 0.147440
vt 0.264896 0.140063
vt 0.264896 0.130968
vt 0.264896 0.120432
vt 0.264896 0.108776
vt 0.264896 0.096352
vt 0.264896 0.083540
vt 0.264896 0.070727
vt 0.264896 0.058303
vt 0.264896 0.046647
vt 0.264896 0.036111
vt 0.264896 0.027016
vt 0.264895 0.019639
vt 0.264895 0.014204
vt 0.264895 0.010875
vt 0.264895 0.009754
vt 0.264895 0.010875
vt 0.264895 0.014204
vt 0.264895 0.019639
vt 0.264895 0.027016
vt 0.264895 0.036111
vt 0.264895 0.046647
vt 0.264895 0.058303
vt 0.264895 0.070727
vt 0.218015 0.083540
vt 0.218015 0.096603
vt 0.218015 0.109269
vt 0.218015 0.121154
vt 0.218015 0.131895
vt 0.218015 0.141168
vt 0.218015 0.148689
vt 0.218015 0.154231
vt 0.218015 0.157625
vt 0.218015 0.158768
vt 0.218015 0.157625
vt 0.218015 0.154231
vt 0.218015 0.148689
vt 0.218015 0.141168
vt 0.218015 0.131895
vt 0.218015 0.121154
vt 0.218015 0.109269
vt 0.218015 0.096603
vt 0.218015 0.083540
vt 0.218015 0.070476
vt 0.218015 0.057810
vt 0.218015 0.045925
vt 0.218015 0.035184
vt 0.218015 0.025911
vt 0.218015 0.018390
vt 0.218015 0.012848
vt 0.218015 0.009454
vt 0.218015 0.008311
vt 0.218014 0.009454
vt 0.218014 0.012848
vt 0.218014 0.018390
vt 0.218015 0.025911
vt 0.218014 0.035184
vt 0.218015 0.045925
vt 0.218015 0.057810
vt 0.218015 0.070476
vt 0.170407 0.083540
vt 0.170407 0.096754
vt 0.170407 0.109567
vt 0.170407 0.121589
vt 0.170407 0.132454
vt 0.170407 0.141834
vt 0.170407 0.149442
vt 0.170407 0.155048
vt 0.170407 0.158481
vt 0.170407 0.159638
vt 0.170407 0.158481
vt 0.170407 0.155048
vt 0.170407 0.149442
vt 0.170407 0.141834
vt 0.170407 0.132454
vt 0.170407 0.121589
vt 0.170407 0.109567
vt 0.170407 0.096754
vt 0.170407 0.083540
vt 0.170407 0.070325
vt 0.170407 0.057513
vt 0.170407 0.045491
vt 0.170407 0.034625
vt 0.170407 0.025245
vt 0.170407 0.017637
vt 0.170407 0.012031
vt 0.170407 0.008598
vt 0.170407 0.007442
vt 0.170407 0.008598
vt 0.170407 0.012031
vt 0.170407 0.017637
vt 0.170407 0.025245
vt 0.170407 0.034625
vt 0.170407 0.045490
vt 0.170407 0.057512
vt 0.170407 0.070325
vt 0.423183 0.280612
vt 0.445661 0.280553
vt 0.445661 0.265187
vt 0.423183 0.265187
vt 0.423183 0.295568
vt 0.445661 0.295452
vt 0.423183 0.342115
vt 0.445661 0.341823
vt 0.445661 0.332975
vt 0.423183 0.333234
vt 0.445662 0.348341
vt 0.423183 0.348659
vt 0.423183 0.352667
vt 0.445662 0.352334
vt 0.445662 0.353678
vt 0.423183 0.354016
vt 0.423183 0.352667
vt 0.445662 0.348341
vt 0.445662 0.341823
vt 0.423183 0.342115
vt 0.445662 0.332975
vt 0.423183 0.333234
vt 0.445662 0.280553
vt 0.445662 0.295453
vt 0.423183 0.295568
vt 0.423183 0.280612
vt 0.445662 0.265187
vt 0.423183 0.265187
vt 0.445661 0.249820
vt 0.423183 0.249761
vt 0.445661 0.234921
vt 0.423183 0.234805
vt 0.445661 0.220941
vt 0.422936 0.215870
vt 0.421606 0.205328
vt 0.445661 0.208305
vt 0.421606 0.196228
vt 0.445662 0.197398
vt 0.445661 0.188551
vt 0.421606 0.188847
vt 0.445661 0.182032
vt 0.421606 0.183408
vt 0.445661 0.178039
vt 0.421606 0.180077
vt 0.421606 0.178956
vt 0.445661 0.176695
vt 0.445661 0.178039
vt 0.445661 0.182032
vt 0.421606 0.188847
vt 0.445661 0.188550
vt 0.421606 0.196228
vt 0.445661 0.197398
vt 0.445661 0.208305
vt 0.421606 0.205328
vt 0.422935 0.215870
vt 0.445661 0.220941
vt 0.423183 0.234805
vt 0.445661 0.234921
vt 0.423183 0.249761
vt 0.445661 0.249820
vt 0.160800 0.265187
vt 0.423183 0.265187
vt 0.423183 0.280612
vt 0.160800 0.280612
vt 0.423183 0.295568
vt 0.160800 0.295568
vt 0.423183 0.322285
vt 0.160800 0.322285
vt 0.160800 0.333234
vt 0.160800 0.342115
vt 0.160800 0.348659
vt 0.160800 0.352667
vt 0.160800 0.354016
vt 0.160800 0.342115
vt 0.160800 0.333234
vt 0.423183 0.322285
vt 0.160800 0.322285
vt 0.160800 0.295568
vt 0.160800 0.280612
vt 0.160800 0.265187
vt 0.160800 0.249762
vt 0.160800 0.234805
vt 0.161024 0.215870
vt 0.012391 0.620546
vt 0.012391 0.623446
vt 0.225982 0.623446
vt 0.225982 0.620546
vt 0.012391 0.616393
vt 0.225982 0.616393
vt 0.012391 0.611582
vt 0.225982 0.611582
vt 0.012391 0.606259
vt 0.225982 0.606259
vt 0.225982 0.600586
vt 0.012391 0.600586
vt 0.012391 0.594735
vt 0.225982 0.594735
vt 0.012391 0.588884
vt 0.225982 0.588884
vt 0.012391 0.583211
vt 0.225982 0.583211
vt 0.225982 0.577888
vt 0.012391 0.577888
vt 0.225982 0.573076
vt 0.012391 0.573076
vt 0.225982 0.568923
vt 0.012391 0.568923
vt 0.225982 0.566023
vt 0.012391 0.566023
vt 0.161024 0.215870
vt 0.160800 0.234805
vt 0.160800 0.249761
vt 0.160800 0.249761
vt 0.423183 0.249761
vt 0.161137 0.410591
vt 0.138538 0.410591
vt 0.138538 0.420322
vt 0.161137 0.420235
vt 0.138538 0.429758
vt 0.161137 0.429586
vt 0.138538 0.438611
vt 0.161137 0.438359
vt 0.138538 0.446613
vt 0.161137 0.446289
vt 0.138538 0.453520
vt 0.161137 0.453134
vt 0.138538 0.459123
vt 0.161137 0.458687
vt 0.138538 0.463251
vt 0.161137 0.462778
vt 0.138538 0.465779
vt 0.161137 0.465284
vt 0.138538 0.466631
vt 0.161137 0.466128
vt 0.138538 0.465779
vt 0.161137 0.465284
vt 0.138538 0.463251
vt 0.161137 0.462778
vt 0.138538 0.459123
vt 0.161137 0.458687
vt 0.138538 0.453520
vt 0.161137 0.453134
vt 0.138538 0.446613
vt 0.161137 0.446289
vt 0.138538 0.438611
vt 0.161137 0.438359
vt 0.138538 0.429758
vt 0.161137 0.429586
vt 0.138538 0.420322
vt 0.161137 0.420235
vt 0.138538 0.410591
vt 0.161137 0.410591
vt 0.138538 0.400860
vt 0.161137 0.400947
vt 0.138538 0.391424
vt 0.161137 0.391596
vt 0.138201 0.392499
vt 0.138398 0.380623
vt 0.160969 0.380833
vt 0.160800 0.392671
vt 0.160969 0.372504
vt 0.160969 0.378178
vt 0.139610 0.377975
vt 0.139610 0.372241
vt 0.160969 0.366814
vt 0.139610 0.366502
vt 0.160969 0.362199
vt 0.139610 0.361847
vt 0.160969 0.358799
vt 0.139610 0.358417
vt 0.139610 0.356317
vt 0.160969 0.356717
vt 0.160969 0.356015
vt 0.139610 0.355610
vt 0.160969 0.356716
vt 0.139610 0.358417
vt 0.139610 0.361847
vt 0.160969 0.366814
vt 0.139610 0.366502
vt 0.139610 0.372241
vt 0.160969 0.372504
vt 0.139610 0.377975
vt 0.160969 0.378178
vt 0.160969 0.380832
vt 0.138398 0.380623
vt 0.138201 0.392498
vt 0.160800 0.392671
vt 0.161137 0.391596
vt 0.138538 0.391424
vt 0.138538 0.400860
vt 0.161137 0.400947
vt 0.178836 0.660315
vt 0.061710 0.658975
vt 0.061710 0.666204
vt 0.178836 0.659680
vt 0.178836 0.662201
vt 0.061710 0.660922
vt 0.178836 0.665280
vt 0.061710 0.664101
vt 0.178836 0.669459
vt 0.061710 0.668417
vt 0.061710 0.673736
vt 0.178836 0.674611
vt 0.178836 0.680580
vt 0.061710 0.679899
vt 0.178836 0.687183
vt 0.061710 0.686717
vt 0.178836 0.694221
vt 0.061710 0.693984
vt 0.178836 0.701479
vt 0.061710 0.701479
vt 0.178836 0.708737
vt 0.061710 0.708974
vt 0.178836 0.715775
vt 0.061710 0.716241
vt 0.178836 0.722378
vt 0.061710 0.723059
vt 0.178836 0.728347
vt 0.061710 0.729222
vt 0.178836 0.733499
vt 0.061710 0.734541
vt 0.178836 0.737678
vt 0.061710 0.738857
vt 0.178836 0.740757
vt 0.061710 0.742036
vt 0.178836 0.742643
vt 0.061710 0.743983
vt 0.061710 0.736754
vt 0.178836 0.743278
vt 0.043320 0.436159
vt 0.044898 0.436148
vt 0.044968 0.429143
vt 0.043487 0.429193
vt 0.043330 0.442935
vt 0.044888 0.442948
vt 0.044886 0.449328
vt 0.043332 0.449292
vt 0.043332 0.455037
vt 0.044885 0.455096
vt 0.043333 0.459997
vt 0.044885 0.460074
vt 0.043333 0.464020
vt 0.044885 0.464112
vt 0.043333 0.466984
vt 0.044885 0.467088
vt 0.044885 0.468910
vt 0.043333 0.468799
vt 0.044885 0.469524
vt 0.043333 0.469410
vt 0.044885 0.468910
vt 0.043333 0.466984
vt 0.044885 0.467088
vt 0.044885 0.464112
vt 0.043333 0.464020
vt 0.044885 0.460074
vt 0.043333 0.459997
vt 0.043332 0.455037
vt 0.044885 0.455096
vt 0.043332 0.449292
vt 0.044886 0.449328
vt 0.043330 0.442935
vt 0.044888 0.442948
vt 0.043320 0.436159
vt 0.044898 0.436148
vt 0.043487 0.429193
vt 0.044968 0.429143
vt 0.041870 0.435823
vt 0.041870 0.428633
vt 0.037706 0.428633
vt 0.037706 0.435741
vt 0.041870 0.442795
vt 0.037706 0.442633
vt 0.037706 0.449099
vt 0.041870 0.449336
vt 0.041870 0.455248
vt 0.037706 0.454944
vt 0.041870 0.460351
vt 0.037706 0.459989
vt 0.037706 0.464081
vt 0.041870 0.464491
vt 0.041870 0.467541
vt 0.037706 0.467097
vt 0.041870 0.469409
vt 0.037706 0.468943
vt 0.037706 0.469565
vt 0.041870 0.470038
vt 0.037706 0.467097
vt 0.037706 0.464081
vt 0.037706 0.459989
vt 0.041870 0.460351
vt 0.041870 0.455248
vt 0.037706 0.454944
vt 0.041870 0.449336
vt 0.037706 0.449099
vt 0.041870 0.442795
vt 0.037706 0.442633
vt 0.041870 0.435823
vt 0.037706 0.435741
vt 0.041870 0.428633
vt 0.037706 0.428633
vt 0.033606 0.428633
vt 0.033606 0.435605
vt 0.033606 0.442364
vt 0.033606 0.448707
vt 0.033606 0.454439
vt 0.033606 0.459388
vt 0.033606 0.463402
vt 0.033606 0.466359
vt 0.033606 0.468170
vt 0.033606 0.468780
vt 0.033606 0.466359
vt 0.033606 0.463402
vt 0.033606 0.459388
vt 0.033606 0.454439
vt 0.033606 0.448707
vt 0.033606 0.442364
vt 0.033606 0.435605
vt 0.033606 0.428633
vt 0.029600 0.435415
vt 0.029600 0.428633
vt 0.029600 0.441991
vt 0.029600 0.448162
vt 0.029600 0.453738
vt 0.029600 0.458552
vt 0.029600 0.462457
vt 0.029600 0.465335
vt 0.029600 0.467097
vt 0.029600 0.467690
vt 0.029600 0.458552
vt 0.029600 0.453738
vt 0.029600 0.448162
vt 0.029600 0.441991
vt 0.029600 0.435415
vt 0.029600 0.428633
vt 0.025720 0.428633
vt 0.025720 0.435174
vt 0.025720 0.441517
vt 0.025720 0.447468
vt 0.025720 0.452846
vt 0.025720 0.457489
vt 0.025720 0.461256
vt 0.025720 0.464031
vt 0.025720 0.465730
vt 0.025720 0.466302
vt 0.025720 0.465730
vt 0.025720 0.464031
vt 0.025720 0.461256
vt 0.025720 0.457489
vt 0.025720 0.452847
vt 0.025720 0.447468
vt 0.025720 0.441517
vt 0.025720 0.435174
vt 0.025720 0.428633
vt 0.021995 0.434884
vt 0.021995 0.428633
vt 0.021995 0.440944
vt 0.021995 0.446631
vt 0.021995 0.451770
vt 0.021995 0.456207
vt 0.021995 0.459806
vt 0.021995 0.462457
vt 0.021995 0.464081
vt 0.021995 0.464628
vt 0.021995 0.456207
vt 0.021995 0.451770
vt 0.021995 0.446631
vt 0.021995 0.440944
vt 0.021995 0.434884
vt 0.021995 0.428633
vt 0.018453 0.434545
vt 0.018453 0.428633
vt 0.018453 0.440278
vt 0.018453 0.445657
vt 0.018453 0.450518
vt 0.018453 0.454715
vt 0.018453 0.458119
vt 0.018453 0.460627
vt 0.018453 0.462163
vt 0.018453 0.462680
vt 0.018453 0.462163
vt 0.018453 0.460627
vt 0.018453 0.458119
vt 0.018453 0.454715
vt 0.018453 0.450518
vt 0.018453 0.445657
vt 0.018453 0.440278
vt 0.018453 0.434545
vt 0.018453 0.428633
vt 0.015121 0.428633
vt 0.015121 0.434162
vt 0.015121 0.439523
vt 0.015121 0.444553
vt 0.015121 0.449099
vt 0.015121 0.453024
vt 0.015121 0.456207
vt 0.015121 0.458552
vt 0.015121 0.459989
vt 0.015121 0.460473
vt 0.015121 0.459989
vt 0.015121 0.458552
vt 0.015121 0.456207
vt 0.015121 0.453024
vt 0.015121 0.449099
vt 0.015121 0.444553
vt 0.015121 0.439523
vt 0.015121 0.434162
vt 0.015121 0.428633
vt 0.012024 0.433737
vt 0.012024 0.428633
vt 0.012024 0.438685
vt 0.012024 0.443328
vt 0.012024 0.447525
vt 0.012024 0.451147
vt 0.012024 0.454085
vt 0.012024 0.456251
vt 0.012024 0.457576
vt 0.012024 0.458023
vt 0.012024 0.454085
vt 0.012024 0.451147
vt 0.012024 0.447525
vt 0.012024 0.443328
vt 0.012024 0.438685
vt 0.012024 0.433737
vt 0.012024 0.428633
vt 0.009187 0.428633
vt 0.009187 0.433272
vt 0.009187 0.437771
vt 0.009187 0.441991
vt 0.009187 0.445806
vt 0.009187 0.449099
vt 0.009187 0.451770
vt 0.009187 0.453738
vt 0.009187 0.454944
vt 0.009187 0.455350
vt 0.009187 0.454944
vt 0.009187 0.453738
vt 0.009187 0.451770
vt 0.009187 0.449099
vt 0.009187 0.445806
vt 0.009187 0.441991
vt 0.009187 0.437771
vt 0.009187 0.433272
vt 0.009187 0.428633
vt 0.006630 0.428633
vt 0.006630 0.432773
vt 0.006630 0.436787
vt 0.006630 0.440553
vt 0.006630 0.443957
vt 0.006630 0.446896
vt 0.006630 0.449279
vt 0.006630 0.451035
vt 0.006630 0.452111
vt 0.006630 0.452473
vt 0.006630 0.449279
vt 0.006630 0.443957
vt 0.006630 0.440553
vt 0.006630 0.436787
vt 0.006630 0.432773
vt 0.006630 0.428633
vt 0.004373 0.428633
vt 0.004373 0.432242
vt 0.004373 0.435741
vt 0.004373 0.439024
vt 0.004373 0.441991
vt 0.004373 0.444553
vt 0.004373 0.446631
vt 0.004373 0.448162
vt 0.004373 0.449099
vt 0.004373 0.449415
vt 0.004373 0.449099
vt 0.004373 0.448162
vt 0.004373 0.446631
vt 0.004373 0.444553
vt 0.004373 0.441991
vt 0.004373 0.439024
vt 0.004373 0.435741
vt 0.004373 0.432242
vt 0.004373 0.428633
vt 0.002434 0.431683
vt 0.002434 0.428633
vt 0.002434 0.434641
vt 0.002434 0.437416
vt 0.002434 0.439924
vt 0.002434 0.442089
vt 0.002434 0.443845
vt 0.002434 0.445139
vt 0.002434 0.445932
vt 0.002434 0.446199
vt 0.002434 0.442089
vt 0.002434 0.437416
vt 0.002434 0.434641
vt 0.002434 0.431683
vt 0.002434 0.428633
vt 0.000827 0.431102
vt 0.000827 0.428633
vt 0.000827 0.433495
vt 0.000827 0.435741
vt 0.000827 0.437771
vt 0.000827 0.439523
vt 0.000827 0.440944
vt 0.000827 0.441991
vt 0.000827 0.442633
vt 0.000827 0.442849
vt 0.000827 0.431102
vt 0.000827 0.428633
vt -0.000436 0.430501
vt -0.000436 0.428633
vt -0.000436 0.432312
vt -0.000436 0.434012
vt -0.000436 0.435548
vt -0.000436 0.436874
vt -0.000436 0.437949
vt -0.000436 0.438742
vt -0.000436 0.439227
vt -0.000436 0.439391
vt -0.001345 0.428633
vt -0.001345 0.429886
vt -0.001345 0.431102
vt -0.001345 0.432242
vt -0.001345 0.433272
vt -0.001345 0.434162
vt -0.001345 0.434884
vt -0.001345 0.435415
vt -0.001345 0.435741
vt -0.001345 0.435851
vt -0.001345 0.434162
vt -0.001893 0.429262
vt -0.001893 0.428633
vt -0.001893 0.429872
vt -0.001893 0.430444
vt -0.001893 0.430962
vt -0.001893 0.431408
vt -0.001893 0.431770
vt -0.001893 0.432037
vt -0.001893 0.432201
vt -0.001893 0.432256
vt -0.001893 0.428004
vt -0.001345 0.427380
vt -0.001893 0.427394
vt -0.001654 0.426858
vt -0.001345 0.426858
vt -0.002077 0.428633
vt 0.115934 0.670394
vt 0.061710 0.672548
vt 0.061710 0.673873
vt 0.115934 0.671818
vt 0.061348 0.677410
vt 0.115934 0.674143
vt 0.061348 0.680189
vt 0.115934 0.677299
vt 0.061348 0.683614
vt 0.115934 0.681189
vt 0.061348 0.687583
vt 0.115934 0.685697
vt 0.061348 0.691973
vt 0.115934 0.690683
vt 0.061348 0.696653
vt 0.115934 0.695998
vt 0.061348 0.701479
vt 0.115934 0.701479
vt 0.061348 0.706305
vt 0.115934 0.706960
vt 0.061348 0.710985
vt 0.115934 0.712275
vt 0.061348 0.715375
vt 0.115934 0.717261
vt 0.061348 0.719344
vt 0.115934 0.721768
vt 0.061348 0.722769
vt 0.115934 0.725659
vt 0.061348 0.725548
vt 0.115934 0.728815
vt 0.061710 0.729085
vt 0.115934 0.731140
vt 0.061710 0.730410
vt 0.115934 0.732564
vt 0.021995 0.426858
vt 0.018453 0.426858
vt 0.025720 0.426858
vt 0.033606 0.426858
vt 0.029600 0.426858
vt 0.015121 0.426858
vt 0.012024 0.426858
vt 0.009187 0.426858
vt 0.006630 0.426858
vt 0.004373 0.426858
vt -0.000573 0.426858
vt 0.002434 0.426858
vt 0.000827 0.426858
vt -0.000436 0.426858
vt -0.001893 0.426858
vt -0.000573 0.426858
vt -0.001985 0.426858
vt -0.001987 0.426858
vt -0.001897 0.426858
vt -0.001937 0.426858
vt -0.001959 0.426858
vt -0.001973 0.426858
vt -0.001981 0.426858
vt 0.000827 0.426858
vt 0.002434 0.426858
vt 0.004373 0.426858
vt 0.006630 0.426858
vt 0.037706 0.426858
vt 0.047070 0.426858
vt 0.041870 0.426858
vt 0.047070 0.428633
vt 0.033606 0.426858
vt 0.037706 0.426858
vt 0.041870 0.426858
vt 0.047070 0.426858
vt 0.047070 0.428633
vt 0.018453 0.426858
vt 0.021995 0.426858
vt 0.025720 0.426858
vt 0.029600 0.426858
vt 0.009187 0.426858
vt 0.012024 0.426858
vt 0.015121 0.426858
vt 0.445661 0.322068
vt 0.445661 0.309432
vt 0.429744 0.309545
vt 0.429744 0.322213
vt 0.429744 0.322213
vt 0.429744 0.309545
vt 0.445662 0.309432
vt 0.445662 0.322068
vt 0.424320 0.322263
vt 0.423183 0.322263
vt 0.423183 0.322263
vt 0.424322 0.322263
vt 0.115934 0.670032
vt 0.178836 0.659837
vt 0.178836 0.743121
vt 0.115934 0.732926
vt 0.112094 0.383645
vt 0.112094 0.392499
vt 0.112094 0.401934
vt 0.112094 0.409272
vt 0.112094 0.392498
vt 0.112094 0.383645
vt 0.112094 0.375643
vt 0.112094 0.368736
vt 0.112094 0.363133
vt 0.112094 0.359005
vt 0.112094 0.356477
vt 0.112094 0.355625
vt 0.112094 0.356477
vt 0.112094 0.363133
vt 0.112094 0.368736
vt 0.112094 0.375644
vt 0.423183 0.306545
vt 0.429744 0.306545
vt 0.429744 0.306545
vt 0.423183 0.306545
vt 0.429744 0.322263
vt 0.429744 0.322263
vt 0.304282 0.306545
vt 0.304282 0.309601
vt 0.160800 0.309601
vt 0.304282 0.306545
vt 0.160800 0.295568
vt 0.160800 0.309601
vt 0.304282 0.309601
vt 0.304282 0.322263
vt 0.304282 0.322263
vt 0.422941 0.213090
vt 0.421611 0.202548
vt 0.225982 0.623915
vt 0.011151 0.623915
vt 0.011155 0.623915
vt 0.225982 0.623915
vt 0.138402 0.378885
vt 0.160969 0.379095
vt 0.138402 0.372235
vt 0.138398 0.373973
vt 0.138402 0.366494
vt 0.138398 0.368232
vt 0.138402 0.361837
vt 0.138398 0.363575
vt 0.138402 0.358406
vt 0.138398 0.360144
vt 0.138402 0.356305
vt 0.138398 0.358043
vt 0.138402 0.355597
vt 0.138398 0.357335
vt 0.138402 0.356305
vt 0.138402 0.358406
vt 0.138398 0.360144
vt 0.138402 0.361837
vt 0.138398 0.363575
vt 0.138402 0.366494
vt 0.138398 0.368232
vt 0.138402 0.372235
vt 0.138398 0.373973
vt 0.138402 0.378885
vt 0.160969 0.379094
vt 0.011151 0.565555
vt 0.225982 0.565555
vt 0.225982 0.565555
vt 0.011155 0.565555
vt 0.421611 0.202548
vt 0.422940 0.213090
vt 0.421611 0.193448
vt 0.421611 0.186067
vt 0.421611 0.180628
vt 0.421611 0.177297
vt 0.421611 0.176176
vt 0.421611 0.186067
vt 0.421611 0.193448
vt 0.421341 0.211624
vt 0.421341 0.202548
vt 0.421340 0.202548
vt 0.421341 0.211624
vt 0.421341 0.193448
vt 0.421341 0.186067
vt 0.421341 0.180628
vt 0.421341 0.177297
vt 0.421341 0.176176
vt 0.421341 0.186067
vt 0.421341 0.193448
vt 0.532141 0.206404
vt 0.532783 0.206471
vt 0.532744 0.206471
vt 0.532632 0.206471
vt 0.532462 0.206471
vt 0.532252 0.206471
vt 0.532030 0.206471
vt 0.531820 0.206471
vt 0.531649 0.206471
vt 0.531538 0.206471
vt 0.531499 0.206471
vt 0.533329 0.206670
vt 0.533405 0.206670
vt 0.533109 0.206670
vt 0.532773 0.206670
vt 0.532360 0.206670
vt 0.531922 0.206670
vt 0.531509 0.206670
vt 0.531173 0.206670
vt 0.530953 0.206670
vt 0.530877 0.206670
vt 0.533877 0.206995
vt 0.533988 0.206995
vt 0.533556 0.206995
vt 0.533065 0.206995
vt 0.532462 0.206995
vt 0.531820 0.206995
vt 0.531217 0.206995
vt 0.530726 0.206995
vt 0.530405 0.206995
vt 0.530293 0.206995
vt 0.534373 0.207437
vt 0.534516 0.207437
vt 0.533960 0.207437
vt 0.533329 0.207437
vt 0.532553 0.207437
vt 0.531729 0.207437
vt 0.530953 0.207437
vt 0.530322 0.207437
vt 0.529909 0.207437
vt 0.529766 0.207437
vt 0.534801 0.207981
vt 0.534971 0.207981
vt 0.534309 0.207981
vt 0.533556 0.207981
vt 0.532632 0.207981
vt 0.531649 0.207981
vt 0.530726 0.207981
vt 0.529973 0.207981
vt 0.529481 0.207981
vt 0.529310 0.207981
vt 0.535148 0.208612
vt 0.535341 0.208612
vt 0.534592 0.208612
vt 0.533741 0.208612
vt 0.532697 0.208612
vt 0.531585 0.208612
vt 0.530541 0.208612
vt 0.529690 0.208612
vt 0.529134 0.208612
vt 0.528941 0.208612
vt 0.535404 0.209309
vt 0.535613 0.209309
vt 0.534801 0.209309
vt 0.533877 0.209309
vt 0.532744 0.209309
vt 0.531538 0.209309
vt 0.530405 0.209309
vt 0.529481 0.209309
vt 0.528878 0.209309
vt 0.528669 0.209309
vt 0.535560 0.210053
vt 0.535780 0.210053
vt 0.534928 0.210053
vt 0.533960 0.210053
vt 0.532773 0.210053
vt 0.531509 0.210053
vt 0.530322 0.210053
vt 0.529353 0.210053
vt 0.528722 0.210053
vt 0.528502 0.210053
vt 0.535613 0.210819
vt 0.535836 0.210819
vt 0.534971 0.210819
vt 0.533988 0.210819
vt 0.532783 0.210819
vt 0.531499 0.210819
vt 0.530293 0.210819
vt 0.529310 0.210819
vt 0.528669 0.210819
vt 0.528446 0.210819
vt 0.535613 0.301022
vt 0.535836 0.301022
vt 0.534971 0.301022
vt 0.533988 0.301022
vt 0.532783 0.301022
vt 0.531499 0.301022
vt 0.530293 0.301022
vt 0.529310 0.301022
vt 0.528669 0.301022
vt 0.528446 0.301022
vt 0.535560 0.301789
vt 0.535780 0.301789
vt 0.534928 0.301789
vt 0.533960 0.301789
vt 0.532773 0.301789
vt 0.531509 0.301789
vt 0.530322 0.301789
vt 0.529353 0.301789
vt 0.528722 0.301789
vt 0.528502 0.301789
vt 0.535404 0.302532
vt 0.535613 0.302532
vt 0.534801 0.302532
vt 0.533877 0.302532
vt 0.532744 0.302532
vt 0.531538 0.302532
vt 0.530405 0.302532
vt 0.529481 0.302532
vt 0.528878 0.302532
vt 0.528669 0.302532
vt 0.535148 0.303230
vt 0.535341 0.303230
vt 0.534592 0.303230
vt 0.533741 0.303230
vt 0.532697 0.303230
vt 0.531585 0.303230
vt 0.530541 0.303230
vt 0.529690 0.303230
vt 0.529134 0.303230
vt 0.528941 0.303230
vt 0.534801 0.303860
vt 0.534971 0.303860
vt 0.534309 0.303860
vt 0.533556 0.303860
vt 0.532632 0.303860
vt 0.531649 0.303860
vt 0.530726 0.303860
vt 0.529973 0.303860
vt 0.529481 0.303860
vt 0.529310 0.303860
vt 0.534373 0.304405
vt 0.534516 0.304405
vt 0.533960 0.304405
vt 0.533329 0.304405
vt 0.532553 0.304405
vt 0.531729 0.304405
vt 0.530953 0.304405
vt 0.530322 0.304405
vt 0.529909 0.304405
vt 0.529766 0.304405
vt 0.533877 0.304846
vt 0.533988 0.304846
vt 0.533556 0.304846
vt 0.533065 0.304846
vt 0.532462 0.304846
vt 0.531820 0.304846
vt 0.531217 0.304846
vt 0.530726 0.304846
vt 0.530405 0.304846
vt 0.530293 0.304846
vt 0.533329 0.305171
vt 0.533405 0.305171
vt 0.533109 0.305171
vt 0.532773 0.305171
vt 0.532360 0.305171
vt 0.531922 0.305171
vt 0.531509 0.305171
vt 0.531173 0.305171
vt 0.530953 0.305171
vt 0.530877 0.305171
vt 0.532744 0.305371
vt 0.532783 0.305371
vt 0.532632 0.305371
vt 0.532462 0.305371
vt 0.532252 0.305371
vt 0.532030 0.305371
vt 0.531820 0.305371
vt 0.531649 0.305371
vt 0.531538 0.305371
vt 0.531499 0.305371
vt 0.532141 0.305438
vt 0.466096 0.426273
vt 0.466096 0.433776
vt 0.466096 0.441051
vt 0.466096 0.447878
vt 0.466096 0.454047
vt 0.466096 0.459373
vt 0.466096 0.463693
vt 0.466096 0.466876
vt 0.466096 0.468825
vt 0.466096 0.469482
vt 0.466096 0.459373
vt 0.466096 0.454047
vt 0.466096 0.441051
vt 0.466096 0.433776
vt 0.466096 0.426273
vt 0.466096 0.418770
vt 0.466096 0.411495
vt 0.466096 0.404669
vt 0.466096 0.398499
vt 0.466096 0.393173
vt 0.466096 0.388853
vt 0.466096 0.385670
vt 0.466096 0.383721
vt 0.466096 0.383064
vt 0.466096 0.385670
vt 0.466096 0.388853
vt 0.466096 0.393173
vt 0.466096 0.398499
vt 0.466096 0.404669
vt 0.466096 0.411495
vt 0.466096 0.418770
vt 0.391265 0.094450
vt 0.391265 0.083540
vt 0.391266 0.105030
vt 0.391266 0.114956
vt 0.391265 0.123928
vt 0.391265 0.131672
vt 0.391265 0.137955
vt 0.391265 0.142583
vt 0.391265 0.145418
vt 0.391265 0.146373
vt 0.391266 0.145418
vt 0.391266 0.142583
vt 0.391266 0.137955
vt 0.391265 0.131672
vt 0.391265 0.123928
vt 0.391265 0.114956
vt 0.391266 0.105030
vt 0.391266 0.094451
vt 0.391265 0.083540
vt 0.391265 0.072629
vt 0.391266 0.062050
vt 0.391266 0.052123
vt 0.391265 0.043151
vt 0.391265 0.035407
vt 0.391265 0.029125
vt 0.391266 0.024496
vt 0.391266 0.021661
vt 0.391266 0.020707
vt 0.391265 0.021661
vt 0.391265 0.024496
vt 0.391265 0.029125
vt 0.391265 0.035407
vt 0.391266 0.043151
vt 0.391265 0.052123
vt 0.391266 0.062049
vt 0.391265 0.072629
vt 0.160800 0.280612
vt 0.160800 0.265187
vt 0.160884 0.265101
vt 0.160884 0.280526
vt 0.160884 0.295482
vt 0.160884 0.322199
vt 0.160884 0.333148
vt 0.160884 0.342029
vt 0.160884 0.348573
vt 0.160884 0.352581
vt 0.160884 0.353930
vt 0.160884 0.342029
vt 0.160884 0.333148
vt 0.160884 0.322199
vt 0.160884 0.295482
vt 0.160884 0.280526
vt 0.160884 0.265101
vt 0.160884 0.249676
vt 0.160884 0.234719
vt 0.160884 0.234719
vt 0.160884 0.249675
vt 0.138201 0.411665
vt 0.138201 0.421397
vt 0.138264 0.421343
vt 0.138264 0.411612
vt 0.138201 0.430832
vt 0.138264 0.430778
vt 0.138201 0.439685
vt 0.138264 0.439632
vt 0.160884 0.309515
vt 0.138201 0.447687
vt 0.138264 0.447633
vt 0.138201 0.454594
vt 0.138264 0.454541
vt 0.138201 0.460197
vt 0.138264 0.460144
vt 0.138201 0.464326
vt 0.138264 0.464272
vt 0.138201 0.466854
vt 0.138264 0.466800
vt 0.138201 0.467705
vt 0.138264 0.467651
vt 0.138201 0.464326
vt 0.138264 0.464272
vt 0.138201 0.460197
vt 0.138264 0.460144
vt 0.138201 0.454594
vt 0.138264 0.454541
vt 0.138201 0.447687
vt 0.138264 0.447633
vt 0.138201 0.439685
vt 0.138264 0.439632
vt 0.160884 0.309515
vt 0.138201 0.430832
vt 0.138264 0.430778
vt 0.138201 0.421397
vt 0.138264 0.421343
vt 0.138201 0.411665
vt 0.138264 0.411612
vt 0.138201 0.401934
vt 0.138264 0.401880
vt 0.138264 0.392445
vt 0.160863 0.392617
vt 0.138264 0.392445
vt 0.160863 0.392617
vt 0.138201 0.401934
vt 0.138264 0.401880
vt 0.161247 0.263468
vt 0.161247 0.278893
vt 0.161247 0.293850
vt 0.161247 0.307883
vt 0.161247 0.320567
vt 0.161247 0.331516
vt 0.161247 0.340397
vt 0.161247 0.346941
vt 0.161247 0.350948
vt 0.161247 0.352298
vt 0.161247 0.346941
vt 0.161247 0.340397
vt 0.161247 0.331516
vt 0.161247 0.320567
vt 0.161247 0.307883
vt 0.161247 0.293850
vt 0.161247 0.278893
vt 0.161247 0.263468
vt 0.161247 0.248043
vt 0.161247 0.233087
vt 0.161247 0.233087
vt 0.161247 0.248043
vt 0.077881 0.435851
vt 0.077881 0.442849
vt 0.077881 0.449415
vt 0.077881 0.455350
vt 0.077881 0.460473
vt 0.077881 0.464628
vt 0.077881 0.467690
vt 0.077881 0.469565
vt 0.077881 0.470197
vt 0.077881 0.469565
vt 0.077881 0.467690
vt 0.077881 0.464628
vt 0.077881 0.460473
vt 0.077881 0.455350
vt 0.077881 0.449415
vt 0.077881 0.442849
vt 0.077881 0.435851
s 1
usemtl Material_#25
f 1869/1904/1717 1870/1905/1718 1867/1906/1719
f 1867/1906/1719 1868/1907/1720 1869/1904/1717
f 1871/1908/1721 1872/1909/1722 1870/1905/1718
f 1870/1905/1718 1869/1904/1717 1871/1908/1721
f 1873/1910/1723 1874/1911/1724 1872/1909/1722
f 1872/1909/1722 1871/1908/1721 1873/1910/1723
f 1875/1912/1725 1876/1913/1726 1874/1911/1724
f 1874/1911/1724 1873/1910/1723 1875/1912/1725
f 1875/1912/1725 1877/1914/1727 1878/1915/1728
f 1878/1915/1728 1876/1913/1726 1875/1912/1725
f 1879/1916/1729 1880/1917/1730 1878/1915/1728
f 1878/1915/1728 1877/1914/1727 1879/1916/1729
f 1881/1918/1731 1882/1919/1732 1880/1917/1730
f 1880/1917/1730 1879/1916/1729 1881/1918/1731
f 1883/1920/1733 1884/1921/1734 1882/1919/1732
f 1882/1919/1732 1881/1918/1731 1883/1920/1733
f 1885/1922/1735 1886/1923/1736 1884/1921/1734
f 1884/1921/1734 1883/1920/1733 1885/1922/1735
f 1892/1924/1737 1893/1925/1738 1888/1926/1739
f 1888/1926/1739 1887/1927/1740 1892/1924/1737
f 1892/1924/1737 1887/1927/1740 1891/1928/1741
f 1888/1926/1739 1893/1925/1738 1896/1929/1742
f 1896/1929/1742 1894/1930/1743 1888/1926/1739
f 1897/1931/1744 1889/1932/1745 1895/1933/1746
f 1898/1934/1747 1890/1935/1748 1889/1932/1745
f 1899/1936/1749 1891/1928/1741 1890/1935/1748
f 1891/1928/1741 1899/1936/1749 1892/1924/1737
f 1894/1930/1743 1896/1929/1742 1900/1937/1750
f 1895/1933/1746 1902/1938/1751 1897/1931/1744
f 1889/1932/1745 1897/1931/1744 1898/1934/1747
f 1890/1935/1748 1898/1934/1747 1899/1936/1749
f 1900/1937/1750 1901/1939/1752 1894/1930/1743
f 1901/1939/1752 1900/1937/1750 1903/1940/1753
f 1903/1940/1753 1904/1941/1754 1901/1939/1752
f 1904/1941/1754 1903/1940/1753 1905/1942/1755
f 1905/1942/1755 1906/1943/1756 1904/1941/1754
f 1906/1943/1756 1905/1942/1755 1908/1944/1757
f 1908/1944/1757 1909/1945/1758 1906/1943/1756
f 1910/1946/1759 1914/1947/1760 1915/1942/1761
f 1915/1942/1761 1907/1943/1762 1910/1946/1759
f 1909/1945/1758 1908/1944/1757 1919/1948/1763
f 1912/1949/1764 1921/1950/1765 1922/1951/1766
f 1922/1951/1766 1913/1952/1767 1912/1949/1764
f 1914/1947/1760 1910/1946/1759 1924/1953/1768
f 1916/1954/1769 1925/1955/1770 1926/1956/1771
f 1926/1956/1771 1917/1957/1772 1916/1954/1769
f 1927/1958/1773 1911/1959/1774 1917/1957/1772
f 1928/1960/1775 1918/1961/1776 1911/1959/1774
f 1919/1948/1763 1920/1962/1777 1909/1945/1758
f 1921/1950/1765 1912/1949/1764 1930/1963/1778
f 1913/1952/1767 1922/1951/1766 1931/1964/1779
f 1931/1964/1779 1923/1965/1780 1913/1952/1767
f 1924/1953/1768 1932/1966/1781 1914/1947/1760
f 1925/1955/1770 1916/1954/1769 1933/1967/1782
f 1917/1957/1772 1926/1956/1771 1927/1958/1773
f 1911/1959/1774 1927/1958/1773 1928/1960/1775
f 1918/1961/1776 1928/1960/1775 1934/1968/1783
f 1934/1968/1783 1929/1969/1784 1918/1961/1776
f 1920/1962/1777 1919/1948/1763 1936/1970/1785
f 1930/1963/1778 1937/1971/1786 1921/1950/1765
f 1923/1965/1780 1931/1964/1779 1932/1966/1781
f 1932/1966/1781 1924/1953/1768 1923/1965/1780
f 1933/1967/1782 1936/1970/1785 1925/1955/1770
f 1929/1969/1784 1934/1968/1783 1939/1972/1787
f 1939/1972/1787 1935/1973/1788 1929/1969/1784
f 1936/1970/1785 1933/1967/1782 1920/1962/1777
f 1937/1971/1786 1930/1963/1778 1940/1974/1789
f 1935/1973/1788 1939/1972/1787 1941/1975/1790
f 1941/1975/1790 1938/1976/1791 1935/1973/1788
f 1940/1974/1789 1942/1977/1792 1937/1971/1786
f 1942/1977/1792 1940/1974/1789 1938/1976/1791
f 1938/1976/1791 1941/1975/1790 1942/1977/1792
f 1952/1978/1793 1953/1979/1794 1954/1980/1795
f 1954/1980/1795 1955/1981/1796 1952/1978/1793
f 1955/1981/1796 1954/1980/1795 1956/1982/1797
f 1956/1982/1797 1957/1983/1798 1955/1981/1796
f 1957/1983/1798 1956/1982/1797 1958/1984/1799
f 1958/1984/1799 1959/1985/1800 1957/1983/1798
f 1959/1985/1800 1958/1984/1799 1960/1986/1801
f 1960/1986/1801 1961/1987/1802 1959/1985/1800
f 1963/1988/1803 1961/1987/1802 1960/1986/1801
f 1960/1986/1801 1962/1989/1804 1963/1988/1803
f 1963/1988/1803 1962/1989/1804 1964/1990/1805
f 1964/1990/1805 1965/1991/1806 1963/1988/1803
f 1965/1991/1806 1964/1990/1805 1966/1992/1807
f 1966/1992/1807 1967/1993/1808 1965/1991/1806
f 1967/1993/1808 1966/1992/1807 1968/1994/1809
f 1968/1994/1809 1969/1995/1810 1967/1993/1808
f 1969/1995/1810 1968/1994/1809 1970/1996/1811
f 1970/1996/1811 1971/1997/1812 1969/1995/1810
f 1971/1997/1812 1970/1996/1811 1972/1994/1813
f 1972/1994/1813 1973/1995/1814 1971/1997/1812
f 1973/1995/1814 1972/1994/1813 1974/1992/1815
f 1974/1992/1815 1975/1993/1816 1973/1995/1814
f 1975/1993/1816 1974/1992/1815 1976/1990/1817
f 1976/1990/1817 1977/1991/1818 1975/1993/1816
f 1977/1991/1818 1976/1990/1817 1978/1989/1819
f 1978/1989/1819 1979/1988/1820 1977/1991/1818
f 1980/1986/1821 1981/1987/1822 1979/1988/1820
f 1979/1988/1820 1978/1989/1819 1980/1986/1821
f 1981/1987/1822 1980/1986/1821 1982/1984/1823
f 1982/1984/1823 1983/1985/1824 1981/1987/1822
f 1983/1985/1824 1982/1984/1823 1984/1982/1825
f 1984/1982/1825 1985/1998/1826 1983/1985/1824
f 1985/1998/1826 1984/1982/1825 1986/1999/1827
f 1986/1999/1827 1987/2000/1828 1985/1998/1826
f 1987/2000/1828 1986/1999/1827 1988/1979/1829
f 1988/1979/1829 1989/1978/1830 1987/2000/1828
f 1989/1978/1830 1988/1979/1829 1990/2001/1831
f 1990/2001/1831 1991/2002/1832 1989/1978/1830
f 1991/2002/1832 1990/2001/1831 1992/2003/1833
f 1992/2003/1833 1993/2004/1834 1991/2002/1832
f 1993/2004/1834 1992/2003/1833 1994/2005/1835
f 1994/2005/1835 1995/2006/1836 1993/2004/1834
f 1995/2006/1836 1994/2005/1835 1996/2007/1837
f 1996/2007/1837 1997/2008/1838 1995/2006/1836
f 1998/2009/1839 1999/2010/1840 1997/2008/1838
f 1997/2008/1838 1996/2007/1837 1998/2009/1839
f 1999/2010/1840 1998/2009/1839 2000/2011/1841
f 2000/2011/1841 2001/2012/1842 1999/2010/1840
f 2001/2012/1842 2000/2011/1841 2002/2013/1843
f 2002/2013/1843 2003/2014/1844 2001/2012/1842
f 2003/2014/1844 2002/2013/1843 2004/2015/1845
f 2004/2015/1845 2005/2016/1846 2003/2014/1844
f 2005/2016/1846 2004/2015/1845 2006/2017/1847
f 2006/2017/1847 1943/2018/1848 2005/2016/1846
f 1943/2018/1848 2006/2017/1847 2007/2015/1849
f 2007/2015/1849 1944/2016/1850 1943/2018/1848
f 1944/2016/1850 2007/2015/1849 2008/2019/1851
f 2008/2019/1851 1945/2020/1852 1944/2016/1850
f 1945/2020/1852 2008/2019/1851 2009/2021/1853
f 2009/2021/1853 1946/2012/1854 1945/2020/1852
f 1946/2012/1854 2009/2021/1853 2010/2022/1855
f 2010/2022/1855 1947/2010/1856 1946/2012/1854
f 1948/2008/1857 1947/2010/1856 2010/2022/1855
f 2010/2022/1855 2011/2023/1858 1948/2008/1857
f 1948/2008/1857 2011/2023/1858 2012/2024/1859
f 2012/2024/1859 1949/2025/1860 1948/2008/1857
f 1949/2025/1860 2012/2024/1859 2013/2026/1861
f 2013/2026/1861 1950/2027/1862 1949/2025/1860
f 1950/2027/1862 2013/2026/1861 2014/2028/1863
f 2014/2028/1863 1951/2029/1864 1950/2027/1862
f 1951/2029/1864 2014/2028/1863 1953/1979/1794
f 1953/1979/1794 1952/1978/1793 1951/2029/1864
f 1953/1979/1794 2015/2030/1865 2016/2031/1866
f 2016/2031/1866 1954/1980/1795 1953/1979/1794
f 1954/1980/1795 2016/2031/1866 2017/2032/1867
f 2017/2032/1867 1956/1982/1797 1954/1980/1795
f 1956/1982/1797 2017/2032/1867 2018/2033/1868
f 2018/2033/1868 1958/1984/1799 1956/1982/1797
f 1958/1984/1799 2018/2033/1868 2019/2034/1869
f 2019/2034/1869 1960/1986/1801 1958/1984/1799
f 1962/1989/1804 1960/1986/1801 2019/2034/1869
f 2019/2034/1869 2020/2035/1870 1962/1989/1804
f 1962/1989/1804 2020/2035/1870 2021/2036/1871
f 2021/2036/1871 1964/1990/1805 1962/1989/1804
f 1964/1990/1805 2021/2036/1871 2022/2037/1872
f 2022/2037/1872 1966/1992/1807 1964/1990/1805
f 1966/1992/1807 2022/2037/1872 2023/2038/1873
f 2023/2038/1873 1968/1994/1809 1966/1992/1807
f 1968/1994/1809 2023/2038/1873 2024/2039/1874
f 2024/2039/1874 1970/1996/1811 1968/1994/1809
f 1970/1996/1811 2024/2039/1874 2025/2038/1875
f 2025/2038/1875 1972/1994/1813 1970/1996/1811
f 1972/1994/1813 2025/2038/1875 2026/2037/1876
f 2026/2037/1876 1974/1992/1815 1972/1994/1813
f 1974/1992/1815 2026/2037/1876 2027/2036/1877
f 2027/2036/1877 1976/1990/1817 1974/1992/1815
f 1976/1990/1817 2027/2036/1877 2028/2035/1878
f 2028/2035/1878 1978/1989/1819 1976/1990/1817
f 2029/2034/1879 1980/1986/1821 1978/1989/1819
f 1978/1989/1819 2028/2035/1878 2029/2034/1879
f 1980/1986/1821 2029/2034/1879 2030/2040/1880
f 2030/2040/1880 1982/1984/1823 1980/1986/1821
f 1982/1984/1823 2030/2040/1880 2031/2041/1881
f 2031/2041/1881 1984/1982/1825 1982/1984/1823
f 1984/1982/1825 2031/2041/1881 2032/2031/1882
f 2032/2031/1882 1986/1999/1827 1984/1982/1825
f 1986/1999/1827 2032/2031/1882 2033/2030/1883
f 2033/2030/1883 1988/1979/1829 1986/1999/1827
f 1988/1979/1829 2033/2030/1883 2034/2042/1884
f 2034/2042/1884 1990/2001/1831 1988/1979/1829
f 1990/2001/1831 2034/2042/1884 2035/2043/1885
f 2035/2043/1885 1992/2003/1833 1990/2001/1831
f 1992/2003/1833 2035/2043/1885 2036/2044/1886
f 2036/2044/1886 1994/2005/1835 1992/2003/1833
f 1994/2005/1835 2036/2044/1886 2037/2045/1887
f 2037/2045/1887 1996/2007/1837 1994/2005/1835
f 2038/2046/1888 1998/2009/1839 1996/2007/1837
f 1996/2007/1837 2037/2045/1887 2038/2046/1888
f 1998/2009/1839 2038/2046/1888 2039/2047/1889
f 2039/2047/1889 2000/2011/1841 1998/2009/1839
f 2000/2011/1841 2039/2047/1889 2040/2048/1890
f 2040/2048/1890 2002/2013/1843 2000/2011/1841
f 2002/2013/1843 2040/2048/1890 2041/2049/1891
f 2041/2049/1891 2004/2015/1845 2002/2013/1843
f 2004/2015/1845 2041/2049/1891 2042/2050/1892
f 2042/2050/1892 2006/2017/1847 2004/2015/1845
f 2006/2017/1847 2042/2050/1892 2043/2051/1893
f 2043/2051/1893 2007/2015/1849 2006/2017/1847
f 2007/2015/1849 2043/2051/1893 2044/2048/1894
f 2044/2048/1894 2008/2019/1851 2007/2015/1849
f 2008/2019/1851 2044/2048/1894 2045/2047/1895
f 2045/2047/1895 2009/2021/1853 2008/2019/1851
f 2009/2021/1853 2045/2047/1895 2046/2052/1896
f 2046/2052/1896 2010/2022/1855 2009/2021/1853
f 2011/2023/1858 2010/2022/1855 2046/2052/1896
f 2046/2052/1896 2047/2053/1897 2011/2023/1858
f 2011/2023/1858 2047/2053/1897 2048/2054/1898
f 2048/2054/1898 2012/2024/1859 2011/2023/1858
f 2012/2024/1859 2048/2054/1898 2049/2055/1899
f 2049/2055/1899 2013/2026/1861 2012/2024/1859
f 2013/2026/1861 2049/2055/1899 2050/2056/1900
f 2050/2056/1900 2014/2028/1863 2013/2026/1861
f 2014/2028/1863 2050/2056/1900 2015/2030/1865
f 2015/2030/1865 1953/1979/1794 2014/2028/1863
f 2015/2057/1865 2051/2058/1901 2052/2059/1902
f 2052/2059/1902 2016/2060/1866 2015/2057/1865
f 2016/2060/1866 2052/2059/1902 2053/2061/1903
f 2053/2061/1903 2017/2062/1867 2016/2060/1866
f 2017/2062/1867 2053/2061/1903 2054/2063/1904
f 2054/2063/1904 2018/2064/1868 2017/2062/1867
f 2018/2064/1868 2054/2063/1904 2055/2065/1905
f 2055/2065/1905 2019/2066/1869 2018/2064/1868
f 2020/2067/1870 2019/2066/1869 2055/2065/1905
f 2055/2065/1905 2056/2068/1906 2020/2067/1870
f 2020/2067/1870 2056/2068/1906 2057/2069/1907
f 2057/2069/1907 2021/2070/1871 2020/2067/1870
f 2021/2070/1871 2057/2069/1907 2058/2071/1908
f 2058/2071/1908 2022/2072/1872 2021/2070/1871
f 2022/2072/1872 2058/2071/1908 2059/2073/1909
f 2059/2073/1909 2023/2074/1873 2022/2072/1872
f 2023/2074/1873 2059/2073/1909 2060/2075/1910
f 2060/2075/1910 2024/2076/1874 2023/2074/1873
f 2024/2076/1874 2060/2075/1910 2061/2073/1911
f 2061/2073/1911 2025/2074/1875 2024/2076/1874
f 2025/2074/1875 2061/2073/1911 2062/2071/1912
f 2062/2071/1912 2026/2072/1876 2025/2074/1875
f 2026/2072/1876 2062/2071/1912 2063/2069/1913
f 2063/2069/1913 2027/2070/1877 2026/2072/1876
f 2027/2070/1877 2063/2069/1913 2064/2068/1914
f 2064/2068/1914 2028/2067/1878 2027/2070/1877
f 2065/2077/1915 2029/2066/1879 2028/2067/1878
f 2028/2067/1878 2064/2068/1914 2065/2077/1915
f 2029/2066/1879 2065/2077/1915 2066/2078/1916
f 2066/2078/1916 2030/2079/1880 2029/2066/1879
f 2030/2079/1880 2066/2078/1916 2067/2080/1917
f 2067/2080/1917 2031/2081/1881 2030/2079/1880
f 2031/2081/1881 2067/2080/1917 2068/2059/1918
f 2068/2059/1918 2032/2060/1882 2031/2081/1881
f 2032/2060/1882 2068/2059/1918 2069/2082/1919
f 2069/2082/1919 2033/2057/1883 2032/2060/1882
f 2033/2057/1883 2069/2082/1919 2070/2083/1920
f 2070/2083/1920 2034/2084/1884 2033/2057/1883
f 2034/2084/1884 2070/2083/1920 2071/2085/1921
f 2071/2085/1921 2035/2086/1885 2034/2084/1884
f 2035/2086/1885 2071/2085/1921 2072/2087/1922
f 2072/2087/1922 2036/2088/1886 2035/2086/1885
f 2036/2088/1886 2072/2087/1922 2073/2089/1923
f 2073/2089/1923 2037/2090/1887 2036/2088/1886
f 2074/2091/1924 2038/2092/1888 2037/2090/1887
f 2037/2090/1887 2073/2089/1923 2074/2091/1924
f 2038/2092/1888 2074/2091/1924 2075/2093/1925
f 2075/2093/1925 2039/2094/1889 2038/2092/1888
f 2039/2094/1889 2075/2093/1925 2076/2095/1926
f 2076/2095/1926 2040/2096/1890 2039/2094/1889
f 2040/2096/1890 2076/2095/1926 2077/2097/1927
f 2077/2097/1927 2041/2098/1891 2040/2096/1890
f 2041/2098/1891 2077/2097/1927 2078/2099/1928
f 2078/2099/1928 2042/2100/1892 2041/2098/1891
f 2042/2100/1892 2078/2099/1928 2079/2097/1929
f 2079/2097/1929 2043/2101/1893 2042/2100/1892
f 2043/2101/1893 2079/2097/1929 2080/2102/1930
f 2080/2102/1930 2044/2096/1894 2043/2101/1893
f 2044/2096/1894 2080/2102/1930 2081/2103/1931
f 2081/2103/1931 2045/2094/1895 2044/2096/1894
f 2045/2094/1895 2081/2103/1931 2082/2104/1932
f 2082/2104/1932 2046/2105/1896 2045/2094/1895
f 2047/2106/1897 2046/2105/1896 2082/2104/1932
f 2082/2104/1932 2083/2107/1933 2047/2106/1897
f 2047/2106/1897 2083/2107/1933 2084/2108/1934
f 2084/2108/1934 2048/2109/1898 2047/2106/1897
f 2048/2109/1898 2084/2108/1934 2085/2110/1935
f 2085/2110/1935 2049/2111/1899 2048/2109/1898
f 2049/2111/1899 2085/2110/1935 2086/2112/1936
f 2086/2112/1936 2050/2113/1900 2049/2111/1899
f 2050/2113/1900 2086/2112/1936 2051/2058/1901
f 2051/2058/1901 2015/2057/1865 2050/2113/1900
f 2051/2114/1901 2087/2115/1937 2088/2116/1938
f 2088/2116/1938 2052/2117/1902 2051/2114/1901
f 2052/2117/1902 2088/2116/1938 2089/2118/1939
f 2089/2118/1939 2053/2119/1903 2052/2117/1902
f 2053/2119/1903 2089/2118/1939 2090/2120/1940
f 2090/2120/1940 2054/2121/1904 2053/2119/1903
f 2054/2121/1904 2090/2120/1940 2091/2122/1941
f 2091/2122/1941 2055/2123/1905 2054/2121/1904
f 2092/2124/1942 2056/2125/1906 2055/2123/1905
f 2055/2123/1905 2091/2122/1941 2092/2124/1942
f 2056/2125/1906 2092/2124/1942 2093/2126/1943
f 2093/2126/1943 2057/2127/1907 2056/2125/1906
f 2057/2127/1907 2093/2126/1943 2094/2128/1944
f 2094/2128/1944 2058/2129/1908 2057/2127/1907
f 2058/2129/1908 2094/2128/1944 2095/2130/1945
f 2095/2130/1945 2059/2131/1909 2058/2129/1908
f 2059/2131/1909 2095/2130/1945 2096/2132/1946
f 2096/2132/1946 2060/2133/1910 2059/2131/1909
f 2060/2133/1910 2096/2132/1946 2097/2130/1947
f 2097/2130/1947 2061/2131/1911 2060/2133/1910
f 2061/2131/1911 2097/2130/1947 2098/2134/1948
f 2098/2134/1948 2062/2129/1912 2061/2131/1911
f 2062/2129/1912 2098/2134/1948 2099/2126/1949
f 2099/2126/1949 2063/2127/1913 2062/2129/1912
f 2063/2127/1913 2099/2126/1949 2100/2135/1950
f 2100/2135/1950 2064/2125/1914 2063/2127/1913
f 2065/2136/1915 2064/2125/1914 2100/2135/1950
f 2100/2135/1950 2101/2137/1951 2065/2136/1915
f 2065/2136/1915 2101/2137/1951 2102/2120/1952
f 2102/2120/1952 2066/2138/1916 2065/2136/1915
f 2066/2138/1916 2102/2120/1952 2103/2139/1953
f 2103/2139/1953 2067/2140/1917 2066/2138/1916
f 2067/2140/1917 2103/2139/1953 2104/2141/1954
f 2104/2141/1954 2068/2117/1918 2067/2140/1917
f 2068/2117/1918 2104/2141/1954 2105/2142/1955
f 2105/2142/1955 2069/2143/1919 2068/2117/1918
f 2069/2143/1919 2105/2142/1955 2106/2144/1956
f 2106/2144/1956 2070/2145/1920 2069/2143/1919
f 2070/2145/1920 2106/2144/1956 2107/2146/1957
f 2107/2146/1957 2071/2147/1921 2070/2145/1920
f 2071/2147/1921 2107/2146/1957 2108/2148/1958
f 2108/2148/1958 2072/2149/1922 2071/2147/1921
f 2072/2149/1922 2108/2148/1958 2109/2150/1959
f 2109/2150/1959 2073/2151/1923 2072/2149/1922
f 2074/2152/1924 2073/2151/1923 2109/2150/1959
f 2109/2150/1959 2110/2153/1960 2074/2152/1924
f 2074/2152/1924 2110/2153/1960 2111/2154/1961
f 2111/2154/1961 2075/2155/1925 2074/2152/1924
f 2075/2155/1925 2111/2154/1961 2112/2156/1962
f 2112/2156/1962 2076/2157/1926 2075/2155/1925
f 2076/2157/1926 2112/2156/1962 2113/2158/1963
f 2113/2158/1963 2077/2159/1927 2076/2157/1926
f 2077/2159/1927 2113/2158/1963 2114/2160/1964
f 2114/2160/1964 2078/2161/1928 2077/2159/1927
f 2078/2161/1928 2114/2160/1964 2115/2162/1965
f 2115/2162/1965 2079/2159/1929 2078/2161/1928
f 2079/2159/1929 2115/2162/1965 2116/2163/1966
f 2116/2163/1966 2080/2164/1930 2079/2159/1929
f 2080/2164/1930 2116/2163/1966 2117/2165/1967
f 2117/2165/1967 2081/2166/1931 2080/2164/1930
f 2081/2166/1931 2117/2165/1967 2118/2167/1968
f 2118/2167/1968 2082/2168/1932 2081/2166/1931
f 2119/2169/1969 2083/2170/1933 2082/2168/1932
f 2082/2168/1932 2118/2167/1968 2119/2169/1969
f 2083/2170/1933 2119/2169/1969 2120/2171/1970
f 2120/2171/1970 2084/2172/1934 2083/2170/1933
f 2084/2172/1934 2120/2171/1970 2121/2173/1971
f 2121/2173/1971 2085/2174/1935 2084/2172/1934
f 2085/2174/1935 2121/2173/1971 2122/2175/1972
f 2122/2175/1972 2086/2176/1936 2085/2174/1935
f 2086/2176/1936 2122/2175/1972 2087/2115/1937
f 2087/2115/1937 2051/2114/1901 2086/2176/1936
f 3305/2177/1973 3269/2178/1974 3268/2179/1975
f 3268/2179/1975 3304/2180/1975 3305/2177/1973
f 3270/2181/1976 3269/2178/1974 3305/2177/1973
f 3305/2177/1973 3306/2182/1977 3270/2181/1976
f 3271/2183/1978 3270/2181/1976 3306/2182/1977
f 3306/2182/1977 3307/2184/1979 3271/2183/1978
f 3272/2185/1980 3271/2183/1978 3307/2184/1979
f 3307/2184/1979 3308/2186/1981 3272/2185/1980
f 3309/2187/1982 3273/2188/1983 3272/2185/1980
f 3272/2185/1980 3308/2186/1981 3309/2187/1982
f 3310/2189/1984 3274/2190/1985 3273/2188/1983
f 3273/2188/1983 3309/2187/1982 3310/2189/1984
f 3275/2191/1986 3274/2190/1985 3310/2189/1984
f 3310/2189/1984 3311/2192/1987 3275/2191/1986
f 3276/2193/1988 3275/2191/1986 3311/2192/1987
f 3311/2192/1987 3312/2194/1989 3276/2193/1988
f 3277/2195/1990 3276/2193/1988 3312/2194/1989
f 3312/2194/1989 3313/2196/1990 3277/2195/1990
f 3278/2193/1991 3277/2195/1990 3313/2196/1990
f 3313/2196/1990 3314/2197/1992 3278/2193/1991
f 3279/2191/1993 3278/2193/1991 3314/2197/1992
f 3314/2197/1992 3315/2198/1994 3279/2191/1993
f 3280/2190/1995 3279/2191/1993 3315/2198/1994
f 3315/2198/1994 3316/2199/1996 3280/2190/1995
f 3317/2200/1997 3281/2201/1998 3280/2190/1995
f 3280/2190/1995 3316/2199/1996 3317/2200/1997
f 3318/2202/1999 3282/2203/2000 3281/2201/1998
f 3281/2201/1998 3317/2200/1997 3318/2202/1999
f 3283/2183/2001 3282/2203/2000 3318/2202/1999
f 3318/2202/1999 3319/2204/2002 3283/2183/2001
f 3284/2205/2003 3283/2183/2001 3319/2204/2002
f 3319/2204/2002 3320/2206/2004 3284/2205/2003
f 3321/2207/2005 3285/2208/2006 3284/2205/2003
f 3284/2205/2003 3320/2206/2004 3321/2207/2005
f 3286/2209/2007 3285/2208/2006 3321/2207/2005
f 3321/2207/2005 3322/2210/2007 3286/2209/2007
f 3287/2211/2008 3286/2209/2007 3322/2210/2007
f 3322/2210/2007 3323/2212/2009 3287/2211/2008
f 3324/2213/2010 3288/2214/2011 3287/2211/2008
f 3287/2211/2008 3323/2212/2009 3324/2213/2010
f 3289/2215/2012 3288/2214/2011 3324/2213/2010
f 3324/2213/2010 3325/2216/2013 3289/2215/2012
f 3326/2217/2014 3290/2218/2015 3289/2215/2012
f 3289/2215/2012 3325/2216/2013 3326/2217/2014
f 3291/2219/2016 3290/2218/2015 3326/2217/2014
f 3326/2217/2014 3327/2220/2017 3291/2219/2016
f 3292/2221/2018 3291/2219/2016 3327/2220/2017
f 3327/2220/2017 3328/2222/2019 3292/2221/2018
f 3293/2223/2020 3292/2221/2018 3328/2222/2019
f 3328/2222/2019 3329/2224/2021 3293/2223/2020
f 3294/2225/2022 3293/2223/2020 3329/2224/2021
f 3329/2224/2021 3330/2226/2023 3294/2225/2022
f 3331/2227/2024 3295/2228/2024 3294/2225/2022
f 3294/2225/2022 3330/2226/2023 3331/2227/2024
f 3332/2229/2025 3296/2225/2026 3295/2228/2024
f 3295/2228/2024 3331/2227/2024 3332/2229/2025
f 3333/2230/2027 3297/2231/2028 3296/2225/2026
f 3296/2225/2026 3332/2229/2025 3333/2230/2027
f 3334/2232/2029 3298/2233/2030 3297/2231/2028
f 3297/2231/2028 3333/2230/2027 3334/2232/2029
f 3299/2234/2031 3298/2233/2030 3334/2232/2029
f 3334/2232/2029 3335/2235/2032 3299/2234/2031
f 3300/2236/2033 3299/2234/2031 3335/2235/2032
f 3335/2235/2032 3336/2237/2034 3300/2236/2033
f 3337/2238/2035 3301/2239/2036 3300/2236/2033
f 3300/2236/2033 3336/2237/2034 3337/2238/2035
f 3302/2240/2037 3301/2239/2036 3337/2238/2035
f 3337/2238/2035 3338/2241/2038 3302/2240/2037
f 3303/2242/2039 3302/2240/2037 3338/2241/2038
f 3338/2241/2038 3339/2243/2040 3303/2242/2039
f 3304/2180/1975 3268/2179/1975 3303/2242/2039
f 3303/2242/2039 3339/2243/2040 3304/2180/1975
f 2160/2244/2041 2124/2245/2042 2123/2246/2043
f 2123/2246/2043 2159/2247/2044 2160/2244/2041
f 2161/2248/2045 2125/2249/2046 2124/2245/2042
f 2124/2245/2042 2160/2244/2041 2161/2248/2045
f 2162/2250/2047 2126/2251/2048 2125/2249/2046
f 2125/2249/2046 2161/2248/2045 2162/2250/2047
f 2127/2252/2049 2126/2251/2048 2162/2250/2047
f 2162/2250/2047 2163/2253/2050 2127/2252/2049
f 2128/2254/2051 2127/2252/2049 2163/2253/2050
f 2163/2253/2050 2164/2255/2052 2128/2254/2051
f 2129/2256/2053 2128/2254/2051 2164/2255/2052
f 2164/2255/2052 2165/2257/2054 2129/2256/2053
f 2166/2258/2055 2130/2259/2056 2129/2256/2053
f 2129/2256/2053 2165/2257/2054 2166/2258/2055
f 2167/2260/2057 2131/2261/2058 2130/2259/2056
f 2130/2259/2056 2166/2258/2055 2167/2260/2057
f 2132/2262/2059 2131/2261/2058 2167/2260/2057
f 2167/2260/2057 2168/2263/2060 2132/2262/2059
f 2169/2264/2061 2133/2265/2062 2132/2262/2059
f 2132/2262/2059 2168/2263/2060 2169/2264/2061
f 2170/2266/2063 2134/2267/2064 2133/2265/2062
f 2133/2265/2062 2169/2264/2061 2170/2266/2063
f 2171/2268/2065 2135/2269/2066 2134/2267/2064
f 2134/2267/2064 2170/2266/2063 2171/2268/2065
f 2136/2270/2067 2135/2269/2066 2171/2268/2065
f 2171/2268/2065 2172/2271/2068 2136/2270/2067
f 2173/2272/2069 2137/2273/2070 2136/2270/2067
f 2136/2270/2067 2172/2271/2068 2173/2272/2069
f 2138/2274/2071 2137/2273/2070 2173/2272/2069
f 2173/2272/2069 2174/2275/2072 2138/2274/2071
f 2175/2276/2073 2139/2277/2074 2138/2274/2071
f 2138/2274/2071 2174/2275/2072 2175/2276/2073
f 2176/2278/2075 2140/2279/2076 2139/2277/2074
f 2139/2277/2074 2175/2276/2073 2176/2278/2075
f 2141/2280/2077 2140/2279/2076 2176/2278/2075
f 2176/2278/2075 2177/2281/2078 2141/2280/2077
f 2142/2282/2079 2141/2280/2077 2177/2281/2078
f 2177/2281/2078 2178/2283/2080 2142/2282/2079
f 2179/2284/2081 2143/2285/2082 2142/2282/2079
f 2142/2282/2079 2178/2283/2080 2179/2284/2081
f 2144/2286/2083 2143/2285/2082 2179/2284/2081
f 2179/2284/2081 2180/2287/2084 2144/2286/2083
f 2145/2288/2085 2144/2286/2083 2180/2287/2084
f 2180/2287/2084 2181/2289/2086 2145/2288/2085
f 2182/2290/2087 2146/2291/2088 2145/2288/2085
f 2145/2288/2085 2181/2289/2086 2182/2290/2087
f 2147/2292/2089 2146/2291/2088 2182/2290/2087
f 2182/2290/2087 2183/2293/2090 2147/2292/2089
f 2184/2294/2091 2148/2295/2092 2147/2292/2089
f 2147/2292/2089 2183/2293/2090 2184/2294/2091
f 2185/2296/2093 2149/2297/2094 2148/2295/2092
f 2148/2295/2092 2184/2294/2091 2185/2296/2093
f 2186/2298/2095 2150/2299/2096 2149/2297/2094
f 2149/2297/2094 2185/2296/2093 2186/2298/2095
f 2151/2300/2097 2150/2299/2096 2186/2298/2095
f 2186/2298/2095 2187/2301/2098 2151/2300/2097
f 2152/2302/2099 2151/2300/2097 2187/2301/2098
f 2187/2301/2098 2188/2303/2100 2152/2302/2099
f 2153/2304/2101 2152/2302/2099 2188/2303/2100
f 2188/2303/2100 2189/2305/2102 2153/2304/2101
f 2190/2306/2103 2154/2307/2104 2153/2304/2101
f 2153/2304/2101 2189/2305/2102 2190/2306/2103
f 2191/2308/2105 2155/2309/2106 2154/2307/2104
f 2154/2307/2104 2190/2306/2103 2191/2308/2105
f 2156/2310/2107 2155/2309/2106 2191/2308/2105
f 2191/2308/2105 2192/2311/2108 2156/2310/2107
f 2193/2312/2109 2157/2313/2110 2156/2310/2107
f 2156/2310/2107 2192/2311/2108 2193/2312/2109
f 2158/2314/2111 2157/2313/2110 2193/2312/2109
f 2193/2312/2109 2194/2315/2112 2158/2314/2111
f 2159/2247/2044 2123/2246/2043 2158/2314/2111
f 2158/2314/2111 2194/2315/2112 2159/2247/2044
f 2196/2316/2113 2160/2244/2041 2159/2247/2044
f 2159/2247/2044 2195/2317/2114 2196/2316/2113
f 2197/2318/2115 2161/2248/2045 2160/2244/2041
f 2160/2244/2041 2196/2316/2113 2197/2318/2115
f 2162/2250/2047 2161/2248/2045 2197/2318/2115
f 2197/2318/2115 2198/2319/2116 2162/2250/2047
f 2199/2320/2117 2163/2253/2050 2162/2250/2047
f 2162/2250/2047 2198/2319/2116 2199/2320/2117
f 2164/2255/2052 2163/2253/2050 2199/2320/2117
f 2199/2320/2117 2200/2321/2118 2164/2255/2052
f 2165/2257/2054 2164/2255/2052 2200/2321/2118
f 2200/2321/2118 2201/2322/2119 2165/2257/2054
f 2166/2258/2055 2165/2257/2054 2201/2322/2119
f 2201/2322/2119 2202/2323/2120 2166/2258/2055
f 2203/2324/2121 2167/2260/2057 2166/2258/2055
f 2166/2258/2055 2202/2323/2120 2203/2324/2121
f 2204/2325/2122 2168/2263/2060 2167/2260/2057
f 2167/2260/2057 2203/2324/2121 2204/2325/2122
f 2205/2326/2123 2169/2264/2061 2168/2263/2060
f 2168/2263/2060 2204/2325/2122 2205/2326/2123
f 2170/2266/2063 2169/2264/2061 2205/2326/2123
f 2205/2326/2123 2206/2327/2124 2170/2266/2063
f 2171/2268/2065 2170/2266/2063 2206/2327/2124
f 2206/2327/2124 2207/2328/2125 2171/2268/2065
f 2208/2329/2126 2172/2271/2068 2171/2268/2065
f 2171/2268/2065 2207/2328/2125 2208/2329/2126
f 2173/2272/2069 2172/2271/2068 2208/2329/2126
f 2208/2329/2126 2209/2330/2127 2173/2272/2069
f 2210/2331/2128 2174/2275/2072 2173/2272/2069
f 2173/2272/2069 2209/2330/2127 2210/2331/2128
f 2211/2332/2129 2175/2276/2073 2174/2275/2072
f 2174/2275/2072 2210/2331/2128 2211/2332/2129
f 2176/2278/2075 2175/2276/2073 2211/2332/2129
f 2211/2332/2129 2212/2333/2130 2176/2278/2075
f 2177/2281/2078 2176/2278/2075 2212/2333/2130
f 2212/2333/2130 2213/2334/2131 2177/2281/2078
f 2178/2283/2080 2177/2281/2078 2213/2334/2131
f 2213/2334/2131 2214/2335/2132 2178/2283/2080
f 2215/2336/2133 2179/2284/2081 2178/2283/2080
f 2178/2283/2080 2214/2335/2132 2215/2336/2133
f 2216/2337/2134 2180/2287/2084 2179/2284/2081
f 2179/2284/2081 2215/2336/2133 2216/2337/2134
f 2181/2289/2086 2180/2287/2084 2216/2337/2134
f 2216/2337/2134 2217/2338/2135 2181/2289/2086
f 2182/2290/2087 2181/2289/2086 2217/2338/2135
f 2217/2338/2135 2218/2339/2136 2182/2290/2087
f 2219/2340/2137 2183/2293/2090 2182/2290/2087
f 2182/2290/2087 2218/2339/2136 2219/2340/2137
f 2220/2341/2138 2184/2294/2091 2183/2293/2090
f 2183/2293/2090 2219/2340/2137 2220/2341/2138
f 2185/2296/2093 2184/2294/2091 2220/2341/2138
f 2220/2341/2138 2221/2342/2139 2185/2296/2093
f 2186/2298/2095 2185/2296/2093 2221/2342/2139
f 2221/2342/2139 2222/2343/2140 2186/2298/2095
f 2223/2344/2141 2187/2301/2098 2186/2298/2095
f 2186/2298/2095 2222/2343/2140 2223/2344/2141
f 2224/2345/2142 2188/2303/2100 2187/2301/2098
f 2187/2301/2098 2223/2344/2141 2224/2345/2142
f 2225/2346/2143 2189/2305/2102 2188/2303/2100
f 2188/2303/2100 2224/2345/2142 2225/2346/2143
f 2190/2306/2103 2189/2305/2102 2225/2346/2143
f 2225/2346/2143 2226/2347/2144 2190/2306/2103
f 2227/2348/2145 2191/2308/2105 2190/2306/2103
f 2190/2306/2103 2226/2347/2144 2227/2348/2145
f 2192/2311/2108 2191/2308/2105 2227/2348/2145
f 2227/2348/2145 2228/2349/2146 2192/2311/2108
f 2229/2350/2147 2193/2312/2109 2192/2311/2108
f 2192/2311/2108 2228/2349/2146 2229/2350/2147
f 2230/2351/2148 2194/2315/2112 2193/2312/2109
f 2193/2312/2109 2229/2350/2147 2230/2351/2148
f 2159/2247/2044 2194/2315/2112 2230/2351/2148
f 2230/2351/2148 2195/2317/2114 2159/2247/2044
f 2232/2352/2149 2196/2316/2113 2195/2317/2114
f 2195/2317/2114 2231/2353/2150 2232/2352/2149
f 2197/2318/2115 2196/2316/2113 2232/2352/2149
f 2232/2352/2149 2233/2354/2151 2197/2318/2115
f 2234/2355/2152 2198/2319/2116 2197/2318/2115
f 2197/2318/2115 2233/2354/2151 2234/2355/2152
f 2199/2320/2117 2198/2319/2116 2234/2355/2152
f 2234/2355/2152 2235/2356/2153 2199/2320/2117
f 2236/2357/2154 2200/2321/2118 2199/2320/2117
f 2199/2320/2117 2235/2356/2153 2236/2357/2154
f 2237/2358/2155 2201/2322/2119 2200/2321/2118
f 2200/2321/2118 2236/2357/2154 2237/2358/2155
f 2238/2359/2156 2202/2323/2120 2201/2322/2119
f 2201/2322/2119 2237/2358/2155 2238/2359/2156
f 2239/2360/2157 2203/2324/2121 2202/2323/2120
f 2202/2323/2120 2238/2359/2156 2239/2360/2157
f 2240/2361/2158 2204/2325/2122 2203/2324/2121
f 2203/2324/2121 2239/2360/2157 2240/2361/2158
f 2205/2326/2123 2204/2325/2122 2240/2361/2158
f 2240/2361/2158 2241/2362/2159 2205/2326/2123
f 2206/2327/2124 2205/2326/2123 2241/2362/2159
f 2241/2362/2159 2242/2363/2160 2206/2327/2124
f 2243/2364/2161 2207/2328/2125 2206/2327/2124
f 2206/2327/2124 2242/2363/2160 2243/2364/2161
f 2208/2329/2126 2207/2328/2125 2243/2364/2161
f 2243/2364/2161 2244/2365/2162 2208/2329/2126
f 2245/2366/2163 2209/2330/2127 2208/2329/2126
f 2208/2329/2126 2244/2365/2162 2245/2366/2163
f 2246/2367/2164 2210/2331/2128 2209/2330/2127
f 2209/2330/2127 2245/2366/2163 2246/2367/2164
f 2247/2368/2165 2211/2332/2129 2210/2331/2128
f 2210/2331/2128 2246/2367/2164 2247/2368/2165
f 2212/2333/2130 2211/2332/2129 2247/2368/2165
f 2247/2368/2165 2248/2369/2166 2212/2333/2130
f 2213/2334/2131 2212/2333/2130 2248/2369/2166
f 2248/2369/2166 2249/2370/2167 2213/2334/2131
f 2250/2371/2168 2214/2335/2132 2213/2334/2131
f 2213/2334/2131 2249/2370/2167 2250/2371/2168
f 2215/2336/2133 2214/2335/2132 2250/2371/2168
f 2250/2371/2168 2251/2372/2169 2215/2336/2133
f 2216/2337/2134 2215/2336/2133 2251/2372/2169
f 2251/2372/2169 2252/2373/2170 2216/2337/2134
f 2217/2338/2135 2216/2337/2134 2252/2373/2170
f 2252/2373/2170 2253/2374/2171 2217/2338/2135
f 2254/2375/2172 2218/2339/2136 2217/2338/2135
f 2217/2338/2135 2253/2374/2171 2254/2375/2172
f 2255/2376/2173 2219/2340/2137 2218/2339/2136
f 2218/2339/2136 2254/2375/2172 2255/2376/2173
f 2220/2341/2138 2219/2340/2137 2255/2376/2173
f 2255/2376/2173 2256/2377/2174 2220/2341/2138
f 2221/2342/2139 2220/2341/2138 2256/2377/2174
f 2256/2377/2174 2257/2378/2175 2221/2342/2139
f 2222/2343/2140 2221/2342/2139 2257/2378/2175
f 2257/2378/2175 2258/2379/2176 2222/2343/2140
f 2223/2344/2141 2222/2343/2140 2258/2379/2176
f 2258/2379/2176 2259/2380/2177 2223/2344/2141
f 2260/2381/2178 2224/2345/2142 2223/2344/2141
f 2223/2344/2141 2259/2380/2177 2260/2381/2178
f 2225/2346/2143 2224/2345/2142 2260/2381/2178
f 2260/2381/2178 2261/2382/2179 2225/2346/2143
f 2262/2383/2180 2226/2347/2144 2225/2346/2143
f 2225/2346/2143 2261/2382/2179 2262/2383/2180
f 2263/2384/2181 2227/2348/2145 2226/2347/2144
f 2226/2347/2144 2262/2383/2180 2263/2384/2181
f 2228/2349/2146 2227/2348/2145 2263/2384/2181
f 2263/2384/2181 2264/2385/2182 2228/2349/2146
f 2229/2350/2147 2228/2349/2146 2264/2385/2182
f 2264/2385/2182 2265/2386/2183 2229/2350/2147
f 2230/2351/2148 2229/2350/2147 2265/2386/2183
f 2265/2386/2183 2266/2387/2184 2230/2351/2148
f 2231/2353/2150 2195/2317/2114 2230/2351/2148
f 2230/2351/2148 2266/2387/2184 2231/2353/2150
f 2232/2352/2149 2231/2353/2150 2267/2388/2185
f 2267/2388/2185 2268/2389/2186 2232/2352/2149
f 2269/2390/2187 2233/2354/2151 2232/2352/2149
f 2232/2352/2149 2268/2389/2186 2269/2390/2187
f 2234/2355/2152 2233/2354/2151 2269/2390/2187
f 2269/2390/2187 2270/2391/2188 2234/2355/2152
f 2235/2356/2153 2234/2355/2152 2270/2391/2188
f 2270/2391/2188 2271/2392/2189 2235/2356/2153
f 2272/2393/2190 2236/2357/2154 2235/2356/2153
f 2235/2356/2153 2271/2392/2189 2272/2393/2190
f 2273/2394/2191 2237/2358/2155 2236/2357/2154
f 2236/2357/2154 2272/2393/2190 2273/2394/2191
f 2274/2395/2192 2238/2359/2156 2237/2358/2155
f 2237/2358/2155 2273/2394/2191 2274/2395/2192
f 2239/2360/2157 2238/2359/2156 2274/2395/2192
f 2274/2395/2192 2275/2396/2193 2239/2360/2157
f 2240/2361/2158 2239/2360/2157 2275/2396/2193
f 2275/2396/2193 2276/2397/2194 2240/2361/2158
f 2277/2398/2195 2241/2362/2159 2240/2361/2158
f 2240/2361/2158 2276/2397/2194 2277/2398/2195
f 2278/2399/2196 2242/2363/2160 2241/2362/2159
f 2241/2362/2159 2277/2398/2195 2278/2399/2196
f 2243/2364/2161 2242/2363/2160 2278/2399/2196
f 2278/2399/2196 2279/2400/2197 2243/2364/2161
f 2244/2365/2162 2243/2364/2161 2279/2400/2197
f 2279/2400/2197 2280/2401/2198 2244/2365/2162
f 2281/2402/2199 2245/2366/2163 2244/2365/2162
f 2244/2365/2162 2280/2401/2198 2281/2402/2199
f 2246/2367/2164 2245/2366/2163 2281/2402/2199
f 2281/2402/2199 2282/2403/2200 2246/2367/2164
f 2247/2368/2165 2246/2367/2164 2282/2403/2200
f 2282/2403/2200 2283/2404/2201 2247/2368/2165
f 2248/2369/2166 2247/2368/2165 2283/2404/2201
f 2283/2404/2201 2284/2405/2202 2248/2369/2166
f 2249/2370/2167 2248/2369/2166 2284/2405/2202
f 2284/2405/2202 2285/2406/2203 2249/2370/2167
f 2250/2371/2168 2249/2370/2167 2285/2406/2203
f 2285/2406/2203 2286/2407/2204 2250/2371/2168
f 2287/2408/2205 2251/2372/2169 2250/2371/2168
f 2250/2371/2168 2286/2407/2204 2287/2408/2205
f 2288/2409/2206 2252/2373/2170 2251/2372/2169
f 2251/2372/2169 2287/2408/2205 2288/2409/2206
f 2289/2410/2207 2253/2374/2171 2252/2373/2170
f 2252/2373/2170 2288/2409/2206 2289/2410/2207
f 2254/2375/2172 2253/2374/2171 2289/2410/2207
f 2289/2410/2207 2290/2411/2208 2254/2375/2172
f 2255/2376/2173 2254/2375/2172 2290/2411/2208
f 2290/2411/2208 2291/2412/2209 2255/2376/2173
f 2256/2377/2174 2255/2376/2173 2291/2412/2209
f 2291/2412/2209 2292/2413/2210 2256/2377/2174
f 2293/2414/2211 2257/2378/2175 2256/2377/2174
f 2256/2377/2174 2292/2413/2210 2293/2414/2211
f 2294/2415/2212 2258/2379/2176 2257/2378/2175
f 2257/2378/2175 2293/2414/2211 2294/2415/2212
f 2295/2416/2213 2259/2380/2177 2258/2379/2176
f 2258/2379/2176 2294/2415/2212 2295/2416/2213
f 2296/2417/2214 2260/2381/2178 2259/2380/2177
f 2259/2380/2177 2295/2416/2213 2296/2417/2214
f 2297/2418/2215 2261/2382/2179 2260/2381/2178
f 2260/2381/2178 2296/2417/2214 2297/2418/2215
f 2262/2383/2180 2261/2382/2179 2297/2418/2215
f 2297/2418/2215 2298/2419/2216 2262/2383/2180
f 2263/2384/2181 2262/2383/2180 2298/2419/2216
f 2298/2419/2216 2299/2420/2217 2263/2384/2181
f 2300/2421/2218 2264/2385/2182 2263/2384/2181
f 2263/2384/2181 2299/2420/2217 2300/2421/2218
f 2301/2422/2219 2265/2386/2183 2264/2385/2182
f 2264/2385/2182 2300/2421/2218 2301/2422/2219
f 2302/2423/2220 2266/2387/2184 2265/2386/2183
f 2265/2386/2183 2301/2422/2219 2302/2423/2220
f 2267/2388/2185 2231/2353/2150 2266/2387/2184
f 2266/2387/2184 2302/2423/2220 2267/2388/2185
f 2268/2389/2186 2267/2388/2185 2303/2424/2221
f 2303/2424/2221 2304/2425/2222 2268/2389/2186
f 2305/2426/2223 2269/2390/2187 2268/2389/2186
f 2268/2389/2186 2304/2425/2222 2305/2426/2223
f 2306/2427/2224 2270/2391/2188 2269/2390/2187
f 2269/2390/2187 2305/2426/2223 2306/2427/2224
f 2307/2428/2225 2271/2392/2189 2270/2391/2188
f 2270/2391/2188 2306/2427/2224 2307/2428/2225
f 2272/2393/2190 2271/2392/2189 2307/2428/2225
f 2307/2428/2225 2308/2429/2226 2272/2393/2190
f 2273/2394/2191 2272/2393/2190 2308/2429/2226
f 2308/2429/2226 2309/2430/2227 2273/2394/2191
f 2310/2431/2228 2274/2395/2192 2273/2394/2191
f 2273/2394/2191 2309/2430/2227 2310/2431/2228
f 2311/2432/2229 2275/2396/2193 2274/2395/2192
f 2274/2395/2192 2310/2431/2228 2311/2432/2229
f 2312/2433/2230 2276/2397/2194 2275/2396/2193
f 2275/2396/2193 2311/2432/2229 2312/2433/2230
f 2313/2434/2231 2277/2398/2195 2276/2397/2194
f 2276/2397/2194 2312/2433/2230 2313/2434/2231
f 2314/2435/2232 2278/2399/2196 2277/2398/2195
f 2277/2398/2195 2313/2434/2231 2314/2435/2232
f 2315/2436/2233 2279/2400/2197 2278/2399/2196
f 2278/2399/2196 2314/2435/2232 2315/2436/2233
f 2280/2401/2198 2279/2400/2197 2315/2436/2233
f 2315/2436/2233 2316/2437/2234 2280/2401/2198
f 2317/2438/2235 2281/2402/2199 2280/2401/2198
f 2280/2401/2198 2316/2437/2234 2317/2438/2235
f 2282/2403/2200 2281/2402/2199 2317/2438/2235
f 2317/2438/2235 2318/2439/2236 2282/2403/2200
f 2283/2404/2201 2282/2403/2200 2318/2439/2236
f 2318/2439/2236 2319/2440/2237 2283/2404/2201
f 2320/2441/2238 2284/2405/2202 2283/2404/2201
f 2283/2404/2201 2319/2440/2237 2320/2441/2238
f 2285/2406/2203 2284/2405/2202 2320/2441/2238
f 2320/2441/2238 2321/2442/2239 2285/2406/2203
f 2322/2443/2240 2286/2407/2204 2285/2406/2203
f 2285/2406/2203 2321/2442/2239 2322/2443/2240
f 2287/2408/2205 2286/2407/2204 2322/2443/2240
f 2322/2443/2240 2323/2444/2241 2287/2408/2205
f 2324/2445/2242 2288/2409/2206 2287/2408/2205
f 2287/2408/2205 2323/2444/2241 2324/2445/2242
f 2289/2410/2207 2288/2409/2206 2324/2445/2242
f 2324/2445/2242 2325/2446/2243 2289/2410/2207
f 2326/2447/2244 2290/2411/2208 2289/2410/2207
f 2289/2410/2207 2325/2446/2243 2326/2447/2244
f 2291/2412/2209 2290/2411/2208 2326/2447/2244
f 2326/2447/2244 2327/2448/2245 2291/2412/2209
f 2292/2413/2210 2291/2412/2209 2327/2448/2245
f 2327/2448/2245 2328/2449/2246 2292/2413/2210
f 2293/2414/2211 2292/2413/2210 2328/2449/2246
f 2328/2449/2246 2329/2450/2247 2293/2414/2211
f 2294/2415/2212 2293/2414/2211 2329/2450/2247
f 2329/2450/2247 2330/2451/2248 2294/2415/2212
f 2295/2416/2213 2294/2415/2212 2330/2451/2248
f 2330/2451/2248 2331/2452/2249 2295/2416/2213
f 2332/2453/2250 2296/2417/2214 2295/2416/2213
f 2295/2416/2213 2331/2452/2249 2332/2453/2250
f 2297/2418/2215 2296/2417/2214 2332/2453/2250
f 2332/2453/2250 2333/2454/2251 2297/2418/2215
f 2334/2455/2252 2298/2419/2216 2297/2418/2215
f 2297/2418/2215 2333/2454/2251 2334/2455/2252
f 2299/2420/2217 2298/2419/2216 2334/2455/2252
f 2334/2455/2252 2335/2456/2253 2299/2420/2217
f 2336/2457/2254 2300/2421/2218 2299/2420/2217
f 2299/2420/2217 2335/2456/2253 2336/2457/2254
f 2337/2458/2255 2301/2422/2219 2300/2421/2218
f 2300/2421/2218 2336/2457/2254 2337/2458/2255
f 2338/2459/2256 2302/2423/2220 2301/2422/2219
f 2301/2422/2219 2337/2458/2255 2338/2459/2256
f 2303/2424/2221 2267/2388/2185 2302/2423/2220
f 2302/2423/2220 2338/2459/2256 2303/2424/2221
f 2340/2460/2257 2304/2461/2222 2303/2462/2221
f 2303/2462/2221 2339/2463/2258 2340/2460/2257
f 2341/2464/2259 2305/2465/2223 2304/2461/2222
f 2304/2461/2222 2340/2460/2257 2341/2464/2259
f 2344/2466/2260 2309/2467/2227 2308/2468/2226
f 2308/2468/2226 2343/2469/2261 2344/2466/2260
f 2310/2470/2228 2309/2467/2227 2344/2466/2260
f 2344/2466/2260 2345/2471/2262 2310/2470/2228
f 2346/2472/2263 2311/2473/2229 2310/2470/2228
f 2310/2470/2228 2345/2471/2262 2346/2472/2263
f 2312/2474/2230 2311/2473/2229 2346/2472/2263
f 2346/2472/2263 2347/2475/2264 2312/2474/2230
f 2348/2476/2265 2313/2473/2231 2312/2474/2230
f 2312/2474/2230 2347/2475/2264 2348/2476/2265
f 2349/2471/2266 2314/2477/2232 2313/2473/2231
f 2313/2473/2231 2348/2476/2265 2349/2471/2266
f 2315/2478/2233 2314/2477/2232 2349/2471/2266
f 2349/2471/2266 2350/2479/2267 2315/2478/2233
f 2316/2480/2234 2315/2478/2233 2350/2479/2267
f 2350/2479/2267 2351/2481/2268 2316/2480/2234
f 2320/2482/2238 2319/2483/2237 2353/2484/2269
f 2353/2484/2269 2354/2485/2270 2320/2482/2238
f 2321/2486/2239 2320/2482/2238 2354/2485/2270
f 2354/2485/2270 2355/2487/2271 2321/2486/2239
f 2322/2488/2240 2321/2486/2239 2355/2487/2271
f 2355/2487/2271 2356/2489/2272 2322/2488/2240
f 2323/2490/2241 2322/2488/2240 2356/2489/2272
f 2356/2489/2272 2357/2491/2273 2323/2490/2241
f 2324/2492/2242 2323/2490/2241 2357/2491/2273
f 2357/2491/2273 2358/2493/2274 2324/2492/2242
f 2359/2494/2275 2325/2495/2243 2324/2492/2242
f 2324/2492/2242 2358/2493/2274 2359/2494/2275
f 2360/2496/2276 2326/2497/2244 2325/2495/2243
f 2325/2495/2243 2359/2494/2275 2360/2496/2276
f 2327/2498/2245 2326/2497/2244 2360/2496/2276
f 2360/2496/2276 2361/2499/2277 2327/2498/2245
f 2328/2500/2246 2327/2498/2245 2361/2499/2277
f 2361/2499/2277 2362/2501/2278 2328/2500/2246
f 2329/2502/2247 2328/2500/2246 2362/2501/2278
f 2362/2501/2278 2363/2503/2279 2329/2502/2247
f 2364/2504/2280 2330/2505/2248 2329/2502/2247
f 2329/2502/2247 2363/2503/2279 2364/2504/2280
f 2331/2506/2249 2330/2505/2248 2364/2504/2280
f 2364/2504/2280 2365/2503/2281 2331/2506/2249
f 2332/2507/2250 2331/2506/2249 2365/2503/2281
f 2365/2503/2281 2366/2501/2282 2332/2507/2250
f 2367/2508/2283 2333/2509/2251 2332/2507/2250
f 2332/2507/2250 2366/2501/2282 2367/2508/2283
f 2368/2510/2284 2334/2511/2252 2333/2509/2251
f 2333/2509/2251 2367/2508/2283 2368/2510/2284
f 2335/2512/2253 2334/2511/2252 2368/2510/2284
f 2368/2510/2284 2369/2513/2285 2335/2512/2253
f 2370/2514/2286 2336/2515/2254 2335/2512/2253
f 2335/2512/2253 2369/2513/2285 2370/2514/2286
f 2371/2516/2287 2337/2517/2255 2336/2515/2254
f 2336/2515/2254 2370/2514/2286 2371/2516/2287
f 2372/2518/2288 2338/2519/2256 2337/2517/2255
f 2337/2517/2255 2371/2516/2287 2372/2518/2288
f 2303/2462/2221 2338/2519/2256 2372/2518/2288
f 2372/2518/2288 2339/2463/2258 2303/2462/2221
f 2339/2520/2258 2373/2521/2289 2374/2522/2290
f 2374/2522/2290 2340/2523/2257 2339/2520/2258
f 2340/2523/2257 2374/2522/2290 2375/2524/2291
f 2375/2524/2291 2341/2525/2259 2340/2523/2257
f 2342/2526/2292 2377/2527/2293 2378/2528/2294
f 2378/2528/2294 2343/2469/2261 2342/2526/2292
f 2343/2469/2261 2378/2528/2294 2379/2529/2295
f 2379/2529/2295 2344/2466/2260 2343/2469/2261
f 2344/2466/2260 2379/2529/2295 2380/2530/2296
f 2380/2530/2296 2345/2471/2262 2344/2466/2260
f 2346/2472/2263 2345/2471/2262 2380/2530/2296
f 2380/2530/2296 2381/2531/2297 2346/2472/2263
f 2346/2472/2263 2381/2531/2297 2382/2532/2298
f 2382/2532/2298 2347/2475/2264 2346/2472/2263
f 2347/2475/2264 2382/2532/2298 2383/2531/2299
f 2383/2531/2299 2348/2476/2265 2347/2475/2264
f 2348/2476/2265 2383/2531/2299 2384/2530/2300
f 2384/2530/2300 2349/2471/2266 2348/2476/2265
f 2350/2479/2267 2349/2471/2266 2384/2530/2300
f 2384/2530/2300 2385/2533/2301 2350/2479/2267
f 2351/2481/2268 2350/2479/2267 2385/2533/2301
f 2385/2533/2301 2386/2534/2302 2351/2481/2268
f 2352/2535/2303 2351/2481/2268 2386/2534/2302
f 2386/2534/2302 2387/2536/2304 2352/2535/2303
f 2354/2485/2270 2353/2484/2269 2389/2537/2305
f 2389/2537/2305 2390/2538/2306 2354/2485/2270
f 2355/2487/2271 2354/2485/2270 2390/2538/2306
f 2390/2538/2306 2391/2539/2307 2355/2487/2271
f 2356/2489/2272 2355/2487/2271 2391/2539/2307
f 2391/2539/2307 2392/2540/2308 2356/2489/2272
f 2357/2491/2273 2356/2489/2272 2392/2540/2308
f 2392/2540/2308 2393/2541/2309 2357/2491/2273
f 2358/2493/2274 2357/2491/2273 2393/2541/2309
f 2393/2541/2309 2394/2542/2310 2358/2493/2274
f 2914/2543/2311 2915/2544/2312 2916/2545/2313
f 2916/2545/2313 2395/2546/2314 2914/2543/2311
f 2941/2547/2315 2914/2543/2311 2395/2546/2314
f 2395/2546/2314 2396/2548/2316 2941/2547/2315
f 2940/2549/2317 2941/2547/2315 2396/2548/2316
f 2396/2548/2316 2397/2550/2318 2940/2549/2317
f 2939/2551/2319 2940/2549/2317 2397/2550/2318
f 2397/2550/2318 2398/2552/2320 2939/2551/2319
f 2939/2551/2319 2398/2552/2320 2399/2553/2321
f 2399/2553/2321 2938/2554/2322 2939/2551/2319
f 2937/2555/2323 2938/2554/2322 2399/2553/2321
f 2399/2553/2321 2400/2556/2324 2937/2555/2323
f 2936/2557/2325 2937/2555/2323 2400/2556/2324
f 2400/2556/2324 2401/2558/2326 2936/2557/2325
f 2935/2559/2327 2936/2557/2325 2401/2558/2326
f 2401/2558/2326 2402/2560/2328 2935/2559/2327
f 2935/2559/2327 2402/2560/2328 2403/2561/2329
f 2403/2561/2329 2934/2562/2330 2935/2559/2327
f 2934/2562/2330 2403/2561/2329 2404/2563/2331
f 2404/2563/2331 2933/2564/2332 2934/2562/2330
f 2933/2564/2332 2404/2563/2331 2405/2565/2333
f 2405/2565/2333 2932/2566/2334 2933/2564/2332
f 2932/2566/2334 2405/2565/2333 2930/2567/2335
f 2930/2567/2335 2931/2568/2336 2932/2566/2334
f 2370/2514/2286 2406/2569/2337 2407/2570/2338
f 2407/2570/2338 2371/2516/2287 2370/2514/2286
f 2371/2516/2287 2407/2570/2338 2408/2571/2339
f 2408/2571/2339 2372/2518/2288 2371/2516/2287
f 2372/2572/2288 2408/2573/2339 2373/2521/2289
f 2373/2521/2289 2339/2520/2258 2372/2572/2288
f 3386/2574/2340 3409/2575/2341 3410/2576/2342
f 3410/2576/2342 3387/2577/2343 3386/2574/2340
f 3410/2576/2342 3411/2578/2344 3388/2579/2345
f 3388/2579/2345 3387/2577/2343 3410/2576/2342
f 3411/2578/2344 3412/2580/2346 3389/2581/2347
f 3389/2581/2347 3388/2579/2345 3411/2578/2344
f 3412/2580/2346 3413/2582/2348 3390/2583/2349
f 3390/2583/2349 3389/2581/2347 3412/2580/2346
f 3413/2582/2348 3414/2584/2350 3391/2585/2351
f 3391/2585/2351 3390/2583/2349 3413/2582/2348
f 3414/2584/2350 3415/2586/2352 3392/2587/2353
f 3392/2587/2353 3391/2585/2351 3414/2584/2350
f 3415/2586/2352 3416/2588/2354 3393/2589/2355
f 3393/2589/2355 3392/2587/2353 3415/2586/2352
f 3417/2590/2356 3394/2591/2357 3393/2589/2355
f 3393/2589/2355 3416/2588/2354 3417/2590/2356
f 3417/2590/2356 3418/2592/2358 3395/2593/2358
f 3395/2593/2358 3394/2591/2357 3417/2590/2356
f 3418/2592/2358 3419/2594/2359 3396/2595/2360
f 3396/2595/2360 3395/2593/2358 3418/2592/2358
f 3419/2594/2359 3420/2596/2361 3397/2597/2362
f 3397/2597/2362 3396/2595/2360 3419/2594/2359
f 3420/2596/2361 3421/2598/2363 3398/2599/2364
f 3398/2599/2364 3397/2597/2362 3420/2596/2361
f 3421/2598/2363 3422/2600/2365 3399/2601/2366
f 3399/2601/2366 3398/2599/2364 3421/2598/2363
f 3423/2602/2367 3400/2603/2368 3399/2601/2366
f 3399/2601/2366 3422/2600/2365 3423/2602/2367
f 3423/2602/2367 3424/2604/2369 3401/2605/2370
f 3401/2605/2370 3400/2603/2368 3423/2602/2367
f 3425/2606/2371 3402/2607/2372 3401/2605/2370
f 3401/2605/2370 3424/2604/2369 3425/2606/2371
f 3426/2608/2373 3403/2609/2374 3402/2607/2372
f 3402/2607/2372 3425/2606/2371 3426/2608/2373
f 3426/2608/2373 3427/2610/2375 3404/2611/2376
f 3404/2611/2376 3403/2609/2374 3426/2608/2373
f 3427/2610/2375 3428/2612/2377 3405/2613/2378
f 3405/2613/2378 3404/2611/2376 3427/2610/2375
f 3428/2612/2377 3429/2614/2379 3406/2615/2380
f 3406/2615/2380 3405/2613/2378 3428/2612/2377
f 2429/2616/2381 2430/2617/2382 2394/2618/2310
f 2394/2618/2310 2393/2619/2309 2429/2616/2381
f 2395/2620/2314 2916/2621/2313 2917/2622/2383
f 2917/2622/2383 2918/2623/2384 2395/2620/2314
f 2396/2624/2316 2395/2620/2314 2918/2623/2384
f 2918/2623/2384 2919/2625/2385 2396/2624/2316
f 2397/2626/2318 2396/2624/2316 2919/2625/2385
f 2919/2625/2385 2920/2627/2386 2397/2626/2318
f 2398/2628/2320 2397/2626/2318 2920/2627/2386
f 2920/2627/2386 2921/2629/2387 2398/2628/2320
f 2922/2630/2388 2399/2631/2321 2398/2628/2320
f 2398/2628/2320 2921/2629/2387 2922/2630/2388
f 2400/2632/2324 2399/2631/2321 2922/2630/2388
f 2922/2630/2388 2923/2633/2389 2400/2632/2324
f 2401/2634/2326 2400/2632/2324 2923/2633/2389
f 2923/2633/2389 2924/2630/2390 2401/2634/2326
f 2402/2628/2328 2401/2634/2326 2924/2630/2390
f 2924/2630/2390 2925/2635/2391 2402/2628/2328
f 2403/2626/2329 2402/2628/2328 2925/2635/2391
f 2925/2635/2391 2926/2636/2392 2403/2626/2329
f 2404/2637/2331 2403/2626/2329 2926/2636/2392
f 2926/2636/2392 2927/2638/2393 2404/2637/2331
f 2928/2639/2394 2405/2640/2333 2404/2637/2331
f 2404/2637/2331 2927/2638/2393 2928/2639/2394
f 2929/2641/2395 2930/2642/2335 2405/2640/2333
f 2405/2640/2333 2928/2639/2394 2929/2641/2395
f 2406/2643/2337 2442/2644/2396 2443/2645/2397
f 2443/2645/2397 2407/2646/2338 2406/2643/2337
f 3407/2647/2398 3430/2648/2399 3431/2649/2400
f 3431/2649/2400 3408/2650/2401 3407/2647/2398
f 3408/2650/2401 3431/2649/2400 3409/2575/2341
f 3409/2575/2341 3386/2574/2340 3408/2650/2401
f 2446/2651/2402 2410/2652/2403 2409/2653/2404
f 2409/2653/2404 2445/2654/2405 2446/2651/2402
f 2447/2655/2406 2411/2656/2407 2410/2652/2403
f 2410/2652/2403 2446/2651/2402 2447/2655/2406
f 2448/2657/2408 2412/2658/2409 2411/2656/2407
f 2411/2656/2407 2447/2655/2406 2448/2657/2408
f 2449/2659/2410 2413/2660/2411 2412/2658/2409
f 2412/2658/2409 2448/2657/2408 2449/2659/2410
f 2414/2661/2412 2413/2660/2411 2449/2659/2410
f 2449/2659/2410 2450/2662/2413 2414/2661/2412
f 2451/2663/2414 2415/2664/2415 2414/2661/2412
f 2414/2661/2412 2450/2662/2413 2451/2663/2414
f 2452/2665/2416 2416/2666/2417 2415/2664/2415
f 2415/2664/2415 2451/2663/2414 2452/2665/2416
f 2453/2667/2418 2417/2668/2419 2416/2666/2417
f 2416/2666/2417 2452/2665/2416 2453/2667/2418
f 2454/2669/2420 2418/2670/2420 2417/2668/2419
f 2417/2668/2419 2453/2667/2418 2454/2669/2420
f 2455/2671/2421 2419/2672/2422 2418/2670/2420
f 2418/2670/2420 2454/2669/2420 2455/2671/2421
f 2456/2673/2423 2420/2674/2424 2419/2672/2422
f 2419/2672/2422 2455/2671/2421 2456/2673/2423
f 2457/2675/2425 2421/2676/2426 2420/2674/2424
f 2420/2674/2424 2456/2673/2423 2457/2675/2425
f 2458/2677/2427 2422/2678/2428 2421/2676/2426
f 2421/2676/2426 2457/2675/2425 2458/2677/2427
f 2459/2679/2429 2423/2680/2430 2422/2678/2428
f 2422/2678/2428 2458/2677/2427 2459/2679/2429
f 2460/2681/2431 2424/2682/2432 2423/2680/2430
f 2423/2680/2430 2459/2679/2429 2460/2681/2431
f 2461/2683/2433 2425/2684/2434 2424/2682/2432
f 2424/2682/2432 2460/2681/2431 2461/2683/2433
f 2462/2685/2435 2426/2686/2436 2425/2684/2434
f 2425/2684/2434 2461/2683/2433 2462/2685/2435
f 2427/2687/2437 2426/2686/2436 2462/2685/2435
f 2462/2685/2435 2463/2688/2438 2427/2687/2437
f 3452/2689/2439 3433/2690/2440 3432/2691/2441
f 3432/2691/2441 3451/2692/2442 3452/2689/2439
f 3453/2693/2443 3434/2694/2444 3433/2690/2440
f 3433/2690/2440 3452/2689/2439 3453/2693/2443
f 3435/2695/2445 3434/2694/2444 3453/2693/2443
f 3453/2693/2443 3454/2696/2446 3435/2695/2445
f 3455/2697/2447 3436/2698/2448 3435/2695/2445
f 3435/2695/2445 3454/2696/2446 3455/2697/2447
f 3456/2699/2449 3437/2700/2450 3436/2698/2448
f 3436/2698/2448 3455/2697/2447 3456/2699/2449
f 3457/2701/2451 3438/2702/2452 3437/2700/2450
f 3437/2700/2450 3456/2699/2449 3457/2701/2451
f 3458/2703/2453 3439/2704/2454 3438/2702/2452
f 3438/2702/2452 3457/2701/2451 3458/2703/2453
f 3440/2705/2455 3439/2704/2454 3458/2703/2453
f 3458/2703/2453 3459/2706/2456 3440/2705/2455
f 3441/2707/2457 3440/2705/2455 3459/2706/2456
f 3459/2706/2456 3460/2708/2457 3441/2707/2457
f 3442/2709/2458 3441/2707/2457 3460/2708/2457
f 3460/2708/2457 3461/2706/2459 3442/2709/2458
f 3462/2710/2460 3443/2711/2461 3442/2709/2458
f 3442/2709/2458 3461/2706/2459 3462/2710/2460
f 3444/2712/2462 3443/2711/2461 3462/2710/2460
f 3462/2710/2460 3463/2713/2463 3444/2712/2462
f 3445/2714/2464 3444/2712/2462 3463/2713/2463
f 3463/2713/2463 3464/2715/2465 3445/2714/2464
f 3465/2716/2466 3446/2717/2467 3445/2714/2464
f 3445/2714/2464 3464/2715/2465 3465/2716/2466
f 3466/2718/2468 3447/2719/2469 3446/2717/2467
f 3446/2717/2467 3465/2716/2466 3466/2718/2468
f 3467/2720/2470 3448/2721/2471 3447/2719/2469
f 3447/2719/2469 3466/2718/2468 3467/2720/2470
f 3468/2722/2472 3449/2723/2473 3448/2721/2471
f 3448/2721/2471 3467/2720/2470 3468/2722/2472
f 3469/2724/2474 3450/2725/2475 3449/2723/2473
f 3449/2723/2473 3468/2722/2472 3469/2724/2474
f 2465/2726/2476 2464/2727/2477 2483/2728/2478
f 2483/2728/2478 2484/2729/2479 2465/2726/2476
f 2466/2730/2480 2465/2726/2476 2484/2729/2479
f 2484/2729/2479 2485/2731/2481 2466/2730/2480
f 2486/2732/2482 2467/2733/2483 2466/2730/2480
f 2466/2730/2480 2485/2731/2481 2486/2732/2482
f 2468/2734/2484 2467/2733/2483 2486/2732/2482
f 2486/2732/2482 2487/2735/2485 2468/2734/2484
f 2469/2736/2486 2468/2734/2484 2487/2735/2485
f 2487/2735/2485 2488/2737/2487 2469/2736/2486
f 2489/2738/2488 2470/2739/2489 2469/2736/2486
f 2469/2736/2486 2488/2737/2487 2489/2738/2488
f 2471/2740/2490 2470/2739/2489 2489/2738/2488
f 2489/2738/2488 2490/2741/2491 2471/2740/2490
f 2472/2742/2492 2471/2740/2490 2490/2741/2491
f 2490/2741/2491 2491/2743/2493 2472/2742/2492
f 2492/2744/2494 2473/2745/2495 2472/2742/2492
f 2472/2742/2492 2491/2743/2493 2492/2744/2494
f 2493/2743/2496 2474/2742/2497 2473/2745/2495
f 2473/2745/2495 2492/2744/2494 2493/2743/2496
f 2475/2740/2498 2474/2742/2497 2493/2743/2496
f 2493/2743/2496 2494/2746/2499 2475/2740/2498
f 2495/2747/2500 2476/2739/2501 2475/2740/2498
f 2475/2740/2498 2494/2746/2499 2495/2747/2500
f 2496/2748/2502 2477/2749/2503 2476/2739/2501
f 2476/2739/2501 2495/2747/2500 2496/2748/2502
f 2478/2750/2504 2477/2749/2503 2496/2748/2502
f 2496/2748/2502 2497/2751/2505 2478/2750/2504
f 2479/2752/2506 2478/2750/2504 2497/2751/2505
f 2497/2751/2505 2498/2753/2507 2479/2752/2506
f 2480/2754/2508 2479/2752/2506 2498/2753/2507
f 2498/2753/2507 2499/2755/2509 2480/2754/2508
f 2481/2756/2510 2480/2754/2508 2499/2755/2509
f 2499/2755/2509 2500/2757/2511 2481/2756/2510
f 2482/2758/2512 2481/2756/2510 2500/2757/2511
f 2500/2757/2511 2501/2759/2513 2482/2758/2512
f 2484/2729/2479 2483/2728/2478 2502/2760/2514
f 2502/2760/2514 2503/2761/2515 2484/2729/2479
f 2485/2731/2481 2484/2729/2479 2503/2761/2515
f 2503/2761/2515 2504/2762/2516 2485/2731/2481
f 2486/2732/2482 2485/2731/2481 2504/2762/2516
f 2504/2762/2516 2505/2763/2517 2486/2732/2482
f 2506/2764/2518 2487/2735/2485 2486/2732/2482
f 2486/2732/2482 2505/2763/2517 2506/2764/2518
f 2488/2737/2487 2487/2735/2485 2506/2764/2518
f 2506/2764/2518 2507/2765/2519 2488/2737/2487
f 2489/2738/2488 2488/2737/2487 2507/2765/2519
f 2507/2765/2519 2508/2766/2520 2489/2738/2488
f 2490/2741/2491 2489/2738/2488 2508/2766/2520
f 2508/2766/2520 2509/2767/2521 2490/2741/2491
f 2510/2768/2522 2491/2743/2493 2490/2741/2491
f 2490/2741/2491 2509/2767/2521 2510/2768/2522
f 2511/2769/2523 2492/2744/2494 2491/2743/2493
f 2491/2743/2493 2510/2768/2522 2511/2769/2523
f 2493/2743/2496 2492/2744/2494 2511/2769/2523
f 2511/2769/2523 2512/2768/2524 2493/2743/2496
f 2513/2770/2525 2494/2746/2499 2493/2743/2496
f 2493/2743/2496 2512/2768/2524 2513/2770/2525
f 2514/2771/2526 2495/2747/2500 2494/2746/2499
f 2494/2746/2499 2513/2770/2525 2514/2771/2526
f 2496/2748/2502 2495/2747/2500 2514/2771/2526
f 2514/2771/2526 2515/2772/2527 2496/2748/2502
f 2497/2751/2505 2496/2748/2502 2515/2772/2527
f 2515/2772/2527 2516/2773/2528 2497/2751/2505
f 2498/2753/2507 2497/2751/2505 2516/2773/2528
f 2516/2773/2528 2517/2774/2529 2498/2753/2507
f 2499/2755/2509 2498/2753/2507 2517/2774/2529
f 2517/2774/2529 2518/2775/2530 2499/2755/2509
f 2519/2776/2531 2500/2757/2511 2499/2755/2509
f 2499/2755/2509 2518/2775/2530 2519/2776/2531
f 2520/2777/2532 2501/2759/2513 2500/2757/2511
f 2500/2757/2511 2519/2776/2531 2520/2777/2532
f 2522/2778/2533 2503/2761/2515 2502/2760/2514
f 2502/2760/2514 2521/2779/2534 2522/2778/2533
f 2504/2762/2516 2503/2761/2515 2522/2778/2533
f 2522/2778/2533 2523/2780/2535 2504/2762/2516
f 2524/2781/2536 2505/2763/2517 2504/2762/2516
f 2504/2762/2516 2523/2780/2535 2524/2781/2536
f 2525/2782/2537 2506/2764/2518 2505/2763/2517
f 2505/2763/2517 2524/2781/2536 2525/2782/2537
f 2507/2765/2519 2506/2764/2518 2525/2782/2537
f 2525/2782/2537 2526/2783/2538 2507/2765/2519
f 2508/2766/2520 2507/2765/2519 2526/2783/2538
f 2526/2783/2538 2527/2784/2539 2508/2766/2520
f 2509/2767/2521 2508/2766/2520 2527/2784/2539
f 2527/2784/2539 2528/2785/2540 2509/2767/2521
f 2529/2786/2541 2510/2768/2522 2509/2767/2521
f 2509/2767/2521 2528/2785/2540 2529/2786/2541
f 2511/2769/2523 2510/2768/2522 2529/2786/2541
f 2529/2786/2541 2530/2787/2542 2511/2769/2523
f 2512/2768/2524 2511/2769/2523 2530/2787/2542
f 2530/2787/2542 2531/2786/2543 2512/2768/2524
f 2513/2770/2525 2512/2768/2524 2531/2786/2543
f 2531/2786/2543 2532/2785/2544 2513/2770/2525
f 2514/2771/2526 2513/2770/2525 2532/2785/2544
f 2532/2785/2544 2533/2784/2545 2514/2771/2526
f 2534/2788/2546 2515/2772/2527 2514/2771/2526
f 2514/2771/2526 2533/2784/2545 2534/2788/2546
f 2535/2789/2547 2516/2773/2528 2515/2772/2527
f 2515/2772/2527 2534/2788/2546 2535/2789/2547
f 2536/2790/2548 2517/2774/2529 2516/2773/2528
f 2516/2773/2528 2535/2789/2547 2536/2790/2548
f 2518/2775/2530 2517/2774/2529 2536/2790/2548
f 2536/2790/2548 2537/2791/2549 2518/2775/2530
f 2519/2776/2531 2518/2775/2530 2537/2791/2549
f 2537/2791/2549 2538/2792/2550 2519/2776/2531
f 2539/2793/2551 2520/2777/2532 2519/2776/2531
f 2519/2776/2531 2538/2792/2550 2539/2793/2551
f 2522/2778/2533 2521/2779/2534 2540/2794/2552
f 2540/2794/2552 2541/2795/2553 2522/2778/2533
f 2542/2796/2554 2523/2780/2535 2522/2778/2533
f 2522/2778/2533 2541/2795/2553 2542/2796/2554
f 2524/2781/2536 2523/2780/2535 2542/2796/2554
f 2542/2796/2554 2543/2797/2555 2524/2781/2536
f 2544/2798/2556 2525/2782/2537 2524/2781/2536
f 2524/2781/2536 2543/2797/2555 2544/2798/2556
f 2545/2799/2557 2526/2783/2538 2525/2782/2537
f 2525/2782/2537 2544/2798/2556 2545/2799/2557
f 2546/2800/2558 2527/2784/2539 2526/2783/2538
f 2526/2783/2538 2545/2799/2557 2546/2800/2558
f 2547/2801/2559 2528/2785/2540 2527/2784/2539
f 2527/2784/2539 2546/2800/2558 2547/2801/2559
f 2529/2786/2541 2528/2785/2540 2547/2801/2559
f 2547/2801/2559 2548/2802/2560 2529/2786/2541
f 2549/2803/2561 2530/2787/2542 2529/2786/2541
f 2529/2786/2541 2548/2802/2560 2549/2803/2561
f 2550/2804/2562 2531/2786/2543 2530/2787/2542
f 2530/2787/2542 2549/2803/2561 2550/2804/2562
f 2532/2785/2544 2531/2786/2543 2550/2804/2562
f 2550/2804/2562 2551/2805/2563 2532/2785/2544
f 2533/2784/2545 2532/2785/2544 2551/2805/2563
f 2551/2805/2563 2552/2806/2564 2533/2784/2545
f 2534/2788/2546 2533/2784/2545 2552/2806/2564
f 2552/2806/2564 2553/2807/2565 2534/2788/2546
f 2535/2789/2547 2534/2788/2546 2553/2807/2565
f 2553/2807/2565 2554/2808/2566 2535/2789/2547
f 2536/2790/2548 2535/2789/2547 2554/2808/2566
f 2554/2808/2566 2555/2809/2567 2536/2790/2548
f 2556/2810/2568 2537/2791/2549 2536/2790/2548
f 2536/2790/2548 2555/2809/2567 2556/2810/2568
f 2538/2792/2550 2537/2791/2549 2556/2810/2568
f 2556/2810/2568 2557/2811/2569 2538/2792/2550
f 2539/2793/2551 2538/2792/2550 2557/2811/2569
f 2557/2811/2569 2558/2812/2570 2539/2793/2551
f 2560/2813/2571 2541/2795/2553 2540/2794/2552
f 2540/2794/2552 2559/2814/2572 2560/2813/2571
f 2542/2796/2554 2541/2795/2553 2560/2813/2571
f 2560/2813/2571 2561/2815/2573 2542/2796/2554
f 2543/2797/2555 2542/2796/2554 2561/2815/2573
f 2561/2815/2573 2562/2816/2574 2543/2797/2555
f 2563/2817/2575 2544/2798/2556 2543/2797/2555
f 2543/2797/2555 2562/2816/2574 2563/2817/2575
f 2545/2799/2557 2544/2798/2556 2563/2817/2575
f 2563/2817/2575 2564/2818/2576 2545/2799/2557
f 2565/2819/2577 2546/2800/2558 2545/2799/2557
f 2545/2799/2557 2564/2818/2576 2565/2819/2577
f 2566/2820/2578 2547/2801/2559 2546/2800/2558
f 2546/2800/2558 2565/2819/2577 2566/2820/2578
f 2567/2821/2579 2548/2802/2560 2547/2801/2559
f 2547/2801/2559 2566/2820/2578 2567/2821/2579
f 2549/2803/2561 2548/2802/2560 2567/2821/2579
f 2567/2821/2579 2568/2822/2580 2549/2803/2561
f 2569/2821/2581 2550/2804/2562 2549/2803/2561
f 2549/2803/2561 2568/2822/2580 2569/2821/2581
f 2551/2805/2563 2550/2804/2562 2569/2821/2581
f 2569/2821/2581 2570/2820/2582 2551/2805/2563
f 2552/2806/2564 2551/2805/2563 2570/2820/2582
f 2570/2820/2582 2571/2819/2583 2552/2806/2564
f 2553/2807/2565 2552/2806/2564 2571/2819/2583
f 2571/2819/2583 2572/2823/2584 2553/2807/2565
f 2573/2824/2585 2554/2808/2566 2553/2807/2565
f 2553/2807/2565 2572/2823/2584 2573/2824/2585
f 2574/2825/2586 2555/2809/2567 2554/2808/2566
f 2554/2808/2566 2573/2824/2585 2574/2825/2586
f 2556/2810/2568 2555/2809/2567 2574/2825/2586
f 2574/2825/2586 2575/2826/2587 2556/2810/2568
f 2557/2811/2569 2556/2810/2568 2575/2826/2587
f 2575/2826/2587 2576/2827/2588 2557/2811/2569
f 2577/2828/2589 2558/2812/2570 2557/2811/2569
f 2557/2811/2569 2576/2827/2588 2577/2828/2589
f 2579/2829/2590 2560/2813/2571 2559/2814/2572
f 2559/2814/2572 2578/2830/2591 2579/2829/2590
f 2561/2815/2573 2560/2813/2571 2579/2829/2590
f 2579/2829/2590 2580/2831/2592 2561/2815/2573
f 2581/2832/2593 2562/2816/2574 2561/2815/2573
f 2561/2815/2573 2580/2831/2592 2581/2832/2593
f 2563/2817/2575 2562/2816/2574 2581/2832/2593
f 2581/2832/2593 2582/2833/2594 2563/2817/2575
f 2564/2818/2576 2563/2817/2575 2582/2833/2594
f 2582/2833/2594 2583/2834/2595 2564/2818/2576
f 2584/2835/2596 2565/2819/2577 2564/2818/2576
f 2564/2818/2576 2583/2834/2595 2584/2835/2596
f 2566/2820/2578 2565/2819/2577 2584/2835/2596
f 2584/2835/2596 2585/2836/2597 2566/2820/2578
f 2586/2837/2598 2567/2821/2579 2566/2820/2578
f 2566/2820/2578 2585/2836/2597 2586/2837/2598
f 2568/2822/2580 2567/2821/2579 2586/2837/2598
f 2586/2837/2598 2587/2838/2599 2568/2822/2580
f 2569/2821/2581 2568/2822/2580 2587/2838/2599
f 2587/2838/2599 2588/2839/2600 2569/2821/2581
f 2570/2820/2582 2569/2821/2581 2588/2839/2600
f 2588/2839/2600 2589/2840/2601 2570/2820/2582
f 2590/2841/2602 2571/2819/2583 2570/2820/2582
f 2570/2820/2582 2589/2840/2601 2590/2841/2602
f 2591/2842/2603 2572/2823/2584 2571/2819/2583
f 2571/2819/2583 2590/2841/2602 2591/2842/2603
f 2592/2843/2604 2573/2824/2585 2572/2823/2584
f 2572/2823/2584 2591/2842/2603 2592/2843/2604
f 2593/2844/2605 2574/2825/2586 2573/2824/2585
f 2573/2824/2585 2592/2843/2604 2593/2844/2605
f 2575/2826/2587 2574/2825/2586 2593/2844/2605
f 2593/2844/2605 2594/2845/2606 2575/2826/2587
f 2595/2846/2607 2576/2827/2588 2575/2826/2587
f 2575/2826/2587 2594/2845/2606 2595/2846/2607
f 2577/2828/2589 2576/2827/2588 2595/2846/2607
f 2595/2846/2607 2596/2847/2608 2577/2828/2589
f 2579/2829/2590 2578/2830/2591 2597/2848/2609
f 2597/2848/2609 2598/2849/2610 2579/2829/2590
f 2599/2850/2611 2580/2831/2592 2579/2829/2590
f 2579/2829/2590 2598/2849/2610 2599/2850/2611
f 2581/2832/2593 2580/2831/2592 2599/2850/2611
f 2599/2850/2611 2600/2851/2612 2581/2832/2593
f 2601/2852/2613 2582/2833/2594 2581/2832/2593
f 2581/2832/2593 2600/2851/2612 2601/2852/2613
f 2583/2834/2595 2582/2833/2594 2601/2852/2613
f 2601/2852/2613 2602/2853/2614 2583/2834/2595
f 2603/2854/2615 2584/2835/2596 2583/2834/2595
f 2583/2834/2595 2602/2853/2614 2603/2854/2615
f 2604/2855/2616 2585/2836/2597 2584/2835/2596
f 2584/2835/2596 2603/2854/2615 2604/2855/2616
f 2586/2837/2598 2585/2836/2597 2604/2855/2616
f 2604/2855/2616 2605/2856/2617 2586/2837/2598
f 2606/2857/2618 2587/2838/2599 2586/2837/2598
f 2586/2837/2598 2605/2856/2617 2606/2857/2618
f 2607/2858/2619 2588/2839/2600 2587/2838/2599
f 2587/2838/2599 2606/2857/2618 2607/2858/2619
f 2589/2840/2601 2588/2839/2600 2607/2858/2619
f 2607/2858/2619 2608/2859/2620 2589/2840/2601
f 2609/2860/2621 2590/2841/2602 2589/2840/2601
f 2589/2840/2601 2608/2859/2620 2609/2860/2621
f 2591/2842/2603 2590/2841/2602 2609/2860/2621
f 2609/2860/2621 2610/2861/2622 2591/2842/2603
f 2592/2843/2604 2591/2842/2603 2610/2861/2622
f 2610/2861/2622 2611/2862/2623 2592/2843/2604
f 2593/2844/2605 2592/2843/2604 2611/2862/2623
f 2611/2862/2623 2612/2863/2624 2593/2844/2605
f 2594/2845/2606 2593/2844/2605 2612/2863/2624
f 2612/2863/2624 2613/2864/2625 2594/2845/2606
f 2595/2846/2607 2594/2845/2606 2613/2864/2625
f 2613/2864/2625 2614/2865/2626 2595/2846/2607
f 2615/2866/2627 2596/2847/2608 2595/2846/2607
f 2595/2846/2607 2614/2865/2626 2615/2866/2627
f 2617/2867/2628 2598/2849/2610 2597/2848/2609
f 2597/2848/2609 2616/2868/2629 2617/2867/2628
f 2599/2850/2611 2598/2849/2610 2617/2867/2628
f 2617/2867/2628 2618/2869/2630 2599/2850/2611
f 2619/2870/2631 2600/2851/2612 2599/2850/2611
f 2599/2850/2611 2618/2869/2630 2619/2870/2631
f 2601/2852/2613 2600/2851/2612 2619/2870/2631
f 2619/2870/2631 2620/2871/2632 2601/2852/2613
f 2602/2853/2614 2601/2852/2613 2620/2871/2632
f 2620/2871/2632 2621/2872/2633 2602/2853/2614
f 2603/2854/2615 2602/2853/2614 2621/2872/2633
f 2621/2872/2633 2622/2873/2634 2603/2854/2615
f 2604/2855/2616 2603/2854/2615 2622/2873/2634
f 2622/2873/2634 2623/2874/2635 2604/2855/2616
f 2624/2875/2636 2605/2856/2617 2604/2855/2616
f 2604/2855/2616 2623/2874/2635 2624/2875/2636
f 2606/2857/2618 2605/2856/2617 2624/2875/2636
f 2624/2875/2636 2625/2876/2637 2606/2857/2618
f 2607/2858/2619 2606/2857/2618 2625/2876/2637
f 2625/2876/2637 2626/2875/2638 2607/2858/2619
f 2627/2874/2639 2608/2859/2620 2607/2858/2619
f 2607/2858/2619 2626/2875/2638 2627/2874/2639
f 2609/2860/2621 2608/2859/2620 2627/2874/2639
f 2627/2874/2639 2628/2877/2640 2609/2860/2621
f 2629/2878/2641 2610/2861/2622 2609/2860/2621
f 2609/2860/2621 2628/2877/2640 2629/2878/2641
f 2630/2879/2642 2611/2862/2623 2610/2861/2622
f 2610/2861/2622 2629/2878/2641 2630/2879/2642
f 2631/2880/2643 2612/2863/2624 2611/2862/2623
f 2611/2862/2623 2630/2879/2642 2631/2880/2643
f 2632/2881/2644 2613/2864/2625 2612/2863/2624
f 2612/2863/2624 2631/2880/2643 2632/2881/2644
f 2614/2865/2626 2613/2864/2625 2632/2881/2644
f 2632/2881/2644 2633/2882/2645 2614/2865/2626
f 2634/2883/2646 2615/2866/2627 2614/2865/2626
f 2614/2865/2626 2633/2882/2645 2634/2883/2646
f 2617/2867/2628 2616/2868/2629 2635/2884/2647
f 2635/2884/2647 2636/2885/2648 2617/2867/2628
f 2637/2886/2649 2618/2869/2630 2617/2867/2628
f 2617/2867/2628 2636/2885/2648 2637/2886/2649
f 2638/2887/2650 2619/2870/2631 2618/2869/2630
f 2618/2869/2630 2637/2886/2649 2638/2887/2650
f 2639/2888/2651 2620/2871/2632 2619/2870/2631
f 2619/2870/2631 2638/2887/2650 2639/2888/2651
f 2640/2889/2652 2621/2872/2633 2620/2871/2632
f 2620/2871/2632 2639/2888/2651 2640/2889/2652
f 2622/2873/2634 2621/2872/2633 2640/2889/2652
f 2640/2889/2652 2641/2890/2653 2622/2873/2634
f 2642/2891/2654 2623/2874/2635 2622/2873/2634
f 2622/2873/2634 2641/2890/2653 2642/2891/2654
f 2624/2875/2636 2623/2874/2635 2642/2891/2654
f 2642/2891/2654 2643/2892/2655 2624/2875/2636
f 2644/2893/2656 2625/2876/2637 2624/2875/2636
f 2624/2875/2636 2643/2892/2655 2644/2893/2656
f 2645/2894/2657 2626/2875/2638 2625/2876/2637
f 2625/2876/2637 2644/2893/2656 2645/2894/2657
f 2627/2874/2639 2626/2875/2638 2645/2894/2657
f 2645/2894/2657 2646/2895/2658 2627/2874/2639
f 2647/2896/2659 2628/2877/2640 2627/2874/2639
f 2627/2874/2639 2646/2895/2658 2647/2896/2659
f 2629/2878/2641 2628/2877/2640 2647/2896/2659
f 2647/2896/2659 2648/2897/2660 2629/2878/2641
f 2649/2898/2661 2630/2879/2642 2629/2878/2641
f 2629/2878/2641 2648/2897/2660 2649/2898/2661
f 2631/2880/2643 2630/2879/2642 2649/2898/2661
f 2649/2898/2661 2650/2899/2662 2631/2880/2643
f 2651/2900/2663 2632/2881/2644 2631/2880/2643
f 2631/2880/2643 2650/2899/2662 2651/2900/2663
f 2633/2882/2645 2632/2881/2644 2651/2900/2663
f 2651/2900/2663 2652/2901/2664 2633/2882/2645
f 2653/2902/2665 2634/2883/2646 2633/2882/2645
f 2633/2882/2645 2652/2901/2664 2653/2902/2665
f 2636/2885/2648 2635/2884/2647 2654/2903/2666
f 2654/2903/2666 2655/2904/2667 2636/2885/2648
f 2656/2905/2668 2637/2886/2649 2636/2885/2648
f 2636/2885/2648 2655/2904/2667 2656/2905/2668
f 2638/2887/2650 2637/2886/2649 2656/2905/2668
f 2656/2905/2668 2657/2906/2669 2638/2887/2650
f 2658/2907/2670 2639/2888/2651 2638/2887/2650
f 2638/2887/2650 2657/2906/2669 2658/2907/2670
f 2640/2889/2652 2639/2888/2651 2658/2907/2670
f 2658/2907/2670 2659/2908/2671 2640/2889/2652
f 2660/2909/2672 2641/2890/2653 2640/2889/2652
f 2640/2889/2652 2659/2908/2671 2660/2909/2672
f 2661/2910/2673 2642/2891/2654 2641/2890/2653
f 2641/2890/2653 2660/2909/2672 2661/2910/2673
f 2643/2892/2655 2642/2891/2654 2661/2910/2673
f 2661/2910/2673 2662/2911/2674 2643/2892/2655
f 2663/2912/2675 2644/2893/2656 2643/2892/2655
f 2643/2892/2655 2662/2911/2674 2663/2912/2675
f 2664/2911/2676 2645/2894/2657 2644/2893/2656
f 2644/2893/2656 2663/2912/2675 2664/2911/2676
f 2646/2895/2658 2645/2894/2657 2664/2911/2676
f 2664/2911/2676 2665/2910/2677 2646/2895/2658
f 2666/2913/2678 2647/2896/2659 2646/2895/2658
f 2646/2895/2658 2665/2910/2677 2666/2913/2678
f 2648/2897/2660 2647/2896/2659 2666/2913/2678
f 2666/2913/2678 2667/2908/2679 2648/2897/2660
f 2668/2914/2680 2649/2898/2661 2648/2897/2660
f 2648/2897/2660 2667/2908/2679 2668/2914/2680
f 2650/2899/2662 2649/2898/2661 2668/2914/2680
f 2668/2914/2680 2669/2915/2681 2650/2899/2662
f 2651/2900/2663 2650/2899/2662 2669/2915/2681
f 2669/2915/2681 2670/2916/2682 2651/2900/2663
f 2671/2917/2683 2652/2901/2664 2651/2900/2663
f 2651/2900/2663 2670/2916/2682 2671/2917/2683
f 2672/2918/2684 2653/2902/2665 2652/2901/2664
f 2652/2901/2664 2671/2917/2683 2672/2918/2684
f 2655/2904/2667 2654/2903/2666 2673/2919/2685
f 2673/2919/2685 2674/2920/2686 2655/2904/2667
f 2675/2921/2687 2656/2905/2668 2655/2904/2667
f 2655/2904/2667 2674/2920/2686 2675/2921/2687
f 2676/2922/2688 2657/2906/2669 2656/2905/2668
f 2656/2905/2668 2675/2921/2687 2676/2922/2688
f 2658/2907/2670 2657/2906/2669 2676/2922/2688
f 2676/2922/2688 2677/2923/2689 2658/2907/2670
f 2678/2924/2690 2659/2908/2671 2658/2907/2670
f 2658/2907/2670 2677/2923/2689 2678/2924/2690
f 2660/2909/2672 2659/2908/2671 2678/2924/2690
f 2678/2924/2690 2679/2925/2691 2660/2909/2672
f 2680/2926/2692 2661/2910/2673 2660/2909/2672
f 2660/2909/2672 2679/2925/2691 2680/2926/2692
f 2662/2911/2674 2661/2910/2673 2680/2926/2692
f 2680/2926/2692 2681/2927/2693 2662/2911/2674
f 2682/2928/2694 2663/2912/2675 2662/2911/2674
f 2662/2911/2674 2681/2927/2693 2682/2928/2694
f 2683/2929/2695 2664/2911/2676 2663/2912/2675
f 2663/2912/2675 2682/2928/2694 2683/2929/2695
f 2665/2910/2677 2664/2911/2676 2683/2929/2695
f 2683/2929/2695 2684/2930/2696 2665/2910/2677
f 2685/2931/2697 2666/2913/2678 2665/2910/2677
f 2665/2910/2677 2684/2930/2696 2685/2931/2697
f 2686/2932/2698 2667/2908/2679 2666/2913/2678
f 2666/2913/2678 2685/2931/2697 2686/2932/2698
f 2668/2914/2680 2667/2908/2679 2686/2932/2698
f 2686/2932/2698 2687/2933/2699 2668/2914/2680
f 2688/2934/2700 2669/2915/2681 2668/2914/2680
f 2668/2914/2680 2687/2933/2699 2688/2934/2700
f 2689/2935/2701 2670/2916/2682 2669/2915/2681
f 2669/2915/2681 2688/2934/2700 2689/2935/2701
f 2671/2917/2683 2670/2916/2682 2689/2935/2701
f 2689/2935/2701 2690/2936/2702 2671/2917/2683
f 2672/2918/2684 2671/2917/2683 2690/2936/2702
f 2690/2936/2702 2691/2937/2703 2672/2918/2684
f 2693/2938/2704 2674/2920/2686 2673/2919/2685
f 2673/2919/2685 2692/2939/2705 2693/2938/2704
f 2675/2921/2687 2674/2920/2686 2693/2938/2704
f 2693/2938/2704 2694/2940/2706 2675/2921/2687
f 2676/2922/2688 2675/2921/2687 2694/2940/2706
f 2694/2940/2706 2695/2941/2707 2676/2922/2688
f 2696/2942/2708 2677/2923/2689 2676/2922/2688
f 2676/2922/2688 2695/2941/2707 2696/2942/2708
f 2697/2943/2709 2678/2924/2690 2677/2923/2689
f 2677/2923/2689 2696/2942/2708 2697/2943/2709
f 2698/2944/2710 2679/2925/2691 2678/2924/2690
f 2678/2924/2690 2697/2943/2709 2698/2944/2710
f 2680/2926/2692 2679/2925/2691 2698/2944/2710
f 2698/2944/2710 2699/2945/2711 2680/2926/2692
f 2700/2946/2712 2681/2927/2693 2680/2926/2692
f 2680/2926/2692 2699/2945/2711 2700/2946/2712
f 2682/2928/2694 2681/2927/2693 2700/2946/2712
f 2700/2946/2712 2701/2947/2713 2682/2928/2694
f 2702/2946/2714 2683/2929/2695 2682/2928/2694
f 2682/2928/2694 2701/2947/2713 2702/2946/2714
f 2703/2945/2715 2684/2930/2696 2683/2929/2695
f 2683/2929/2695 2702/2946/2714 2703/2945/2715
f 2685/2931/2697 2684/2930/2696 2703/2945/2715
f 2703/2945/2715 2704/2944/2716 2685/2931/2697
f 2686/2932/2698 2685/2931/2697 2704/2944/2716
f 2704/2944/2716 2705/2948/2717 2686/2932/2698
f 2706/2942/2718 2687/2933/2699 2686/2932/2698
f 2686/2932/2698 2705/2948/2717 2706/2942/2718
f 2688/2934/2700 2687/2933/2699 2706/2942/2718
f 2706/2942/2718 2707/2949/2719 2688/2934/2700
f 2689/2935/2701 2688/2934/2700 2707/2949/2719
f 2707/2949/2719 2708/2950/2720 2689/2935/2701
f 2709/2951/2721 2690/2936/2702 2689/2935/2701
f 2689/2935/2701 2708/2950/2720 2709/2951/2721
f 2710/2952/2722 2691/2937/2703 2690/2936/2702
f 2690/2936/2702 2709/2951/2721 2710/2952/2722
f 2712/2953/2723 2693/2938/2704 2692/2939/2705
f 2692/2939/2705 2711/2954/2724 2712/2953/2723
f 2694/2940/2706 2693/2938/2704 2712/2953/2723
f 2712/2953/2723 2713/2955/2725 2694/2940/2706
f 2714/2956/2726 2695/2941/2707 2694/2940/2706
f 2694/2940/2706 2713/2955/2725 2714/2956/2726
f 2715/2957/2727 2696/2942/2708 2695/2941/2707
f 2695/2941/2707 2714/2956/2726 2715/2957/2727
f 2716/2958/2728 2697/2943/2709 2696/2942/2708
f 2696/2942/2708 2715/2957/2727 2716/2958/2728
f 2698/2944/2710 2697/2943/2709 2716/2958/2728
f 2716/2958/2728 2717/2959/2729 2698/2944/2710
f 2699/2945/2711 2698/2944/2710 2717/2959/2729
f 2717/2959/2729 2718/2960/2730 2699/2945/2711
f 2719/2961/2731 2700/2946/2712 2699/2945/2711
f 2699/2945/2711 2718/2960/2730 2719/2961/2731
f 2701/2947/2713 2700/2946/2712 2719/2961/2731
f 2719/2961/2731 2720/2962/2732 2701/2947/2713
f 2702/2946/2714 2701/2947/2713 2720/2962/2732
f 2720/2962/2732 2721/2961/2733 2702/2946/2714
f 2722/2960/2734 2703/2945/2715 2702/2946/2714
f 2702/2946/2714 2721/2961/2733 2722/2960/2734
f 2723/2959/2735 2704/2944/2716 2703/2945/2715
f 2703/2945/2715 2722/2960/2734 2723/2959/2735
f 2705/2948/2717 2704/2944/2716 2723/2959/2735
f 2723/2959/2735 2724/2958/2736 2705/2948/2717
f 2725/2957/2737 2706/2942/2718 2705/2948/2717
f 2705/2948/2717 2724/2958/2736 2725/2957/2737
f 2707/2949/2719 2706/2942/2718 2725/2957/2737
f 2725/2957/2737 2726/2956/2738 2707/2949/2719
f 2727/2955/2739 2708/2950/2720 2707/2949/2719
f 2707/2949/2719 2726/2956/2738 2727/2955/2739
f 2709/2951/2721 2708/2950/2720 2727/2955/2739
f 2727/2955/2739 2728/2963/2740 2709/2951/2721
f 2729/2964/2741 2710/2952/2722 2709/2951/2721
f 2709/2951/2721 2728/2963/2740 2729/2964/2741
f 2731/2965/2742 2712/2953/2723 2711/2954/2724
f 2711/2954/2724 2730/2966/2743 2731/2965/2742
f 2732/2967/2744 2713/2955/2725 2712/2953/2723
f 2712/2953/2723 2731/2965/2742 2732/2967/2744
f 2714/2956/2726 2713/2955/2725 2732/2967/2744
f 2732/2967/2744 2733/2968/2745 2714/2956/2726
f 2734/2969/2746 2715/2957/2727 2714/2956/2726
f 2714/2956/2726 2733/2968/2745 2734/2969/2746
f 2716/2958/2728 2715/2957/2727 2734/2969/2746
f 2734/2969/2746 2735/2970/2747 2716/2958/2728
f 2717/2959/2729 2716/2958/2728 2735/2970/2747
f 2735/2970/2747 2736/2971/2748 2717/2959/2729
f 2737/2972/2749 2718/2960/2730 2717/2959/2729
f 2717/2959/2729 2736/2971/2748 2737/2972/2749
f 2719/2961/2731 2718/2960/2730 2737/2972/2749
f 2737/2972/2749 2738/2973/2750 2719/2961/2731
f 2720/2962/2732 2719/2961/2731 2738/2973/2750
f 2738/2973/2750 2739/2974/2751 2720/2962/2732
f 2721/2961/2733 2720/2962/2732 2739/2974/2751
f 2739/2974/2751 2740/2973/2752 2721/2961/2733
f 2722/2960/2734 2721/2961/2733 2740/2973/2752
f 2740/2973/2752 2741/2972/2753 2722/2960/2734
f 2742/2971/2754 2723/2959/2735 2722/2960/2734
f 2722/2960/2734 2741/2972/2753 2742/2971/2754
f 2724/2958/2736 2723/2959/2735 2742/2971/2754
f 2742/2971/2754 2743/2970/2755 2724/2958/2736
f 2744/2969/2756 2725/2957/2737 2724/2958/2736
f 2724/2958/2736 2743/2970/2755 2744/2969/2756
f 2726/2956/2738 2725/2957/2737 2744/2969/2756
f 2744/2969/2756 2745/2968/2757 2726/2956/2738
f 2727/2955/2739 2726/2956/2738 2745/2968/2757
f 2745/2968/2757 2746/2967/2758 2727/2955/2739
f 2747/2965/2759 2728/2963/2740 2727/2955/2739
f 2727/2955/2739 2746/2967/2758 2747/2965/2759
f 2748/2966/2760 2729/2964/2741 2728/2963/2740
f 2728/2963/2740 2747/2965/2759 2748/2966/2760
f 2731/2965/2742 2730/2966/2743 2749/2975/2761
f 2749/2975/2761 2750/2976/2762 2731/2965/2742
f 2751/2977/2763 2732/2967/2744 2731/2965/2742
f 2731/2965/2742 2750/2976/2762 2751/2977/2763
f 2733/2968/2745 2732/2967/2744 2751/2977/2763
f 2751/2977/2763 2752/2978/2764 2733/2968/2745
f 2753/2979/2765 2734/2969/2746 2733/2968/2745
f 2733/2968/2745 2752/2978/2764 2753/2979/2765
f 2735/2970/2747 2734/2969/2746 2753/2979/2765
f 2753/2979/2765 2754/2980/2766 2735/2970/2747
f 2755/2981/2767 2736/2971/2748 2735/2970/2747
f 2735/2970/2747 2754/2980/2766 2755/2981/2767
f 2737/2972/2749 2736/2971/2748 2755/2981/2767
f 2755/2981/2767 2756/2982/2768 2737/2972/2749
f 2757/2983/2769 2738/2973/2750 2737/2972/2749
f 2737/2972/2749 2756/2982/2768 2757/2983/2769
f 2758/2984/2770 2739/2974/2751 2738/2973/2750
f 2738/2973/2750 2757/2983/2769 2758/2984/2770
f 2759/2983/2771 2740/2973/2752 2739/2974/2751
f 2739/2974/2751 2758/2984/2770 2759/2983/2771
f 2741/2972/2753 2740/2973/2752 2759/2983/2771
f 2759/2983/2771 2760/2982/2772 2741/2972/2753
f 2742/2971/2754 2741/2972/2753 2760/2982/2772
f 2760/2982/2772 2761/2981/2773 2742/2971/2754
f 2743/2970/2755 2742/2971/2754 2761/2981/2773
f 2761/2981/2773 2762/2985/2774 2743/2970/2755
f 2744/2969/2756 2743/2970/2755 2762/2985/2774
f 2762/2985/2774 2763/2979/2775 2744/2969/2756
f 2764/2978/2776 2745/2968/2757 2744/2969/2756
f 2744/2969/2756 2763/2979/2775 2764/2978/2776
f 2746/2967/2758 2745/2968/2757 2764/2978/2776
f 2764/2978/2776 2765/2977/2777 2746/2967/2758
f 2766/2976/2778 2747/2965/2759 2746/2967/2758
f 2746/2967/2758 2765/2977/2777 2766/2976/2778
f 2767/2975/2779 2748/2966/2760 2747/2965/2759
f 2747/2965/2759 2766/2976/2778 2767/2975/2779
f 2771/2986/2780 2750/2976/2762 2749/2975/2761
f 2749/2975/2761 2770/2987/2781 2771/2986/2780
f 2751/2977/2763 2750/2976/2762 2771/2986/2780
f 2771/2986/2780 2772/2988/2782 2751/2977/2763
f 2773/2989/2783 2752/2978/2764 2751/2977/2763
f 2751/2977/2763 2772/2988/2782 2773/2989/2783
f 2774/2990/2784 2753/2979/2765 2752/2978/2764
f 2752/2978/2764 2773/2989/2783 2774/2990/2784
f 2775/2991/2785 2754/2980/2766 2753/2979/2765
f 2753/2979/2765 2774/2990/2784 2775/2991/2785
f 2776/2992/2786 2755/2981/2767 2754/2980/2766
f 2754/2980/2766 2775/2991/2785 2776/2992/2786
f 2756/2982/2768 2755/2981/2767 2776/2992/2786
f 2776/2992/2786 2777/2993/2787 2756/2982/2768
f 2778/2994/2788 2757/2983/2769 2756/2982/2768
f 2756/2982/2768 2777/2993/2787 2778/2994/2788
f 2758/2984/2770 2757/2983/2769 2778/2994/2788
f 2778/2994/2788 2779/2995/2789 2758/2984/2770
f 2759/2983/2771 2758/2984/2770 2779/2995/2789
f 2779/2995/2789 2780/2994/2790 2759/2983/2771
f 2781/2993/2791 2760/2982/2772 2759/2983/2771
f 2759/2983/2771 2780/2994/2790 2781/2993/2791
f 2782/2992/2792 2761/2981/2773 2760/2982/2772
f 2760/2982/2772 2781/2993/2791 2782/2992/2792
f 2762/2985/2774 2761/2981/2773 2782/2992/2792
f 2782/2992/2792 2783/2991/2793 2762/2985/2774
f 2784/2990/2794 2763/2979/2775 2762/2985/2774
f 2762/2985/2774 2783/2991/2793 2784/2990/2794
f 2764/2978/2776 2763/2979/2775 2784/2990/2794
f 2784/2990/2794 2785/2989/2795 2764/2978/2776
f 2786/2988/2796 2765/2977/2777 2764/2978/2776
f 2764/2978/2776 2785/2989/2795 2786/2988/2796
f 2766/2976/2778 2765/2977/2777 2786/2988/2796
f 2786/2988/2796 2787/2986/2797 2766/2976/2778
f 2767/2975/2779 2766/2976/2778 2787/2986/2797
f 2787/2986/2797 2788/2987/2798 2767/2975/2779
f 2789/2996/2799 2768/2997/2800 2767/2975/2779
f 2767/2975/2779 2788/2987/2798 2789/2996/2799
f 2789/2996/2799 2790/2998/2801 2847/2999/2802
f 2789/2996/2799 2847/2999/2802 2831/3000/2803
f 2789/2996/2799 2831/3000/2803 2768/2997/2800
f 2770/2987/2781 2749/2975/2761 2769/2997/2804
f 2769/2997/2804 2792/2996/2805 2770/2987/2781
f 2770/2987/2781 2793/3001/2806 2771/2986/2780
f 2771/2986/2780 2793/3001/2806 2772/2988/2782
f 2772/2988/2782 2793/3001/2806 2773/2989/2783
f 2773/2989/2783 2793/3001/2806 2774/2990/2784
f 2774/2990/2784 2793/3001/2806 2775/2991/2785
f 2775/2991/2785 2793/3001/2806 2776/2992/2786
f 2776/2992/2786 2793/3001/2806 2777/2993/2787
f 2777/2993/2787 2793/3001/2806 2778/2994/2788
f 2778/2994/2788 2793/3001/2806 2779/2995/2789
f 2779/2995/2789 2793/3001/2806 2780/2994/2790
f 2780/2994/2790 2793/3001/2806 2781/2993/2791
f 2781/2993/2791 2793/3001/2806 2782/2992/2792
f 2782/2992/2792 2793/3001/2806 2783/2991/2793
f 2783/2991/2793 2793/3001/2806 2784/2990/2794
f 2784/2990/2794 2793/3001/2806 2785/2989/2795
f 2785/2989/2795 2793/3001/2806 2786/2988/2796
f 2786/2988/2796 2793/3001/2806 2787/2986/2797
f 2787/2986/2797 2793/3001/2806 2788/2987/2798
f 2788/2987/2798 2793/3001/2806 2789/2996/2799
f 2789/2996/2799 2793/3001/2806 2790/2998/2801
f 2791/2998/2807 2793/3001/2806 2792/2996/2805
f 2792/2996/2805 2793/3001/2806 2770/2987/2781
f 2795/3002/2808 2444/3003/2809 2443/3004/2397
f 2443/3004/2397 2796/3005/2810 2795/3002/2808
f 2443/3004/2397 2442/3006/2396 2797/3007/2811
f 2797/3007/2811 2796/3005/2810 2443/3004/2397
f 2797/3007/2811 2442/3006/2396 2441/3008/2812
f 2441/3008/2812 2798/3009/2813 2797/3007/2811
f 2798/3009/2813 2441/3008/2812 2440/3010/2814
f 2440/3010/2814 2799/3011/2815 2798/3009/2813
f 2799/3011/2815 2440/3010/2814 2439/3012/2816
f 2439/3012/2816 2800/3013/2817 2799/3011/2815
f 2439/3012/2816 2438/3014/2818 2801/3015/2819
f 2801/3015/2819 2800/3013/2817 2439/3012/2816
f 2438/3014/2818 2437/3016/2820 2802/3017/2821
f 2802/3017/2821 2801/3015/2819 2438/3014/2818
f 2802/3017/2821 2437/3016/2820 2436/3018/2822
f 2436/3018/2822 2803/3019/2823 2802/3017/2821
f 2436/3018/2822 2435/3020/2824 2804/3021/2825
f 2804/3021/2825 2803/3019/2823 2436/3018/2822
f 2435/3020/2824 2434/3022/2826 2805/3023/2827
f 2805/3023/2827 2804/3021/2825 2435/3020/2824
f 2805/3023/2827 2434/3022/2826 2433/3024/2828
f 2433/3024/2828 2806/3025/2829 2805/3023/2827
f 2433/3024/2828 2432/3026/2830 2807/3027/2831
f 2807/3027/2831 2806/3025/2829 2433/3024/2828
f 2432/3026/2830 2431/3028/2832 2808/3029/2833
f 2808/3029/2833 2807/3027/2831 2432/3026/2830
f 2431/3028/2832 2430/3030/2382 2809/3031/2834
f 2809/3031/2834 2808/3029/2833 2431/3028/2832
f 2430/3030/2382 2429/3032/2381 2810/3033/2835
f 2810/3033/2835 2809/3031/2834 2430/3030/2382
f 2429/3032/2381 2428/3034/2836 2811/3035/2837
f 2811/3035/2837 2810/3033/2835 2429/3032/2381
f 2814/3036/2838 2815/3037/2839 2578/2830/2591
f 2578/2830/2591 2559/2814/2572 2814/3036/2838
f 2816/3038/2840 2814/3036/2838 2559/2814/2572
f 2559/2814/2572 2540/2794/2552 2816/3038/2840
f 2813/3039/2841 2817/3040/2842 2521/2779/2534
f 2521/2779/2534 2502/2760/2514 2813/3039/2841
f 2817/3040/2842 2816/3038/2840 2540/2794/2552
f 2540/2794/2552 2521/2779/2534 2817/3040/2842
f 2818/3041/2843 2819/3042/2844 2616/2868/2629
f 2616/2868/2629 2597/2848/2609 2818/3041/2843
f 2815/3037/2839 2818/3041/2843 2597/2848/2609
f 2597/2848/2609 2578/2830/2591 2815/3037/2839
f 2819/3042/2844 2820/3043/2845 2635/2884/2647
f 2635/2884/2647 2616/2868/2629 2819/3042/2844
f 2821/3044/2846 2822/3045/2847 2673/2919/2685
f 2673/2919/2685 2654/2903/2666 2821/3044/2846
f 2820/3043/2845 2821/3044/2846 2654/2903/2666
f 2654/2903/2666 2635/2884/2647 2820/3043/2845
f 2769/2997/2804 2824/3046/2848 2825/3000/2849
f 2822/3045/2847 2826/3047/2850 2692/2939/2705
f 2692/2939/2705 2673/2919/2685 2822/3045/2847
f 2826/3047/2850 2827/3048/2851 2711/2954/2724
f 2711/2954/2724 2692/2939/2705 2826/3047/2850
f 2827/3048/2851 2823/3049/2852 2730/2966/2743
f 2730/2966/2743 2711/2954/2724 2827/3048/2851
f 2791/2998/2807 2828/2999/2853 2829/3050/2854
f 2831/3000/2803 2830/3051/2855 2768/2997/2800
f 2767/2975/2779 2768/2997/2800 2830/3051/2855
f 2767/2975/2779 2830/3051/2855 2832/3049/2856
f 2767/2975/2779 2832/3049/2856 2748/2966/2760
f 2834/3052/2857 2833/3053/2858 2793/3001/2806
f 2833/3053/2858 2835/3052/2859 2793/3001/2806
f 2791/2998/2807 2829/3050/2854 2836/3054/2860
f 2836/3054/2860 2793/3001/2806 2791/2998/2807
f 2836/3054/2860 2837/3055/2861 2793/3001/2806
f 2837/3055/2861 2838/3056/2862 2793/3001/2806
f 2838/3056/2862 2839/3057/2863 2793/3001/2806
f 2839/3057/2863 2840/3058/2864 2793/3001/2806
f 2840/3058/2864 2834/3052/2857 2793/3001/2806
f 2835/3052/2859 2841/3058/2865 2793/3001/2806
f 2841/3058/2865 2842/3057/2866 2793/3001/2806
f 2842/3057/2866 2843/3056/2867 2793/3001/2806
f 2843/3056/2867 2844/3055/2868 2793/3001/2806
f 2844/3055/2868 2845/3054/2869 2793/3001/2806
f 2790/2998/2801 2793/3001/2806 2845/3054/2869
f 2845/3054/2869 2846/3050/2870 2790/2998/2801
f 2846/3050/2870 2847/2999/2802 2790/2998/2801
f 2748/2966/2760 2832/3049/2856 2848/3059/2871
f 2848/3059/2871 2729/2964/2741 2748/2966/2760
f 2729/2964/2741 2848/3059/2871 2849/3060/2872
f 2849/3060/2872 2710/2952/2722 2729/2964/2741
f 2710/2952/2722 2849/3060/2872 2850/3061/2873
f 2850/3061/2873 2691/2937/2703 2710/2952/2722
f 2691/2937/2703 2850/3061/2873 2851/3062/2874
f 2851/3062/2874 2672/2918/2684 2691/2937/2703
f 2854/3063/2875 2813/3039/2841 2502/2760/2514
f 2502/2760/2514 2483/2728/2478 2854/3063/2875
f 2852/3064/2876 2855/3065/2877 2464/2727/2477
f 2464/2727/2477 2445/3066/2405 2852/3064/2876
f 2855/3065/2877 2854/3063/2875 2483/2728/2478
f 2483/2728/2478 2464/2727/2477 2855/3065/2877
f 2520/2777/2532 2857/3067/2878 2856/3068/2879
f 2856/3068/2879 2501/2759/2513 2520/2777/2532
f 2482/2758/2512 2858/3069/2880 2853/3070/2881
f 2853/3070/2881 2463/3071/2438 2482/2758/2512
f 2501/2759/2513 2856/3068/2879 2858/3069/2880
f 2858/3069/2880 2482/2758/2512 2501/2759/2513
f 2596/2847/2608 2860/3072/2882 2859/3073/2883
f 2859/3073/2883 2577/2828/2589 2596/2847/2608
f 2577/2828/2589 2859/3073/2883 2861/3074/2884
f 2861/3074/2884 2558/2812/2570 2577/2828/2589
f 2539/2793/2551 2862/3075/2885 2857/3067/2878
f 2857/3067/2878 2520/2777/2532 2539/2793/2551
f 2558/2812/2570 2861/3074/2884 2862/3075/2885
f 2862/3075/2885 2539/2793/2551 2558/2812/2570
f 2653/2902/2665 2864/3076/2886 2863/3077/2887
f 2863/3077/2887 2634/2883/2646 2653/2902/2665
f 2672/2918/2684 2851/3062/2874 2864/3076/2886
f 2864/3076/2886 2653/2902/2665 2672/2918/2684
f 2615/2866/2627 2865/3078/2888 2860/3072/2882
f 2860/3072/2882 2596/2847/2608 2615/2866/2627
f 2634/2883/2646 2863/3077/2887 2865/3078/2888
f 2865/3078/2888 2615/2866/2627 2634/2883/2646
f 2307/3079/2225 2306/3080/2224 2876/3081/2889
f 2876/3081/2889 2873/3082/2890 2307/3079/2225
f 2874/3083/2891 2877/3084/2892 2318/3085/2236
f 2318/3085/2236 2317/3086/2235 2874/3083/2891
f 2882/3087/2893 2881/3088/2894 2342/2526/2292
f 2880/3089/2895 2883/3090/2896 2352/2535/2303
f 2824/3046/2848 2769/2997/2804 2749/2975/2761
f 2749/2975/2761 2730/2966/2743 2823/3049/2852
f 2824/3046/2848 2749/2975/2761 2823/3049/2852
f 2828/2999/2853 2791/2998/2807 2792/2996/2805
f 2792/2996/2805 2769/2997/2804 2825/3000/2849
f 2828/2999/2853 2792/2996/2805 2825/3000/2849
f 2794/3091/2897 2852/3092/2876 2445/2654/2405
f 2794/3091/2897 2445/2654/2405 2409/2653/2404
f 2794/3091/2897 2409/2653/2404 2444/3003/2809
f 2794/3091/2897 2444/3003/2809 2795/3002/2808
f 2463/2688/2438 2853/3093/2881 2812/3094/2898
f 2812/3094/2898 2811/3035/2837 2428/3034/2836
f 2812/3094/2898 2428/3034/2836 2427/2687/2437
f 2463/2688/2438 2812/3094/2898 2427/2687/2437
f 2833/3053/2323 2834/3052/2899 2840/3058/2900
f 2794/3091/2901 2812/3094/2901 2853/3093/2902
f 2852/3092/2902 2794/3091/2901 2853/3093/2902
f 2855/3065/2323 2852/3064/2902 2853/3070/2902
f 2855/3065/2323 2853/3070/2902 2858/3069/2323
f 2855/3065/2323 2858/3069/2323 2856/3068/2323
f 2854/3063/2323 2855/3065/2323 2856/3068/2323
f 2813/3039/2323 2854/3063/2323 2856/3068/2323
f 2813/3039/2323 2856/3068/2323 2857/3067/2323
f 2817/3040/2323 2813/3039/2323 2857/3067/2323
f 2817/3040/2323 2857/3067/2323 2862/3075/2323
f 2817/3040/2323 2862/3075/2323 2861/3074/2323
f 2816/3038/2323 2817/3040/2323 2861/3074/2323
f 2814/3036/2323 2816/3038/2323 2861/3074/2323
f 2814/3036/2323 2861/3074/2323 2859/3073/2323
f 2814/3036/2323 2859/3073/2323 2860/3072/2323
f 2815/3037/2323 2814/3036/2323 2860/3072/2323
f 2818/3041/2323 2815/3037/2323 2860/3072/2323
f 2818/3041/2323 2860/3072/2323 2865/3078/2323
f 2818/3041/2323 2865/3078/2323 2863/3077/2323
f 2819/3042/2323 2818/3041/2323 2863/3077/2323
f 2820/3043/2323 2819/3042/2323 2863/3077/2323
f 2820/3043/2323 2863/3077/2323 2864/3076/2323
f 2820/3043/2323 2864/3076/2323 2851/3062/2323
f 2821/3044/2323 2820/3043/2323 2851/3062/2323
f 2822/3045/2323 2821/3044/2323 2851/3062/2323
f 2822/3045/2323 2851/3062/2323 2850/3061/2323
f 2826/3047/2323 2822/3045/2323 2850/3061/2323
f 2826/3047/2323 2850/3061/2323 2849/3060/2323
f 2826/3047/2323 2849/3060/2323 2848/3059/2323
f 2827/3048/2323 2826/3047/2323 2848/3059/2323
f 2823/3049/2323 2827/3048/2323 2848/3059/2323
f 2823/3049/2323 2848/3059/2323 2832/3049/2323
f 2824/3046/2323 2823/3049/2323 2832/3049/2323
f 2825/3000/2323 2824/3046/2323 2832/3049/2323
f 2828/2999/2323 2825/3000/2323 2832/3049/2323
f 2828/2999/2323 2832/3049/2323 2830/3051/2323
f 2828/2999/2323 2830/3051/2323 2831/3000/2323
f 2828/2999/2323 2831/3000/2323 2847/2999/2323
f 2828/2999/2323 2847/2999/2323 2846/3050/2323
f 2828/2999/2323 2846/3050/2323 2845/3054/2323
f 2828/2999/2323 2845/3054/2323 2844/3055/2323
f 2828/2999/2323 2844/3055/2323 2843/3056/2323
f 2828/2999/2323 2843/3056/2323 2842/3057/2903
f 2828/2999/2323 2842/3057/2903 2841/3058/2904
f 2829/3050/2323 2828/2999/2323 2841/3058/2904
f 2829/3050/2323 2841/3058/2904 2835/3052/2323
f 2836/3054/2323 2829/3050/2323 2835/3052/2323
f 2837/3055/2905 2836/3054/2323 2835/3052/2323
f 2838/3056/2323 2837/3055/2905 2835/3052/2323
f 2839/3057/2903 2838/3056/2323 2835/3052/2323
f 2840/3058/2900 2839/3057/2903 2835/3052/2323
f 2833/3053/2323 2840/3058/2900 2835/3052/2323
f 2809/3095/2806 2810/3096/2806 2811/3097/2806
f 2809/3095/2806 2811/3097/2806 2812/3098/2806
f 2812/3094/2806 2794/3091/2806 2795/3002/2806
f 2812/3094/2806 2795/3002/2806 2796/3005/2806
f 2812/3098/2806 2796/3099/2806 2797/3100/2806
f 2812/3098/2806 2797/3100/2806 2798/3101/2806
f 2812/3098/2806 2798/3101/2806 2799/3102/2806
f 2812/3098/2806 2799/3102/2806 2800/3103/2806
f 2812/3098/2806 2800/3103/2806 2801/3104/2806
f 2812/3098/2806 2801/3104/2806 2802/3105/2806
f 2812/3098/2806 2802/3105/2806 2803/3106/2806
f 2812/3098/2806 2803/3106/2806 2804/3107/2806
f 2812/3098/2806 2804/3107/2806 2805/3104/2806
f 2812/3098/2806 2805/3104/2806 2806/3108/2806
f 2812/3098/2806 2806/3108/2806 2807/3109/2806
f 2812/3098/2806 2807/3109/2806 2808/3110/2806
f 2809/3095/2806 2812/3098/2806 2808/3110/2806
f 2341/2464/2259 2867/3111/2906 2868/3112/2907
f 2868/3112/2907 2876/3081/2889 2306/3080/2224
f 2868/3112/2907 2306/3080/2224 2305/2465/2223
f 2341/2464/2259 2868/3112/2907 2305/2465/2223
f 2869/3113/2908 2866/3114/2909 2353/2484/2269
f 2869/3113/2908 2353/2484/2269 2319/2483/2237
f 2869/3113/2908 2319/2483/2237 2318/3085/2236
f 2869/3113/2908 2318/3085/2236 2877/3084/2892
f 2307/3079/2225 2873/3082/2890 2872/3115/2910
f 2882/3087/2893 2342/2526/2292 2343/2469/2261
f 2882/3087/2893 2343/2469/2261 2308/2468/2226
f 2872/3115/2910 2882/3087/2893 2308/2468/2226
f 2307/3079/2225 2872/3115/2910 2308/2468/2226
f 2875/3116/2911 2874/3083/2891 2317/3086/2235
f 2875/3116/2911 2317/3086/2235 2316/2480/2234
f 2351/2481/2268 2352/2535/2303 2883/3090/2896
f 2316/2480/2234 2351/2481/2268 2883/3090/2896
f 2875/3116/2911 2316/2480/2234 2883/3090/2896
f 2353/2484/2269 2866/3114/2909 2870/3117/2912
f 2870/3117/2912 2884/3118/2913 2388/3119/2913
f 2870/3117/2912 2388/3119/2913 2389/2537/2305
f 2353/2484/2269 2870/3117/2912 2389/2537/2305
f 2871/3120/2914 2867/3111/2906 2341/2464/2259
f 2871/3120/2914 2341/2464/2259 2375/3121/2291
f 2871/3120/2914 2375/3121/2291 2376/3122/2915
f 2871/3120/2914 2376/3122/2915 2885/3123/2915
f 2388/3119/2913 2884/3118/2913 2878/3124/2916
f 2878/3124/2916 2880/3089/2895 2352/2535/2303
f 2878/3124/2916 2352/2535/2303 2387/2536/2304
f 2388/3119/2913 2878/3124/2916 2387/2536/2304
f 2879/3125/2917 2885/3123/2915 2376/3122/2915
f 2879/3125/2917 2376/3122/2915 2377/2527/2293
f 2879/3125/2917 2377/2527/2293 2342/2526/2292
f 2879/3125/2917 2342/2526/2292 2881/3088/2894
f 2873/3082/2918 2876/3081/2806 2868/3112/2806
f 2868/3112/2806 2869/3113/2806 2877/3084/2806
f 2868/3112/2806 2877/3084/2806 2874/3083/2806
f 2868/3112/2806 2874/3083/2806 2875/3116/2919
f 2868/3112/2806 2875/3116/2919 2872/3115/2920
f 2873/3082/2918 2868/3112/2806 2872/3115/2920
f 2882/3087/2323 2872/3115/2323 2875/3116/2323
f 2882/3087/2323 2875/3116/2323 2883/3090/2323
f 2882/3087/2323 2883/3090/2323 2880/3089/2323
f 2878/3124/2323 2879/3125/2323 2881/3088/2323
f 2880/3089/2323 2878/3124/2323 2881/3088/2323
f 2882/3087/2323 2880/3089/2323 2881/3088/2323
f 2879/3125/2921 2878/3124/2921 2884/3118/2921
f 2879/3125/2921 2884/3118/2921 2870/3117/2921
f 2870/3117/2921 2871/3120/2921 2885/3123/2921
f 2879/3125/2921 2870/3117/2921 2885/3123/2921
f 2871/3120/2298 2870/3117/2298 2866/3114/2298
f 2866/3114/2298 2869/3113/2298 2868/3112/2298
f 2866/3114/2298 2868/3112/2298 2867/3111/2298
f 2871/3120/2298 2866/3114/2298 2867/3111/2298
s 0
f 2887/3126/2922 2886/3127/2922 2359/2494/2922
f 2359/2494/2922 2358/2493/2922 2887/3126/2922
f 2888/3128/2307 2887/3129/2307 2358/3130/2307
f 2358/3130/2307 2394/3131/2307 2888/3128/2307
f 2889/3132/2923 2888/3133/2923 2394/2618/2923
f 2394/2618/2924 2430/2617/2924 2889/3132/2924
f 2890/3134/2925 2889/3132/2925 2430/2617/2925
f 2430/2617/2926 2431/3135/2926 2890/3134/2926
f 2891/3136/2927 2890/3134/2927 2431/3135/2927
f 2431/3135/2927 2432/3137/2927 2891/3136/2927
f 2892/3138/2928 2891/3136/2928 2432/3137/2928
f 2432/3137/2929 2433/3139/2929 2892/3138/2929
f 2893/3140/2930 2892/3138/2930 2433/3139/2930
f 2433/3139/2930 2434/3141/2930 2893/3140/2930
f 2894/3142/2931 2893/3140/2931 2434/3141/2931
f 2434/3141/2931 2435/3143/2931 2894/3142/2931
f 2895/3144/2932 2894/3142/2932 2435/3143/2932
f 2435/3143/2932 2436/3145/2932 2895/3144/2932
f 2896/3146/2933 2895/3144/2933 2436/3145/2933
f 2436/3145/2933 2437/3143/2933 2896/3146/2933
f 2897/3147/2934 2896/3146/2934 2437/3143/2934
f 2437/3143/2934 2438/3148/2934 2897/3147/2934
f 2898/3149/2935 2897/3147/2935 2438/3148/2935
f 2438/3148/2935 2439/3150/2935 2898/3149/2935
f 2899/3151/2936 2898/3149/2936 2439/3150/2936
f 2439/3150/2937 2440/3152/2937 2899/3151/2937
f 2900/3153/2938 2899/3151/2938 2440/3152/2938
f 2440/3152/2938 2441/3154/2938 2900/3153/2938
f 2901/3155/2939 2900/3153/2939 2441/3154/2939
f 2441/3154/2940 2442/2644/2940 2901/3155/2940
f 2902/3156/2941 2901/3155/2941 2442/2644/2941
f 2442/2644/2942 2406/2643/2942 2902/3156/2942
f 2903/3157/2289 2902/3158/2289 2406/3159/2289
f 2406/3159/2289 2370/3160/2289 2903/3157/2289
f 2904/3161/2943 2903/3162/2943 2370/2514/2943
f 2370/2514/2943 2369/2513/2943 2904/3161/2943
f 2905/3163/2944 2904/3161/2944 2369/2513/2944
f 2369/2513/2944 2368/2510/2944 2905/3163/2944
f 2906/3164/2945 2905/3163/2945 2368/2510/2945
f 2368/2510/2946 2367/2508/2946 2906/3164/2946
f 2907/3165/2947 2906/3164/2947 2367/2508/2947
f 2367/2508/2947 2366/2501/2947 2907/3165/2947
f 2908/3166/2948 2907/3165/2948 2366/2501/2948
f 2366/2501/2949 2365/2503/2949 2908/3166/2949
f 2909/3167/2950 2908/3166/2950 2365/2503/2950
f 2365/2503/2950 2364/2504/2950 2909/3167/2950
f 2910/3166/2951 2909/3167/2951 2364/2504/2951
f 2364/2504/2951 2363/2503/2951 2910/3166/2951
f 2911/3165/2952 2910/3166/2952 2363/2503/2952
f 2363/2503/2952 2362/2501/2952 2911/3165/2952
f 2912/3168/2953 2911/3165/2953 2362/2501/2953
f 2362/2501/2953 2361/2499/2953 2912/3168/2953
f 2913/3169/2954 2912/3168/2954 2361/2499/2954
f 2361/2499/2954 2360/2496/2954 2913/3169/2954
f 2886/3127/2955 2913/3169/2955 2360/2496/2955
f 2360/2496/2955 2359/2494/2955 2886/3127/2955
f 2915/3170/2312 2914/3171/2312 2886/3127/2312
f 2886/3127/2312 2887/3126/2312 2915/3170/2312
f 2916/2545/2312 2915/2544/2312 2887/3129/2312
f 2887/3129/2312 2888/3128/2312 2916/2545/2312
f 2917/2622/2956 2916/2621/2956 2888/3133/2956
f 2888/3133/2957 2889/3132/2957 2917/2622/2957
f 2918/2623/2958 2917/2622/2958 2889/3132/2958
f 2889/3132/2959 2890/3134/2959 2918/2623/2959
f 2919/2625/2960 2918/2623/2960 2890/3134/2960
f 2890/3134/2961 2891/3136/2961 2919/2625/2961
f 2920/2627/2962 2919/2625/2962 2891/3136/2962
f 2891/3136/2963 2892/3138/2963 2920/2627/2963
f 2921/2629/2964 2920/2627/2964 2892/3138/2964
f 2892/3138/2965 2893/3140/2965 2921/2629/2965
f 2922/2630/2966 2921/2629/2966 2893/3140/2966
f 2893/3140/2967 2894/3142/2967 2922/2630/2967
f 2923/2633/2968 2922/2630/2968 2894/3142/2968
f 2894/3142/2969 2895/3144/2969 2923/2633/2969
f 2924/2630/2970 2923/2633/2970 2895/3144/2970
f 2895/3144/2971 2896/3146/2971 2924/2630/2971
f 2925/2635/2972 2924/2630/2972 2896/3146/2972
f 2896/3146/2973 2897/3147/2973 2925/2635/2973
f 2926/2636/2974 2925/2635/2974 2897/3147/2974
f 2897/3147/2975 2898/3149/2975 2926/2636/2975
f 2927/2638/2976 2926/2636/2976 2898/3149/2976
f 2898/3149/2977 2899/3151/2977 2927/2638/2977
f 2928/2639/2978 2927/2638/2978 2899/3151/2978
f 2899/3151/2979 2900/3153/2979 2928/2639/2979
f 2929/2641/2980 2928/2639/2980 2900/3153/2980
f 2900/3153/2981 2901/3155/2981 2929/2641/2981
f 2930/2642/2982 2929/2641/2982 2901/3155/2982
f 2901/3155/2983 2902/3156/2983 2930/2642/2983
f 2931/2568/2336 2930/2567/2336 2902/3158/2336
f 2902/3158/2336 2903/3157/2336 2931/2568/2336
f 2932/3172/2336 2931/3173/2336 2903/3162/2336
f 2903/3162/2336 2904/3161/2336 2932/3172/2336
f 2933/3174/2984 2932/3172/2984 2904/3161/2984
f 2904/3161/2984 2905/3163/2984 2933/3174/2984
f 2934/3175/2985 2933/3174/2985 2905/3163/2985
f 2905/3163/2985 2906/3164/2985 2934/3175/2985
f 2935/3176/2986 2934/3175/2986 2906/3164/2986
f 2906/3164/2986 2907/3165/2986 2935/3176/2986
f 2936/3177/2987 2935/3176/2987 2907/3165/2987
f 2907/3165/2987 2908/3166/2987 2936/3177/2987
f 2937/3178/2988 2936/3177/2988 2908/3166/2988
f 2908/3166/2988 2909/3167/2988 2937/3178/2988
f 2938/3177/2989 2937/3178/2989 2909/3167/2989
f 2909/3167/2989 2910/3166/2989 2938/3177/2989
f 2939/3176/2990 2938/3177/2990 2910/3166/2990
f 2910/3166/2990 2911/3165/2990 2939/3176/2990
f 2940/3179/2991 2939/3176/2991 2911/3165/2991
f 2911/3165/2992 2912/3168/2992 2940/3179/2992
f 2941/3180/2993 2940/3179/2993 2912/3168/2993
f 2912/3168/2993 2913/3169/2993 2941/3180/2993
f 2914/3171/2994 2941/3180/2994 2913/3169/2994
f 2913/3169/2994 2886/3127/2994 2914/3171/2994
s 1
f 2942/3181/2921 2943/3182/2995 2944/3183/2996
f 2942/3181/2921 2944/3183/2996 2945/3184/2997
f 2942/3181/2921 2945/3184/2997 2946/3185/2998
f 2942/3181/2921 2946/3185/2998 2947/3186/2999
f 2942/3181/2921 2947/3186/2999 2948/3187/3000
f 2942/3181/2921 2948/3187/3000 2949/3188/3001
f 2942/3181/2921 2949/3188/3001 2950/3189/3002
f 2942/3181/2921 2950/3189/3002 2951/3190/3003
f 2942/3181/2921 2951/3190/3003 2952/3191/3004
f 2942/3181/2921 2952/3191/3004 2953/3190/3005
f 2942/3181/2921 2953/3190/3005 2954/3189/3006
f 2942/3181/2921 2954/3189/3006 2955/3188/3007
f 2942/3181/2921 2955/3188/3007 2956/3187/3008
f 2942/3181/2921 2956/3187/3008 2957/3186/3009
f 2942/3181/2921 2957/3186/3009 2958/3185/3010
f 2942/3181/2921 2958/3185/3010 2959/3184/3011
f 2942/3181/2921 2959/3184/3011 2960/3183/3012
f 2942/3181/2921 2960/3183/3012 2943/3182/2995
f 2962/3192/3013 2944/3183/2996 2943/3182/2995
f 2943/3182/2995 2961/3193/3014 2962/3192/3013
f 2963/3194/3015 2945/3184/2997 2944/3183/2996
f 2944/3183/2996 2962/3192/3013 2963/3194/3015
f 2964/3195/3016 2946/3185/2998 2945/3184/2997
f 2945/3184/2997 2963/3194/3015 2964/3195/3016
f 2965/3196/3017 2947/3186/2999 2946/3185/2998
f 2946/3185/2998 2964/3195/3016 2965/3196/3017
f 2966/3197/3018 2948/3187/3000 2947/3186/2999
f 2947/3186/2999 2965/3196/3017 2966/3197/3018
f 2967/3198/3019 2949/3188/3001 2948/3187/3000
f 2948/3187/3000 2966/3197/3018 2967/3198/3019
f 2968/3199/3020 2950/3189/3002 2949/3188/3001
f 2949/3188/3001 2967/3198/3019 2968/3199/3020
f 2969/3200/3021 2951/3190/3003 2950/3189/3002
f 2950/3189/3002 2968/3199/3020 2969/3200/3021
f 2970/3201/3022 2952/3191/3004 2951/3190/3003
f 2951/3190/3003 2969/3200/3021 2970/3201/3022
f 2971/3200/3023 2953/3190/3005 2952/3191/3004
f 2952/3191/3004 2970/3201/3022 2971/3200/3023
f 2972/3199/3024 2954/3189/3006 2953/3190/3005
f 2953/3190/3005 2971/3200/3023 2972/3199/3024
f 2973/3198/3025 2955/3188/3007 2954/3189/3006
f 2954/3189/3006 2972/3199/3024 2973/3198/3025
f 2974/3197/3026 2956/3187/3008 2955/3188/3007
f 2955/3188/3007 2973/3198/3025 2974/3197/3026
f 2975/3196/3027 2957/3186/3009 2956/3187/3008
f 2956/3187/3008 2974/3197/3026 2975/3196/3027
f 2976/3195/3028 2958/3185/3010 2957/3186/3009
f 2957/3186/3009 2975/3196/3027 2976/3195/3028
f 2977/3194/3029 2959/3184/3011 2958/3185/3010
f 2958/3185/3010 2976/3195/3028 2977/3194/3029
f 2978/3192/3030 2960/3183/3012 2959/3184/3011
f 2959/3184/3011 2977/3194/3029 2978/3192/3030
f 2961/3193/3014 2943/3182/2995 2960/3183/3012
f 2960/3183/3012 2978/3192/3030 2961/3193/3014
f 2980/3202/3031 2962/3192/3013 2961/3193/3014
f 2961/3193/3014 2979/3203/3032 2980/3202/3031
f 2981/3204/3033 2963/3194/3015 2962/3192/3013
f 2962/3192/3013 2980/3202/3031 2981/3204/3033
f 2982/3205/3034 2964/3195/3016 2963/3194/3015
f 2963/3194/3015 2981/3204/3033 2982/3205/3034
f 2983/3206/3035 2965/3196/3017 2964/3195/3016
f 2964/3195/3016 2982/3205/3034 2983/3206/3035
f 2984/3207/3036 2966/3197/3018 2965/3196/3017
f 2965/3196/3017 2983/3206/3035 2984/3207/3036
f 2985/3208/3037 2967/3198/3019 2966/3197/3018
f 2966/3197/3018 2984/3207/3036 2985/3208/3037
f 2986/3209/3038 2968/3199/3020 2967/3198/3019
f 2967/3198/3019 2985/3208/3037 2986/3209/3038
f 2987/3210/3039 2969/3200/3021 2968/3199/3020
f 2968/3199/3020 2986/3209/3038 2987/3210/3039
f 2988/3211/3040 2970/3201/3022 2969/3200/3021
f 2969/3200/3021 2987/3210/3039 2988/3211/3040
f 2989/3210/3041 2971/3200/3023 2970/3201/3022
f 2970/3201/3022 2988/3211/3040 2989/3210/3041
f 2990/3209/3042 2972/3199/3024 2971/3200/3023
f 2971/3200/3023 2989/3210/3041 2990/3209/3042
f 2991/3208/3043 2973/3198/3025 2972/3199/3024
f 2972/3199/3024 2990/3209/3042 2991/3208/3043
f 2992/3207/3044 2974/3197/3026 2973/3198/3025
f 2973/3198/3025 2991/3208/3043 2992/3207/3044
f 2993/3206/3045 2975/3196/3027 2974/3197/3026
f 2974/3197/3026 2992/3207/3044 2993/3206/3045
f 2994/3205/3046 2976/3195/3028 2975/3196/3027
f 2975/3196/3027 2993/3206/3045 2994/3205/3046
f 2995/3204/3047 2977/3194/3029 2976/3195/3028
f 2976/3195/3028 2994/3205/3046 2995/3204/3047
f 2996/3202/3048 2978/3192/3030 2977/3194/3029
f 2977/3194/3029 2995/3204/3047 2996/3202/3048
f 2979/3203/3032 2961/3193/3014 2978/3192/3030
f 2978/3192/3030 2996/3202/3048 2979/3203/3032
f 2998/3212/3049 2980/3202/3031 2979/3203/3032
f 2979/3203/3032 2997/3213/3050 2998/3212/3049
f 2999/3214/3051 2981/3204/3033 2980/3202/3031
f 2980/3202/3031 2998/3212/3049 2999/3214/3051
f 3000/3215/3052 2982/3205/3034 2981/3204/3033
f 2981/3204/3033 2999/3214/3051 3000/3215/3052
f 3001/3216/3053 2983/3206/3035 2982/3205/3034
f 2982/3205/3034 3000/3215/3052 3001/3216/3053
f 3002/3217/3054 2984/3207/3036 2983/3206/3035
f 2983/3206/3035 3001/3216/3053 3002/3217/3054
f 3003/3218/3055 2985/3208/3037 2984/3207/3036
f 2984/3207/3036 3002/3217/3054 3003/3218/3055
f 3004/3219/3056 2986/3209/3038 2985/3208/3037
f 2985/3208/3037 3003/3218/3055 3004/3219/3056
f 3005/3220/3057 2987/3210/3039 2986/3209/3038
f 2986/3209/3038 3004/3219/3056 3005/3220/3057
f 3006/3221/3058 2988/3211/3040 2987/3210/3039
f 2987/3210/3039 3005/3220/3057 3006/3221/3058
f 3007/3220/3059 2989/3210/3041 2988/3211/3040
f 2988/3211/3040 3006/3221/3058 3007/3220/3059
f 3008/3219/3060 2990/3209/3042 2989/3210/3041
f 2989/3210/3041 3007/3220/3059 3008/3219/3060
f 3009/3218/3061 2991/3208/3043 2990/3209/3042
f 2990/3209/3042 3008/3219/3060 3009/3218/3061
f 3010/3217/3062 2992/3207/3044 2991/3208/3043
f 2991/3208/3043 3009/3218/3061 3010/3217/3062
f 3011/3216/3063 2993/3206/3045 2992/3207/3044
f 2992/3207/3044 3010/3217/3062 3011/3216/3063
f 3012/3215/3064 2994/3205/3046 2993/3206/3045
f 2993/3206/3045 3011/3216/3063 3012/3215/3064
f 3013/3214/3065 2995/3204/3047 2994/3205/3046
f 2994/3205/3046 3012/3215/3064 3013/3214/3065
f 3014/3212/3066 2996/3202/3048 2995/3204/3047
f 2995/3204/3047 3013/3214/3065 3014/3212/3066
f 2997/3213/3050 2979/3203/3032 2996/3202/3048
f 2996/3202/3048 3014/3212/3066 2997/3213/3050
f 3016/3222/3067 2998/3212/3049 2997/3213/3050
f 2997/3213/3050 3015/3223/3068 3016/3222/3067
f 3017/3224/3069 2999/3214/3051 2998/3212/3049
f 2998/3212/3049 3016/3222/3067 3017/3224/3069
f 3018/3225/3070 3000/3215/3052 2999/3214/3051
f 2999/3214/3051 3017/3224/3069 3018/3225/3070
f 3019/3226/3071 3001/3216/3053 3000/3215/3052
f 3000/3215/3052 3018/3225/3070 3019/3226/3071
f 3020/3227/3072 3002/3217/3054 3001/3216/3053
f 3001/3216/3053 3019/3226/3071 3020/3227/3072
f 3021/3228/3073 3003/3218/3055 3002/3217/3054
f 3002/3217/3054 3020/3227/3072 3021/3228/3073
f 3022/3229/3074 3004/3219/3056 3003/3218/3055
f 3003/3218/3055 3021/3228/3073 3022/3229/3074
f 3023/3230/3075 3005/3220/3057 3004/3219/3056
f 3004/3219/3056 3022/3229/3074 3023/3230/3075
f 3024/3231/3076 3006/3221/3058 3005/3220/3057
f 3005/3220/3057 3023/3230/3075 3024/3231/3076
f 3025/3230/3077 3007/3220/3059 3006/3221/3058
f 3006/3221/3058 3024/3231/3076 3025/3230/3077
f 3026/3229/3078 3008/3219/3060 3007/3220/3059
f 3007/3220/3059 3025/3230/3077 3026/3229/3078
f 3027/3228/3079 3009/3218/3061 3008/3219/3060
f 3008/3219/3060 3026/3229/3078 3027/3228/3079
f 3028/3227/3080 3010/3217/3062 3009/3218/3061
f 3009/3218/3061 3027/3228/3079 3028/3227/3080
f 3029/3226/3081 3011/3216/3063 3010/3217/3062
f 3010/3217/3062 3028/3227/3080 3029/3226/3081
f 3030/3225/3082 3012/3215/3064 3011/3216/3063
f 3011/3216/3063 3029/3226/3081 3030/3225/3082
f 3031/3224/3083 3013/3214/3065 3012/3215/3064
f 3012/3215/3064 3030/3225/3082 3031/3224/3083
f 3032/3222/3084 3014/3212/3066 3013/3214/3065
f 3013/3214/3065 3031/3224/3083 3032/3222/3084
f 3015/3223/3068 2997/3213/3050 3014/3212/3066
f 3014/3212/3066 3032/3222/3084 3015/3223/3068
f 3034/3232/3085 3016/3222/3067 3015/3223/3068
f 3015/3223/3068 3033/3233/3086 3034/3232/3085
f 3035/3234/3087 3017/3224/3069 3016/3222/3067
f 3016/3222/3067 3034/3232/3085 3035/3234/3087
f 3036/3235/3088 3018/3225/3070 3017/3224/3069
f 3017/3224/3069 3035/3234/3087 3036/3235/3088
f 3037/3236/3089 3019/3226/3071 3018/3225/3070
f 3018/3225/3070 3036/3235/3088 3037/3236/3089
f 3038/3237/3090 3020/3227/3072 3019/3226/3071
f 3019/3226/3071 3037/3236/3089 3038/3237/3090
f 3039/3238/3091 3021/3228/3073 3020/3227/3072
f 3020/3227/3072 3038/3237/3090 3039/3238/3091
f 3040/3239/3092 3022/3229/3074 3021/3228/3073
f 3021/3228/3073 3039/3238/3091 3040/3239/3092
f 3041/3240/3093 3023/3230/3075 3022/3229/3074
f 3022/3229/3074 3040/3239/3092 3041/3240/3093
f 3042/3241/3094 3024/3231/3076 3023/3230/3075
f 3023/3230/3075 3041/3240/3093 3042/3241/3094
f 3043/3240/3095 3025/3230/3077 3024/3231/3076
f 3024/3231/3076 3042/3241/3094 3043/3240/3095
f 3044/3239/3096 3026/3229/3078 3025/3230/3077
f 3025/3230/3077 3043/3240/3095 3044/3239/3096
f 3045/3238/3097 3027/3228/3079 3026/3229/3078
f 3026/3229/3078 3044/3239/3096 3045/3238/3097
f 3046/3237/3098 3028/3227/3080 3027/3228/3079
f 3027/3228/3079 3045/3238/3097 3046/3237/3098
f 3047/3236/3099 3029/3226/3081 3028/3227/3080
f 3028/3227/3080 3046/3237/3098 3047/3236/3099
f 3048/3235/3100 3030/3225/3082 3029/3226/3081
f 3029/3226/3081 3047/3236/3099 3048/3235/3100
f 3049/3234/3101 3031/3224/3083 3030/3225/3082
f 3030/3225/3082 3048/3235/3100 3049/3234/3101
f 3050/3232/3102 3032/3222/3084 3031/3224/3083
f 3031/3224/3083 3049/3234/3101 3050/3232/3102
f 3033/3233/3086 3015/3223/3068 3032/3222/3084
f 3032/3222/3084 3050/3232/3102 3033/3233/3086
f 3052/3242/3103 3034/3232/3085 3033/3233/3086
f 3033/3233/3086 3051/3243/3104 3052/3242/3103
f 3053/3244/3105 3035/3234/3087 3034/3232/3085
f 3034/3232/3085 3052/3242/3103 3053/3244/3105
f 3054/3245/3106 3036/3235/3088 3035/3234/3087
f 3035/3234/3087 3053/3244/3105 3054/3245/3106
f 3055/3246/3107 3037/3236/3089 3036/3235/3088
f 3036/3235/3088 3054/3245/3106 3055/3246/3107
f 3056/3247/3108 3038/3237/3090 3037/3236/3089
f 3037/3236/3089 3055/3246/3107 3056/3247/3108
f 3057/3248/3109 3039/3238/3091 3038/3237/3090
f 3038/3237/3090 3056/3247/3108 3057/3248/3109
f 3058/3249/3110 3040/3239/3092 3039/3238/3091
f 3039/3238/3091 3057/3248/3109 3058/3249/3110
f 3059/3250/3111 3041/3240/3093 3040/3239/3092
f 3040/3239/3092 3058/3249/3110 3059/3250/3111
f 3060/3251/3112 3042/3241/3094 3041/3240/3093
f 3041/3240/3093 3059/3250/3111 3060/3251/3112
f 3061/3250/3113 3043/3240/3095 3042/3241/3094
f 3042/3241/3094 3060/3251/3112 3061/3250/3113
f 3062/3249/3114 3044/3239/3096 3043/3240/3095
f 3043/3240/3095 3061/3250/3113 3062/3249/3114
f 3063/3248/3115 3045/3238/3097 3044/3239/3096
f 3044/3239/3096 3062/3249/3114 3063/3248/3115
f 3064/3247/3116 3046/3237/3098 3045/3238/3097
f 3045/3238/3097 3063/3248/3115 3064/3247/3116
f 3065/3246/3117 3047/3236/3099 3046/3237/3098
f 3046/3237/3098 3064/3247/3116 3065/3246/3117
f 3066/3245/3118 3048/3235/3100 3047/3236/3099
f 3047/3236/3099 3065/3246/3117 3066/3245/3118
f 3067/3244/3119 3049/3234/3101 3048/3235/3100
f 3048/3235/3100 3066/3245/3118 3067/3244/3119
f 3068/3242/3120 3050/3232/3102 3049/3234/3101
f 3049/3234/3101 3067/3244/3119 3068/3242/3120
f 3051/3243/3104 3033/3233/3086 3050/3232/3102
f 3050/3232/3102 3068/3242/3120 3051/3243/3104
f 3070/3252/3121 3052/3242/3103 3051/3243/3104
f 3051/3243/3104 3069/3253/3122 3070/3252/3121
f 3071/3254/3123 3053/3244/3105 3052/3242/3103
f 3052/3242/3103 3070/3252/3121 3071/3254/3123
f 3072/3255/3124 3054/3245/3106 3053/3244/3105
f 3053/3244/3105 3071/3254/3123 3072/3255/3124
f 3073/3256/3125 3055/3246/3107 3054/3245/3106
f 3054/3245/3106 3072/3255/3124 3073/3256/3125
f 3074/3257/3126 3056/3247/3108 3055/3246/3107
f 3055/3246/3107 3073/3256/3125 3074/3257/3126
f 3075/3258/3127 3057/3248/3109 3056/3247/3108
f 3056/3247/3108 3074/3257/3126 3075/3258/3127
f 3076/3259/3128 3058/3249/3110 3057/3248/3109
f 3057/3248/3109 3075/3258/3127 3076/3259/3128
f 3077/3260/3129 3059/3250/3111 3058/3249/3110
f 3058/3249/3110 3076/3259/3128 3077/3260/3129
f 3078/3261/3130 3060/3251/3112 3059/3250/3111
f 3059/3250/3111 3077/3260/3129 3078/3261/3130
f 3079/3260/3131 3061/3250/3113 3060/3251/3112
f 3060/3251/3112 3078/3261/3130 3079/3260/3131
f 3080/3259/3132 3062/3249/3114 3061/3250/3113
f 3061/3250/3113 3079/3260/3131 3080/3259/3132
f 3081/3258/3133 3063/3248/3115 3062/3249/3114
f 3062/3249/3114 3080/3259/3132 3081/3258/3133
f 3082/3257/3134 3064/3247/3116 3063/3248/3115
f 3063/3248/3115 3081/3258/3133 3082/3257/3134
f 3083/3256/3135 3065/3246/3117 3064/3247/3116
f 3064/3247/3116 3082/3257/3134 3083/3256/3135
f 3084/3255/3136 3066/3245/3118 3065/3246/3117
f 3065/3246/3117 3083/3256/3135 3084/3255/3136
f 3085/3254/3137 3067/3244/3119 3066/3245/3118
f 3066/3245/3118 3084/3255/3136 3085/3254/3137
f 3086/3252/3138 3068/3242/3120 3067/3244/3119
f 3067/3244/3119 3085/3254/3137 3086/3252/3138
f 3069/3253/3122 3051/3243/3104 3068/3242/3120
f 3068/3242/3120 3086/3252/3138 3069/3253/3122
f 3088/3262/3139 3070/3252/3121 3069/3253/3122
f 3069/3253/3122 3087/3263/3140 3088/3262/3139
f 3089/3264/3141 3071/3254/3123 3070/3252/3121
f 3070/3252/3121 3088/3262/3139 3089/3264/3141
f 3090/3265/3142 3072/3255/3124 3071/3254/3123
f 3071/3254/3123 3089/3264/3141 3090/3265/3142
f 3091/3266/3143 3073/3256/3125 3072/3255/3124
f 3072/3255/3124 3090/3265/3142 3091/3266/3143
f 3092/3267/3144 3074/3257/3126 3073/3256/3125
f 3073/3256/3125 3091/3266/3143 3092/3267/3144
f 3093/3268/3145 3075/3258/3127 3074/3257/3126
f 3074/3257/3126 3092/3267/3144 3093/3268/3145
f 3094/3269/3146 3076/3259/3128 3075/3258/3127
f 3075/3258/3127 3093/3268/3145 3094/3269/3146
f 3095/3270/3147 3077/3260/3129 3076/3259/3128
f 3076/3259/3128 3094/3269/3146 3095/3270/3147
f 3096/3271/3148 3078/3261/3130 3077/3260/3129
f 3077/3260/3129 3095/3270/3147 3096/3271/3148
f 3097/3270/3149 3079/3260/3131 3078/3261/3130
f 3078/3261/3130 3096/3271/3148 3097/3270/3149
f 3098/3269/3150 3080/3259/3132 3079/3260/3131
f 3079/3260/3131 3097/3270/3149 3098/3269/3150
f 3099/3268/3151 3081/3258/3133 3080/3259/3132
f 3080/3259/3132 3098/3269/3150 3099/3268/3151
f 3100/3267/3152 3082/3257/3134 3081/3258/3133
f 3081/3258/3133 3099/3268/3151 3100/3267/3152
f 3101/3266/3153 3083/3256/3135 3082/3257/3134
f 3082/3257/3134 3100/3267/3152 3101/3266/3153
f 3102/3265/3154 3084/3255/3136 3083/3256/3135
f 3083/3256/3135 3101/3266/3153 3102/3265/3154
f 3103/3264/3155 3085/3254/3137 3084/3255/3136
f 3084/3255/3136 3102/3265/3154 3103/3264/3155
f 3104/3262/3156 3086/3252/3138 3085/3254/3137
f 3085/3254/3137 3103/3264/3155 3104/3262/3156
f 3087/3263/3140 3069/3253/3122 3086/3252/3138
f 3086/3252/3138 3104/3262/3156 3087/3263/3140
f 3106/3272/3157 3088/3262/3139 3087/3263/3140
f 3087/3263/3140 3105/3273/3158 3106/3272/3157
f 3107/3274/3159 3089/3264/3141 3088/3262/3139
f 3088/3262/3139 3106/3272/3157 3107/3274/3159
f 3108/3275/3160 3090/3265/3142 3089/3264/3141
f 3089/3264/3141 3107/3274/3159 3108/3275/3160
f 3109/3276/3161 3091/3266/3143 3090/3265/3142
f 3090/3265/3142 3108/3275/3160 3109/3276/3161
f 3110/3277/3162 3092/3267/3144 3091/3266/3143
f 3091/3266/3143 3109/3276/3161 3110/3277/3162
f 3111/3278/3163 3093/3268/3145 3092/3267/3144
f 3092/3267/3144 3110/3277/3162 3111/3278/3163
f 3112/3279/3164 3094/3269/3146 3093/3268/3145
f 3093/3268/3145 3111/3278/3163 3112/3279/3164
f 3113/3280/3165 3095/3270/3147 3094/3269/3146
f 3094/3269/3146 3112/3279/3164 3113/3280/3165
f 3114/3281/3166 3096/3271/3148 3095/3270/3147
f 3095/3270/3147 3113/3280/3165 3114/3281/3166
f 3115/3280/3167 3097/3270/3149 3096/3271/3148
f 3096/3271/3148 3114/3281/3166 3115/3280/3167
f 3116/3279/3168 3098/3269/3150 3097/3270/3149
f 3097/3270/3149 3115/3280/3167 3116/3279/3168
f 3117/3278/3169 3099/3268/3151 3098/3269/3150
f 3098/3269/3150 3116/3279/3168 3117/3278/3169
f 3118/3277/3170 3100/3267/3152 3099/3268/3151
f 3099/3268/3151 3117/3278/3169 3118/3277/3170
f 3119/3276/3171 3101/3266/3153 3100/3267/3152
f 3100/3267/3152 3118/3277/3170 3119/3276/3171
f 3120/3275/3172 3102/3265/3154 3101/3266/3153
f 3101/3266/3153 3119/3276/3171 3120/3275/3172
f 3121/3274/3173 3103/3264/3155 3102/3265/3154
f 3102/3265/3154 3120/3275/3172 3121/3274/3173
f 3122/3272/3174 3104/3262/3156 3103/3264/3155
f 3103/3264/3155 3121/3274/3173 3122/3272/3174
f 3105/3273/3158 3087/3263/3140 3104/3262/3156
f 3104/3262/3156 3122/3272/3174 3105/3273/3158
f 3124/3282/3175 3106/3272/3157 3105/3273/3158
f 3105/3273/3158 3123/3283/3176 3124/3282/3175
f 3125/3284/3177 3107/3274/3159 3106/3272/3157
f 3106/3272/3157 3124/3282/3175 3125/3284/3177
f 3126/3285/3178 3108/3275/3160 3107/3274/3159
f 3107/3274/3159 3125/3284/3177 3126/3285/3178
f 3127/3286/3179 3109/3276/3161 3108/3275/3160
f 3108/3275/3160 3126/3285/3178 3127/3286/3179
f 3128/3287/3180 3110/3277/3162 3109/3276/3161
f 3109/3276/3161 3127/3286/3179 3128/3287/3180
f 3129/3288/3181 3111/3278/3163 3110/3277/3162
f 3110/3277/3162 3128/3287/3180 3129/3288/3181
f 3130/3289/3182 3112/3279/3164 3111/3278/3163
f 3111/3278/3163 3129/3288/3181 3130/3289/3182
f 3131/3290/3183 3113/3280/3165 3112/3279/3164
f 3112/3279/3164 3130/3289/3182 3131/3290/3183
f 3132/3291/3184 3114/3281/3166 3113/3280/3165
f 3113/3280/3165 3131/3290/3183 3132/3291/3184
f 3133/3290/3185 3115/3280/3167 3114/3281/3166
f 3114/3281/3166 3132/3291/3184 3133/3290/3185
f 3134/3289/3186 3116/3279/3168 3115/3280/3167
f 3115/3280/3167 3133/3290/3185 3134/3289/3186
f 3135/3288/3187 3117/3278/3169 3116/3279/3168
f 3116/3279/3168 3134/3289/3186 3135/3288/3187
f 3136/3287/3188 3118/3277/3170 3117/3278/3169
f 3117/3278/3169 3135/3288/3187 3136/3287/3188
f 3137/3286/3189 3119/3276/3171 3118/3277/3170
f 3118/3277/3170 3136/3287/3188 3137/3286/3189
f 3138/3285/3190 3120/3275/3172 3119/3276/3171
f 3119/3276/3171 3137/3286/3189 3138/3285/3190
f 3139/3284/3191 3121/3274/3173 3120/3275/3172
f 3120/3275/3172 3138/3285/3190 3139/3284/3191
f 3140/3282/3192 3122/3272/3174 3121/3274/3173
f 3121/3274/3173 3139/3284/3191 3140/3282/3192
f 3123/3283/3176 3105/3273/3158 3122/3272/3174
f 3122/3272/3174 3140/3282/3192 3123/3283/3176
f 3142/3292/3193 3124/3282/3175 3123/3283/3176
f 3123/3283/3176 3141/3293/3194 3142/3292/3193
f 3143/3294/3195 3125/3284/3177 3124/3282/3175
f 3124/3282/3175 3142/3292/3193 3143/3294/3195
f 3144/3295/3196 3126/3285/3178 3125/3284/3177
f 3125/3284/3177 3143/3294/3195 3144/3295/3196
f 3145/3296/3197 3127/3286/3179 3126/3285/3178
f 3126/3285/3178 3144/3295/3196 3145/3296/3197
f 3146/3297/3198 3128/3287/3180 3127/3286/3179
f 3127/3286/3179 3145/3296/3197 3146/3297/3198
f 3147/3298/3199 3129/3288/3181 3128/3287/3180
f 3128/3287/3180 3146/3297/3198 3147/3298/3199
f 3148/3299/3200 3130/3289/3182 3129/3288/3181
f 3129/3288/3181 3147/3298/3199 3148/3299/3200
f 3149/3300/3201 3131/3290/3183 3130/3289/3182
f 3130/3289/3182 3148/3299/3200 3149/3300/3201
f 3150/3301/3202 3132/3291/3184 3131/3290/3183
f 3131/3290/3183 3149/3300/3201 3150/3301/3202
f 3151/3300/3203 3133/3290/3185 3132/3291/3184
f 3132/3291/3184 3150/3301/3202 3151/3300/3203
f 3152/3299/3204 3134/3289/3186 3133/3290/3185
f 3133/3290/3185 3151/3300/3203 3152/3299/3204
f 3153/3298/3205 3135/3288/3187 3134/3289/3186
f 3134/3289/3186 3152/3299/3204 3153/3298/3205
f 3154/3297/3206 3136/3287/3188 3135/3288/3187
f 3135/3288/3187 3153/3298/3205 3154/3297/3206
f 3155/3296/3207 3137/3286/3189 3136/3287/3188
f 3136/3287/3188 3154/3297/3206 3155/3296/3207
f 3156/3295/3208 3138/3285/3190 3137/3286/3189
f 3137/3286/3189 3155/3296/3207 3156/3295/3208
f 3157/3294/3209 3139/3284/3191 3138/3285/3190
f 3138/3285/3190 3156/3295/3208 3157/3294/3209
f 3158/3292/3210 3140/3282/3192 3139/3284/3191
f 3139/3284/3191 3157/3294/3209 3158/3292/3210
f 3141/3293/3194 3123/3283/3176 3140/3282/3192
f 3140/3282/3192 3158/3292/3210 3141/3293/3194
f 3160/3302/3211 3142/3292/3193 3141/3293/3194
f 3141/3293/3194 3159/3303/3212 3160/3302/3211
f 3161/3304/3213 3143/3294/3195 3142/3292/3193
f 3142/3292/3193 3160/3302/3211 3161/3304/3213
f 3162/3305/3214 3144/3295/3196 3143/3294/3195
f 3143/3294/3195 3161/3304/3213 3162/3305/3214
f 3163/3306/3215 3145/3296/3197 3144/3295/3196
f 3144/3295/3196 3162/3305/3214 3163/3306/3215
f 3164/3307/3216 3146/3297/3198 3145/3296/3197
f 3145/3296/3197 3163/3306/3215 3164/3307/3216
f 3165/3308/3217 3147/3298/3199 3146/3297/3198
f 3146/3297/3198 3164/3307/3216 3165/3308/3217
f 3166/3309/3218 3148/3299/3200 3147/3298/3199
f 3147/3298/3199 3165/3308/3217 3166/3309/3218
f 3167/3310/3219 3149/3300/3201 3148/3299/3200
f 3148/3299/3200 3166/3309/3218 3167/3310/3219
f 3168/3311/3220 3150/3301/3202 3149/3300/3201
f 3149/3300/3201 3167/3310/3219 3168/3311/3220
f 3169/3310/3221 3151/3300/3203 3150/3301/3202
f 3150/3301/3202 3168/3311/3220 3169/3310/3221
f 3170/3309/3222 3152/3299/3204 3151/3300/3203
f 3151/3300/3203 3169/3310/3221 3170/3309/3222
f 3171/3308/3223 3153/3298/3205 3152/3299/3204
f 3152/3299/3204 3170/3309/3222 3171/3308/3223
f 3172/3307/3224 3154/3297/3206 3153/3298/3205
f 3153/3298/3205 3171/3308/3223 3172/3307/3224
f 3173/3306/3225 3155/3296/3207 3154/3297/3206
f 3154/3297/3206 3172/3307/3224 3173/3306/3225
f 3174/3305/3226 3156/3295/3208 3155/3296/3207
f 3155/3296/3207 3173/3306/3225 3174/3305/3226
f 3175/3304/3227 3157/3294/3209 3156/3295/3208
f 3156/3295/3208 3174/3305/3226 3175/3304/3227
f 3176/3302/3228 3158/3292/3210 3157/3294/3209
f 3157/3294/3209 3175/3304/3227 3176/3302/3228
f 3159/3303/3212 3141/3293/3194 3158/3292/3210
f 3158/3292/3210 3176/3302/3228 3159/3303/3212
f 3178/3312/3229 3160/3302/3211 3159/3303/3212
f 3159/3303/3212 3177/3313/3230 3178/3312/3229
f 3179/3314/3231 3161/3304/3213 3160/3302/3211
f 3160/3302/3211 3178/3312/3229 3179/3314/3231
f 3180/3315/3232 3162/3305/3214 3161/3304/3213
f 3161/3304/3213 3179/3314/3231 3180/3315/3232
f 3181/3316/3233 3163/3306/3215 3162/3305/3214
f 3162/3305/3214 3180/3315/3232 3181/3316/3233
f 3182/3317/3234 3164/3307/3216 3163/3306/3215
f 3163/3306/3215 3181/3316/3233 3182/3317/3234
f 3183/3318/3235 3165/3308/3217 3164/3307/3216
f 3164/3307/3216 3182/3317/3234 3183/3318/3235
f 3184/3319/3236 3166/3309/3218 3165/3308/3217
f 3165/3308/3217 3183/3318/3235 3184/3319/3236
f 3185/3320/3237 3167/3310/3219 3166/3309/3218
f 3166/3309/3218 3184/3319/3236 3185/3320/3237
f 3186/3321/3238 3168/3311/3220 3167/3310/3219
f 3167/3310/3219 3185/3320/3237 3186/3321/3238
f 3187/3320/3239 3169/3310/3221 3168/3311/3220
f 3168/3311/3220 3186/3321/3238 3187/3320/3239
f 3188/3319/3240 3170/3309/3222 3169/3310/3221
f 3169/3310/3221 3187/3320/3239 3188/3319/3240
f 3189/3318/3241 3171/3308/3223 3170/3309/3222
f 3170/3309/3222 3188/3319/3240 3189/3318/3241
f 3190/3317/3242 3172/3307/3224 3171/3308/3223
f 3171/3308/3223 3189/3318/3241 3190/3317/3242
f 3191/3316/3243 3173/3306/3225 3172/3307/3224
f 3172/3307/3224 3190/3317/3242 3191/3316/3243
f 3192/3315/3244 3174/3305/3226 3173/3306/3225
f 3173/3306/3225 3191/3316/3243 3192/3315/3244
f 3193/3314/3245 3175/3304/3227 3174/3305/3226
f 3174/3305/3226 3192/3315/3244 3193/3314/3245
f 3194/3312/3246 3176/3302/3228 3175/3304/3227
f 3175/3304/3227 3193/3314/3245 3194/3312/3246
f 3177/3313/3230 3159/3303/3212 3176/3302/3228
f 3176/3302/3228 3194/3312/3246 3177/3313/3230
f 3196/3322/3247 3178/3312/3229 3177/3313/3230
f 3177/3313/3230 3195/3323/3248 3196/3322/3247
f 3197/3324/3249 3179/3314/3231 3178/3312/3229
f 3178/3312/3229 3196/3322/3247 3197/3324/3249
f 3198/3325/3250 3180/3315/3232 3179/3314/3231
f 3179/3314/3231 3197/3324/3249 3198/3325/3250
f 3199/3326/3251 3181/3316/3233 3180/3315/3232
f 3180/3315/3232 3198/3325/3250 3199/3326/3251
f 3200/3327/3252 3182/3317/3234 3181/3316/3233
f 3181/3316/3233 3199/3326/3251 3200/3327/3252
f 3201/3328/3253 3183/3318/3235 3182/3317/3234
f 3182/3317/3234 3200/3327/3252 3201/3328/3253
f 3202/3329/3254 3184/3319/3236 3183/3318/3235
f 3183/3318/3235 3201/3328/3253 3202/3329/3254
f 3203/3330/3255 3185/3320/3237 3184/3319/3236
f 3184/3319/3236 3202/3329/3254 3203/3330/3255
f 3204/3331/3256 3186/3321/3238 3185/3320/3237
f 3185/3320/3237 3203/3330/3255 3204/3331/3256
f 3205/3330/3257 3187/3320/3239 3186/3321/3238
f 3186/3321/3238 3204/3331/3256 3205/3330/3257
f 3206/3329/3258 3188/3319/3240 3187/3320/3239
f 3187/3320/3239 3205/3330/3257 3206/3329/3258
f 3207/3328/3259 3189/3318/3241 3188/3319/3240
f 3188/3319/3240 3206/3329/3258 3207/3328/3259
f 3208/3327/3260 3190/3317/3242 3189/3318/3241
f 3189/3318/3241 3207/3328/3259 3208/3327/3260
f 3209/3326/3261 3191/3316/3243 3190/3317/3242
f 3190/3317/3242 3208/3327/3260 3209/3326/3261
f 3210/3325/3262 3192/3315/3244 3191/3316/3243
f 3191/3316/3243 3209/3326/3261 3210/3325/3262
f 3211/3324/3263 3193/3314/3245 3192/3315/3244
f 3192/3315/3244 3210/3325/3262 3211/3324/3263
f 3212/3322/3264 3194/3312/3246 3193/3314/3245
f 3193/3314/3245 3211/3324/3263 3212/3322/3264
f 3195/3323/3248 3177/3313/3230 3194/3312/3246
f 3194/3312/3246 3212/3322/3264 3195/3323/3248
f 3214/3332/3265 3196/3322/3247 3195/3323/3248
f 3195/3323/3248 3213/3333/3266 3214/3332/3265
f 3215/3334/3267 3197/3324/3249 3196/3322/3247
f 3196/3322/3247 3214/3332/3265 3215/3334/3267
f 3216/3335/3268 3198/3325/3250 3197/3324/3249
f 3197/3324/3249 3215/3334/3267 3216/3335/3268
f 3217/3336/3269 3199/3326/3251 3198/3325/3250
f 3198/3325/3250 3216/3335/3268 3217/3336/3269
f 3218/3337/3270 3200/3327/3252 3199/3326/3251
f 3199/3326/3251 3217/3336/3269 3218/3337/3270
f 3219/3338/3271 3201/3328/3253 3200/3327/3252
f 3200/3327/3252 3218/3337/3270 3219/3338/3271
f 3220/3339/3272 3202/3329/3254 3201/3328/3253
f 3201/3328/3253 3219/3338/3271 3220/3339/3272
f 3221/3340/3273 3203/3330/3255 3202/3329/3254
f 3202/3329/3254 3220/3339/3272 3221/3340/3273
f 3222/3341/3274 3204/3331/3256 3203/3330/3255
f 3203/3330/3255 3221/3340/3273 3222/3341/3274
f 3223/3340/3275 3205/3330/3257 3204/3331/3256
f 3204/3331/3256 3222/3341/3274 3223/3340/3275
f 3224/3339/3276 3206/3329/3258 3205/3330/3257
f 3205/3330/3257 3223/3340/3275 3224/3339/3276
f 3225/3338/3277 3207/3328/3259 3206/3329/3258
f 3206/3329/3258 3224/3339/3276 3225/3338/3277
f 3226/3337/3278 3208/3327/3260 3207/3328/3259
f 3207/3328/3259 3225/3338/3277 3226/3337/3278
f 3227/3336/3279 3209/3326/3261 3208/3327/3260
f 3208/3327/3260 3226/3337/3278 3227/3336/3279
f 3228/3335/3280 3210/3325/3262 3209/3326/3261
f 3209/3326/3261 3227/3336/3279 3228/3335/3280
f 3229/3334/3281 3211/3324/3263 3210/3325/3262
f 3210/3325/3262 3228/3335/3280 3229/3334/3281
f 3230/3332/3282 3212/3322/3264 3211/3324/3263
f 3211/3324/3263 3229/3334/3281 3230/3332/3282
f 3213/3333/3266 3195/3323/3248 3212/3322/3264
f 3212/3322/3264 3230/3332/3282 3213/3333/3266
f 3232/3342/3283 3214/3332/3265 3213/3333/3266
f 3213/3333/3266 3231/3343/3284 3232/3342/3283
f 3233/3344/3285 3215/3334/3267 3214/3332/3265
f 3214/3332/3265 3232/3342/3283 3233/3344/3285
f 3234/3345/3286 3216/3335/3268 3215/3334/3267
f 3215/3334/3267 3233/3344/3285 3234/3345/3286
f 3235/3346/3287 3217/3336/3269 3216/3335/3268
f 3216/3335/3268 3234/3345/3286 3235/3346/3287
f 3236/3347/3288 3218/3337/3270 3217/3336/3269
f 3217/3336/3269 3235/3346/3287 3236/3347/3288
f 3237/3348/3289 3219/3338/3271 3218/3337/3270
f 3218/3337/3270 3236/3347/3288 3237/3348/3289
f 3238/3349/3290 3220/3339/3272 3219/3338/3271
f 3219/3338/3271 3237/3348/3289 3238/3349/3290
f 3239/3350/3291 3221/3340/3273 3220/3339/3272
f 3220/3339/3272 3238/3349/3290 3239/3350/3291
f 3240/3351/3292 3222/3341/3274 3221/3340/3273
f 3221/3340/3273 3239/3350/3291 3240/3351/3292
f 3241/3350/3293 3223/3340/3275 3222/3341/3274
f 3222/3341/3274 3240/3351/3292 3241/3350/3293
f 3242/3349/3294 3224/3339/3276 3223/3340/3275
f 3223/3340/3275 3241/3350/3293 3242/3349/3294
f 3243/3348/3295 3225/3338/3277 3224/3339/3276
f 3224/3339/3276 3242/3349/3294 3243/3348/3295
f 3244/3347/3296 3226/3337/3278 3225/3338/3277
f 3225/3338/3277 3243/3348/3295 3244/3347/3296
f 3245/3346/3297 3227/3336/3279 3226/3337/3278
f 3226/3337/3278 3244/3347/3296 3245/3346/3297
f 3246/3345/3298 3228/3335/3280 3227/3336/3279
f 3227/3336/3279 3245/3346/3297 3246/3345/3298
f 3247/3344/3299 3229/3334/3281 3228/3335/3280
f 3228/3335/3280 3246/3345/3298 3247/3344/3299
f 3248/3342/3300 3230/3332/3282 3229/3334/3281
f 3229/3334/3281 3247/3344/3299 3248/3342/3300
f 3231/3343/3284 3213/3333/3266 3230/3332/3282
f 3230/3332/3282 3248/3342/3300 3231/3343/3284
f 3250/3352/3301 3232/3342/3283 3231/3343/3284
f 3231/3343/3284 3249/3353/3302 3250/3352/3301
f 3251/3354/3303 3233/3344/3285 3232/3342/3283
f 3232/3342/3283 3250/3352/3301 3251/3354/3303
f 3252/3355/3304 3234/3345/3286 3233/3344/3285
f 3233/3344/3285 3251/3354/3303 3252/3355/3304
f 3253/3356/3305 3235/3346/3287 3234/3345/3286
f 3234/3345/3286 3252/3355/3304 3253/3356/3305
f 3254/3357/3306 3236/3347/3288 3235/3346/3287
f 3235/3346/3287 3253/3356/3305 3254/3357/3306
f 3255/3358/3307 3237/3348/3289 3236/3347/3288
f 3236/3347/3288 3254/3357/3306 3255/3358/3307
f 3256/3359/3308 3238/3349/3290 3237/3348/3289
f 3237/3348/3289 3255/3358/3307 3256/3359/3308
f 3257/3360/3309 3239/3350/3291 3238/3349/3290
f 3238/3349/3290 3256/3359/3308 3257/3360/3309
f 3258/3361/3310 3240/3351/3292 3239/3350/3291
f 3239/3350/3291 3257/3360/3309 3258/3361/3310
f 3259/3360/3311 3241/3350/3293 3240/3351/3292
f 3240/3351/3292 3258/3361/3310 3259/3360/3311
f 3260/3359/3312 3242/3349/3294 3241/3350/3293
f 3241/3350/3293 3259/3360/3311 3260/3359/3312
f 3261/3358/3313 3243/3348/3295 3242/3349/3294
f 3242/3349/3294 3260/3359/3312 3261/3358/3313
f 3262/3357/3314 3244/3347/3296 3243/3348/3295
f 3243/3348/3295 3261/3358/3313 3262/3357/3314
f 3263/3356/3315 3245/3346/3297 3244/3347/3296
f 3244/3347/3296 3262/3357/3314 3263/3356/3315
f 3264/3355/3316 3246/3345/3298 3245/3346/3297
f 3245/3346/3297 3263/3356/3315 3264/3355/3316
f 3265/3354/3317 3247/3344/3299 3246/3345/3298
f 3246/3345/3298 3264/3355/3316 3265/3354/3317
f 3266/3352/3318 3248/3342/3300 3247/3344/3299
f 3247/3344/3299 3265/3354/3317 3266/3352/3318
f 3249/3353/3302 3231/3343/3284 3248/3342/3300
f 3248/3342/3300 3266/3352/3318 3249/3353/3302
f 3249/3353/3302 3267/3362/2806 3250/3352/3301
f 3250/3352/3301 3267/3362/2806 3251/3354/3303
f 3251/3354/3303 3267/3362/2806 3252/3355/3304
f 3252/3355/3304 3267/3362/2806 3253/3356/3305
f 3253/3356/3305 3267/3362/2806 3254/3357/3306
f 3254/3357/3306 3267/3362/2806 3255/3358/3307
f 3255/3358/3307 3267/3362/2806 3256/3359/3308
f 3256/3359/3308 3267/3362/2806 3257/3360/3309
f 3257/3360/3309 3267/3362/2806 3258/3361/3310
f 3258/3361/3310 3267/3362/2806 3259/3360/3311
f 3259/3360/3311 3267/3362/2806 3260/3359/3312
f 3260/3359/3312 3267/3362/2806 3261/3358/3313
f 3261/3358/3313 3267/3362/2806 3262/3357/3314
f 3262/3357/3314 3267/3362/2806 3263/3356/3315
f 3263/3356/3315 3267/3362/2806 3264/3355/3316
f 3264/3355/3316 3267/3362/2806 3265/3354/3317
f 3265/3354/3317 3267/3362/2806 3266/3352/3318
f 3266/3352/3318 3267/3362/2806 3249/3353/3302
s 0
f 2088/2116/3319 2087/2115/3319 3268/3363/3319
f 3268/3363/3319 3269/3364/3319 2088/2116/3319
f 2089/2118/3320 2088/2116/3320 3269/3364/3320
f 3269/3364/3320 3270/3365/3320 2089/2118/3320
f 2090/2120/3321 2089/2118/3321 3270/3365/3321
f 3270/3365/3321 3271/3366/3321 2090/2120/3321
f 2091/2122/3322 2090/2120/3322 3271/3366/3322
f 3271/3366/3322 3272/3367/3322 2091/2122/3322
f 2092/2124/3323 2091/2122/3323 3272/3367/3323
f 3272/3367/3323 3273/3368/3323 2092/2124/3323
f 2093/2126/3324 2092/2124/3324 3273/3368/3324
f 3273/3368/3325 3274/3369/3325 2093/2126/3325
f 2094/2128/3326 2093/2126/3326 3274/3369/3326
f 3274/3369/3326 3275/3370/3326 2094/2128/3326
f 2095/2130/3327 2094/2128/3327 3275/3370/3327
f 3275/3370/3327 3276/3371/3327 2095/2130/3327
f 2096/2132/3328 2095/2130/3328 3276/3371/3328
f 3276/3371/3329 3277/3372/3329 2096/2132/3329
f 2097/2130/3330 2096/2132/3330 3277/3372/3330
f 3277/3372/3330 3278/3371/3330 2097/2130/3330
f 2098/2134/3331 2097/2130/3331 3278/3371/3331
f 3278/3371/3331 3279/3370/3331 2098/2134/3331
f 2099/2126/3332 2098/2134/3332 3279/3370/3332
f 3279/3370/3332 3280/3369/3332 2099/2126/3332
f 2100/2135/3333 2099/2126/3333 3280/3369/3333
f 3280/3369/3333 3281/3373/3333 2100/2135/3333
f 2101/2137/3334 2100/2135/3334 3281/3373/3334
f 3281/3373/3334 3282/3374/3334 2101/2137/3334
f 2102/2120/3335 2101/2137/3335 3282/3374/3335
f 3282/3374/3336 3283/3366/3336 2102/2120/3336
f 2103/2139/3337 2102/2120/3337 3283/3366/3337
f 3283/3366/3337 3284/3375/3337 2103/2139/3337
f 2104/2141/3338 2103/2139/3338 3284/3375/3338
f 3284/3375/3338 3285/3376/3338 2104/2141/3338
f 2105/2142/3339 2104/2141/3339 3285/3376/3339
f 3285/3376/3339 3286/3377/3339 2105/2142/3339
f 2106/2144/3340 2105/2142/3340 3286/3377/3340
f 3286/3377/3341 3287/3378/3341 2106/2144/3341
f 2107/2146/3342 2106/2144/3342 3287/3378/3342
f 3287/3378/3342 3288/3379/3342 2107/2146/3342
f 2108/2148/3343 2107/2146/3343 3288/3379/3343
f 3288/3379/3343 3289/3380/3343 2108/2148/3343
f 2109/2150/3344 2108/2148/3344 3289/3380/3344
f 3289/3380/3344 3290/3381/3344 2109/2150/3344
f 2110/2153/3345 2109/2150/3345 3290/3381/3345
f 3290/3381/3346 3291/3382/3346 2110/2153/3346
f 2111/2154/3347 2110/2153/3347 3291/3382/3347
f 3291/3382/3347 3292/3383/3347 2111/2154/3347
f 2112/2156/3348 2111/2154/3348 3292/3383/3348
f 3292/3383/3348 3293/3384/3348 2112/2156/3348
f 2113/2158/3349 2112/2156/3349 3293/3384/3349
f 3293/3384/3349 3294/3385/3349 2113/2158/3349
f 2114/2160/3350 2113/2158/3350 3294/3385/3350
f 3294/3385/3350 3295/3386/3350 2114/2160/3350
f 2115/2162/3351 2114/2160/3351 3295/3386/3351
f 3295/3386/3351 3296/3385/3351 2115/2162/3351
f 2116/2163/3352 2115/2162/3352 3296/3385/3352
f 3296/3385/3352 3297/3387/3352 2116/2163/3352
f 2117/2165/3353 2116/2163/3353 3297/3387/3353
f 3297/3387/3353 3298/3388/3353 2117/2165/3353
f 2118/2167/3354 2117/2165/3354 3298/3388/3354
f 3298/3388/3354 3299/3389/3354 2118/2167/3354
f 2119/2169/3355 2118/2167/3355 3299/3389/3355
f 3299/3389/3355 3300/3390/3355 2119/2169/3355
f 2120/2171/3356 2119/2169/3356 3300/3390/3356
f 3300/3390/3356 3301/3391/3356 2120/2171/3356
f 2121/2173/3357 2120/2171/3357 3301/3391/3357
f 3301/3391/3357 3302/3392/3357 2121/2173/3357
f 2122/2175/3358 2121/2173/3358 3302/3392/3358
f 3302/3392/3358 3303/3393/3358 2122/2175/3358
f 2087/2115/3359 2122/2175/3359 3303/3393/3359
f 3303/3393/3360 3268/3363/3360 2087/2115/3360
f 2123/2246/3361 2124/2245/3361 3305/3394/3361
f 3305/3394/3362 3304/3395/3362 2123/2246/3362
f 2124/2245/3363 2125/2249/3363 3306/3396/3363
f 3306/3396/3363 3305/3394/3363 2124/2245/3363
f 2125/2249/3364 2126/2251/3364 3307/3397/3364
f 3307/3397/3364 3306/3396/3364 2125/2249/3364
f 2126/2251/3365 2127/2252/3365 3308/3398/3365
f 3308/3398/3365 3307/3397/3365 2126/2251/3365
f 2127/2252/3366 2128/2254/3366 3309/3399/3366
f 3309/3399/3367 3308/3398/3367 2127/2252/3367
f 2128/2254/3368 2129/2256/3368 3310/3400/3368
f 3310/3400/3369 3309/3399/3369 2128/2254/3369
f 2129/2256/3370 2130/2259/3370 3311/3401/3370
f 3311/3401/3370 3310/3400/3370 2129/2256/3370
f 2130/2259/3371 2131/2261/3371 3312/3402/3371
f 3312/3402/3371 3311/3401/3371 2130/2259/3371
f 2131/2261/3372 2132/2262/3372 3313/3403/3372
f 3313/3403/3372 3312/3402/3372 2131/2261/3372
f 2132/2262/3373 2133/2265/3373 3314/3404/3373
f 3314/3404/3373 3313/3403/3373 2132/2262/3373
f 2133/2265/3374 2134/2267/3374 3315/3405/3374
f 3315/3405/3374 3314/3404/3374 2133/2265/3374
f 2134/2267/3375 2135/2269/3375 3316/3406/3375
f 3316/3406/3376 3315/3405/3376 2134/2267/3376
f 2135/2269/3377 2136/2270/3377 3317/3407/3377
f 3317/3407/3377 3316/3406/3377 2135/2269/3377
f 2136/2270/3378 2137/2273/3378 3318/3408/3378
f 3318/3408/3378 3317/3407/3378 2136/2270/3378
f 2137/2273/3379 2138/2274/3379 3319/3409/3379
f 3319/3409/3379 3318/3408/3379 2137/2273/3379
f 2138/2274/3380 2139/2277/3380 3320/3410/3380
f 3320/3410/3380 3319/3409/3380 2138/2274/3380
f 2139/2277/3381 2140/2279/3381 3321/3411/3381
f 3321/3411/3381 3320/3410/3381 2139/2277/3381
f 2140/2279/3382 2141/2280/3382 3322/3412/3382
f 3322/3412/3383 3321/3411/3383 2140/2279/3383
f 2141/2280/3384 2142/2282/3384 3323/3413/3384
f 3323/3413/3384 3322/3412/3384 2141/2280/3384
f 2142/2282/3385 2143/2285/3385 3324/3414/3385
f 3324/3414/3385 3323/3413/3385 2142/2282/3385
f 2143/2285/3386 2144/2286/3386 3325/3415/3386
f 3325/3415/3387 3324/3414/3387 2143/2285/3387
f 2144/2286/3388 2145/2288/3388 3326/3416/3388
f 3326/3416/3388 3325/3415/3388 2144/2286/3388
f 2145/2288/3389 2146/2291/3389 3327/3417/3389
f 3327/3417/3390 3326/3416/3390 2145/2288/3390
f 2146/2291/3391 2147/2292/3391 3328/3418/3391
f 3328/3418/3391 3327/3417/3391 2146/2291/3391
f 2147/2292/3392 2148/2295/3392 3329/3419/3392
f 3329/3419/3392 3328/3418/3392 2147/2292/3392
f 2148/2295/3393 2149/2297/3393 3330/3420/3393
f 3330/3420/3393 3329/3419/3393 2148/2295/3393
f 2149/2297/3394 2150/2299/3394 3331/3421/3394
f 3331/3421/3394 3330/3420/3394 2149/2297/3394
f 2150/2299/3395 2151/2300/3395 3332/3422/3395
f 3332/3422/3395 3331/3421/3395 2150/2299/3395
f 2151/2300/3396 2152/2302/3396 3333/3423/3396
f 3333/3423/3396 3332/3422/3396 2151/2300/3396
f 2152/2302/3397 2153/2304/3397 3334/3424/3397
f 3334/3424/3397 3333/3423/3397 2152/2302/3397
f 2153/2304/3398 2154/2307/3398 3335/3425/3398
f 3335/3425/3399 3334/3424/3399 2153/2304/3399
f 2154/2307/3400 2155/2309/3400 3336/3426/3400
f 3336/3426/3400 3335/3425/3400 2154/2307/3400
f 2155/2309/3401 2156/2310/3401 3337/3427/3401
f 3337/3427/3401 3336/3426/3401 2155/2309/3401
f 2156/2310/3402 2157/2313/3402 3338/3428/3402
f 3338/3428/3402 3337/3427/3402 2156/2310/3402
f 2157/2313/3403 2158/2314/3403 3339/3429/3403
f 3339/3429/3404 3338/3428/3404 2157/2313/3404
f 2158/2314/3405 2123/2246/3405 3304/3395/3405
f 3304/3395/3406 3339/3429/3406 2158/2314/3406
f 2374/3430/3407 2373/3431/3407 3340/3432/3407
f 3340/3432/3408 3341/3433/3408 2374/3430/3408
f 2375/3121/3409 2374/3430/3409 3341/3433/3409
f 3341/3433/3409 3342/3434/3409 2375/3121/3409
f 2378/2528/3410 2377/2527/3410 3344/3435/3410
f 3344/3435/3411 3345/3436/3411 2378/2528/3412
f 2379/2529/3413 2378/2528/3413 3345/3436/3413
f 3345/3436/3414 3346/3437/3414 2379/2529/3415
f 2380/2530/3416 2379/2529/3416 3346/3437/3416
f 3346/3437/3417 3347/3438/3417 2380/2530/3417
f 2381/2531/3418 2380/2530/3419 3347/3438/3419
f 3347/3438/3420 3348/3439/3420 2381/2531/3420
f 2382/2532/3421 2381/2531/3421 3348/3439/3421
f 3348/3439/3422 3349/3440/3422 2382/2532/3422
f 2383/2531/3423 2382/2532/3423 3349/3440/3423
f 3349/3440/3423 3350/3439/3423 2383/2531/3423
f 2384/2530/3424 2383/2531/3424 3350/3439/3424
f 3350/3439/3425 3351/3438/3425 2384/2530/3425
f 2385/2533/3426 2384/2530/3426 3351/3438/3426
f 3351/3438/3427 3352/3441/3427 2385/2533/3427
f 2386/2534/3428 2385/2533/3428 3352/3441/3428
f 3352/3441/3429 3353/3442/3429 2386/2534/3429
f 2387/2536/3430 2386/2534/3430 3353/3442/3430
f 3353/3442/3431 3354/3443/3431 2387/2536/3431
f 2390/2538/3432 2389/2537/3432 3356/3444/3432
f 3356/3444/3432 3357/3445/3432 2390/2538/3432
f 2391/2539/3433 2390/2538/3433 3357/3445/3433
f 3357/3445/3434 3358/3446/3434 2391/2539/3434
f 2392/2540/3435 2391/2539/3435 3358/3446/3435
f 3358/3446/3436 3359/3447/3436 2392/2540/3436
f 2393/2541/3437 2392/2540/3438 3359/3447/3438
f 3359/3447/3439 3360/3448/3439 2393/2541/3440
f 2408/2571/3441 2407/2570/3441 3361/3449/3441
f 3361/3449/3442 3362/3450/3443 2408/2571/3442
f 2373/3431/3444 2408/2571/3444 3362/3450/3444
f 3362/3450/3445 3340/3432/3445 2373/3431/3445
f 2409/3451/3446 2410/3452/3446 3364/3453/3446
f 3364/3453/3447 3363/3454/3447 2409/3451/3448
f 2410/3452/3438 2411/3455/3438 3365/3456/3438
f 3365/3456/3449 3364/3453/3449 2410/3452/3449
f 2411/3455/3450 2412/3457/3450 3366/3458/3451
f 3366/3458/3451 3365/3456/3451 2411/3455/3451
f 2376/3122/3452 2375/3121/3452 3342/3434/3452
f 3342/3434/3453 3343/3459/3453 2376/3122/3453
f 2412/3457/3454 2413/3460/3454 3367/3461/3454
f 3367/3461/3455 3366/3458/3456 2412/3457/3456
f 2377/2527/3457 2376/3122/3457 3343/3459/3457
f 3343/3459/3458 3344/3435/3458 2377/2527/3458
f 2413/3460/3459 2414/3462/3459 3368/3463/3459
f 3368/3463/3460 3367/3461/3460 2413/3460/3460
f 2414/3462/3461 2415/3464/3462 3369/3465/3461
f 3369/3465/3463 3368/3463/3463 2414/3462/3463
f 2415/3464/3464 2416/3466/3465 3370/3467/3465
f 3370/3467/3466 3369/3465/3466 2415/3464/3467
f 2416/3466/3468 2417/3468/3468 3371/3469/3468
f 3371/3469/3469 3370/3467/3469 2416/3466/3469
f 2417/3468/3470 2418/3470/3470 3372/3471/3470
f 3372/3471/3471 3371/3469/3471 2417/3468/3471
f 2418/3470/3472 2419/3468/3472 3373/3469/3472
f 3373/3469/3473 3372/3471/3473 2418/3470/3473
f 2419/3468/3474 2420/3472/3474 3374/3473/3474
f 3374/3473/3475 3373/3469/3475 2419/3468/3475
f 2420/3472/3476 2421/3474/3476 3375/3475/3476
f 3375/3475/3477 3374/3473/3477 2420/3472/3477
f 2421/3474/3478 2422/3476/3478 3376/3477/3478
f 3376/3477/3479 3375/3475/3480 2421/3474/3480
f 2422/3476/3481 2423/3478/3481 3377/3479/3481
f 3377/3479/3482 3376/3477/3482 2422/3476/3482
f 2423/3478/3483 2424/3480/3483 3378/3481/3483
f 3378/3481/3484 3377/3479/3484 2423/3478/3484
f 2388/3119/3485 2387/2536/3485 3354/3443/3485
f 3354/3443/3486 3355/3482/3486 2388/3119/3486
f 2389/2537/3487 2388/3119/3487 3355/3482/3487
f 3355/3482/3488 3356/3444/3488 2389/2537/3488
f 2424/3480/3489 2425/3483/3489 3379/3484/3489
f 3379/3484/3490 3378/3481/3490 2424/3480/3490
f 2425/3483/3491 2426/3485/3491 3380/3486/3491
f 3380/3486/3492 3379/3484/3492 2425/3483/3492
f 2426/3485/3493 2427/3487/3493 3381/3488/3493
f 3381/3488/3494 3380/3486/3494 2426/3485/3495
f 2427/3487/3496 2428/3489/3496 3382/3490/3496
f 3382/3490/3497 3381/3488/3497 2427/3487/3497
f 2428/3489/3498 2429/2616/3498 3383/3491/3498
f 3383/3491/3498 3382/3490/3498 2428/3489/3498
f 2429/2616/3499 2393/2619/3499 3360/3492/3499
f 3360/3492/3500 3383/3491/3500 2429/2616/3500
f 2407/2646/3501 2443/2645/3501 3384/3493/3501
f 3384/3493/3502 3361/3494/3502 2407/2646/3502
f 2443/2645/3503 2444/3495/3503 3385/3496/3503
f 3385/3496/3503 3384/3493/3503 2443/2645/3503
f 2444/3495/3504 2409/3451/3504 3363/3454/3504
f 3363/3454/3505 3385/3496/3505 2444/3495/3505
f 3363/3454/3506 3364/3453/3506 3410/2576/3506
f 3410/2576/3506 3409/2575/3506 3363/3454/3506
f 3341/3433/3507 3340/3432/3507 3386/3497/3507
f 3386/3497/3508 3387/3498/3508 3341/3433/3508
f 3364/3453/3509 3365/3456/3509 3411/2578/3509
f 3411/2578/3509 3410/2576/3509 3364/3453/3509
f 3342/3434/3510 3341/3433/3510 3387/3498/3510
f 3387/3498/3511 3388/3499/3511 3342/3434/3511
f 3365/3456/3512 3366/3458/3512 3412/2580/3512
f 3412/2580/3512 3411/2578/3512 3365/3456/3512
f 3343/3459/3513 3342/3434/3513 3388/3499/3513
f 3388/3499/3514 3389/3500/3514 3343/3459/3514
f 3366/3458/3515 3367/3461/3515 3413/2582/3515
f 3413/2582/3515 3412/2580/3515 3366/3458/3515
f 3344/3435/3516 3343/3459/3516 3389/3500/3516
f 3389/3500/3516 3390/3501/3516 3344/3435/3516
f 3367/3461/3517 3368/3463/3517 3414/2584/3517
f 3414/2584/3517 3413/2582/3517 3367/3461/3517
f 3345/3436/3518 3344/3435/3518 3390/3501/3518
f 3390/3501/3518 3391/3502/3518 3345/3436/3518
f 3368/3463/3519 3369/3465/3519 3415/2586/3519
f 3415/2586/3519 3414/2584/3519 3368/3463/3519
f 3346/3437/3520 3345/3436/3520 3391/3502/3520
f 3391/3502/3520 3392/3503/3520 3346/3437/3520
f 3369/3465/3521 3370/3467/3521 3416/2588/3521
f 3416/2588/3522 3415/2586/3522 3369/3465/3522
f 3347/3438/3523 3346/3437/3523 3392/3503/3523
f 3392/3503/3523 3393/3504/3523 3347/3438/3523
f 3348/3439/3524 3347/3438/3524 3393/3504/3524
f 3393/3504/3524 3394/3505/3524 3348/3439/3524
f 3370/3467/3525 3371/3469/3525 3417/2590/3525
f 3417/2590/3525 3416/2588/3525 3370/3467/3525
f 3371/3469/3526 3372/3471/3526 3418/2592/3526
f 3418/2592/3526 3417/2590/3526 3371/3469/3526
f 3349/3440/3527 3348/3439/3527 3394/3505/3527
f 3394/3505/3527 3395/3506/3527 3349/3440/3527
f 3372/3471/3528 3373/3469/3528 3419/2594/3528
f 3419/2594/3528 3418/2592/3528 3372/3471/3528
f 3350/3439/3529 3349/3440/3529 3395/3506/3529
f 3395/3506/3529 3396/3505/3529 3350/3439/3529
f 3373/3469/3530 3374/3473/3530 3420/2596/3530
f 3420/2596/3530 3419/2594/3530 3373/3469/3530
f 3351/3438/3531 3350/3439/3531 3396/3505/3531
f 3396/3505/3532 3397/3507/3532 3351/3438/3532
f 3374/3473/3533 3375/3475/3533 3421/2598/3533
f 3421/2598/3533 3420/2596/3533 3374/3473/3533
f 3352/3441/3534 3351/3438/3534 3397/3507/3534
f 3397/3507/3535 3398/3508/3535 3352/3441/3535
f 3375/3475/3536 3376/3477/3536 3422/2600/3536
f 3422/2600/3536 3421/2598/3536 3375/3475/3536
f 3353/3442/3537 3352/3441/3537 3398/3508/3537
f 3398/3508/3537 3399/3509/3537 3353/3442/3537
f 3354/3443/3538 3353/3442/3538 3399/3509/3538
f 3399/3509/3538 3400/3510/3538 3354/3443/3538
f 3376/3477/3539 3377/3479/3539 3423/2602/3539
f 3423/2602/3539 3422/2600/3539 3376/3477/3539
f 3377/3479/3540 3378/3481/3540 3424/2604/3540
f 3424/2604/3541 3423/2602/3541 3377/3479/3541
f 3355/3482/3542 3354/3443/3542 3400/3510/3542
f 3400/3510/3542 3401/3511/3542 3355/3482/3542
f 3356/3444/3543 3355/3482/3543 3401/3511/3543
f 3401/3511/3544 3402/3512/3545 3356/3444/3545
f 3378/3481/3546 3379/3484/3546 3425/2606/3546
f 3425/2606/3546 3424/2604/3546 3378/3481/3546
f 3357/3445/3547 3356/3444/3547 3402/3512/3547
f 3402/3512/3548 3403/3513/3548 3357/3445/3548
f 3379/3484/3549 3380/3486/3549 3426/2608/3549
f 3426/2608/3549 3425/2606/3549 3379/3484/3549
f 3380/3486/3550 3381/3488/3550 3427/2610/3550
f 3427/2610/3550 3426/2608/3550 3380/3486/3550
f 3358/3446/3551 3357/3445/3551 3403/3513/3551
f 3403/3513/3551 3404/3514/3551 3358/3446/3551
f 3381/3488/3552 3382/3490/3552 3428/2612/3552
f 3428/2612/3552 3427/2610/3552 3381/3488/3552
f 3359/3447/3553 3358/3446/3553 3404/3514/3553
f 3404/3514/3553 3405/3515/3553 3359/3447/3553
f 3382/3490/3554 3383/3491/3554 3429/2614/3554
f 3429/2614/3555 3428/2612/3556 3382/3490/3556
f 3383/3491/3557 3360/3492/3557 3406/2615/3557
f 3406/2615/3557 3429/2614/3557 3383/3491/3557
f 3360/3448/3509 3359/3447/3509 3405/3515/3509
f 3405/3515/3509 3406/3516/3509 3360/3448/3509
f 3361/3494/3558 3384/3493/3558 3430/2648/3558
f 3430/2648/3559 3407/2647/3559 3361/3494/3559
f 3384/3493/3560 3385/3496/3560 3431/2649/3560
f 3431/2649/3560 3430/2648/3560 3384/3493/3560
f 3362/3450/3561 3361/3449/3561 3407/3517/3561
f 3407/3517/3549 3408/3518/3549 3362/3450/3549
f 3385/3496/3562 3363/3454/3562 3409/2575/3562
f 3409/2575/3562 3431/2649/3562 3385/3496/3562
f 3340/3432/3563 3362/3450/3563 3408/3518/3563
f 3408/3518/3563 3386/3497/3563 3340/3432/3563
f 2446/3519/3564 2445/3066/3564 3432/2691/3564
f 3432/2691/3565 3433/2690/3565 2446/3519/3565
f 2447/3520/3566 2446/3519/3566 3433/2690/3566
f 3433/2690/3567 3434/2694/3567 2447/3520/3567
f 2448/3521/3568 2447/3520/3568 3434/2694/3568
f 3434/2694/3569 3435/2695/3569 2448/3521/3569
f 2449/3522/3570 2448/3521/3570 3435/2695/3570
f 3435/2695/3571 3436/2698/3571 2449/3522/3571
f 2450/3523/3572 2449/3522/3572 3436/2698/3572
f 3436/2698/3573 3437/2700/3573 2450/3523/3573
f 2451/3524/3574 2450/3523/3574 3437/2700/3574
f 3437/2700/3575 3438/2702/3575 2451/3524/3575
f 2452/3525/3576 2451/3524/3576 3438/2702/3576
f 3438/2702/3577 3439/2704/3577 2452/3525/3577
f 2453/3526/3578 2452/3525/3578 3439/2704/3578
f 3439/2704/3579 3440/2705/3579 2453/3526/3579
f 2454/3527/3580 2453/3526/3580 3440/2705/3580
f 3440/2705/3581 3441/2707/3581 2454/3527/3581
f 2455/3528/3582 2454/3527/3582 3441/2707/3582
f 3441/2707/3583 3442/2709/3583 2455/3528/3583
f 2456/3529/3584 2455/3528/3584 3442/2709/3584
f 3442/2709/3585 3443/2711/3585 2456/3529/3585
f 2457/3530/3586 2456/3529/3586 3443/2711/3586
f 3443/2711/3587 3444/2712/3587 2457/3530/3587
f 2458/3531/3588 2457/3530/3588 3444/2712/3588
f 3444/2712/3589 3445/2714/3589 2458/3531/3589
f 2459/3532/3590 2458/3531/3590 3445/2714/3590
f 3445/2714/3591 3446/2717/3591 2459/3532/3591
f 2460/3533/3592 2459/3532/3592 3446/2717/3592
f 3446/2717/3593 3447/2719/3593 2460/3533/3593
f 2461/3534/3594 2460/3533/3594 3447/2719/3594
f 3447/2719/3595 3448/2721/3595 2461/3534/3595
f 2462/3535/3596 2461/3534/3596 3448/2721/3596
f 3448/2721/3597 3449/2723/3597 2462/3535/3597
f 2463/3071/3598 2462/3535/3598 3449/2723/3598
f 3449/2723/3599 3450/2725/3599 2463/3071/3600
f 2445/3066/3601 2464/2727/3601 3451/2692/3601
f 3451/2692/3602 3432/2691/3602 2445/3066/3602
f 2464/2727/3603 2465/2726/3603 3452/2689/3603
f 3452/2689/3604 3451/2692/3604 2464/2727/3604
f 2465/2726/3605 2466/2730/3605 3453/2693/3605
f 3453/2693/3606 3452/2689/3606 2465/2726/3606
f 2466/2730/3607 2467/2733/3607 3454/2696/3607
f 3454/2696/3608 3453/2693/3608 2466/2730/3608
f 2467/2733/3609 2468/2734/3609 3455/2697/3609
f 3455/2697/3610 3454/2696/3610 2467/2733/3610
f 2468/2734/3611 2469/2736/3611 3456/2699/3611
f 3456/2699/3612 3455/2697/3612 2468/2734/3612
f 2469/2736/3613 2470/2739/3613 3457/2701/3613
f 3457/2701/3614 3456/2699/3614 2469/2736/3614
f 2470/2739/3615 2471/2740/3615 3458/2703/3615
f 3458/2703/3616 3457/2701/3616 2470/2739/3616
f 2471/2740/3617 2472/2742/3617 3459/2706/3617
f 3459/2706/3618 3458/2703/3618 2471/2740/3618
f 2472/2742/3619 2473/2745/3619 3460/2708/3619
f 3460/2708/3620 3459/2706/3620 2472/2742/3620
f 2473/2745/3621 2474/2742/3621 3461/2706/3621
f 3461/2706/3622 3460/2708/3622 2473/2745/3622
f 2474/2742/3623 2475/2740/3623 3462/2710/3623
f 3462/2710/3624 3461/2706/3624 2474/2742/3624
f 2475/2740/3625 2476/2739/3625 3463/2713/3625
f 3463/2713/3626 3462/2710/3626 2475/2740/3626
f 2476/2739/3627 2477/2749/3627 3464/2715/3627
f 3464/2715/3628 3463/2713/3628 2476/2739/3628
f 2477/2749/3629 2478/2750/3629 3465/2716/3629
f 3465/2716/3630 3464/2715/3630 2477/2749/3630
f 2478/2750/3631 2479/2752/3631 3466/2718/3631
f 3466/2718/3632 3465/2716/3632 2478/2750/3632
f 2479/2752/3633 2480/2754/3633 3467/2720/3633
f 3467/2720/3634 3466/2718/3634 2479/2752/3634
f 2480/2754/3635 2481/2756/3635 3468/2722/3635
f 3468/2722/3636 3467/2720/3636 2480/2754/3636
f 2482/2758/3637 2463/3071/3637 3450/2725/3637
f 3450/2725/3638 3469/2724/3638 2482/2758/3638
f 2481/2756/3639 2482/2758/3639 3469/2724/3639
f 3469/2724/3640 3468/2722/3640 2481/2756/3640
o Cylinder012
v 112.936600 1.661876 41.277344
v 112.936600 -11.618413 41.277344
v 132.644424 -10.246243 41.432510
v 151.753311 -8.605538 41.872551
v 169.682846 -6.816539 42.415413
v 185.888138 -4.996857 42.846298
v 199.876877 -3.266437 43.015694
v 211.223953 -1.724821 42.879822
v 219.584579 -0.417225 42.485161
v 224.704819 0.682567 41.920830
v 226.429031 1.661884 41.277359
v 224.704819 2.641200 40.633858
v 219.584641 3.740992 40.069542
v 211.223953 5.048587 39.674896
v 199.876877 6.590200 39.538979
v 185.888138 8.320615 39.708420
v 169.682846 10.140296 40.139305
v 151.753372 11.929296 40.682175
v 132.644485 13.569996 41.122208
v 112.936661 14.942162 41.277336
v 93.228958 15.909032 41.462990
v 74.119965 16.319618 42.127022
v 56.190475 16.020945 43.204758
v 39.985153 14.910733 44.399063
v 25.996384 13.012412 45.280991
v 14.649338 10.501609 45.460068
v 6.288681 7.640418 44.750473
v 1.168427 4.656864 43.245346
v -0.555786 1.661876 41.277367
v 1.168396 -1.333113 39.309395
v 6.288620 -4.316665 37.804253
v 14.649246 -7.177860 37.094643
v 25.996353 -9.688663 37.273758
v 39.985062 -11.586986 38.155609
v 56.190353 -12.697196 39.349953
v 74.119873 -12.995878 40.427681
v 93.228836 -12.585282 41.091736
v 112.936600 -11.618413 42.082199
v 132.644363 -10.238576 42.165359
v 151.753311 -8.574708 42.534782
v 169.682846 -6.752570 43.008766
v 185.888138 -4.897160 43.373116
v 199.876877 -3.134793 43.480354
v 211.223953 -1.568810 43.290367
v 219.584579 -0.245323 42.853592
v 224.704819 0.862956 42.262672
v 226.429031 1.844876 41.610077
v 224.704819 2.821588 40.975677
v 219.584641 3.912894 40.437988
v 211.223953 5.204599 40.085388
v 199.876877 6.721843 40.003708
v 185.888138 8.420314 40.235268
v 169.682846 10.204265 40.732681
v 151.753372 11.960127 41.344406
v 132.644424 13.577668 41.855080
v 112.936661 14.942162 42.082260
v 93.228989 15.899856 42.339813
v 74.119965 16.275606 43.072426
v 56.190475 15.912610 44.209679
v 39.985153 14.712368 45.447304
v 25.996384 12.709219 46.351204
v 14.649338 10.094400 46.531593
v 6.288651 7.146108 45.809937
v 1.168396 4.105194 44.290688
v -0.555786 1.090261 42.316689
v 1.168396 -1.884782 40.354713
v 6.288620 -4.810977 38.863693
v 14.649277 -7.585072 38.166176
v 25.996353 -9.991855 38.344009
v 39.985062 -11.785354 39.203880
v 56.190353 -12.805537 40.354858
v 74.119873 -13.039891 41.373093
v 93.228836 -12.594459 41.968567
v 112.936600 -11.618412 42.887138
v 132.644363 -10.230906 42.898201
v 151.753311 -8.543877 43.197029
v 169.682785 -6.688602 43.602142
v 185.888138 -4.797461 43.899956
v 199.876877 -3.003150 43.945045
v 211.223953 -1.412797 43.700874
v 219.584579 -0.073420 43.222038
v 224.704819 1.043343 42.604469
v 226.429031 2.027868 41.942795
v 224.704819 3.001976 41.317474
v 219.584579 4.084797 40.806412
v 211.223953 5.360611 40.495926
v 199.876877 6.853487 40.468407
v 185.888138 8.520011 40.762108
v 169.682846 10.268232 41.326012
v 151.753372 11.990957 42.006653
v 132.644424 13.585335 42.587959
v 112.936661 14.942163 42.887161
v 93.228958 15.890682 43.216637
v 74.119965 16.231590 44.017830
v 56.190475 15.804273 45.214622
v 39.985153 14.513999 46.495544
v 25.996414 12.406031 47.421494
v 14.649338 9.687188 47.603134
v 6.288651 6.651796 46.869385
v 1.168427 3.553524 45.336044
v -0.555786 0.518647 43.356003
v 1.168427 -2.436452 41.400101
v 6.288620 -5.305287 39.923157
v 14.649277 -7.992282 39.237717
v 25.996353 -10.295044 39.414261
v 39.985062 -11.983724 40.252136
v 56.190308 -12.913872 41.359779
v 74.119873 -13.083906 42.318489
v 93.228806 -12.603635 42.845375
v 112.936600 -11.618413 43.692070
v 132.644424 -10.223238 43.631088
v 151.753311 -8.513047 43.859253
v 169.682846 -6.624633 44.195496
v 185.888138 -4.697763 44.426781
v 199.876877 -2.871508 44.409760
v 211.223953 -1.256786 44.111427
v 219.584579 0.098482 43.590477
v 224.704819 1.223731 42.946289
v 226.429031 2.210860 42.275513
v 224.704819 3.182364 41.659302
v 219.584641 4.256699 41.174858
v 211.223953 5.516624 40.906448
v 199.876877 6.985129 40.933052
v 185.888138 8.619707 41.288918
v 169.682846 10.332202 41.919388
v 151.753372 12.021790 42.668884
v 132.644424 13.593004 43.320831
v 112.936661 14.942162 43.692062
v 93.228958 15.881504 44.093452
v 74.120026 16.187578 44.963249
v 56.190475 15.695934 46.219543
v 39.985153 14.315634 47.543793
v 25.996414 12.102840 48.491722
v 14.649338 9.279977 48.674675
v 6.288651 6.157485 47.928825
v 1.168396 3.001853 46.381386
v -0.555786 -0.052968 44.395317
v 1.168396 -2.988122 42.445419
v 6.288620 -5.799598 40.982613
v 14.649246 -8.399496 40.309250
v 25.996353 -10.598236 40.484505
v 39.985062 -12.182091 41.300369
v 56.190353 -13.022209 42.364716
v 74.119873 -13.127923 43.263901
v 93.228806 -12.612811 43.722206
v 112.936600 -11.618413 44.496925
v 132.644363 -10.215569 44.363976
v 151.753372 -8.482217 44.521477
v 169.682846 -6.560665 44.788857
v 185.888138 -4.598067 44.953644
v 199.876877 -2.739864 44.874451
v 211.223953 -1.100773 44.521919
v 219.584579 0.270385 43.958939
v 224.704819 1.404119 43.288101
v 226.429092 2.393852 42.608223
v 224.704819 3.362752 42.001099
v 219.584641 4.428601 41.543266
v 211.223953 5.672636 41.317009
v 199.876877 7.116773 41.397797
v 185.888138 8.719406 41.815742
v 169.682846 10.396171 42.512756
v 151.753372 12.052621 43.331123
v 132.644424 13.600672 44.053703
v 112.936661 14.942162 44.496956
v 93.228928 15.872331 44.970284
v 74.120026 16.143560 45.908653
v 56.190475 15.587602 47.224464
v 39.985153 14.117268 48.592026
v 25.996414 11.799648 49.561981
v 14.649338 8.872765 49.746193
v 6.288681 5.663175 48.988274
v 1.168427 2.450183 47.426743
v -0.555756 -0.624582 45.434631
v 1.168396 -3.539794 43.490761
v 6.288620 -6.293910 42.042053
v 14.649246 -8.806708 41.380775
v 25.996353 -10.901427 41.554771
v 39.985062 -12.380459 42.348610
v 56.190353 -13.130547 43.369644
v 74.119873 -13.171937 44.209297
v 93.228836 -12.621985 44.599037
v 112.936600 -11.618412 45.301834
v 132.644424 -10.207902 45.096870
v 151.753311 -8.451385 45.183716
v 169.682846 -6.496698 45.382225
v 185.888138 -4.498368 45.480461
v 199.876816 -2.608221 45.339157
v 211.223953 -0.944761 44.932465
v 219.584579 0.442287 44.327339
v 224.704819 1.584507 43.629913
v 226.429031 2.576845 42.940941
v 224.704819 3.543140 42.342911
v 219.584641 4.600504 41.911713
v 211.223953 5.828648 41.727501
v 199.876877 7.248417 41.862488
v 185.888138 8.819103 42.342583
v 169.682846 10.460136 43.106133
v 151.753372 12.083453 43.993347
v 132.644424 13.608341 44.786560
v 112.936661 14.942163 45.301872
v 93.228958 15.863155 45.847145
v 74.120026 16.099548 46.854080
v 56.190445 15.479261 48.229362
v 39.985153 13.918900 49.640259
v 25.996414 11.496460 50.632225
v 14.649338 8.465552 50.817734
v 6.288681 5.168864 50.047722
v 1.168427 1.898513 48.472084
v -0.555786 -1.196196 46.473946
v 1.168427 -4.091464 44.536110
v 6.288651 -6.788220 43.101494
v 14.649277 -9.213918 42.452324
v 25.996353 -11.204618 42.625008
v 39.985062 -12.578825 43.396820
v 56.190384 -13.238886 44.374542
v 74.119873 -13.215952 45.154709
v 93.228836 -12.631163 45.475853
v 112.936600 1.661876 45.301880
vn -0.0000 0.0014 -1.0000
vn 0.0185 0.0176 -0.9997
vn 0.0087 -0.0000 -1.0000
vn 0.0256 0.0389 -0.9989
vn 0.0240 0.0262 -0.9994
vn 0.0179 -0.0392 -0.9991
vn 0.0108 -0.1569 -0.9875
vn 0.0049 -0.3075 -0.9515
vn 0.0013 -0.4521 -0.8920
vn 0.0001 -0.5415 -0.8407
vn -0.0000 -0.5491 -0.8357
vn -0.0001 -0.5415 -0.8407
vn -0.0013 -0.4521 -0.8920
vn -0.0049 -0.3075 -0.9515
vn -0.0108 -0.1570 -0.9875
vn -0.0179 -0.0392 -0.9991
vn -0.0240 0.0262 -0.9994
vn -0.0256 0.0389 -0.9989
vn -0.0185 0.0176 -0.9997
vn -0.0087 -0.0000 -1.0000
vn -0.0307 -0.0294 -0.9991
vn -0.0557 -0.0897 -0.9944
vn -0.0640 -0.1201 -0.9907
vn -0.0550 -0.0684 -0.9961
vn -0.0364 0.0728 -0.9967
vn -0.0174 0.2631 -0.9646
vn -0.0051 0.4322 -0.9018
vn -0.0008 0.5276 -0.8495
vn -0.0000 0.5491 -0.8357
vn 0.0008 0.5276 -0.8495
vn 0.0051 0.4322 -0.9018
vn 0.0174 0.2631 -0.9646
vn 0.0364 0.0728 -0.9967
vn 0.0550 -0.0684 -0.9961
vn 0.0641 -0.1202 -0.9907
vn 0.0557 -0.0897 -0.9944
vn 0.0307 -0.0294 -0.9991
vn 0.0594 -0.9982 0.0001
vn 0.0784 -0.9969 0.0106
vn 0.0596 -0.9982 -0.0000
vn 0.0778 -0.9969 0.0108
vn 0.0929 -0.9946 0.0464
vn 0.0919 -0.9947 0.0469
vn 0.1043 -0.9888 0.1067
vn 0.1029 -0.9889 0.1074
vn 0.1146 -0.9761 0.1847
vn 0.1129 -0.9761 0.1857
vn 0.1272 -0.9543 0.2704
vn 0.1252 -0.9543 0.2714
vn 0.1490 -0.9243 0.3512
vn 0.1469 -0.9243 0.3524
vn 0.2007 -0.8878 0.4142
vn 0.1987 -0.8877 0.4154
vn 0.4066 -0.8081 0.4263
vn 0.4077 -0.8072 0.4269
vn 1.0000 0.0023 -0.0013
vn 0.9991 0.0381 -0.0193
vn 0.4008 0.8103 -0.4275
vn 0.3996 0.8113 -0.4268
vn 0.1936 0.8891 -0.4148
vn 0.1956 0.8892 -0.4135
vn 0.1420 0.9253 -0.3516
vn 0.1441 0.9254 -0.3505
vn 0.1206 0.9551 -0.2706
vn 0.1225 0.9552 -0.2695
vn 0.1087 0.9767 -0.1849
vn 0.1105 0.9767 -0.1839
vn 0.0995 0.9893 -0.1067
vn 0.1010 0.9892 -0.1059
vn 0.0896 0.9949 -0.0464
vn 0.0906 0.9948 -0.0459
vn 0.0767 0.9970 -0.0106
vn 0.0772 0.9970 -0.0103
vn 0.0588 0.9983 -0.0000
vn 0.0591 0.9983 0.0001
vn 0.0341 0.9994 0.0107
vn 0.0348 0.9993 0.0110
vn 0.0017 0.9989 0.0468
vn 0.0036 0.9989 0.0476
vn -0.0397 0.9934 0.1074
vn -0.0362 0.9934 0.1088
vn -0.0935 0.9782 0.1854
vn -0.0883 0.9783 0.1874
vn -0.1664 0.9486 0.2690
vn -0.1596 0.9491 0.2716
vn -0.2731 0.8992 0.3419
vn -0.2655 0.9002 0.3451
vn -0.4474 0.8105 0.3780
vn -0.4415 0.8121 0.3816
vn -0.7534 0.5820 0.3061
vn -0.7558 0.5788 0.3062
vn -1.0000 -0.0020 -0.0011
vn -0.9997 -0.0203 -0.0103
vn -0.7467 -0.5887 -0.3096
vn -0.7439 -0.5923 -0.3096
vn -0.4322 -0.8173 -0.3811
vn -0.4382 -0.8158 -0.3774
vn -0.2564 -0.9035 -0.3435
vn -0.2640 -0.9025 -0.3402
vn -0.1515 -0.9510 -0.2697
vn -0.1583 -0.9506 -0.2671
vn -0.0817 -0.9792 -0.1856
vn -0.0869 -0.9791 -0.1837
vn -0.0313 -0.9937 -0.1074
vn -0.0348 -0.9937 -0.1061
vn 0.0068 -0.9989 -0.0468
vn 0.0048 -0.9989 -0.0460
vn 0.0363 -0.9993 -0.0107
vn 0.0355 -0.9993 -0.0103
vn 0.0792 -0.9968 0.0106
vn 0.0601 -0.9982 -0.0000
vn 0.0946 -0.9944 0.0464
vn 0.1067 -0.9886 0.1066
vn 0.1176 -0.9757 0.1847
vn 0.1305 -0.9539 0.2702
vn 0.1525 -0.9239 0.3511
vn 0.2043 -0.8871 0.4139
vn 0.4094 -0.8069 0.4257
vn 1.0000 0.0047 -0.0025
vn 0.3979 0.8114 -0.4280
vn 0.1901 0.8897 -0.4151
vn 0.1384 0.9258 -0.3518
vn 0.1173 0.9555 -0.2707
vn 0.1058 0.9770 -0.1849
vn 0.0971 0.9895 -0.1067
vn 0.0879 0.9950 -0.0464
vn 0.0759 0.9971 -0.0106
vn 0.0584 0.9983 -0.0000
vn 0.0330 0.9994 0.0107
vn -0.0008 0.9989 0.0468
vn -0.0439 0.9932 0.1074
vn -0.0994 0.9776 0.1853
vn -0.1738 0.9474 0.2687
vn -0.2813 0.8970 0.3410
vn -0.4549 0.8071 0.3764
vn -0.7567 0.5786 0.3044
vn -1.0000 -0.0039 -0.0022
vn -0.7433 -0.5921 -0.3114
vn -0.4245 -0.8206 -0.3827
vn -0.2479 -0.9055 -0.3443
vn -0.1440 -0.9520 -0.2700
vn -0.0757 -0.9797 -0.1857
vn -0.0271 -0.9938 -0.1075
vn 0.0093 -0.9989 -0.0468
vn 0.0374 -0.9992 -0.0107
vn 0.0800 -0.9967 0.0106
vn 0.0605 -0.9982 -0.0000
vn 0.0963 -0.9943 0.0464
vn 0.1091 -0.9883 0.1066
vn 0.1205 -0.9754 0.1846
vn 0.1338 -0.9535 0.2701
vn 0.1560 -0.9233 0.3509
vn 0.2078 -0.8865 0.4135
vn 0.4123 -0.8058 0.4251
vn 1.0000 0.0069 -0.0039
vn 0.3950 0.8125 -0.4286
vn 0.1865 0.8903 -0.4154
vn 0.1349 0.9262 -0.3520
vn 0.1139 0.9559 -0.2708
vn 0.1028 0.9773 -0.1850
vn 0.0947 0.9898 -0.1068
vn 0.0862 0.9952 -0.0464
vn 0.0750 0.9971 -0.0106
vn 0.0579 0.9983 -0.0000
vn 0.0319 0.9994 0.0107
vn -0.0034 0.9989 0.0468
vn -0.0481 0.9931 0.1074
vn -0.1053 0.9770 0.1852
vn -0.1812 0.9461 0.2683
vn -0.2895 0.8947 0.3402
vn -0.4622 0.8037 0.3748
vn -0.7599 0.5753 0.3026
vn -1.0000 -0.0059 -0.0032
vn -0.7398 -0.5955 -0.3132
vn -0.4167 -0.8239 -0.3842
vn -0.2394 -0.9075 -0.3451
vn -0.1365 -0.9531 -0.2703
vn -0.0697 -0.9801 -0.1858
vn -0.0229 -0.9939 -0.1075
vn 0.0119 -0.9988 -0.0468
vn 0.0385 -0.9992 -0.0107
vn 0.0809 -0.9967 0.0106
vn 0.0609 -0.9981 -0.0000
vn 0.0980 -0.9941 0.0464
vn 0.1115 -0.9880 0.1066
vn 0.1234 -0.9750 0.1845
vn 0.1371 -0.9531 0.2700
vn 0.1595 -0.9228 0.3507
vn 0.2113 -0.8858 0.4132
vn 0.4151 -0.8047 0.4245
vn 0.9999 0.0093 -0.0051
vn 0.3921 0.8136 -0.4292
vn 0.1829 0.8909 -0.4157
vn 0.1314 0.9267 -0.3521
vn 0.1106 0.9562 -0.2709
vn 0.0999 0.9776 -0.1850
vn 0.0923 0.9900 -0.1068
vn 0.0845 0.9953 -0.0464
vn 0.0742 0.9972 -0.0106
vn 0.0575 0.9983 -0.0000
vn 0.0307 0.9995 0.0107
vn -0.0059 0.9989 0.0468
vn -0.0523 0.9928 0.1073
vn -0.1112 0.9764 0.1851
vn -0.1886 0.9448 0.2679
vn -0.2976 0.8924 0.3393
vn -0.4695 0.8002 0.3732
vn -0.7631 0.5720 0.3009
vn -1.0000 -0.0079 -0.0043
vn -0.7362 -0.5989 -0.3150
vn -0.4088 -0.8271 -0.3857
vn -0.2309 -0.9095 -0.3458
vn -0.1289 -0.9540 -0.2706
vn -0.0638 -0.9805 -0.1859
vn -0.0187 -0.9940 -0.1075
vn 0.0144 -0.9988 -0.0468
vn 0.0396 -0.9992 -0.0107
vn 0.0813 -0.9966 0.0103
vn 0.0611 -0.9981 -0.0001
vn 0.0989 -0.9940 0.0459
vn 0.1129 -0.9880 0.1058
vn 0.1251 -0.9750 0.1836
vn 0.1389 -0.9531 0.2689
vn 0.1614 -0.9229 0.3495
vn 0.2128 -0.8859 0.4121
vn 0.4121 -0.8064 0.4242
vn 0.9996 -0.0260 0.0128
vn 0.3914 0.8134 -0.4302
vn 0.1803 0.8909 -0.4169
vn 0.1290 0.9266 -0.3533
vn 0.1085 0.9562 -0.2720
vn 0.0980 0.9777 -0.1860
vn 0.0908 0.9900 -0.1076
vn 0.0834 0.9954 -0.0470
vn 0.0736 0.9972 -0.0108
vn 0.0571 0.9984 -0.0001
vn 0.0297 0.9995 0.0103
vn -0.0083 0.9989 0.0460
vn -0.0564 0.9928 0.1060
vn -0.1172 0.9761 0.1831
vn -0.1960 0.9440 0.2653
vn -0.3058 0.8909 0.3358
vn -0.4760 0.7982 0.3693
vn -0.7615 0.5744 0.3003
vn -0.9999 0.0106 0.0049
vn -0.7401 -0.5944 -0.3145
vn -0.4034 -0.8281 -0.3892
vn -0.2238 -0.9100 -0.3489
vn -0.1227 -0.9541 -0.2731
vn -0.0591 -0.9804 -0.1878
vn -0.0157 -0.9939 -0.1088
vn 0.0160 -0.9987 -0.0476
vn 0.0402 -0.9991 -0.0110
vn 0.0182 -0.0014 0.9998
vn 0.0096 -0.0000 1.0000
vn -0.0000 -0.0173 0.9999
vn -0.0064 -0.0363 0.9993
vn -0.0042 -0.0191 0.9998
vn 0.0020 0.0521 0.9986
vn 0.0082 0.1749 0.9845
vn 0.0122 0.3275 0.9448
vn 0.0134 0.4681 0.8835
vn 0.0129 0.5483 0.8362
vn 0.0130 0.5490 0.8357
vn 0.0134 0.5345 0.8451
vn 0.0166 0.4355 0.9000
vn 0.0227 0.2868 0.9577
vn 0.0303 0.1381 0.9900
vn 0.0380 0.0257 0.9989
vn 0.0439 -0.0337 0.9985
vn 0.0448 -0.0415 0.9981
vn 0.0370 -0.0180 0.9992
vn 0.0269 -0.0000 0.9996
vn 0.0483 0.0287 0.9984
vn 0.0709 0.0837 0.9940
vn 0.0761 0.1023 0.9918
vn 0.0659 0.0395 0.9970
vn 0.0492 -0.1034 0.9934
vn 0.0341 -0.2843 0.9581
vn 0.0254 -0.4416 0.8969
vn 0.0229 -0.5307 0.8472
vn 0.0225 -0.5490 0.8355
vn 0.0211 -0.5241 0.8514
vn 0.0147 -0.4214 0.9068
vn -0.0018 -0.2379 0.9713
vn -0.0254 -0.0364 0.9990
vn -0.0458 0.1019 0.9937
vn -0.0529 0.1400 0.9887
vn -0.0406 0.0962 0.9945
vn -0.0130 0.0301 0.9995
vt 0.946018 0.521795
vt 0.959805 0.536537
vt 0.961394 0.521795
vt 0.957905 0.550832
vt 0.955834 0.564245
vt 0.953727 0.576367
vt 0.951724 0.586832
vt 0.949939 0.595320
vt 0.948425 0.601574
vt 0.947151 0.605405
vt 0.946018 0.606695
vt 0.944884 0.605405
vt 0.943610 0.601574
vt 0.942096 0.595320
vt 0.940311 0.586832
vt 0.938308 0.576367
vt 0.936201 0.564245
vt 0.934130 0.550832
vt 0.932230 0.536537
vt 0.930641 0.521795
vt 0.929522 0.507052
vt 0.929046 0.492757
vt 0.929392 0.479345
vt 0.930677 0.467222
vt 0.932876 0.456757
vt 0.935782 0.448269
vt 0.939095 0.442015
vt 0.942550 0.438184
vt 0.946018 0.436895
vt 0.949485 0.438184
vt 0.952940 0.442015
vt 0.956252 0.448269
vt 0.959160 0.456757
vt 0.961357 0.467222
vt 0.962643 0.479344
vt 0.962989 0.492757
vt 0.962513 0.507052
vt 0.959796 0.536537
vt 0.957870 0.550832
vt 0.955760 0.564245
vt 0.953612 0.576367
vt 0.951571 0.586832
vt 0.949758 0.595320
vt 0.948226 0.601574
vt 0.946943 0.605405
vt 0.945806 0.606695
vt 0.944675 0.605405
vt 0.943411 0.601574
vt 0.941916 0.595320
vt 0.940159 0.586832
vt 0.938192 0.576367
vt 0.936127 0.564245
vt 0.934094 0.550832
vt 0.932221 0.536537
vt 0.929532 0.507052
vt 0.929097 0.492757
vt 0.929518 0.479345
vt 0.930907 0.467222
vt 0.933226 0.456757
vt 0.936254 0.448269
vt 0.939668 0.442015
vt 0.943189 0.438184
vt 0.946679 0.436895
vt 0.950124 0.438184
vt 0.953512 0.442015
vt 0.956724 0.448269
vt 0.959511 0.456757
vt 0.961587 0.467222
vt 0.962768 0.479344
vt 0.963040 0.492757
vt 0.962524 0.507052
vt 0.959787 0.536537
vt 0.957834 0.550832
vt 0.955686 0.564244
vt 0.953496 0.576367
vt 0.951419 0.586832
vt 0.949578 0.595320
vt 0.948027 0.601574
vt 0.946734 0.605405
vt 0.945594 0.606695
vt 0.944466 0.605405
vt 0.943212 0.601574
vt 0.941735 0.595320
vt 0.940007 0.586832
vt 0.938077 0.576367
vt 0.936053 0.564245
vt 0.934058 0.550832
vt 0.932212 0.536537
vt 0.929543 0.507052
vt 0.929148 0.492757
vt 0.929643 0.479345
vt 0.931137 0.467222
vt 0.933578 0.456757
vt 0.936726 0.448269
vt 0.940240 0.442015
vt 0.943827 0.438184
vt 0.947341 0.436895
vt 0.950763 0.438184
vt 0.954084 0.442015
vt 0.957195 0.448269
vt 0.959862 0.456757
vt 0.961817 0.467222
vt 0.962894 0.479344
vt 0.963091 0.492757
vt 0.962535 0.507052
vt 0.959778 0.536537
vt 0.957798 0.550832
vt 0.955612 0.564245
vt 0.953381 0.576367
vt 0.951266 0.586832
vt 0.949397 0.595320
vt 0.947828 0.601574
vt 0.946525 0.605405
vt 0.945382 0.606695
vt 0.944257 0.605405
vt 0.943013 0.601574
vt 0.941554 0.595320
vt 0.939854 0.586832
vt 0.937962 0.576367
vt 0.935979 0.564245
vt 0.934023 0.550832
vt 0.932203 0.536537
vt 0.929554 0.507052
vt 0.929199 0.492757
vt 0.929769 0.479345
vt 0.931367 0.467222
vt 0.933929 0.456757
vt 0.937197 0.448269
vt 0.940812 0.442015
vt 0.944466 0.438184
vt 0.948003 0.436895
vt 0.951401 0.438184
vt 0.954657 0.442015
vt 0.957667 0.448269
vt 0.960213 0.456757
vt 0.962047 0.467222
vt 0.963019 0.479344
vt 0.963142 0.492757
vt 0.962545 0.507052
vt 0.959770 0.536537
vt 0.957763 0.550832
vt 0.955538 0.564245
vt 0.953265 0.576367
vt 0.951114 0.586832
vt 0.949216 0.595320
vt 0.947629 0.601574
vt 0.946316 0.605405
vt 0.945170 0.606695
vt 0.944048 0.605405
vt 0.942814 0.601574
vt 0.941374 0.595320
vt 0.939702 0.586832
vt 0.937846 0.576367
vt 0.935905 0.564245
vt 0.933987 0.550832
vt 0.932194 0.536537
vt 0.929564 0.507052
vt 0.929250 0.492757
vt 0.929894 0.479345
vt 0.931596 0.467222
vt 0.934280 0.456757
vt 0.937669 0.448269
vt 0.941385 0.442015
vt 0.945105 0.438184
vt 0.948665 0.436895
vt 0.952040 0.438184
vt 0.955229 0.442015
vt 0.958138 0.448269
vt 0.960564 0.456757
vt 0.962276 0.467222
vt 0.963145 0.479344
vt 0.963192 0.492757
vt 0.962556 0.507052
vt 0.959761 0.536537
vt 0.957727 0.550832
vt 0.955464 0.564245
vt 0.953150 0.576367
vt 0.950962 0.586832
vt 0.949036 0.595320
vt 0.947430 0.601574
vt 0.946107 0.605405
vt 0.944958 0.606695
vt 0.943839 0.605405
vt 0.942615 0.601574
vt 0.941193 0.595320
vt 0.939549 0.586832
vt 0.937731 0.576367
vt 0.935831 0.564245
vt 0.933951 0.550832
vt 0.932186 0.536537
vt 0.929575 0.507052
vt 0.929301 0.492757
vt 0.930019 0.479345
vt 0.931826 0.467222
vt 0.934631 0.456757
vt 0.938140 0.448269
vt 0.941957 0.442015
vt 0.945744 0.438184
vt 0.949327 0.436895
vt 0.952679 0.438184
vt 0.955801 0.442015
vt 0.958610 0.448269
vt 0.960915 0.456757
vt 0.962506 0.467222
vt 0.963270 0.479344
vt 0.963244 0.492757
vt 0.962567 0.507052
s 1
usemtl Material_#25
f 3470/3536/3641 3472/3537/3642 3471/3538/3643
f 3470/3536/3641 3473/3539/3644 3472/3537/3642
f 3470/3536/3641 3474/3540/3645 3473/3539/3644
f 3470/3536/3641 3475/3541/3646 3474/3540/3645
f 3470/3536/3641 3476/3542/3647 3475/3541/3646
f 3470/3536/3641 3477/3543/3648 3476/3542/3647
f 3470/3536/3641 3478/3544/3649 3477/3543/3648
f 3470/3536/3641 3479/3545/3650 3478/3544/3649
f 3470/3536/3641 3480/3546/3651 3479/3545/3650
f 3470/3536/3641 3481/3547/3652 3480/3546/3651
f 3470/3536/3641 3482/3548/3653 3481/3547/3652
f 3470/3536/3641 3483/3549/3654 3482/3548/3653
f 3470/3536/3641 3484/3550/3655 3483/3549/3654
f 3470/3536/3641 3485/3551/3656 3484/3550/3655
f 3470/3536/3641 3486/3552/3657 3485/3551/3656
f 3470/3536/3641 3487/3553/3658 3486/3552/3657
f 3470/3536/3641 3488/3554/3659 3487/3553/3658
f 3470/3536/3641 3489/3555/3660 3488/3554/3659
f 3470/3536/3641 3490/3556/3661 3489/3555/3660
f 3470/3536/3641 3491/3557/3662 3490/3556/3661
f 3470/3536/3641 3492/3558/3663 3491/3557/3662
f 3470/3536/3641 3493/3559/3664 3492/3558/3663
f 3470/3536/3641 3494/3560/3665 3493/3559/3664
f 3470/3536/3641 3495/3561/3666 3494/3560/3665
f 3470/3536/3641 3496/3562/3667 3495/3561/3666
f 3470/3536/3641 3497/3563/3668 3496/3562/3667
f 3470/3536/3641 3498/3564/3669 3497/3563/3668
f 3470/3536/3641 3499/3565/3670 3498/3564/3669
f 3470/3536/3641 3500/3566/3671 3499/3565/3670
f 3470/3536/3641 3501/3567/3672 3500/3566/3671
f 3470/3536/3641 3502/3568/3673 3501/3567/3672
f 3470/3536/3641 3503/3569/3674 3502/3568/3673
f 3470/3536/3641 3504/3570/3675 3503/3569/3674
f 3470/3536/3641 3505/3571/3676 3504/3570/3675
f 3470/3536/3641 3506/3572/3677 3505/3571/3676
f 3470/3536/3641 3471/3538/3643 3506/3572/3677
f 3471/3538/3678 3508/3573/3679 3507/3538/3680
f 3471/3538/3678 3472/3537/3681 3508/3573/3679
f 3472/3537/3681 3509/3574/3682 3508/3573/3679
f 3472/3537/3681 3473/3539/3683 3509/3574/3682
f 3473/3539/3683 3510/3575/3684 3509/3574/3682
f 3473/3539/3683 3474/3540/3685 3510/3575/3684
f 3474/3540/3685 3511/3576/3686 3510/3575/3684
f 3474/3540/3685 3475/3541/3687 3511/3576/3686
f 3475/3541/3687 3512/3577/3688 3511/3576/3686
f 3475/3541/3687 3476/3542/3689 3512/3577/3688
f 3476/3542/3689 3513/3578/3690 3512/3577/3688
f 3476/3542/3689 3477/3543/3691 3513/3578/3690
f 3477/3543/3691 3514/3579/3692 3513/3578/3690
f 3477/3543/3691 3478/3544/3693 3514/3579/3692
f 3478/3544/3693 3515/3580/3694 3514/3579/3692
f 3478/3544/3693 3479/3545/3695 3515/3580/3694
f 3479/3545/3695 3516/3581/3696 3515/3580/3694
f 3479/3545/3695 3480/3546/3697 3516/3581/3696
f 3480/3546/3697 3517/3582/3698 3516/3581/3696
f 3480/3546/3697 3481/3547/3699 3517/3582/3698
f 3481/3547/3699 3518/3583/3700 3517/3582/3698
f 3481/3547/3699 3482/3548/3701 3518/3583/3700
f 3482/3548/3701 3519/3584/3702 3518/3583/3700
f 3482/3548/3701 3483/3549/3703 3519/3584/3702
f 3483/3549/3703 3520/3585/3704 3519/3584/3702
f 3483/3549/3703 3484/3550/3705 3520/3585/3704
f 3484/3550/3705 3521/3586/3706 3520/3585/3704
f 3484/3550/3705 3485/3551/3707 3521/3586/3706
f 3485/3551/3707 3522/3587/3708 3521/3586/3706
f 3485/3551/3707 3486/3552/3709 3522/3587/3708
f 3486/3552/3709 3523/3588/3710 3522/3587/3708
f 3486/3552/3709 3487/3553/3711 3523/3588/3710
f 3487/3553/3711 3524/3589/3712 3523/3588/3710
f 3487/3553/3711 3488/3554/3713 3524/3589/3712
f 3488/3554/3713 3525/3555/3714 3524/3589/3712
f 3488/3554/3713 3489/3555/3715 3525/3555/3714
f 3489/3555/3715 3526/3590/3716 3525/3555/3714
f 3489/3555/3715 3490/3556/3717 3526/3590/3716
f 3490/3556/3717 3527/3591/3718 3526/3590/3716
f 3490/3556/3717 3491/3557/3719 3527/3591/3718
f 3491/3557/3719 3528/3592/3720 3527/3591/3718
f 3491/3557/3719 3492/3558/3721 3528/3592/3720
f 3492/3558/3721 3529/3593/3722 3528/3592/3720
f 3492/3558/3721 3493/3559/3723 3529/3593/3722
f 3493/3559/3723 3530/3594/3724 3529/3593/3722
f 3493/3559/3723 3494/3560/3725 3530/3594/3724
f 3494/3560/3725 3531/3595/3726 3530/3594/3724
f 3494/3560/3725 3495/3561/3727 3531/3595/3726
f 3495/3561/3727 3532/3596/3728 3531/3595/3726
f 3495/3561/3727 3496/3562/3729 3532/3596/3728
f 3496/3562/3729 3533/3597/3730 3532/3596/3728
f 3496/3562/3729 3497/3563/3731 3533/3597/3730
f 3497/3563/3731 3534/3598/3732 3533/3597/3730
f 3497/3563/3731 3498/3564/3733 3534/3598/3732
f 3498/3564/3733 3535/3599/3734 3534/3598/3732
f 3498/3564/3733 3499/3565/3735 3535/3599/3734
f 3499/3565/3735 3536/3600/3736 3535/3599/3734
f 3499/3565/3735 3500/3566/3737 3536/3600/3736
f 3500/3566/3737 3537/3601/3738 3536/3600/3736
f 3500/3566/3737 3501/3567/3739 3537/3601/3738
f 3501/3567/3739 3538/3602/3740 3537/3601/3738
f 3501/3567/3739 3502/3568/3741 3538/3602/3740
f 3502/3568/3741 3539/3603/3742 3538/3602/3740
f 3502/3568/3741 3503/3569/3743 3539/3603/3742
f 3503/3569/3743 3540/3604/3744 3539/3603/3742
f 3503/3569/3743 3504/3570/3745 3540/3604/3744
f 3504/3570/3745 3541/3605/3746 3540/3604/3744
f 3504/3570/3745 3505/3571/3747 3541/3605/3746
f 3505/3571/3747 3542/3606/3748 3541/3605/3746
f 3505/3571/3747 3506/3572/3749 3542/3606/3748
f 3506/3572/3749 3507/3538/3680 3542/3606/3748
f 3506/3572/3749 3471/3538/3678 3507/3538/3680
f 3507/3538/3680 3544/3607/3750 3543/3538/3751
f 3507/3538/3680 3508/3573/3679 3544/3607/3750
f 3508/3573/3679 3545/3608/3752 3544/3607/3750
f 3508/3573/3679 3509/3574/3682 3545/3608/3752
f 3509/3574/3682 3546/3609/3753 3545/3608/3752
f 3509/3574/3682 3510/3575/3684 3546/3609/3753
f 3510/3575/3684 3547/3610/3754 3546/3609/3753
f 3510/3575/3684 3511/3576/3686 3547/3610/3754
f 3511/3576/3686 3548/3611/3755 3547/3610/3754
f 3511/3576/3686 3512/3577/3688 3548/3611/3755
f 3512/3577/3688 3549/3612/3756 3548/3611/3755
f 3512/3577/3688 3513/3578/3690 3549/3612/3756
f 3513/3578/3690 3550/3613/3757 3549/3612/3756
f 3513/3578/3690 3514/3579/3692 3550/3613/3757
f 3514/3579/3692 3551/3614/3758 3550/3613/3757
f 3514/3579/3692 3515/3580/3694 3551/3614/3758
f 3515/3580/3694 3552/3615/3759 3551/3614/3758
f 3515/3580/3694 3516/3581/3696 3552/3615/3759
f 3516/3581/3696 3553/3616/3760 3552/3615/3759
f 3516/3581/3696 3517/3582/3698 3553/3616/3760
f 3517/3582/3698 3554/3617/3761 3553/3616/3760
f 3517/3582/3698 3518/3583/3700 3554/3617/3761
f 3518/3583/3700 3555/3618/3762 3554/3617/3761
f 3518/3583/3700 3519/3584/3702 3555/3618/3762
f 3519/3584/3702 3556/3619/3763 3555/3618/3762
f 3519/3584/3702 3520/3585/3704 3556/3619/3763
f 3520/3585/3704 3557/3620/3764 3556/3619/3763
f 3520/3585/3704 3521/3586/3706 3557/3620/3764
f 3521/3586/3706 3558/3621/3765 3557/3620/3764
f 3521/3586/3706 3522/3587/3708 3558/3621/3765
f 3522/3587/3708 3559/3622/3766 3558/3621/3765
f 3522/3587/3708 3523/3588/3710 3559/3622/3766
f 3523/3588/3710 3560/3623/3767 3559/3622/3766
f 3523/3588/3710 3524/3589/3712 3560/3623/3767
f 3524/3589/3712 3561/3555/3768 3560/3623/3767
f 3524/3589/3712 3525/3555/3714 3561/3555/3768
f 3525/3555/3714 3562/3624/3769 3561/3555/3768
f 3525/3555/3714 3526/3590/3716 3562/3624/3769
f 3526/3590/3716 3563/3625/3770 3562/3624/3769
f 3526/3590/3716 3527/3591/3718 3563/3625/3770
f 3527/3591/3718 3564/3626/3771 3563/3625/3770
f 3527/3591/3718 3528/3592/3720 3564/3626/3771
f 3528/3592/3720 3565/3627/3772 3564/3626/3771
f 3528/3592/3720 3529/3593/3722 3565/3627/3772
f 3529/3593/3722 3566/3628/3773 3565/3627/3772
f 3529/3593/3722 3530/3594/3724 3566/3628/3773
f 3530/3594/3724 3567/3629/3774 3566/3628/3773
f 3530/3594/3724 3531/3595/3726 3567/3629/3774
f 3531/3595/3726 3568/3630/3775 3567/3629/3774
f 3531/3595/3726 3532/3596/3728 3568/3630/3775
f 3532/3596/3728 3569/3631/3776 3568/3630/3775
f 3532/3596/3728 3533/3597/3730 3569/3631/3776
f 3533/3597/3730 3570/3632/3777 3569/3631/3776
f 3533/3597/3730 3534/3598/3732 3570/3632/3777
f 3534/3598/3732 3571/3633/3778 3570/3632/3777
f 3534/3598/3732 3535/3599/3734 3571/3633/3778
f 3535/3599/3734 3572/3634/3779 3571/3633/3778
f 3535/3599/3734 3536/3600/3736 3572/3634/3779
f 3536/3600/3736 3573/3635/3780 3572/3634/3779
f 3536/3600/3736 3537/3601/3738 3573/3635/3780
f 3537/3601/3738 3574/3636/3781 3573/3635/3780
f 3537/3601/3738 3538/3602/3740 3574/3636/3781
f 3538/3602/3740 3575/3637/3782 3574/3636/3781
f 3538/3602/3740 3539/3603/3742 3575/3637/3782
f 3539/3603/3742 3576/3638/3783 3575/3637/3782
f 3539/3603/3742 3540/3604/3744 3576/3638/3783
f 3540/3604/3744 3577/3639/3784 3576/3638/3783
f 3540/3604/3744 3541/3605/3746 3577/3639/3784
f 3541/3605/3746 3578/3640/3785 3577/3639/3784
f 3541/3605/3746 3542/3606/3748 3578/3640/3785
f 3542/3606/3748 3543/3538/3751 3578/3640/3785
f 3542/3606/3748 3507/3538/3680 3543/3538/3751
f 3543/3538/3751 3580/3641/3786 3579/3538/3787
f 3543/3538/3751 3544/3607/3750 3580/3641/3786
f 3544/3607/3750 3581/3642/3788 3580/3641/3786
f 3544/3607/3750 3545/3608/3752 3581/3642/3788
f 3545/3608/3752 3582/3643/3789 3581/3642/3788
f 3545/3608/3752 3546/3609/3753 3582/3643/3789
f 3546/3609/3753 3583/3644/3790 3582/3643/3789
f 3546/3609/3753 3547/3610/3754 3583/3644/3790
f 3547/3610/3754 3584/3645/3791 3583/3644/3790
f 3547/3610/3754 3548/3611/3755 3584/3645/3791
f 3548/3611/3755 3585/3646/3792 3584/3645/3791
f 3548/3611/3755 3549/3612/3756 3585/3646/3792
f 3549/3612/3756 3586/3647/3793 3585/3646/3792
f 3549/3612/3756 3550/3613/3757 3586/3647/3793
f 3550/3613/3757 3587/3648/3794 3586/3647/3793
f 3550/3613/3757 3551/3614/3758 3587/3648/3794
f 3551/3614/3758 3588/3649/3795 3587/3648/3794
f 3551/3614/3758 3552/3615/3759 3588/3649/3795
f 3552/3615/3759 3589/3650/3796 3588/3649/3795
f 3552/3615/3759 3553/3616/3760 3589/3650/3796
f 3553/3616/3760 3590/3651/3797 3589/3650/3796
f 3553/3616/3760 3554/3617/3761 3590/3651/3797
f 3554/3617/3761 3591/3652/3798 3590/3651/3797
f 3554/3617/3761 3555/3618/3762 3591/3652/3798
f 3555/3618/3762 3592/3653/3799 3591/3652/3798
f 3555/3618/3762 3556/3619/3763 3592/3653/3799
f 3556/3619/3763 3593/3654/3800 3592/3653/3799
f 3556/3619/3763 3557/3620/3764 3593/3654/3800
f 3557/3620/3764 3594/3655/3801 3593/3654/3800
f 3557/3620/3764 3558/3621/3765 3594/3655/3801
f 3558/3621/3765 3595/3656/3802 3594/3655/3801
f 3558/3621/3765 3559/3622/3766 3595/3656/3802
f 3559/3622/3766 3596/3657/3803 3595/3656/3802
f 3559/3622/3766 3560/3623/3767 3596/3657/3803
f 3560/3623/3767 3597/3555/3804 3596/3657/3803
f 3560/3623/3767 3561/3555/3768 3597/3555/3804
f 3561/3555/3768 3598/3658/3805 3597/3555/3804
f 3561/3555/3768 3562/3624/3769 3598/3658/3805
f 3562/3624/3769 3599/3659/3806 3598/3658/3805
f 3562/3624/3769 3563/3625/3770 3599/3659/3806
f 3563/3625/3770 3600/3660/3807 3599/3659/3806
f 3563/3625/3770 3564/3626/3771 3600/3660/3807
f 3564/3626/3771 3601/3661/3808 3600/3660/3807
f 3564/3626/3771 3565/3627/3772 3601/3661/3808
f 3565/3627/3772 3602/3662/3809 3601/3661/3808
f 3565/3627/3772 3566/3628/3773 3602/3662/3809
f 3566/3628/3773 3603/3663/3810 3602/3662/3809
f 3566/3628/3773 3567/3629/3774 3603/3663/3810
f 3567/3629/3774 3604/3664/3811 3603/3663/3810
f 3567/3629/3774 3568/3630/3775 3604/3664/3811
f 3568/3630/3775 3605/3665/3812 3604/3664/3811
f 3568/3630/3775 3569/3631/3776 3605/3665/3812
f 3569/3631/3776 3606/3666/3813 3605/3665/3812
f 3569/3631/3776 3570/3632/3777 3606/3666/3813
f 3570/3632/3777 3607/3667/3814 3606/3666/3813
f 3570/3632/3777 3571/3633/3778 3607/3667/3814
f 3571/3633/3778 3608/3668/3815 3607/3667/3814
f 3571/3633/3778 3572/3634/3779 3608/3668/3815
f 3572/3634/3779 3609/3669/3816 3608/3668/3815
f 3572/3634/3779 3573/3635/3780 3609/3669/3816
f 3573/3635/3780 3610/3670/3817 3609/3669/3816
f 3573/3635/3780 3574/3636/3781 3610/3670/3817
f 3574/3636/3781 3611/3671/3818 3610/3670/3817
f 3574/3636/3781 3575/3637/3782 3611/3671/3818
f 3575/3637/3782 3612/3672/3819 3611/3671/3818
f 3575/3637/3782 3576/3638/3783 3612/3672/3819
f 3576/3638/3783 3613/3673/3820 3612/3672/3819
f 3576/3638/3783 3577/3639/3784 3613/3673/3820
f 3577/3639/3784 3614/3674/3821 3613/3673/3820
f 3577/3639/3784 3578/3640/3785 3614/3674/3821
f 3578/3640/3785 3579/3538/3787 3614/3674/3821
f 3578/3640/3785 3543/3538/3751 3579/3538/3787
f 3579/3538/3787 3616/3675/3822 3615/3538/3823
f 3579/3538/3787 3580/3641/3786 3616/3675/3822
f 3580/3641/3786 3617/3676/3824 3616/3675/3822
f 3580/3641/3786 3581/3642/3788 3617/3676/3824
f 3581/3642/3788 3618/3677/3825 3617/3676/3824
f 3581/3642/3788 3582/3643/3789 3618/3677/3825
f 3582/3643/3789 3619/3678/3826 3618/3677/3825
f 3582/3643/3789 3583/3644/3790 3619/3678/3826
f 3583/3644/3790 3620/3679/3827 3619/3678/3826
f 3583/3644/3790 3584/3645/3791 3620/3679/3827
f 3584/3645/3791 3621/3680/3828 3620/3679/3827
f 3584/3645/3791 3585/3646/3792 3621/3680/3828
f 3585/3646/3792 3622/3681/3829 3621/3680/3828
f 3585/3646/3792 3586/3647/3793 3622/3681/3829
f 3586/3647/3793 3623/3682/3830 3622/3681/3829
f 3586/3647/3793 3587/3648/3794 3623/3682/3830
f 3587/3648/3794 3624/3683/3831 3623/3682/3830
f 3587/3648/3794 3588/3649/3795 3624/3683/3831
f 3588/3649/3795 3625/3684/3832 3624/3683/3831
f 3588/3649/3795 3589/3650/3796 3625/3684/3832
f 3589/3650/3796 3626/3685/3833 3625/3684/3832
f 3589/3650/3796 3590/3651/3797 3626/3685/3833
f 3590/3651/3797 3627/3686/3834 3626/3685/3833
f 3590/3651/3797 3591/3652/3798 3627/3686/3834
f 3591/3652/3798 3628/3687/3835 3627/3686/3834
f 3591/3652/3798 3592/3653/3799 3628/3687/3835
f 3592/3653/3799 3629/3688/3836 3628/3687/3835
f 3592/3653/3799 3593/3654/3800 3629/3688/3836
f 3593/3654/3800 3630/3689/3837 3629/3688/3836
f 3593/3654/3800 3594/3655/3801 3630/3689/3837
f 3594/3655/3801 3631/3690/3838 3630/3689/3837
f 3594/3655/3801 3595/3656/3802 3631/3690/3838
f 3595/3656/3802 3632/3691/3839 3631/3690/3838
f 3595/3656/3802 3596/3657/3803 3632/3691/3839
f 3596/3657/3803 3633/3555/3840 3632/3691/3839
f 3596/3657/3803 3597/3555/3804 3633/3555/3840
f 3597/3555/3804 3634/3692/3841 3633/3555/3840
f 3597/3555/3804 3598/3658/3805 3634/3692/3841
f 3598/3658/3805 3635/3693/3842 3634/3692/3841
f 3598/3658/3805 3599/3659/3806 3635/3693/3842
f 3599/3659/3806 3636/3694/3843 3635/3693/3842
f 3599/3659/3806 3600/3660/3807 3636/3694/3843
f 3600/3660/3807 3637/3695/3844 3636/3694/3843
f 3600/3660/3807 3601/3661/3808 3637/3695/3844
f 3601/3661/3808 3638/3696/3845 3637/3695/3844
f 3601/3661/3808 3602/3662/3809 3638/3696/3845
f 3602/3662/3809 3639/3697/3846 3638/3696/3845
f 3602/3662/3809 3603/3663/3810 3639/3697/3846
f 3603/3663/3810 3640/3698/3847 3639/3697/3846
f 3603/3663/3810 3604/3664/3811 3640/3698/3847
f 3604/3664/3811 3641/3699/3848 3640/3698/3847
f 3604/3664/3811 3605/3665/3812 3641/3699/3848
f 3605/3665/3812 3642/3700/3849 3641/3699/3848
f 3605/3665/3812 3606/3666/3813 3642/3700/3849
f 3606/3666/3813 3643/3701/3850 3642/3700/3849
f 3606/3666/3813 3607/3667/3814 3643/3701/3850
f 3607/3667/3814 3644/3702/3851 3643/3701/3850
f 3607/3667/3814 3608/3668/3815 3644/3702/3851
f 3608/3668/3815 3645/3703/3852 3644/3702/3851
f 3608/3668/3815 3609/3669/3816 3645/3703/3852
f 3609/3669/3816 3646/3704/3853 3645/3703/3852
f 3609/3669/3816 3610/3670/3817 3646/3704/3853
f 3610/3670/3817 3647/3705/3854 3646/3704/3853
f 3610/3670/3817 3611/3671/3818 3647/3705/3854
f 3611/3671/3818 3648/3706/3855 3647/3705/3854
f 3611/3671/3818 3612/3672/3819 3648/3706/3855
f 3612/3672/3819 3649/3707/3856 3648/3706/3855
f 3612/3672/3819 3613/3673/3820 3649/3707/3856
f 3613/3673/3820 3650/3708/3857 3649/3707/3856
f 3613/3673/3820 3614/3674/3821 3650/3708/3857
f 3614/3674/3821 3615/3538/3823 3650/3708/3857
f 3614/3674/3821 3579/3538/3787 3615/3538/3823
f 3615/3538/3823 3652/3709/3858 3651/3538/3859
f 3615/3538/3823 3616/3675/3822 3652/3709/3858
f 3616/3675/3822 3653/3710/3860 3652/3709/3858
f 3616/3675/3822 3617/3676/3824 3653/3710/3860
f 3617/3676/3824 3654/3711/3861 3653/3710/3860
f 3617/3676/3824 3618/3677/3825 3654/3711/3861
f 3618/3677/3825 3655/3712/3862 3654/3711/3861
f 3618/3677/3825 3619/3678/3826 3655/3712/3862
f 3619/3678/3826 3656/3713/3863 3655/3712/3862
f 3619/3678/3826 3620/3679/3827 3656/3713/3863
f 3620/3679/3827 3657/3714/3864 3656/3713/3863
f 3620/3679/3827 3621/3680/3828 3657/3714/3864
f 3621/3680/3828 3658/3715/3865 3657/3714/3864
f 3621/3680/3828 3622/3681/3829 3658/3715/3865
f 3622/3681/3829 3659/3716/3866 3658/3715/3865
f 3622/3681/3829 3623/3682/3830 3659/3716/3866
f 3623/3682/3830 3660/3717/3867 3659/3716/3866
f 3623/3682/3830 3624/3683/3831 3660/3717/3867
f 3624/3683/3831 3661/3718/3868 3660/3717/3867
f 3624/3683/3831 3625/3684/3832 3661/3718/3868
f 3625/3684/3832 3662/3719/3869 3661/3718/3868
f 3625/3684/3832 3626/3685/3833 3662/3719/3869
f 3626/3685/3833 3663/3720/3870 3662/3719/3869
f 3626/3685/3833 3627/3686/3834 3663/3720/3870
f 3627/3686/3834 3664/3721/3871 3663/3720/3870
f 3627/3686/3834 3628/3687/3835 3664/3721/3871
f 3628/3687/3835 3665/3722/3872 3664/3721/3871
f 3628/3687/3835 3629/3688/3836 3665/3722/3872
f 3629/3688/3836 3666/3723/3873 3665/3722/3872
f 3629/3688/3836 3630/3689/3837 3666/3723/3873
f 3630/3689/3837 3667/3724/3874 3666/3723/3873
f 3630/3689/3837 3631/3690/3838 3667/3724/3874
f 3631/3690/3838 3668/3725/3875 3667/3724/3874
f 3631/3690/3838 3632/3691/3839 3668/3725/3875
f 3632/3691/3839 3669/3555/3876 3668/3725/3875
f 3632/3691/3839 3633/3555/3840 3669/3555/3876
f 3633/3555/3840 3670/3726/3877 3669/3555/3876
f 3633/3555/3840 3634/3692/3841 3670/3726/3877
f 3634/3692/3841 3671/3727/3878 3670/3726/3877
f 3634/3692/3841 3635/3693/3842 3671/3727/3878
f 3635/3693/3842 3672/3728/3879 3671/3727/3878
f 3635/3693/3842 3636/3694/3843 3672/3728/3879
f 3636/3694/3843 3673/3729/3880 3672/3728/3879
f 3636/3694/3843 3637/3695/3844 3673/3729/3880
f 3637/3695/3844 3674/3730/3881 3673/3729/3880
f 3637/3695/3844 3638/3696/3845 3674/3730/3881
f 3638/3696/3845 3675/3731/3882 3674/3730/3881
f 3638/3696/3845 3639/3697/3846 3675/3731/3882
f 3639/3697/3846 3676/3732/3883 3675/3731/3882
f 3639/3697/3846 3640/3698/3847 3676/3732/3883
f 3640/3698/3847 3677/3733/3884 3676/3732/3883
f 3640/3698/3847 3641/3699/3848 3677/3733/3884
f 3641/3699/3848 3678/3734/3885 3677/3733/3884
f 3641/3699/3848 3642/3700/3849 3678/3734/3885
f 3642/3700/3849 3679/3735/3886 3678/3734/3885
f 3642/3700/3849 3643/3701/3850 3679/3735/3886
f 3643/3701/3850 3680/3736/3887 3679/3735/3886
f 3643/3701/3850 3644/3702/3851 3680/3736/3887
f 3644/3702/3851 3681/3737/3888 3680/3736/3887
f 3644/3702/3851 3645/3703/3852 3681/3737/3888
f 3645/3703/3852 3682/3738/3889 3681/3737/3888
f 3645/3703/3852 3646/3704/3853 3682/3738/3889
f 3646/3704/3853 3683/3739/3890 3682/3738/3889
f 3646/3704/3853 3647/3705/3854 3683/3739/3890
f 3647/3705/3854 3684/3740/3891 3683/3739/3890
f 3647/3705/3854 3648/3706/3855 3684/3740/3891
f 3648/3706/3855 3685/3741/3892 3684/3740/3891
f 3648/3706/3855 3649/3707/3856 3685/3741/3892
f 3649/3707/3856 3686/3742/3893 3685/3741/3892
f 3649/3707/3856 3650/3708/3857 3686/3742/3893
f 3650/3708/3857 3651/3538/3859 3686/3742/3893
f 3650/3708/3857 3615/3538/3823 3651/3538/3859
f 3687/3536/3894 3651/3538/3895 3652/3709/3896
f 3687/3536/3894 3652/3709/3896 3653/3710/3897
f 3687/3536/3894 3653/3710/3897 3654/3711/3898
f 3687/3536/3894 3654/3711/3898 3655/3712/3899
f 3687/3536/3894 3655/3712/3899 3656/3713/3900
f 3687/3536/3894 3656/3713/3900 3657/3714/3901
f 3687/3536/3894 3657/3714/3901 3658/3715/3902
f 3687/3536/3894 3658/3715/3902 3659/3716/3903
f 3687/3536/3894 3659/3716/3903 3660/3717/3904
f 3687/3536/3894 3660/3717/3904 3661/3718/3905
f 3687/3536/3894 3661/3718/3905 3662/3719/3906
f 3687/3536/3894 3662/3719/3906 3663/3720/3907
f 3687/3536/3894 3663/3720/3907 3664/3721/3908
f 3687/3536/3894 3664/3721/3908 3665/3722/3909
f 3687/3536/3894 3665/3722/3909 3666/3723/3910
f 3687/3536/3894 3666/3723/3910 3667/3724/3911
f 3687/3536/3894 3667/3724/3911 3668/3725/3912
f 3687/3536/3894 3668/3725/3912 3669/3555/3913
f 3687/3536/3894 3669/3555/3913 3670/3726/3914
f 3687/3536/3894 3670/3726/3914 3671/3727/3915
f 3687/3536/3894 3671/3727/3915 3672/3728/3916
f 3687/3536/3894 3672/3728/3916 3673/3729/3917
f 3687/3536/3894 3673/3729/3917 3674/3730/3918
f 3687/3536/3894 3674/3730/3918 3675/3731/3919
f 3687/3536/3894 3675/3731/3919 3676/3732/3920
f 3687/3536/3894 3676/3732/3920 3677/3733/3921
f 3687/3536/3894 3677/3733/3921 3678/3734/3922
f 3687/3536/3894 3678/3734/3922 3679/3735/3923
f 3687/3536/3894 3679/3735/3923 3680/3736/3924
f 3687/3536/3894 3680/3736/3924 3681/3737/3925
f 3687/3536/3894 3681/3737/3925 3682/3738/3926
f 3687/3536/3894 3682/3738/3926 3683/3739/3927
f 3687/3536/3894 3683/3739/3927 3684/3740/3928
f 3687/3536/3894 3684/3740/3928 3685/3741/3929
f 3687/3536/3894 3685/3741/3929 3686/3742/3930
f 3687/3536/3894 3686/3742/3930 3651/3538/3895
o Cylinder015
v 700.621460 -7.107766 274.078522
v 707.769287 -7.107762 274.078522
v 705.675781 -2.967529 271.179504
v 700.621460 -1.252590 269.978668
v 695.567139 -2.967535 271.179504
v 693.473633 -7.107768 274.078522
v 695.567139 -11.248001 276.977539
v 700.621460 -12.962942 278.178345
v 705.675781 -11.247996 276.977539
v 704.695129 1.035263 284.587036
v 703.501953 3.394842 282.934814
v 700.621460 4.372210 282.250458
v 697.740967 3.394839 282.934814
v 696.547791 1.035263 284.587006
v 697.740967 -1.324317 286.239227
v 700.621460 -2.301684 286.923584
v 703.501953 -1.324315 286.239227
v 704.695129 4.570893 289.636414
v 703.501953 6.930477 287.984222
v 700.621460 7.907845 287.299866
v 697.740906 6.930473 287.984222
v 696.547791 4.570891 289.636414
v 697.740967 2.211311 291.288635
v 700.621460 1.233948 291.972992
v 703.501953 2.211321 291.288635
v 700.621460 4.570896 289.636414
v 709.037354 0.306601 285.097260
v 707.844177 2.666173 283.445068
v 693.398682 2.666166 283.445038
v 692.205566 0.306587 285.097229
v 709.037354 3.842229 290.146667
v 707.844177 6.201809 288.494476
v 693.398682 6.201798 288.494446
v 692.205566 3.842217 290.146637
vn -0.0000 -0.5736 -0.8192
vn -0.0000 -0.5736 -0.8191
vn 0.9741 0.1211 0.1911
vn 0.5961 0.7237 -0.3478
vn 0.9805 -0.0144 0.1962
vn 0.6990 0.6750 -0.2361
vn -0.0000 0.8687 -0.4954
vn -0.0000 0.9091 -0.4167
vn -0.5961 0.7237 -0.3478
vn -0.6990 0.6750 -0.2361
vn -0.9805 -0.0144 0.1962
vn -0.9741 0.1212 0.1911
vn -0.7039 -0.4948 0.5096
vn -0.6783 -0.4164 0.6054
vn -0.0000 -0.7303 0.6832
vn -0.0000 -0.6342 0.7732
vn 0.7039 -0.4948 0.5096
vn 0.6783 -0.4164 0.6054
vn 0.9239 0.3135 -0.2195
vn 0.9239 0.3135 -0.2196
vn -0.0000 0.8191 -0.5736
vn 0.3827 0.7568 -0.5299
vn -0.3827 0.7568 -0.5299
vn -0.9239 0.3135 -0.2195
vn -0.7071 -0.5792 0.4056
vn -0.9239 -0.3135 0.2195
vn -0.0000 -0.8191 0.5736
vn 0.7071 -0.5792 0.4056
vn 0.9239 -0.3135 0.2195
vn -0.0000 0.5736 0.8191
vn -0.0000 0.5736 0.8192
vn -0.0000 0.5735 0.8192
vn -0.2007 -0.8025 0.5619
vn 0.2007 0.8025 -0.5619
vn -0.2007 0.8025 -0.5619
vn 0.2007 -0.8025 0.5619
vt 0.500000 0.000000
vt 0.875000 0.000000
vt 0.750000 0.000000
vt 0.000000 0.000000
vt -0.125000 0.000000
vt 0.125000 0.000000
vt 0.250000 0.000000
vt 0.375000 0.000000
vt 0.625000 0.000000
vt 0.875000 0.500000
vt 0.750000 0.500000
vt 0.000000 0.500000
vt -0.125000 0.500000
vt 0.125000 0.500000
vt 0.250000 0.500000
vt 0.375000 0.500000
vt 0.500000 0.500000
vt 0.625000 0.500000
vt 0.875000 1.000000
vt 0.750000 1.000000
vt 0.000000 1.000000
vt -0.125000 1.000000
vt 0.125000 1.000000
vt 0.250000 1.000000
vt 0.375000 1.000000
vt 0.500000 1.000000
vt 0.625000 1.000000
s 1
f 3688/3743/3931 3690/3744/3931 3689/3745/3931
f 3688/3743/3931 3691/3746/3931 3690/3747/3931
f 3688/3743/3931 3692/3748/3932 3691/3746/3931
f 3688/3743/3931 3693/3749/3931 3692/3748/3932
f 3688/3743/3931 3694/3750/3931 3693/3749/3931
f 3688/3743/3931 3695/3743/3932 3694/3750/3931
f 3688/3743/3931 3696/3751/3931 3695/3743/3932
f 3688/3743/3931 3689/3745/3931 3696/3751/3931
f 3689/3745/3933 3698/3752/3934 3697/3753/3935
f 3689/3745/3933 3690/3744/3936 3698/3752/3934
f 3690/3747/3936 3699/3754/3937 3698/3755/3934
f 3690/3747/3936 3691/3746/3938 3699/3754/3937
f 3691/3746/3938 3700/3756/3939 3699/3754/3937
f 3691/3746/3938 3692/3748/3940 3700/3756/3939
f 3692/3748/3940 3701/3757/3941 3700/3756/3939
f 3692/3748/3940 3693/3749/3942 3701/3757/3941
f 3693/3749/3942 3702/3758/3943 3701/3757/3941
f 3693/3749/3942 3694/3750/3944 3702/3758/3943
f 3694/3750/3944 3703/3759/3945 3702/3758/3943
f 3694/3750/3944 3695/3743/3946 3703/3759/3945
f 3695/3743/3946 3704/3760/3947 3703/3759/3945
f 3695/3743/3946 3696/3751/3948 3704/3760/3947
f 3696/3751/3948 3697/3753/3935 3704/3760/3947
f 3696/3751/3948 3689/3745/3933 3697/3753/3935
f 3714/3753/3949 3719/3761/3949 3718/3762/3949
f 3714/3753/3949 3715/3752/3950 3719/3761/3949
f 3698/3755/3934 3707/3763/3951 3706/3764/3952
f 3698/3755/3934 3699/3754/3937 3707/3763/3951
f 3699/3754/3937 3708/3765/3953 3707/3763/3951
f 3699/3754/3937 3700/3756/3939 3708/3765/3953
f 3716/3756/3954 3721/3766/3954 3720/3765/3954
f 3716/3756/3954 3717/3757/3954 3721/3766/3954
f 3701/3757/3941 3710/3767/3955 3709/3766/3956
f 3701/3757/3941 3702/3758/3943 3710/3767/3955
f 3702/3758/3943 3711/3768/3957 3710/3767/3955
f 3702/3758/3943 3703/3759/3945 3711/3768/3957
f 3703/3759/3945 3712/3769/3958 3711/3768/3957
f 3703/3759/3945 3704/3760/3947 3712/3769/3958
f 3704/3760/3947 3705/3762/3959 3712/3769/3958
f 3704/3760/3947 3697/3753/3935 3705/3762/3959
f 3713/3768/3960 3705/3762/3960 3706/3761/3960
f 3713/3768/3961 3706/3764/3960 3707/3763/3961
f 3713/3768/3961 3707/3763/3961 3708/3765/3961
f 3713/3768/3961 3708/3765/3961 3709/3766/3960
f 3713/3768/3960 3709/3766/3961 3710/3767/3961
f 3713/3768/3960 3710/3767/3961 3711/3768/3961
f 3713/3768/3960 3711/3768/3961 3712/3769/3960
f 3713/3768/3960 3712/3769/3960 3705/3762/3960
s 0
f 3697/3753/3931 3698/3752/3931 3715/3752/3931
f 3715/3752/3931 3714/3753/3931 3697/3753/3931
f 3700/3756/3931 3701/3757/3931 3717/3757/3931
f 3717/3757/3931 3716/3756/3931 3700/3756/3931
f 3706/3761/3961 3705/3762/3961 3718/3762/3961
f 3718/3762/3962 3719/3761/3962 3706/3761/3962
f 3705/3762/3963 3697/3753/3963 3714/3753/3963
f 3714/3753/3963 3718/3762/3963 3705/3762/3963
f 3698/3752/3964 3706/3761/3964 3719/3761/3964
f 3719/3761/3964 3715/3752/3964 3698/3752/3964
f 3708/3765/3965 3700/3756/3965 3716/3756/3965
f 3716/3756/3965 3720/3765/3965 3708/3765/3965
f 3709/3766/3960 3708/3765/3960 3720/3765/3960
f 3720/3765/3960 3721/3766/3960 3709/3766/3960
f 3701/3757/3966 3709/3766/3966 3721/3766/3966
f 3721/3766/3966 3717/3757/3966 3701/3757/3966
o Cylinder008
v -6.200778 -96.591675 269.523987
v -6.200778 -96.591675 264.517822
v -6.200778 -94.879471 264.819733
v -6.200778 -93.373779 265.689026
v -6.200779 -92.256210 267.020905
v -6.200779 -91.661560 268.654663
v -6.200779 -91.661560 270.393280
v -6.200778 -92.256210 272.027069
v -6.200778 -93.373779 273.358917
v -6.200778 -94.879471 274.228241
v -6.200777 -96.591675 274.530151
v -6.200777 -98.303879 274.228241
v -6.200776 -99.809570 273.358917
v -6.200776 -100.927139 272.027069
v -6.200776 -101.521790 270.393311
v -6.200776 -101.521790 268.654663
v -6.200776 -100.927139 267.020905
v -6.200777 -99.809586 265.689026
v -6.200777 -98.303894 264.819733
v -0.905571 -96.591675 264.517822
v -0.905572 -94.879471 264.819733
v -0.905572 -93.373779 265.689026
v -0.905573 -92.256210 267.020905
v -0.905573 -91.661560 268.654663
v -0.905573 -91.661560 270.393280
v -0.905572 -92.256210 272.027069
v -0.905572 -93.373779 273.358917
v -0.905572 -94.879471 274.228241
v -0.905571 -96.591675 274.530151
v -0.905571 -98.303879 274.228241
v -0.905571 -99.809570 273.358917
v -0.905570 -100.927139 272.027069
v -0.905570 -101.521790 270.393311
v -0.905570 -101.521790 268.654663
v -0.905571 -100.927139 267.020905
v -0.905571 -99.809586 265.689026
v -0.905571 -98.303894 264.819733
v 12.730169 -96.591667 263.403809
v 12.730169 -94.498451 263.772919
v 12.730169 -92.657707 264.835663
v 12.730169 -91.291451 266.463898
v 12.730169 -90.564476 268.461212
v 12.730169 -90.564476 270.586731
v 12.730169 -91.291451 272.584076
v 12.730169 -92.657707 274.212311
v 12.730169 -94.498451 275.275055
v 12.730171 -96.591667 275.644135
v 12.730171 -98.684883 275.275055
v 12.730160 -100.525627 274.212311
v 12.730160 -101.891884 272.584076
v 12.730160 -102.618843 270.586731
v 12.730160 -102.618843 268.461243
v 12.730160 -101.891884 266.463898
v 12.730160 -100.525627 264.835663
v 12.730171 -98.684883 263.772919
v 15.312000 -96.591667 263.403809
v 15.312000 -94.498451 263.772919
v 15.312000 -92.657707 264.835663
v 15.312000 -91.291451 266.463898
v 15.312000 -90.564476 268.461212
v 15.312000 -90.564476 270.586731
v 15.312000 -91.291451 272.584076
v 15.312000 -92.657707 274.212311
v 15.312000 -94.498451 275.275055
v 15.312002 -96.591667 275.644135
v 15.312002 -98.684883 275.275055
v 15.312002 -100.525627 274.212311
v 15.312002 -101.891884 272.584076
v 15.312002 -102.618843 270.586731
v 15.312002 -102.618843 268.461243
v 15.312002 -101.891884 266.463898
v 15.312002 -100.525627 264.835663
v 15.312002 -98.684883 263.772919
v 18.568970 -96.591667 266.686554
v 18.568970 -95.621208 266.857666
v 18.568970 -94.767799 267.350372
v 18.568970 -94.134377 268.105255
v 18.568970 -93.797340 269.031281
v 18.568970 -93.797340 270.016693
v 18.568970 -94.134377 270.942688
v 18.568970 -94.767799 271.697601
v 18.568970 -95.621208 272.190308
v 18.568972 -96.591667 272.361420
v 18.568972 -97.562126 272.190308
v 18.568972 -98.415535 271.697601
v 18.568972 -99.048958 270.942688
v 18.568972 -99.385994 270.016693
v 18.568972 -99.385994 269.031281
v 18.568972 -99.048958 268.105255
v 18.568972 -98.415535 267.350372
v 18.568972 -97.562126 266.857666
v 21.570229 -96.591667 266.686554
v 21.570229 -95.621208 266.857666
v 21.570229 -94.767799 267.350372
v 21.570229 -94.134377 268.105255
v 21.570229 -93.797340 269.031281
v 21.570229 -93.797340 270.016693
v 21.570229 -94.134377 270.942688
v 21.570229 -94.767799 271.697601
v 21.570229 -95.621208 272.190308
v 21.570230 -96.591667 272.361420
v 21.570230 -97.562126 272.190308
v 21.570230 -98.415535 271.697601
v 21.570230 -99.048958 270.942688
v 21.570230 -99.385994 270.016693
v 21.570230 -99.385994 269.031281
v 21.570230 -99.048958 268.105255
v 21.570230 -98.415535 267.350372
v 21.570230 -97.562126 266.857666
v 21.570230 -96.591667 269.523987
vn -1.0000 -0.0000 -0.0000
vn -0.0000 -0.0000 -1.0000
vn -0.0409 0.3417 -0.9389
vn -0.0409 -0.0000 -0.9992
vn -0.0000 0.3420 -0.9397
vn -0.0409 0.6422 -0.7654
vn -0.0000 0.6428 -0.7661
vn -0.0409 0.8653 -0.4996
vn -0.0000 0.8660 -0.5000
vn -0.0409 0.9840 -0.1735
vn -0.0000 0.9848 -0.1737
vn -0.0409 0.9840 0.1735
vn -0.0000 0.9848 0.1736
vn -0.0409 0.8653 0.4996
vn -0.0000 0.8660 0.5000
vn -0.0409 0.6422 0.7654
vn -0.0000 0.6428 0.7660
vn -0.0409 0.3417 0.9389
vn -0.0000 0.3420 0.9397
vn -0.0409 -0.0000 0.9992
vn -0.0000 -0.0000 1.0000
vn -0.0409 -0.3417 0.9389
vn -0.0000 -0.3420 0.9397
vn -0.0409 -0.6423 0.7654
vn -0.0000 -0.6428 0.7660
vn -0.0409 -0.8653 0.4996
vn -0.0000 -0.8660 0.5000
vn -0.0409 -0.9840 0.1735
vn -0.0000 -0.9848 0.1737
vn -0.0409 -0.9840 -0.1735
vn -0.0000 -0.9848 -0.1736
vn -0.0409 -0.8653 -0.4996
vn -0.0000 -0.8660 -0.5000
vn -0.0409 -0.6422 -0.7654
vn -0.0000 -0.6428 -0.7660
vn -0.0409 -0.3417 -0.9389
vn -0.0000 -0.3420 -0.9397
vn -0.0406 0.3417 -0.9389
vn -0.0406 -0.0000 -0.9992
vn -0.0406 0.6423 -0.7654
vn -0.0406 0.8653 -0.4996
vn -0.0406 0.9840 -0.1735
vn -0.0406 0.9840 0.1735
vn -0.0406 0.8653 0.4996
vn -0.0406 0.6423 0.7654
vn -0.0406 0.3417 0.9389
vn -0.0406 -0.0000 0.9992
vn -0.0406 -0.3417 0.9389
vn -0.0406 -0.6423 0.7654
vn -0.0406 -0.8653 0.4996
vn -0.0406 -0.9840 0.1735
vn -0.0406 -0.9840 -0.1735
vn -0.0406 -0.8653 -0.4996
vn -0.0406 -0.6423 -0.7654
vn -0.0406 -0.3417 -0.9389
vn 0.3702 0.3177 -0.8729
vn 0.3702 -0.0000 -0.9290
vn 0.3702 0.5971 -0.7116
vn 0.3702 0.8045 -0.4645
vn 0.3702 0.9148 -0.1613
vn 0.3702 0.9148 0.1613
vn 0.3702 0.8045 0.4645
vn 0.3702 0.5971 0.7116
vn 0.3702 0.3177 0.8729
vn 0.3702 -0.0000 0.9290
vn 0.3702 -0.3177 0.8729
vn 0.3702 -0.5971 0.7116
vn 0.3702 -0.8045 0.4645
vn 0.3702 -0.9148 0.1613
vn 0.3702 -0.9149 -0.1613
vn 0.3702 -0.8045 -0.4645
vn 0.3702 -0.5971 -0.7116
vn 0.3702 -0.3177 -0.8729
vn 0.4005 0.3134 -0.8610
vn 0.4005 -0.0000 -0.9163
vn 0.4005 0.5890 -0.7019
vn 0.4005 0.7936 -0.4582
vn 0.4005 0.9024 -0.1591
vn 0.4005 0.9024 0.1591
vn 0.4005 0.7936 0.4581
vn 0.4005 0.5890 0.7019
vn 0.4005 0.3134 0.8611
vn 0.4005 -0.0000 0.9163
vn 0.4005 -0.3134 0.8611
vn 0.4005 -0.5890 0.7019
vn 0.4005 -0.7935 0.4582
vn 0.4005 -0.9024 0.1591
vn 0.4005 -0.9024 -0.1591
vn 0.4005 -0.7936 -0.4582
vn 0.4005 -0.5890 -0.7019
vn 0.4005 -0.3134 -0.8611
vn -0.0000 0.9848 -0.1736
vn -0.0000 0.9848 0.1737
vn -0.0000 -0.9848 0.1736
vn -0.0000 -0.9848 -0.1737
vn 1.0000 -0.0000 -0.0000
vt 0.012726 0.973839
vt 0.021740 0.969918
vt 0.022318 0.973839
vt 0.020074 0.966471
vt 0.017522 0.963912
vt 0.014392 0.962550
vt 0.011061 0.962550
vt 0.007930 0.963912
vt 0.005379 0.966471
vt 0.003713 0.969918
vt 0.003134 0.973839
vt 0.003713 0.977759
vt 0.005379 0.981207
vt 0.007930 0.983766
vt 0.011061 0.985127
vt 0.014392 0.985127
vt 0.017522 0.983766
vt 0.020074 0.981207
vt 0.021740 0.977759
vt 0.023746 0.969046
vt 0.024453 0.973839
vt 0.021709 0.964831
vt 0.018590 0.961703
vt 0.014763 0.960038
vt 0.010690 0.960038
vt 0.006863 0.961703
vt 0.003743 0.964831
vt 0.001707 0.969046
vt 0.001000 0.973839
vt 0.001707 0.978632
vt 0.003743 0.982846
vt 0.006863 0.985975
vt 0.010690 0.987639
vt 0.014763 0.987639
vt 0.018590 0.985975
vt 0.021709 0.982846
vt 0.023746 0.978632
vt 0.017835 0.971617
vt 0.018163 0.973839
vt 0.016891 0.969663
vt 0.015445 0.968212
vt 0.013671 0.967441
vt 0.011782 0.967441
vt 0.010008 0.968212
vt 0.008562 0.969663
vt 0.007618 0.971617
vt 0.007290 0.973839
vt 0.007618 0.976061
vt 0.008562 0.978015
vt 0.010008 0.979465
vt 0.011782 0.980237
vt 0.013671 0.980237
vt 0.015445 0.979465
vt 0.016891 0.978015
vt 0.017835 0.976061
s 1
usemtl Material_#25
f 3722/3770/3967 3724/3771/3967 3723/3772/3967
f 3722/3770/3967 3725/3773/3967 3724/3771/3967
f 3722/3770/3967 3726/3774/3967 3725/3773/3967
f 3722/3770/3967 3727/3775/3967 3726/3774/3967
f 3722/3770/3967 3728/3776/3967 3727/3775/3967
f 3722/3770/3967 3729/3777/3967 3728/3776/3967
f 3722/3770/3967 3730/3778/3967 3729/3777/3967
f 3722/3770/3967 3731/3779/3967 3730/3778/3967
f 3722/3770/3967 3732/3780/3967 3731/3779/3967
f 3722/3770/3967 3733/3781/3967 3732/3780/3967
f 3722/3770/3967 3734/3782/3967 3733/3781/3967
f 3722/3770/3967 3735/3783/3967 3734/3782/3967
f 3722/3770/3967 3736/3784/3967 3735/3783/3967
f 3722/3770/3967 3737/3785/3967 3736/3784/3967
f 3722/3770/3967 3738/3786/3967 3737/3785/3967
f 3722/3770/3967 3739/3787/3967 3738/3786/3967
f 3722/3770/3967 3740/3788/3967 3739/3787/3967
f 3722/3770/3967 3723/3772/3967 3740/3788/3967
f 3723/3772/3968 3742/3771/3969 3741/3772/3970
f 3723/3772/3968 3724/3771/3971 3742/3771/3969
f 3724/3771/3971 3743/3773/3972 3742/3771/3969
f 3724/3771/3971 3725/3773/3973 3743/3773/3972
f 3725/3773/3973 3744/3774/3974 3743/3773/3972
f 3725/3773/3973 3726/3774/3975 3744/3774/3974
f 3726/3774/3975 3745/3775/3976 3744/3774/3974
f 3726/3774/3975 3727/3775/3977 3745/3775/3976
f 3727/3775/3977 3746/3776/3978 3745/3775/3976
f 3727/3775/3977 3728/3776/3979 3746/3776/3978
f 3728/3776/3979 3747/3777/3980 3746/3776/3978
f 3728/3776/3979 3729/3777/3981 3747/3777/3980
f 3729/3777/3981 3748/3778/3982 3747/3777/3980
f 3729/3777/3981 3730/3778/3983 3748/3778/3982
f 3730/3778/3983 3749/3779/3984 3748/3778/3982
f 3730/3778/3983 3731/3779/3985 3749/3779/3984
f 3731/3779/3985 3750/3780/3986 3749/3779/3984
f 3731/3779/3985 3732/3780/3987 3750/3780/3986
f 3732/3780/3987 3751/3781/3988 3750/3780/3986
f 3732/3780/3987 3733/3781/3989 3751/3781/3988
f 3733/3781/3989 3752/3782/3990 3751/3781/3988
f 3733/3781/3989 3734/3782/3991 3752/3782/3990
f 3734/3782/3991 3753/3783/3992 3752/3782/3990
f 3734/3782/3991 3735/3783/3993 3753/3783/3992
f 3735/3783/3993 3754/3784/3994 3753/3783/3992
f 3735/3783/3993 3736/3784/3995 3754/3784/3994
f 3736/3784/3995 3755/3785/3996 3754/3784/3994
f 3736/3784/3995 3737/3785/3997 3755/3785/3996
f 3737/3785/3997 3756/3786/3998 3755/3785/3996
f 3737/3785/3997 3738/3786/3999 3756/3786/3998
f 3738/3786/3999 3757/3787/4000 3756/3786/3998
f 3738/3786/3999 3739/3787/4001 3757/3787/4000
f 3739/3787/4001 3758/3788/4002 3757/3787/4000
f 3739/3787/4001 3740/3788/4003 3758/3788/4002
f 3740/3788/4003 3741/3772/3970 3758/3788/4002
f 3740/3788/4003 3723/3772/3968 3741/3772/3970
f 3741/3772/3970 3760/3789/4004 3759/3790/4005
f 3741/3772/3970 3742/3771/3969 3760/3789/4004
f 3742/3771/3969 3761/3791/4006 3760/3789/4004
f 3742/3771/3969 3743/3773/3972 3761/3791/4006
f 3743/3773/3972 3762/3792/4007 3761/3791/4006
f 3743/3773/3972 3744/3774/3974 3762/3792/4007
f 3744/3774/3974 3763/3793/4008 3762/3792/4007
f 3744/3774/3974 3745/3775/3976 3763/3793/4008
f 3745/3775/3976 3764/3794/4009 3763/3793/4008
f 3745/3775/3976 3746/3776/3978 3764/3794/4009
f 3746/3776/3978 3765/3795/4010 3764/3794/4009
f 3746/3776/3978 3747/3777/3980 3765/3795/4010
f 3747/3777/3980 3766/3796/4011 3765/3795/4010
f 3747/3777/3980 3748/3778/3982 3766/3796/4011
f 3748/3778/3982 3767/3797/4012 3766/3796/4011
f 3748/3778/3982 3749/3779/3984 3767/3797/4012
f 3749/3779/3984 3768/3798/4013 3767/3797/4012
f 3749/3779/3984 3750/3780/3986 3768/3798/4013
f 3750/3780/3986 3769/3799/4014 3768/3798/4013
f 3750/3780/3986 3751/3781/3988 3769/3799/4014
f 3751/3781/3988 3770/3800/4015 3769/3799/4014
f 3751/3781/3988 3752/3782/3990 3770/3800/4015
f 3752/3782/3990 3771/3801/4016 3770/3800/4015
f 3752/3782/3990 3753/3783/3992 3771/3801/4016
f 3753/3783/3992 3772/3802/4017 3771/3801/4016
f 3753/3783/3992 3754/3784/3994 3772/3802/4017
f 3754/3784/3994 3773/3803/4018 3772/3802/4017
f 3754/3784/3994 3755/3785/3996 3773/3803/4018
f 3755/3785/3996 3774/3804/4019 3773/3803/4018
f 3755/3785/3996 3756/3786/3998 3774/3804/4019
f 3756/3786/3998 3775/3805/4020 3774/3804/4019
f 3756/3786/3998 3757/3787/4000 3775/3805/4020
f 3757/3787/4000 3776/3806/4021 3775/3805/4020
f 3757/3787/4000 3758/3788/4002 3776/3806/4021
f 3758/3788/4002 3759/3790/4005 3776/3806/4021
f 3758/3788/4002 3741/3772/3970 3759/3790/4005
f 3759/3790/4005 3778/3789/4022 3777/3790/4023
f 3759/3790/4005 3760/3789/4004 3778/3789/4022
f 3760/3789/4004 3779/3791/4024 3778/3789/4022
f 3760/3789/4004 3761/3791/4006 3779/3791/4024
f 3761/3791/4006 3780/3792/4025 3779/3791/4024
f 3761/3791/4006 3762/3792/4007 3780/3792/4025
f 3762/3792/4007 3781/3793/4026 3780/3792/4025
f 3762/3792/4007 3763/3793/4008 3781/3793/4026
f 3763/3793/4008 3782/3794/4027 3781/3793/4026
f 3763/3793/4008 3764/3794/4009 3782/3794/4027
f 3764/3794/4009 3783/3795/4028 3782/3794/4027
f 3764/3794/4009 3765/3795/4010 3783/3795/4028
f 3765/3795/4010 3784/3796/4029 3783/3795/4028
f 3765/3795/4010 3766/3796/4011 3784/3796/4029
f 3766/3796/4011 3785/3797/4030 3784/3796/4029
f 3766/3796/4011 3767/3797/4012 3785/3797/4030
f 3767/3797/4012 3786/3798/4031 3785/3797/4030
f 3767/3797/4012 3768/3798/4013 3786/3798/4031
f 3768/3798/4013 3787/3799/4032 3786/3798/4031
f 3768/3798/4013 3769/3799/4014 3787/3799/4032
f 3769/3799/4014 3788/3800/4033 3787/3799/4032
f 3769/3799/4014 3770/3800/4015 3788/3800/4033
f 3770/3800/4015 3789/3801/4034 3788/3800/4033
f 3770/3800/4015 3771/3801/4016 3789/3801/4034
f 3771/3801/4016 3790/3802/4035 3789/3801/4034
f 3771/3801/4016 3772/3802/4017 3790/3802/4035
f 3772/3802/4017 3791/3803/4036 3790/3802/4035
f 3772/3802/4017 3773/3803/4018 3791/3803/4036
f 3773/3803/4018 3792/3804/4037 3791/3803/4036
f 3773/3803/4018 3774/3804/4019 3792/3804/4037
f 3774/3804/4019 3793/3805/4038 3792/3804/4037
f 3774/3804/4019 3775/3805/4020 3793/3805/4038
f 3775/3805/4020 3794/3806/4039 3793/3805/4038
f 3775/3805/4020 3776/3806/4021 3794/3806/4039
f 3776/3806/4021 3777/3790/4023 3794/3806/4039
f 3776/3806/4021 3759/3790/4005 3777/3790/4023
f 3777/3790/4023 3796/3807/4040 3795/3808/4041
f 3777/3790/4023 3778/3789/4022 3796/3807/4040
f 3778/3789/4022 3797/3809/4042 3796/3807/4040
f 3778/3789/4022 3779/3791/4024 3797/3809/4042
f 3779/3791/4024 3798/3810/4043 3797/3809/4042
f 3779/3791/4024 3780/3792/4025 3798/3810/4043
f 3780/3792/4025 3799/3811/4044 3798/3810/4043
f 3780/3792/4025 3781/3793/4026 3799/3811/4044
f 3781/3793/4026 3800/3812/4045 3799/3811/4044
f 3781/3793/4026 3782/3794/4027 3800/3812/4045
f 3782/3794/4027 3801/3813/4046 3800/3812/4045
f 3782/3794/4027 3783/3795/4028 3801/3813/4046
f 3783/3795/4028 3802/3814/4047 3801/3813/4046
f 3783/3795/4028 3784/3796/4029 3802/3814/4047
f 3784/3796/4029 3803/3815/4048 3802/3814/4047
f 3784/3796/4029 3785/3797/4030 3803/3815/4048
f 3785/3797/4030 3804/3816/4049 3803/3815/4048
f 3785/3797/4030 3786/3798/4031 3804/3816/4049
f 3786/3798/4031 3805/3817/4050 3804/3816/4049
f 3786/3798/4031 3787/3799/4032 3805/3817/4050
f 3787/3799/4032 3806/3818/4051 3805/3817/4050
f 3787/3799/4032 3788/3800/4033 3806/3818/4051
f 3788/3800/4033 3807/3819/4052 3806/3818/4051
f 3788/3800/4033 3789/3801/4034 3807/3819/4052
f 3789/3801/4034 3808/3820/4053 3807/3819/4052
f 3789/3801/4034 3790/3802/4035 3808/3820/4053
f 3790/3802/4035 3809/3821/4054 3808/3820/4053
f 3790/3802/4035 3791/3803/4036 3809/3821/4054
f 3791/3803/4036 3810/3822/4055 3809/3821/4054
f 3791/3803/4036 3792/3804/4037 3810/3822/4055
f 3792/3804/4037 3811/3823/4056 3810/3822/4055
f 3792/3804/4037 3793/3805/4038 3811/3823/4056
f 3793/3805/4038 3812/3824/4057 3811/3823/4056
f 3793/3805/4038 3794/3806/4039 3812/3824/4057
f 3794/3806/4039 3795/3808/4041 3812/3824/4057
f 3794/3806/4039 3777/3790/4023 3795/3808/4041
f 3795/3808/4041 3814/3807/3971 3813/3808/3968
f 3795/3808/4041 3796/3807/4040 3814/3807/3971
f 3796/3807/4040 3815/3809/3973 3814/3807/3971
f 3796/3807/4040 3797/3809/4042 3815/3809/3973
f 3797/3809/4042 3816/3810/3975 3815/3809/3973
f 3797/3809/4042 3798/3810/4043 3816/3810/3975
f 3798/3810/4043 3817/3811/4058 3816/3810/3975
f 3798/3810/4043 3799/3811/4044 3817/3811/4058
f 3799/3811/4044 3818/3812/4059 3817/3811/4058
f 3799/3811/4044 3800/3812/4045 3818/3812/4059
f 3800/3812/4045 3819/3813/3981 3818/3812/4059
f 3800/3812/4045 3801/3813/4046 3819/3813/3981
f 3801/3813/4046 3820/3814/3983 3819/3813/3981
f 3801/3813/4046 3802/3814/4047 3820/3814/3983
f 3802/3814/4047 3821/3815/3985 3820/3814/3983
f 3802/3814/4047 3803/3815/4048 3821/3815/3985
f 3803/3815/4048 3822/3816/3987 3821/3815/3985
f 3803/3815/4048 3804/3816/4049 3822/3816/3987
f 3804/3816/4049 3823/3817/3989 3822/3816/3987
f 3804/3816/4049 3805/3817/4050 3823/3817/3989
f 3805/3817/4050 3824/3818/3991 3823/3817/3989
f 3805/3817/4050 3806/3818/4051 3824/3818/3991
f 3806/3818/4051 3825/3819/3993 3824/3818/3991
f 3806/3818/4051 3807/3819/4052 3825/3819/3993
f 3807/3819/4052 3826/3820/4060 3825/3819/3993
f 3807/3819/4052 3808/3820/4053 3826/3820/4060
f 3808/3820/4053 3827/3821/4061 3826/3820/4060
f 3808/3820/4053 3809/3821/4054 3827/3821/4061
f 3809/3821/4054 3828/3822/3999 3827/3821/4061
f 3809/3821/4054 3810/3822/4055 3828/3822/3999
f 3810/3822/4055 3829/3823/4001 3828/3822/3999
f 3810/3822/4055 3811/3823/4056 3829/3823/4001
f 3811/3823/4056 3830/3824/4003 3829/3823/4001
f 3811/3823/4056 3812/3824/4057 3830/3824/4003
f 3812/3824/4057 3813/3808/3968 3830/3824/4003
f 3812/3824/4057 3795/3808/4041 3813/3808/3968
f 3831/3770/4062 3813/3808/4062 3814/3807/4062
f 3831/3770/4062 3814/3807/4062 3815/3809/4062
f 3831/3770/4062 3815/3809/4062 3816/3810/4062
f 3831/3770/4062 3816/3810/4062 3817/3811/4062
f 3831/3770/4062 3817/3811/4062 3818/3812/4062
f 3831/3770/4062 3818/3812/4062 3819/3813/4062
f 3831/3770/4062 3819/3813/4062 3820/3814/4062
f 3831/3770/4062 3820/3814/4062 3821/3815/4062
f 3831/3770/4062 3821/3815/4062 3822/3816/4062
f 3831/3770/4062 3822/3816/4062 3823/3817/4062
f 3831/3770/4062 3823/3817/4062 3824/3818/4062
f 3831/3770/4062 3824/3818/4062 3825/3819/4062
f 3831/3770/4062 3825/3819/4062 3826/3820/4062
f 3831/3770/4062 3826/3820/4062 3827/3821/4062
f 3831/3770/4062 3827/3821/4062 3828/3822/4062
f 3831/3770/4062 3828/3822/4062 3829/3823/4062
f 3831/3770/4062 3829/3823/4062 3830/3824/4062
f 3831/3770/4062 3830/3824/4062 3813/3808/4062
o Cylinder004
v 42.380360 39.538731 259.283478
v 83.048409 39.538734 259.283508
v 80.595825 37.361572 259.093018
v 73.533897 35.447010 258.925507
v 62.714382 34.025967 258.801178
v 49.442291 33.269848 258.735046
v 22.733898 33.269848 258.735016
v 18.271053 34.025967 258.801178
v 14.632908 35.447006 258.925507
v 12.258278 37.361568 259.092987
v 11.433578 39.538727 259.283478
v 12.258282 41.715889 259.473938
v 14.632908 43.630455 259.641449
v 18.271051 45.051491 259.765778
v 22.733894 45.807613 259.831940
v 49.442272 45.807617 259.831940
v 62.714363 45.051498 259.765808
v 73.533875 43.630463 259.641479
v 80.595818 41.715897 259.473969
v 83.048431 34.177727 320.560272
v 80.595848 32.000565 320.369812
v 73.533905 30.086002 320.202301
v 62.714401 28.664961 320.077942
v 49.442310 27.908840 320.011810
v 22.733896 27.908840 320.011810
v 18.271049 28.664959 320.077942
v 14.632908 30.086000 320.202271
v 12.258278 32.000565 320.369751
v 11.433578 34.177723 320.560242
v 12.258282 36.354885 320.750732
v 14.632908 38.269447 320.918213
v 18.271048 39.690491 321.042542
v 22.733891 40.446609 321.108704
v 49.442291 40.446613 321.108704
v 62.714382 39.690491 321.042572
v 73.533890 38.269455 320.918243
v 80.595840 36.354893 320.750763
v 83.048462 29.102077 349.133026
v 80.595886 26.916599 349.133026
v 73.533958 24.994732 349.132965
v 62.714447 23.568268 349.132996
v 49.442360 22.809250 349.132996
v 22.733925 22.809254 349.132996
v 18.271088 23.568274 349.132904
v 14.632946 24.994738 349.132874
v 12.258324 26.916607 349.132965
v 11.433620 29.102085 349.132996
v 12.258324 31.287560 349.132935
v 14.632946 33.209435 349.132965
v 18.271086 34.635906 349.132965
v 22.733929 35.394920 349.132935
v 49.442341 35.394909 349.132996
v 62.714428 34.635902 349.133087
v 73.533936 33.209442 349.132996
v 80.595871 31.287569 349.132965
v 83.048531 29.102104 363.617889
v 80.595947 26.916616 363.617981
v 73.534019 24.994749 363.617950
v 62.714512 23.568275 363.617981
v 49.442421 22.809265 363.617950
v 22.733967 22.809273 363.617889
v 18.271128 23.568272 363.617950
v 14.632980 24.994743 363.617920
v 12.258350 26.916615 363.617981
v 11.433651 29.102093 363.617920
v 12.258354 31.287571 363.617920
v 14.632980 33.209457 363.617859
v 18.271122 34.635918 363.617920
v 22.733965 35.394936 363.617859
v 49.442406 35.394936 363.617920
v 62.714493 34.635921 363.617950
v 73.533997 33.209457 363.617920
v 80.595932 31.287579 363.617950
v 83.048019 16.025822 797.204956
v 80.595436 13.840347 797.204956
v 73.533508 11.918468 797.204956
v 62.713997 10.492001 797.204956
v 49.441906 9.732990 797.205078
v 22.733425 9.732992 797.204956
v 18.270594 10.492002 797.204956
v 14.632446 11.918468 797.204956
v 12.257820 13.840355 797.204956
v 11.433117 16.025822 797.204956
v 12.257812 18.211308 797.204956
v 14.632439 20.133186 797.204834
v 18.270586 21.559658 797.204956
v 22.733419 22.318661 797.204956
v 49.441891 22.318657 797.204956
v 62.713974 21.559650 797.204956
v 73.533478 20.133186 797.204956
v 80.595413 18.211296 797.205078
v 83.048073 16.025837 823.169067
v 80.595497 13.840359 823.169067
v 73.533562 11.918491 823.169067
v 62.714050 10.492004 823.169067
v 49.441959 9.733000 823.169067
v 22.733452 9.733002 823.168945
v 18.270609 10.492008 823.168945
v 14.632462 11.918488 823.168945
v 12.257839 13.840363 823.169067
v 11.433136 16.025841 823.168945
v 12.257839 18.211323 823.168945
v 14.632462 20.133198 823.169067
v 18.270607 21.559658 823.169067
v 22.733450 22.318665 823.168945
v 49.441944 22.318661 823.168945
v 62.714031 21.559654 823.169067
v 73.533539 20.133198 823.169067
v 80.595474 18.211323 823.168945
v 42.380032 16.025833 823.168945
vn -0.0000 0.0872 -0.9962
vn -0.0000 0.0871 -0.9962
vn 1.0000 -0.0000 -0.0000
vn 0.9998 0.0206 0.0039
vn 0.4789 -0.8703 -0.1148
vn 0.4766 -0.8758 -0.0766
vn 0.1972 -0.9720 -0.1278
vn 0.1971 -0.9767 -0.0854
vn 0.0939 -0.9871 -0.1295
vn 0.0940 -0.9918 -0.0868
vn 0.0286 -0.9911 -0.1299
vn 0.0286 -0.9958 -0.0871
vn -0.0842 -0.9880 -0.1296
vn -0.0841 -0.9927 -0.0868
vn -0.2682 -0.9552 -0.1256
vn -0.2678 -0.9598 -0.0840
vn -0.5044 -0.8561 -0.1128
vn -0.5030 -0.8610 -0.0753
vn -0.8138 -0.5761 -0.0760
vn -0.8106 -0.5834 -0.0510
vn -0.9999 0.0099 0.0018
vn -1.0000 -0.0000 -0.0000
vn -0.8068 0.5857 0.0780
vn -0.8106 0.5834 0.0510
vn -0.5006 0.8581 0.1143
vn -0.5030 0.8610 0.0753
vn -0.2667 0.9553 0.1274
vn -0.2678 0.9598 0.0840
vn -0.0838 0.9877 0.1318
vn -0.0841 0.9927 0.0868
vn 0.0285 0.9908 0.1323
vn 0.0286 0.9958 0.0871
vn 0.0937 0.9869 0.1315
vn 0.0940 0.9918 0.0868
vn 0.1964 0.9720 0.1292
vn 0.1971 0.9767 0.0854
vn 0.4735 0.8732 0.1156
vn 0.4766 0.8758 0.0766
vn 0.9991 -0.0415 -0.0072
vn 0.4702 -0.8792 -0.0768
vn 0.1958 -0.9769 -0.0852
vn 0.0935 -0.9919 -0.0863
vn 0.0285 -0.9958 -0.0865
vn -0.0834 -0.9928 -0.0859
vn -0.2655 -0.9605 -0.0832
vn -0.4981 -0.8639 -0.0751
vn -0.8028 -0.5939 -0.0525
vn -0.9998 -0.0197 -0.0034
vn -0.8167 0.5748 0.0506
vn -0.5054 0.8595 0.0768
vn -0.2684 0.9595 0.0860
vn -0.0842 0.9925 0.0891
vn 0.0285 0.9956 0.0892
vn 0.0938 0.9916 0.0887
vn 0.1972 0.9765 0.0873
vn 0.4808 0.8733 0.0783
vn 1.0000 0.0071 0.0002
vn 0.4775 -0.8785 -0.0133
vn 0.1972 -0.9803 -0.0148
vn 0.0940 -0.9955 -0.0150
vn 0.0286 -0.9995 -0.0151
vn -0.0842 -0.9963 -0.0150
vn -0.2680 -0.9633 -0.0145
vn -0.5036 -0.8639 -0.0130
vn -0.8118 -0.5839 -0.0088
vn -1.0000 0.0034 0.0001
vn -0.8094 0.5872 0.0089
vn -0.5023 0.8646 0.0130
vn -0.2675 0.9635 0.0145
vn -0.0841 0.9963 0.0150
vn 0.0285 0.9995 0.0151
vn 0.0939 0.9955 0.0150
vn 0.1970 0.9803 0.0148
vn 0.4757 0.8795 0.0132
vn 1.0000 -0.0072 -0.0002
vn 0.4757 -0.8795 -0.0132
vn 0.1970 -0.9803 -0.0148
vn 0.0939 -0.9955 -0.0150
vn 0.0285 -0.9995 -0.0151
vn -0.0841 -0.9963 -0.0150
vn -0.2675 -0.9635 -0.0145
vn -0.5023 -0.8646 -0.0130
vn -0.8094 -0.5872 -0.0089
vn -1.0000 -0.0034 -0.0001
vn -0.8118 0.5839 0.0088
vn -0.5036 0.8639 0.0130
vn -0.2680 0.9633 0.0145
vn -0.0842 0.9963 0.0150
vn 0.0286 0.9995 0.0151
vn 0.0940 0.9955 0.0150
vn 0.1972 0.9803 0.0148
vn 0.4775 0.8785 0.0133
vn 0.4766 -0.8791 -0.0000
vn 0.1971 -0.9804 -0.0000
vn 0.0940 -0.9956 -0.0000
vn 0.0286 -0.9996 -0.0000
vn -0.0841 -0.9965 -0.0000
vn -0.2678 -0.9635 -0.0000
vn -0.5030 -0.8643 -0.0000
vn -0.8106 -0.5856 -0.0000
vn -0.8106 0.5856 -0.0000
vn -0.5030 0.8643 -0.0000
vn -0.2678 0.9635 -0.0000
vn -0.0841 0.9965 -0.0000
vn 0.0286 0.9996 -0.0000
vn 0.0940 0.9956 -0.0000
vn 0.1971 0.9804 -0.0000
vn 0.4766 0.8791 -0.0000
vn -0.0000 -0.0000 1.0000
vn -0.0000 -0.0001 1.0000
vn -0.0000 0.0001 1.0000
vt 0.975137 0.046741
vt 0.975137 0.001000
vt 0.975316 0.003759
vt 0.975473 0.011701
vt 0.975590 0.023871
vt 0.975653 0.038798
vt 0.975653 0.068838
vt 0.975590 0.073858
vt 0.975473 0.077950
vt 0.975316 0.080621
vt 0.975137 0.081548
vt 0.974957 0.080621
vt 0.974800 0.077950
vt 0.974683 0.073858
vt 0.974620 0.068838
vt 0.974620 0.038798
vt 0.974682 0.023871
vt 0.974799 0.011701
vt 0.974957 0.003759
vt 0.917463 0.001000
vt 0.917643 0.003759
vt 0.917800 0.011701
vt 0.917917 0.023871
vt 0.917980 0.038798
vt 0.917980 0.068838
vt 0.917917 0.073858
vt 0.917800 0.077950
vt 0.917643 0.080621
vt 0.917463 0.081548
vt 0.917284 0.080621
vt 0.917127 0.077950
vt 0.917010 0.073858
vt 0.916947 0.068838
vt 0.916947 0.038798
vt 0.917009 0.023871
vt 0.917127 0.011701
vt 0.917284 0.003759
vt 0.890571 0.001000
vt 0.890571 0.003759
vt 0.890571 0.011701
vt 0.890571 0.023871
vt 0.890571 0.038798
vt 0.890571 0.068838
vt 0.890571 0.073858
vt 0.890571 0.077950
vt 0.890571 0.080621
vt 0.890571 0.081548
vt 0.890571 0.080621
vt 0.890571 0.077950
vt 0.890571 0.073858
vt 0.890571 0.068838
vt 0.890571 0.023871
vt 0.890571 0.003759
vt 0.876938 0.001000
vt 0.876938 0.003758
vt 0.876938 0.011701
vt 0.876938 0.023870
vt 0.876938 0.038798
vt 0.876938 0.068838
vt 0.876938 0.073858
vt 0.876938 0.077950
vt 0.876938 0.080621
vt 0.876938 0.081548
vt 0.876938 0.080621
vt 0.876938 0.038798
vt 0.876938 0.011701
vt 0.468850 0.001001
vt 0.468850 0.003759
vt 0.468850 0.011702
vt 0.468850 0.023871
vt 0.468850 0.038799
vt 0.468850 0.068839
vt 0.468850 0.073858
vt 0.468850 0.077950
vt 0.468850 0.080621
vt 0.468850 0.081549
vt 0.468850 0.038799
vt 0.468850 0.003759
vt 0.444413 0.001001
vt 0.444413 0.003759
vt 0.444413 0.011702
vt 0.444413 0.023871
vt 0.444413 0.038799
vt 0.444413 0.068839
vt 0.444413 0.073858
vt 0.444413 0.077950
vt 0.444413 0.080621
vt 0.444413 0.081549
vt 0.444413 0.080621
vt 0.444413 0.077950
vt 0.444413 0.073858
vt 0.444413 0.068839
vt 0.444413 0.038799
vt 0.444413 0.023871
vt 0.444413 0.011702
vt 0.444413 0.003759
vt 0.444413 0.046741
s 1
usemtl Material_#25
f 3832/3825/4063 3833/3826/4063 3834/3827/4063
f 3832/3825/4063 3834/3827/4063 3835/3828/4064
f 3832/3825/4063 3835/3828/4064 3836/3829/4063
f 3832/3825/4063 3836/3829/4063 3837/3830/4064
f 3832/3825/4063 3837/3830/4064 3838/3831/4063
f 3832/3825/4063 3838/3831/4063 3839/3832/4064
f 3832/3825/4063 3839/3832/4064 3840/3833/4064
f 3832/3825/4063 3840/3833/4064 3841/3834/4063
f 3832/3825/4063 3841/3834/4063 3842/3835/4063
f 3832/3825/4063 3842/3835/4063 3843/3836/4063
f 3832/3825/4063 3843/3836/4063 3844/3837/4063
f 3832/3825/4063 3844/3837/4063 3845/3838/4063
f 3832/3825/4063 3845/3838/4063 3846/3839/4063
f 3832/3825/4063 3846/3839/4063 3847/3840/4063
f 3832/3825/4063 3847/3840/4063 3848/3841/4063
f 3832/3825/4063 3848/3841/4063 3849/3842/4063
f 3832/3825/4063 3849/3842/4063 3850/3843/4064
f 3832/3825/4063 3850/3843/4064 3833/3826/4063
f 3833/3826/4065 3851/3844/4066 3852/3845/4067
f 3833/3826/4065 3852/3845/4067 3834/3827/4068
f 3834/3827/4068 3852/3845/4067 3853/3846/4069
f 3834/3827/4068 3853/3846/4069 3835/3828/4070
f 3835/3828/4070 3853/3846/4069 3854/3847/4071
f 3835/3828/4070 3854/3847/4071 3836/3829/4072
f 3836/3829/4072 3854/3847/4071 3855/3848/4073
f 3836/3829/4072 3855/3848/4073 3837/3830/4074
f 3837/3830/4074 3855/3848/4073 3856/3849/4075
f 3837/3830/4074 3856/3849/4075 3838/3831/4076
f 3838/3831/4076 3856/3849/4075 3857/3850/4077
f 3838/3831/4076 3857/3850/4077 3839/3832/4078
f 3839/3832/4078 3857/3850/4077 3858/3851/4079
f 3839/3832/4078 3858/3851/4079 3840/3833/4080
f 3840/3833/4080 3858/3851/4079 3859/3852/4081
f 3840/3833/4080 3859/3852/4081 3841/3834/4082
f 3841/3834/4082 3859/3852/4081 3860/3853/4083
f 3841/3834/4082 3860/3853/4083 3842/3835/4084
f 3842/3835/4084 3860/3853/4083 3861/3854/4085
f 3842/3835/4084 3861/3854/4085 3843/3836/4086
f 3843/3836/4086 3861/3854/4085 3862/3855/4087
f 3843/3836/4086 3862/3855/4087 3844/3837/4088
f 3844/3837/4088 3862/3855/4087 3863/3856/4089
f 3844/3837/4088 3863/3856/4089 3845/3838/4090
f 3845/3838/4090 3863/3856/4089 3864/3857/4091
f 3845/3838/4090 3864/3857/4091 3846/3839/4092
f 3846/3839/4092 3864/3857/4091 3865/3858/4093
f 3846/3839/4092 3865/3858/4093 3847/3840/4094
f 3847/3840/4094 3865/3858/4093 3866/3859/4095
f 3847/3840/4094 3866/3859/4095 3848/3841/4096
f 3848/3841/4096 3866/3859/4095 3867/3860/4097
f 3848/3841/4096 3867/3860/4097 3849/3842/4098
f 3849/3842/4098 3867/3860/4097 3868/3861/4099
f 3849/3842/4098 3868/3861/4099 3850/3843/4100
f 3850/3843/4100 3868/3861/4099 3851/3844/4066
f 3850/3843/4100 3851/3844/4066 3833/3826/4065
f 3851/3844/4066 3869/3862/4101 3870/3863/4102
f 3851/3844/4066 3870/3863/4102 3852/3845/4067
f 3852/3845/4067 3870/3863/4102 3871/3864/4103
f 3852/3845/4067 3871/3864/4103 3853/3846/4069
f 3853/3846/4069 3871/3864/4103 3872/3865/4104
f 3853/3846/4069 3872/3865/4104 3854/3847/4071
f 3854/3847/4071 3872/3865/4104 3873/3866/4105
f 3854/3847/4071 3873/3866/4105 3855/3848/4073
f 3855/3848/4073 3873/3866/4105 3874/3867/4106
f 3855/3848/4073 3874/3867/4106 3856/3849/4075
f 3856/3849/4075 3874/3867/4106 3875/3868/4107
f 3856/3849/4075 3875/3868/4107 3857/3850/4077
f 3857/3850/4077 3875/3868/4107 3876/3869/4108
f 3857/3850/4077 3876/3869/4108 3858/3851/4079
f 3858/3851/4079 3876/3869/4108 3877/3870/4109
f 3858/3851/4079 3877/3870/4109 3859/3852/4081
f 3859/3852/4081 3877/3870/4109 3878/3871/4110
f 3859/3852/4081 3878/3871/4110 3860/3853/4083
f 3860/3853/4083 3878/3871/4110 3879/3872/4111
f 3860/3853/4083 3879/3872/4111 3861/3854/4085
f 3861/3854/4085 3879/3872/4111 3880/3873/4112
f 3861/3854/4085 3880/3873/4112 3862/3855/4087
f 3862/3855/4087 3880/3873/4112 3881/3874/4113
f 3862/3855/4087 3881/3874/4113 3863/3856/4089
f 3863/3856/4089 3881/3874/4113 3882/3875/4114
f 3863/3856/4089 3882/3875/4114 3864/3857/4091
f 3864/3857/4091 3882/3875/4114 3883/3866/4115
f 3864/3857/4091 3883/3866/4115 3865/3858/4093
f 3865/3858/4093 3883/3866/4115 3884/3876/4116
f 3865/3858/4093 3884/3876/4116 3866/3859/4095
f 3866/3859/4095 3884/3876/4116 3885/3864/4117
f 3866/3859/4095 3885/3864/4117 3867/3860/4097
f 3867/3860/4097 3885/3864/4117 3886/3877/4118
f 3867/3860/4097 3886/3877/4118 3868/3861/4099
f 3868/3861/4099 3886/3877/4118 3869/3862/4101
f 3868/3861/4099 3869/3862/4101 3851/3844/4066
f 3869/3862/4101 3887/3878/4119 3888/3879/4120
f 3869/3862/4101 3888/3879/4120 3870/3863/4102
f 3870/3863/4102 3888/3879/4120 3889/3880/4121
f 3870/3863/4102 3889/3880/4121 3871/3864/4103
f 3871/3864/4103 3889/3880/4121 3890/3881/4122
f 3871/3864/4103 3890/3881/4122 3872/3865/4104
f 3872/3865/4104 3890/3881/4122 3891/3882/4123
f 3872/3865/4104 3891/3882/4123 3873/3866/4105
f 3873/3866/4105 3891/3882/4123 3892/3883/4124
f 3873/3866/4105 3892/3883/4124 3874/3867/4106
f 3874/3867/4106 3892/3883/4124 3893/3884/4125
f 3874/3867/4106 3893/3884/4125 3875/3868/4107
f 3875/3868/4107 3893/3884/4125 3894/3885/4126
f 3875/3868/4107 3894/3885/4126 3876/3869/4108
f 3876/3869/4108 3894/3885/4126 3895/3886/4127
f 3876/3869/4108 3895/3886/4127 3877/3870/4109
f 3877/3870/4109 3895/3886/4127 3896/3887/4128
f 3877/3870/4109 3896/3887/4128 3878/3871/4110
f 3878/3871/4110 3896/3887/4128 3897/3888/4129
f 3878/3871/4110 3897/3888/4129 3879/3872/4111
f 3879/3872/4111 3897/3888/4129 3898/3885/4130
f 3879/3872/4111 3898/3885/4130 3880/3873/4112
f 3880/3873/4112 3898/3885/4130 3899/3884/4131
f 3880/3873/4112 3899/3884/4131 3881/3874/4113
f 3881/3874/4113 3899/3884/4131 3900/3883/4132
f 3881/3874/4113 3900/3883/4132 3882/3875/4114
f 3882/3875/4114 3900/3883/4132 3901/3889/4133
f 3882/3875/4114 3901/3889/4133 3883/3866/4115
f 3883/3866/4115 3901/3889/4133 3902/3881/4134
f 3883/3866/4115 3902/3881/4134 3884/3876/4116
f 3884/3876/4116 3902/3881/4134 3903/3890/4135
f 3884/3876/4116 3903/3890/4135 3885/3864/4117
f 3885/3864/4117 3903/3890/4135 3904/3879/4136
f 3885/3864/4117 3904/3879/4136 3886/3877/4118
f 3886/3877/4118 3904/3879/4136 3887/3878/4119
f 3886/3877/4118 3887/3878/4119 3869/3862/4101
f 3887/3878/4119 3905/3891/4137 3906/3892/4138
f 3887/3878/4119 3906/3892/4138 3888/3879/4120
f 3888/3879/4120 3906/3892/4138 3907/3893/4139
f 3888/3879/4120 3907/3893/4139 3889/3880/4121
f 3889/3880/4121 3907/3893/4139 3908/3894/4140
f 3889/3880/4121 3908/3894/4140 3890/3881/4122
f 3890/3881/4122 3908/3894/4140 3909/3895/4141
f 3890/3881/4122 3909/3895/4141 3891/3882/4123
f 3891/3882/4123 3909/3895/4141 3910/3896/4142
f 3891/3882/4123 3910/3896/4142 3892/3883/4124
f 3892/3883/4124 3910/3896/4142 3911/3897/4143
f 3892/3883/4124 3911/3897/4143 3893/3884/4125
f 3893/3884/4125 3911/3897/4143 3912/3898/4144
f 3893/3884/4125 3912/3898/4144 3894/3885/4126
f 3894/3885/4126 3912/3898/4144 3913/3899/4145
f 3894/3885/4126 3913/3899/4145 3895/3886/4127
f 3895/3886/4127 3913/3899/4145 3914/3900/4146
f 3895/3886/4127 3914/3900/4146 3896/3887/4128
f 3896/3887/4128 3914/3900/4146 3915/3899/4147
f 3896/3887/4128 3915/3899/4147 3897/3888/4129
f 3897/3888/4129 3915/3899/4147 3916/3898/4148
f 3897/3888/4129 3916/3898/4148 3898/3885/4130
f 3898/3885/4130 3916/3898/4148 3917/3897/4149
f 3898/3885/4130 3917/3897/4149 3899/3884/4131
f 3899/3884/4131 3917/3897/4149 3918/3896/4150
f 3899/3884/4131 3918/3896/4150 3900/3883/4132
f 3900/3883/4132 3918/3896/4150 3919/3901/4151
f 3900/3883/4132 3919/3901/4151 3901/3889/4133
f 3901/3889/4133 3919/3901/4151 3920/3894/4152
f 3901/3889/4133 3920/3894/4152 3902/3881/4134
f 3902/3881/4134 3920/3894/4152 3921/3893/4153
f 3902/3881/4134 3921/3893/4153 3903/3890/4135
f 3903/3890/4135 3921/3893/4153 3922/3902/4154
f 3903/3890/4135 3922/3902/4154 3904/3879/4136
f 3904/3879/4136 3922/3902/4154 3905/3891/4137
f 3904/3879/4136 3905/3891/4137 3887/3878/4119
f 3905/3891/4137 3923/3903/4065 3924/3904/4155
f 3905/3891/4137 3924/3904/4155 3906/3892/4138
f 3906/3892/4138 3924/3904/4155 3925/3905/4156
f 3906/3892/4138 3925/3905/4156 3907/3893/4139
f 3907/3893/4139 3925/3905/4156 3926/3906/4157
f 3907/3893/4139 3926/3906/4157 3908/3894/4140
f 3908/3894/4140 3926/3906/4157 3927/3907/4158
f 3908/3894/4140 3927/3907/4158 3909/3895/4141
f 3909/3895/4141 3927/3907/4158 3928/3908/4159
f 3909/3895/4141 3928/3908/4159 3910/3896/4142
f 3910/3896/4142 3928/3908/4159 3929/3909/4160
f 3910/3896/4142 3929/3909/4160 3911/3897/4143
f 3911/3897/4143 3929/3909/4160 3930/3910/4161
f 3911/3897/4143 3930/3910/4161 3912/3898/4144
f 3912/3898/4144 3930/3910/4161 3931/3911/4162
f 3912/3898/4144 3931/3911/4162 3913/3899/4145
f 3913/3899/4145 3931/3911/4162 3932/3912/4084
f 3913/3899/4145 3932/3912/4084 3914/3900/4146
f 3914/3900/4146 3932/3912/4084 3933/3913/4163
f 3914/3900/4146 3933/3913/4163 3915/3899/4147
f 3915/3899/4147 3933/3913/4163 3934/3914/4164
f 3915/3899/4147 3934/3914/4164 3916/3898/4148
f 3916/3898/4148 3934/3914/4164 3935/3915/4165
f 3916/3898/4148 3935/3915/4165 3917/3897/4149
f 3917/3897/4149 3935/3915/4165 3936/3916/4166
f 3917/3897/4149 3936/3916/4166 3918/3896/4150
f 3918/3896/4150 3936/3916/4166 3937/3917/4167
f 3918/3896/4150 3937/3917/4167 3919/3901/4151
f 3919/3901/4151 3937/3917/4167 3938/3918/4168
f 3919/3901/4151 3938/3918/4168 3920/3894/4152
f 3920/3894/4152 3938/3918/4168 3939/3919/4169
f 3920/3894/4152 3939/3919/4169 3921/3893/4153
f 3921/3893/4153 3939/3919/4169 3940/3920/4170
f 3921/3893/4153 3940/3920/4170 3922/3902/4154
f 3922/3902/4154 3940/3920/4170 3923/3903/4065
f 3922/3902/4154 3923/3903/4065 3905/3891/4137
f 3941/3921/4171 3924/3904/4171 3923/3903/4171
f 3941/3921/4171 3925/3905/4171 3924/3904/4171
f 3941/3921/4171 3926/3906/4171 3925/3905/4171
f 3941/3921/4171 3927/3907/4171 3926/3906/4171
f 3941/3921/4171 3928/3908/4171 3927/3907/4171
f 3941/3921/4171 3929/3909/4171 3928/3908/4171
f 3941/3921/4171 3930/3910/4171 3929/3909/4171
f 3941/3921/4171 3931/3911/4171 3930/3910/4171
f 3941/3921/4171 3932/3912/4171 3931/3911/4171
f 3941/3921/4171 3933/3913/4171 3932/3912/4171
f 3941/3921/4171 3934/3914/4171 3933/3913/4171
f 3941/3921/4171 3935/3915/4171 3934/3914/4171
f 3941/3921/4171 3936/3916/4171 3935/3915/4171
f 3941/3921/4171 3937/3917/4171 3936/3916/4171
f 3941/3921/4171 3938/3918/4171 3937/3917/4171
f 3941/3921/4171 3939/3919/4172 3938/3918/4171
f 3941/3921/4171 3940/3920/4173 3939/3919/4172
f 3941/3921/4171 3923/3903/4171 3940/3920/4173
o Sphere006
v -140.583191 -33.689892 269.157410
v -141.272980 -26.686201 269.157410
v -141.272980 -26.820774 270.523773
v -141.272980 -27.219324 271.837616
v -141.272980 -27.866535 273.048462
v -141.272980 -28.737534 274.109772
v -141.272980 -29.798849 274.980774
v -141.272980 -31.009695 275.627960
v -141.272980 -32.323540 276.026520
v -141.272980 -33.689892 276.161102
v -141.272980 -35.056244 276.026520
v -141.272980 -36.370090 275.627960
v -141.272980 -37.580936 274.980774
v -141.272980 -38.642250 274.109772
v -141.272980 -39.513248 273.048431
v -141.272980 -40.160458 271.837585
v -141.272980 -40.559006 270.523743
v -141.272995 -40.693581 269.157410
v -141.272995 -40.559006 267.791046
v -141.272995 -40.160454 266.477203
v -141.272980 -39.513241 265.266357
v -141.272980 -38.642242 264.205048
v -141.272980 -37.580925 263.334045
v -141.272980 -36.370079 262.686829
v -141.272980 -35.056232 262.288300
v -141.272980 -33.689880 262.153717
v -141.272980 -32.323528 262.288300
v -141.272980 -31.009684 262.686859
v -141.272980 -29.798838 263.334045
v -141.272980 -28.737524 264.205048
v -141.272980 -27.866528 265.266388
v -141.272980 -27.219318 266.477234
v -141.272980 -26.820770 267.791077
v -143.315887 -20.215633 271.837616
v -143.315887 -20.997417 274.414795
v -143.315887 -23.975492 278.871796
v -143.315887 -28.432499 281.849884
v -143.315887 -31.009697 282.631653
v -143.315887 -33.689896 282.895630
v -143.315887 -38.947289 281.849884
v -143.315887 -43.404293 278.871796
v -143.315887 -46.382366 274.414795
v -143.315887 -47.164146 271.837585
v -143.315887 -47.428123 269.157410
v -143.315887 -46.382355 263.899994
v -143.315887 -43.404274 259.442993
v -143.315887 -41.322426 257.734467
v -143.315887 -36.370064 255.683151
v -143.315887 -31.009670 255.683151
v -143.315887 -28.432474 256.464935
v -143.315887 -23.975475 259.443024
v -143.315887 -22.266953 261.524872
v -143.315887 -20.997406 263.900055
v -143.315887 -19.951656 269.157410
v -146.633377 -13.745068 269.157410
v -146.633377 -15.263275 276.789948
v -146.633377 -17.106375 280.238159
v -143.315887 -22.266968 276.789948
v -146.633377 -19.586771 283.260529
v -143.315887 -26.057337 280.580322
v -146.633377 -22.609142 285.740906
v -146.633377 -29.798851 288.718994
v -146.633377 -37.580940 288.718994
v -143.315887 -36.370090 282.631653
v -146.633377 -44.770645 285.740906
v -143.315887 -41.322449 280.580322
v -146.633377 -50.273407 280.238159
v -143.315887 -45.112816 276.789948
v -146.633392 -53.251480 273.048431
v -146.633392 -53.634708 269.157379
v -143.315887 -47.164143 266.477203
v -146.633392 -53.251472 265.266357
v -146.633392 -52.116493 261.524841
v -143.315887 -45.112804 261.524841
v -146.633377 -47.792992 255.054276
v -146.633377 -41.322414 250.730789
v -143.315887 -38.947266 256.464935
v -146.633377 -37.580902 249.595810
v -143.315887 -33.689869 255.419174
v -146.633377 -33.689857 249.212585
v -146.633377 -26.057304 250.730804
v -143.315887 -26.057316 257.734497
v -146.633377 -19.586742 255.054321
v -146.633377 -17.106354 258.076691
v -146.633377 -14.128292 265.266418
v -143.315887 -20.215628 266.477234
v -151.097961 -8.792713 274.109772
v -146.633377 -14.128302 273.048462
v -151.097961 -12.583080 283.260529
v -151.097961 -19.586771 290.264221
v -146.633377 -26.057339 287.584015
v -151.097961 -28.737537 294.054596
v -146.633377 -33.689896 289.102234
v -151.097961 -38.642254 294.054596
v -151.097977 -43.404297 292.610016
v -146.633377 -41.322449 287.584015
v -151.097977 -47.793018 290.264221
v -146.633377 -47.793018 283.260529
v -151.097977 -54.796707 283.260498
v -146.633392 -52.116508 276.789948
v -151.097977 -58.587067 274.109741
v -151.097977 -58.587059 264.205017
v -151.097977 -57.142502 259.442993
v -146.633392 -50.273384 258.076630
v -151.097977 -54.796677 255.054260
v -151.097977 -51.639729 251.207520
v -146.633377 -44.770615 252.573883
v -151.097977 -47.792976 248.050583
v -151.097977 -38.642204 244.260223
v -151.097961 -28.737490 244.260239
v -146.633377 -29.798815 249.595825
v -151.097961 -19.586731 248.050629
v -146.633377 -22.609108 252.573914
v -151.097961 -15.739990 251.207581
v -151.097961 -12.583054 255.054337
v -146.633377 -15.263260 261.524902
v -151.097961 -8.792702 264.205109
v -151.097961 -8.304947 269.157410
v -156.538086 -4.413904 274.980774
v -151.097961 -10.237259 278.871796
v -156.538086 -8.870903 285.740906
v -156.538086 -12.583078 290.264221
v -151.097961 -15.740025 287.107269
v -156.538086 -17.106375 293.976379
v -151.097961 -23.975496 292.610046
v -156.538086 -27.866539 298.433411
v -156.538086 -33.689896 299.006958
v -151.097961 -33.689896 294.542358
v -156.538086 -45.112823 296.734772
v -156.538101 -50.273415 293.976379
v -151.097977 -51.639763 287.107269
v -156.538101 -58.508881 285.740906
v -151.097977 -57.142525 278.871796
v -156.538101 -62.965874 274.980743
v -156.538101 -63.539421 269.157379
v -151.097977 -59.074829 269.157379
v -156.538101 -61.267250 257.734467
v -156.538101 -58.508846 252.573868
v -156.538101 -54.796669 248.050568
v -156.538101 -45.112770 241.580017
v -151.097977 -43.404251 245.704773
v -156.538101 -39.513195 239.881424
v -156.538086 -33.689838 239.307877
v -151.097977 -33.689846 243.772461
v -156.538086 -22.266914 241.580063
v -151.097961 -23.975451 245.704803
v -156.538086 -12.583036 248.050644
v -156.538086 -8.870871 252.573944
v -151.097961 -10.237240 259.443054
v -156.538086 -4.413889 263.334106
v -156.538086 -3.840351 269.157410
v -162.744675 -1.160156 275.627960
v -156.538086 -6.112511 280.580322
v -162.744675 -3.047548 281.849884
v -162.744675 -10.237257 292.610046
v -162.744675 -20.997419 299.799744
v -156.538086 -22.266968 296.734772
v -162.744675 -27.219326 301.687134
v -162.744675 -40.160461 301.687134
v -156.538086 -39.513252 298.433380
v -162.744675 -46.382370 299.799744
v -162.744690 -57.142525 292.610016
v -156.538101 -54.796707 290.264191
v -162.744690 -61.267269 287.584015
v -156.538101 -61.267273 280.580322
v -162.744690 -66.219620 275.627960
v -162.744690 -66.856903 269.157379
v -156.538101 -62.965866 263.334015
v -162.744690 -64.332199 256.464905
v -162.744690 -61.267235 250.730759
v -162.744690 -57.142479 245.704758
v -156.538101 -50.273369 244.338409
v -162.744690 -46.382309 238.515060
v -162.744690 -40.160400 236.627670
v -162.744675 -27.219265 236.627686
v -156.538086 -27.866482 239.881439
v -162.744675 -20.997360 238.515091
v -162.744675 -15.263222 241.580078
v -156.538086 -17.106327 244.338455
v -162.744675 -6.112474 250.730850
v -162.744675 -3.047523 256.464996
v -156.538086 -6.112488 257.734558
v -162.744675 -1.160141 262.686920
v -162.744675 -0.522861 269.157410
v -169.479202 0.843491 276.026520
v -169.479218 -4.413897 288.718994
v -162.744675 -6.112511 287.584015
v -169.479218 -8.792707 294.054596
v -162.744675 -15.263273 296.734772
v -169.479218 -14.128298 298.433411
v -169.479218 -20.215633 301.687134
v -169.479218 -26.820776 303.690796
v -162.744675 -33.689896 302.324432
v -169.479218 -33.689896 304.367340
v -169.479218 -47.164154 301.687134
v -162.744690 -52.116512 296.734772
v -169.479218 -53.251488 298.433380
v -169.479233 -62.965881 288.718964
v -162.744690 -64.332230 281.849854
v -169.479233 -68.223267 276.026489
v -169.479233 -68.223251 262.288269
v -162.744690 -66.219604 262.686798
v -169.479233 -66.219597 255.683121
v -169.479233 -62.965843 249.595795
v -169.479233 -58.587029 244.260208
v -162.744690 -52.116459 241.580017
v -169.479218 -47.164089 236.627655
v -169.479218 -40.558945 234.624023
v -162.744675 -33.689831 235.990387
v -169.479218 -26.820709 234.624039
v -169.479218 -20.215570 236.627701
v -169.479218 -8.792658 244.260284
v -162.744675 -10.237213 245.704834
v -169.479218 -4.413860 249.595886
v -169.479218 -1.160126 255.683228
v -169.479202 1.520039 269.157410
v -176.482895 1.520042 276.161102
v -169.479218 -1.160156 282.631653
v -176.482895 -0.522858 282.895630
v -176.482895 -8.304939 294.542358
v -176.482895 -19.951656 302.324432
v -176.482910 -26.686199 304.367340
v -176.482910 -33.689892 305.057129
v -176.482910 -40.693584 304.367340
v -169.479218 -40.559013 303.690796
v -176.482910 -47.428127 302.324432
v -176.482910 -53.634720 299.006927
v -169.479218 -58.587074 294.054565
v -176.482910 -63.539429 289.102203
v -176.482910 -66.856918 282.895599
v -169.479233 -66.219620 282.631653
v -176.482910 -68.899811 276.161072
v -169.479233 -68.899811 269.157379
v -176.482910 -68.899796 262.153687
v -176.482910 -66.856888 255.419144
v -176.482910 -59.074791 243.772430
v -169.479233 -53.251427 239.881409
v -176.482910 -53.634659 239.307846
v -176.482910 -40.693516 233.947479
v -176.482910 -33.689823 233.257690
v -169.479218 -33.689827 233.947479
v -176.482910 -19.951591 235.990417
v -176.482910 -13.745005 239.307922
v -169.479218 -14.128242 239.881470
v -176.482895 -3.840309 249.212646
v -176.482895 -0.522827 255.419250
v -176.482895 1.520061 262.153809
v -169.479218 0.843506 262.288361
v -183.486588 1.520046 269.157410
v -176.482895 2.209846 269.157410
v -183.486588 -1.160149 282.631653
v -183.486588 -4.413893 288.718994
v -176.482895 -3.840345 289.102234
v -183.486588 -14.128294 298.433411
v -176.482895 -13.745062 299.006958
v -183.486588 -20.215630 301.687134
v -183.486588 -26.820772 303.690796
v -183.486588 -33.689888 304.367340
v -183.486603 -40.559010 303.690796
v -183.486603 -53.251480 298.433380
v -183.486603 -58.587070 294.054565
v -176.482910 -59.074837 294.542328
v -183.486603 -62.965874 288.718964
v -183.486603 -68.223251 276.026489
v -183.486603 -68.899796 269.157379
v -176.482910 -69.589607 269.157379
v -183.486603 -68.223244 262.288269
v -183.486603 -62.965836 249.595795
v -176.482910 -63.539391 249.212555
v -183.486603 -53.251427 239.881409
v -183.486603 -47.164085 236.627655
v -176.482910 -47.428062 235.990372
v -183.486603 -40.558941 234.624023
v -183.486603 -26.820705 234.624039
v -176.482910 -26.686132 233.947495
v -183.486588 -20.215567 236.627701
v -183.486588 -8.792654 244.260284
v -176.482895 -8.304892 243.772522
v -183.486588 -4.413857 249.595886
v -183.486588 -1.160118 255.683228
v -190.221130 -0.522854 269.157410
v -183.486588 0.843498 276.026520
v -190.221130 -3.047541 281.849884
v -190.221130 -6.112503 287.584015
v -183.486588 -8.792704 294.054596
v -190.221130 -15.263266 296.734772
v -190.221130 -20.997412 299.799744
v -190.221130 -27.219318 301.687134
v -190.221130 -33.689888 302.324432
v -190.221130 -40.160454 301.687134
v -183.486603 -47.164150 301.687134
v -190.221146 -52.116505 296.734772
v -190.221146 -57.142517 292.610016
v -190.221146 -64.332222 281.849854
v -183.486603 -66.219620 282.631653
v -190.221146 -66.856903 269.157379
v -190.221146 -66.219597 262.686798
v -183.486603 -66.219589 255.683121
v -190.221146 -64.332199 256.464905
v -190.221146 -61.267227 250.730759
v -183.486603 -58.587021 244.260208
v -190.221146 -52.116451 241.580017
v -190.221130 -40.160393 236.627670
v -190.221130 -33.689823 235.990387
v -183.486603 -33.689823 233.947479
v -190.221130 -20.997353 238.515091
v -190.221130 -15.263214 241.580078
v -183.486588 -14.128239 239.881470
v -190.221130 -6.112467 250.730850
v -190.221130 -3.047516 256.464996
v -190.221130 -1.160133 262.686920
v -183.486588 0.843513 262.288361
v -196.427719 -3.840340 269.157410
v -190.221130 -1.160149 275.627991
v -196.427719 -6.112499 280.580322
v -196.427719 -8.870892 285.740906
v -190.221130 -10.237249 292.610046
v -196.427719 -17.106363 293.976379
v -196.427719 -22.266956 296.734772
v -196.427734 -33.689884 299.006958
v -196.427734 -39.513241 298.433380
v -190.221130 -46.382362 299.799744
v -196.427734 -50.273399 293.976379
v -196.427734 -58.508865 285.740906
v -190.221146 -61.267262 287.584015
v -190.221146 -66.219604 275.627960
v -196.427734 -63.539410 269.157379
v -196.427734 -62.965855 263.334015
v -196.427734 -61.267235 257.734467
v -196.427734 -58.508835 252.573868
v -190.221146 -57.142471 245.704758
v -196.427734 -50.273354 244.338409
v -190.221146 -46.382301 238.515060
v -196.427734 -45.112755 241.580017
v -196.427734 -33.689827 239.307877
v -190.221130 -27.219257 236.627686
v -196.427734 -27.866470 239.881439
v -196.427734 -22.266903 241.580063
v -196.427719 -12.583025 248.050644
v -190.221130 -10.237206 245.704834
v -196.427719 -6.112476 257.734558
v -201.867844 -8.304932 269.157410
v -196.427719 -4.413893 274.980774
v -201.867844 -10.237244 278.871796
v -201.867844 -12.583065 283.260529
v -196.427719 -12.583067 290.264221
v -201.867844 -19.586756 290.264221
v -201.867844 -23.975481 292.610046
v -196.427719 -27.866528 298.433411
v -201.867844 -28.737522 294.054596
v -201.867859 -38.642239 294.054596
v -196.427734 -45.112808 296.734772
v -201.867859 -47.793003 290.264221
v -201.867859 -51.639748 287.107269
v -196.427734 -54.796700 290.264191
v -201.867859 -57.142509 278.871796
v -196.427734 -62.965862 274.980743
v -201.867859 -58.587051 274.109741
v -201.867859 -58.587044 264.205017
v -201.867859 -57.142487 259.442993
v -201.867859 -51.639713 251.207520
v -196.427734 -54.796654 248.050568
v -201.867859 -47.792961 248.050583
v -201.867859 -43.404236 245.704773
v -196.427734 -39.513184 239.881424
v -201.867859 -38.642193 244.260223
v -201.867859 -28.737474 244.260239
v -201.867844 -19.586716 248.050629
v -196.427719 -17.106316 244.338455
v -201.867844 -12.583038 255.054337
v -201.867844 -10.237225 259.443054
v -196.427719 -4.413877 263.334106
v -206.332443 -13.745054 269.157410
v -201.867844 -8.792698 274.109772
v -206.332443 -15.263262 276.789948
v -206.332443 -17.106361 280.238159
v -206.332443 -19.586754 283.260529
v -201.867844 -15.740009 287.107269
v -206.332443 -22.609125 285.740936
v -206.332443 -26.057323 287.584015
v -206.332443 -33.689877 289.102234
v -201.867844 -33.689880 294.542358
v -206.332443 -37.580921 288.718994
v -201.867859 -43.404282 292.610046
v -206.332443 -44.770630 285.740906
v -206.332443 -47.792999 283.260529
v -206.332443 -50.273392 280.238159
v -201.867859 -54.796692 283.260498
v -206.332458 -52.116489 276.789948
v -206.332458 -53.634689 269.157379
v -201.867859 -59.074814 269.157379
v -206.332458 -53.251453 265.266357
v -206.332458 -50.273369 258.076630
v -201.867859 -54.796661 255.054260
v -206.332458 -48.789913 256.269043
v -206.332443 -47.792969 255.054276
v -206.285156 -46.555763 253.964737
v -206.332443 -47.032906 254.430511
v -206.332443 -17.106340 258.076691
v -206.290405 -17.432917 257.598419
v -206.332443 -17.183586 257.982574
v -206.332443 -16.899837 258.463043
v -206.270294 -15.682863 260.579956
v -201.867844 -8.792686 264.205109
v -206.332443 -14.276819 264.776733
v -206.332443 -14.128281 265.266418
v -206.560013 -38.066063 288.129059
v -206.577194 -37.491589 288.269897
v -206.554214 -37.065365 288.354858
v -206.547684 -30.146929 288.350586
v -206.332443 -29.798836 288.718994
v -206.561920 -29.882595 288.297913
v -206.539627 -29.136986 288.115112
v -206.513245 -42.001587 286.839294
v -206.332443 -41.322433 287.584015
v -206.571426 -41.151333 287.170959
v -206.476013 -25.171762 286.807556
v -206.547134 -26.211037 287.212921
v -206.491531 -46.206783 284.179138
v -206.583633 -44.509548 285.350189
v -206.441254 -20.921429 284.093781
v -206.519943 -19.834805 283.012482
v -206.478500 -49.440697 280.824127
v -206.541290 -49.948517 280.021057
v -206.431641 -17.731457 280.708710
v -206.480453 -17.336617 280.084290
v -206.479263 -51.644089 277.093842
v -206.511841 -51.806404 276.661499
v -206.417084 -15.604414 277.093872
v -206.446121 -15.459763 276.708557
v -206.399139 -14.257410 273.046265
v -206.332443 -14.128290 273.048462
v -206.332458 -53.251457 273.048431
v -206.452728 -53.409683 269.157379
v -206.465469 -52.993309 273.046265
v -206.384338 -13.842134 269.157410
v -206.425095 -53.429794 268.836914
v -206.371979 -14.200832 265.280853
v -206.356705 -13.822020 268.836914
v -206.387070 -52.951408 264.627533
v -206.332458 -52.116470 261.524841
v -206.332443 -15.450121 261.175293
v -206.360291 -15.311378 261.544830
v -206.332443 -15.263247 261.524902
v -206.332443 -14.598755 263.715454
v -206.349762 -51.574875 260.579956
v -206.401291 -50.166290 258.148193
v -206.340698 -49.676342 257.373383
v -206.340454 -17.118801 258.085022
v -206.382675 -47.726524 255.120728
v -201.867844 -15.739975 251.207581
v -206.234375 -20.573845 254.090363
v -206.332230 -19.586544 255.054138
v -206.332443 -44.284851 252.314255
v -206.332443 -44.770596 252.573883
v -206.354248 -44.747929 252.607819
v -206.332443 -45.149818 252.885101
v -206.278625 -23.056725 252.260666
v -206.308807 -22.593086 252.549973
v -206.320496 -44.101070 252.199570
v -206.284897 -38.232208 249.733154
v -206.311462 -37.585873 249.570740
v -206.282425 -37.192562 249.496628
v -206.273544 -30.018623 249.502411
v -206.290512 -29.788830 249.545715
v -206.256699 -28.966108 249.752441
v -205.121002 -48.524357 256.849670
v -206.297562 -49.321152 256.849670
v -205.625641 -51.187912 260.579956
v -206.426010 -51.954765 261.591827
v -206.440262 -53.053627 265.305695
v -205.113373 -52.270752 264.627533
v -204.940414 -52.636383 268.836914
v -206.469223 -53.000504 272.998505
v -205.625626 -51.187912 277.093842
v -205.113373 -52.270752 273.046265
v -206.457489 -49.429466 280.824127
v -206.480469 -49.380905 280.891235
v -205.121002 -48.524361 280.824127
v -206.486801 -46.324696 284.093750
v -206.440384 -46.293266 284.093750
v -205.376038 -45.401367 284.093750
v -204.394196 -44.395889 284.093750
v -206.505096 -42.150188 286.777069
v -206.440384 -42.083916 286.777069
v -205.741196 -41.212284 286.777069
v -205.120987 -40.267418 286.777069
v -206.555191 -40.457489 287.413025
v -206.547134 -39.190720 287.812958
v -204.585724 -39.258415 286.777069
v -204.140579 -38.194992 286.777069
v -203.789825 -37.087387 286.777069
v -206.523544 -36.150402 288.502350
v -203.536850 -35.946274 286.777069
v -206.512344 -35.277527 288.609283
v -203.384079 -34.782639 286.777069
v -206.519165 -34.433739 288.679626
v -203.332993 -33.607685 286.777069
v -206.540878 -33.689877 288.712280
v -206.536743 -33.607674 288.711945
v -206.512604 -32.780876 288.675659
v -206.505768 -31.936344 288.605255
v -203.384064 -32.432732 286.777069
v -206.516983 -31.062696 288.498230
v -203.536835 -31.269096 286.777069
v -203.789810 -30.127979 286.777069
v -204.140549 -29.020374 286.777069
v -204.585693 -27.956947 286.777069
v -206.526718 -28.009235 287.798157
v -206.534790 -26.738976 287.397125
v -205.120941 -26.947939 286.777069
v -205.741150 -26.003067 286.777069
v -206.440323 -25.131430 286.777069
v -206.472031 -25.098961 286.777069
v -205.375961 -21.813984 284.093781
v -206.441360 -20.923862 284.095520
v -206.440308 -20.922077 284.093781
v -205.120895 -18.690994 280.824158
v -205.625519 -16.027437 277.093872
v -204.940277 -14.578964 268.836914
v -205.113251 -14.944593 264.627563
v -206.316330 -14.301661 264.627563
v -205.625519 -16.027431 260.579956
v -205.120895 -18.690987 256.849670
v -204.140488 -17.033144 260.579956
v -203.869354 -19.739758 256.849670
v -206.197632 -21.125427 253.580048
v -205.375961 -21.813976 253.580048
v -204.394119 -22.819464 253.580048
v -206.211121 -24.872446 251.197311
v -203.504227 -23.928846 253.580048
v -206.206512 -25.422913 250.896744
v -205.741150 -26.003059 250.896744
v -206.264404 -26.025560 250.654221
v -206.249725 -26.474651 250.499390
v -205.120941 -26.947929 250.896744
v -206.238129 -27.791361 250.085281
v -204.585693 -27.956938 250.896744
v -204.140549 -29.020367 250.896744
v -203.789810 -30.127972 250.896744
v -206.230270 -30.964420 249.356537
v -203.536835 -31.269087 250.896744
v -206.214447 -31.870861 249.247955
v -203.384079 -32.432724 250.896744
v -206.224091 -32.748760 249.173248
v -203.332993 -33.607677 250.896744
v -206.258133 -33.607666 249.130142
v -206.263763 -33.689838 249.128906
v -206.233017 -34.465576 249.167847
v -206.223389 -35.342461 249.242462
v -203.384094 -34.782627 250.896744
v -206.239197 -36.247856 249.350922
v -203.536850 -35.946266 250.896744
v -203.789841 -37.087379 250.896744
v -204.140594 -38.194981 250.896744
v -204.585739 -39.258404 250.896744
v -206.266403 -39.402649 250.064758
v -206.277969 -40.714539 250.477371
v -205.120987 -40.267410 250.896744
v -206.298355 -41.338295 250.692413
v -205.741196 -41.212276 250.896744
v -204.394196 -44.395882 253.580048
v -206.253342 -42.295242 251.142014
v -205.376038 -45.401360 253.580048
v -206.257462 -46.139961 253.580048
v -202.714920 -46.293274 256.849670
v -203.869461 -47.475594 256.849670
v -201.467117 -47.703163 260.579956
v -202.749969 -49.016884 260.579956
v -200.698715 -48.571369 264.627533
v -202.060577 -49.966011 264.627533
v -200.439255 -48.864525 268.836914
v -202.060577 -49.966011 273.046265
v -200.698715 -48.571369 273.046265
v -202.749969 -49.016888 277.093842
v -201.467117 -47.703167 277.093842
v -203.869461 -47.475597 280.824127
v -202.714920 -46.293282 280.824127
v -200.304413 -46.253696 277.093842
v -201.668518 -44.988792 280.824127
v -203.504288 -43.286514 284.093750
v -200.740311 -43.574699 280.824127
v -202.714920 -42.083927 284.093750
v -199.939240 -42.064621 280.824127
v -202.033661 -40.799709 284.093750
v -199.273026 -40.473091 280.824127
v -201.467102 -39.446228 284.093750
v -198.748093 -38.815449 280.824127
v -201.020676 -38.036518 284.093750
v -198.369476 -37.107651 280.824127
v -200.698700 -36.584156 284.093750
v -198.140839 -35.366146 280.824127
v -200.504257 -35.103127 284.093750
v -198.064377 -33.607704 280.824127
v -200.439240 -33.607697 284.093750
v -200.504242 -32.112267 284.093750
v -198.140839 -31.849266 280.824158
v -200.698669 -30.631237 284.093750
v -198.369461 -30.107758 280.824158
v -201.020645 -29.178871 284.093750
v -198.748062 -28.399958 280.824158
v -201.467072 -27.769157 284.093750
v -199.272980 -26.742310 280.824158
v -202.033615 -26.415672 284.093750
v -199.939178 -25.150778 280.824158
v -202.714859 -25.131447 284.093750
v -200.740234 -23.640690 280.824158
v -203.504227 -23.928854 284.093781
v -201.668442 -22.226589 280.824158
v -204.394119 -22.819471 284.093781
v -202.714828 -20.922092 280.824158
v -203.869354 -19.739765 280.824158
v -202.749863 -18.198481 277.093872
v -203.536758 -16.012255 273.046265
v -205.113251 -14.944597 273.046265
v -204.140488 -17.033148 277.093872
v -202.060471 -17.249367 273.046265
v -203.332901 -15.667538 268.836914
v -201.827698 -16.928886 268.836914
v -203.536758 -16.012251 264.627563
v -202.060471 -17.249361 264.627563
v -202.749863 -18.198477 260.579956
v -200.698608 -18.644012 264.627563
v -201.467010 -19.512211 260.579956
v -199.180664 -19.919764 268.836914
v -199.464294 -20.182770 264.627563
v -200.698608 -18.644016 273.046265
v -200.439163 -18.350861 268.836914
v -199.464294 -20.182774 273.046265
v -201.467010 -19.512215 277.093872
v -200.304321 -20.961693 277.093872
v -199.272964 -22.532959 277.093872
v -198.369415 -21.850821 273.046265
v -198.382874 -24.210878 277.093872
v -197.424500 -23.632090 273.046265
v -198.064331 -21.620489 268.836914
v -198.369415 -21.850819 264.627563
v -200.304321 -20.961689 260.579956
v -199.272964 -22.532951 260.579956
v -202.714828 -20.922085 256.849670
v -201.668442 -22.226583 256.849670
v -200.740234 -23.640686 256.849670
v -202.714859 -25.131439 253.580048
v -199.939178 -25.150772 256.849670
v -202.033615 -26.415665 253.580048
v -197.642639 -25.979288 260.579956
v -199.272980 -26.742304 256.849670
v -198.382874 -24.210873 260.579956
v -196.638672 -25.509426 264.627563
v -197.424515 -23.632088 264.627563
v -196.299683 -25.350773 268.836914
v -197.100906 -23.436657 268.836914
v -196.638672 -25.509430 273.046265
v -197.059372 -27.821173 277.093872
v -197.642639 -25.979292 277.093872
v -196.019485 -27.464758 273.046265
v -196.638687 -29.718779 277.093872
v -195.572891 -29.479248 273.046265
v -195.668350 -27.344412 268.836914
v -195.213013 -29.398365 268.836914
v -196.019485 -27.464756 264.627563
v -195.572891 -29.479244 264.627563
v -197.059372 -27.821169 260.579956
v -196.638687 -29.718775 260.579956
v -198.748062 -28.399952 256.849670
v -201.467072 -27.769150 253.580048
v -201.020645 -29.178864 253.580048
v -198.369461 -30.107754 256.849670
v -200.698669 -30.631229 253.580048
v -196.384659 -31.653833 260.579956
v -198.140839 -31.849260 256.849670
v -195.303207 -31.533491 264.627563
v -194.846100 -33.607716 268.836914
v -195.213028 -33.607716 264.627563
v -195.303207 -31.533493 273.046265
v -194.938049 -31.492857 268.836914
v -195.213028 -33.607716 273.046265
v -196.384659 -31.653837 277.093872
v -196.299713 -33.607712 277.093872
v -196.384674 -35.561584 277.093872
v -195.303223 -35.681938 273.046265
v -196.638718 -37.496643 277.093872
v -195.572922 -37.736183 273.046265
v -195.303223 -35.681934 264.627563
v -194.938065 -35.722572 268.836914
v -196.384674 -35.561581 260.579956
v -196.299713 -33.607708 260.579956
v -198.064377 -33.607700 256.849670
v -200.504242 -32.112259 253.580048
v -200.439240 -33.607689 253.580048
v -200.504257 -35.103119 253.580048
v -198.140839 -35.366142 256.849670
v -198.369476 -37.107643 256.849670
v -196.638718 -37.496639 260.579956
v -195.213043 -37.817062 268.836914
v -196.019516 -39.750664 264.627563
v -195.668396 -39.871014 268.836914
v -196.019516 -39.750668 273.046265
v -197.059402 -39.394245 277.093842
v -197.642685 -41.236122 277.093842
v -196.638733 -41.705990 273.046265
v -198.382935 -43.004532 277.093842
v -197.424576 -43.583324 273.046265
v -196.638733 -41.705990 264.627563
v -196.299728 -41.864647 268.836914
v -197.642685 -41.236118 260.579956
v -198.748093 -38.815441 256.849670
v -197.059402 -39.394241 260.579956
v -201.020676 -38.036510 253.580048
v -200.698700 -36.584148 253.580048
v -201.467102 -39.446220 253.580048
v -199.273026 -40.473087 256.849670
v -199.939240 -42.064613 256.849670
v -198.382935 -43.004524 260.579956
v -197.100983 -43.778759 268.836914
v -198.369492 -45.364586 264.627563
v -198.064407 -45.594917 268.836914
v -198.369507 -45.364586 273.046265
v -199.273041 -44.682442 277.093842
v -199.464386 -47.032623 273.046265
v -199.180756 -47.295631 268.836914
v -199.464386 -47.032623 264.627533
v -200.304413 -46.253696 260.579956
v -200.740311 -43.574692 256.849670
v -199.273041 -44.682438 260.579956
v -202.714920 -42.083920 253.580048
v -202.033661 -40.799702 253.580048
v -203.504303 -43.286507 253.580048
v -201.668518 -44.988789 256.849670
v -197.424576 -43.583321 264.627563
v -195.572922 -37.736179 264.627563
v -204.140594 -50.182213 277.093842
v -203.536880 -51.203110 273.046265
v -201.827805 -50.286488 268.836914
v -203.333023 -51.547821 268.836914
v -203.536880 -51.203106 264.627533
v -204.140594 -50.182205 260.579956
v -206.249573 -41.846039 250.896744
v -206.424225 -17.808332 280.824158
v -206.518539 -23.387043 285.763824
v -206.332458 -49.590801 257.244934
v -201.867859 -33.689831 243.772476
v -201.867844 -23.975435 245.704803
v -206.224319 -17.943710 256.849670
v -206.549545 -43.785721 285.809052
v -206.544785 -22.829834 285.410614
v -206.570328 -47.478298 282.945831
v -206.400940 -14.253971 273.023438
v -196.776581 -9.632246 252.095322
v -197.815842 -10.591471 252.264450
v -198.992508 -11.434999 252.751465
v -199.077698 -8.673021 257.535370
v -197.885742 -7.829494 257.048340
v -196.779022 -7.203403 256.302216
v -196.427719 -7.071615 255.940125
v -195.603668 -6.870266 255.386917
v -194.740494 -6.870266 254.412903
v -194.481705 -7.203403 253.497620
v -194.858505 -7.829491 252.751465
v -195.662277 -8.530672 252.346649
v -195.771118 -8.673019 252.264465
v -196.427719 -9.201296 252.171310
v -200.164658 -12.061087 253.497620
v -201.190903 -12.394222 254.412903
v -201.591141 -12.394222 254.928177
v -201.855927 -12.394222 255.386917
v -201.867844 -12.370649 255.451691
v -201.973328 -12.061087 256.302216
v -201.867844 -11.661512 256.778381
v -201.779053 -11.434998 257.048340
v -201.149292 -10.591469 257.535370
v -200.211121 -9.632244 257.704498
v -171.804291 -7.203411 253.497620
v -171.804291 -6.870274 254.412903
v -171.804291 -6.870274 255.386917
v -171.804291 -7.203411 256.302216
v -171.804291 -7.829502 257.048340
v -171.804291 -8.673029 257.535370
v -171.804291 -9.632254 257.704498
v -171.804291 -10.591478 257.535370
v -171.804291 -11.435007 257.048340
v -171.804291 -12.061096 256.302185
v -171.804291 -12.394232 255.386917
v -171.804291 -12.394232 254.412903
v -171.804291 -12.061096 253.497620
v -171.804291 -11.435007 252.751465
v -171.804291 -10.591478 252.264450
v -171.804291 -9.632254 252.095322
v -171.804291 -8.673027 252.264465
v -171.804291 -7.829498 252.751465
v -199.711655 -11.434999 284.637512
v -198.534988 -10.591471 285.124542
v -197.495728 -9.632246 285.293671
v -197.436798 -9.559460 285.280823
v -196.569824 -8.673021 285.124542
v -196.427719 -8.482687 285.014648
v -195.678955 -7.829494 284.637512
v -195.302170 -7.203403 283.891388
v -195.560959 -6.870266 282.976105
v -196.424133 -6.870266 282.002075
v -196.427719 -6.871145 281.999664
v -197.313385 -7.203403 281.086792
v -198.420105 -7.829491 280.340637
v -199.612061 -8.673019 279.853638
v -200.745483 -9.632244 279.684509
v -201.683655 -10.591469 279.853638
v -201.867844 -10.838177 279.996063
v -202.167953 -11.434998 280.340637
v -202.333237 -12.061087 281.086792
v -202.219711 -12.394222 282.002075
v -201.867844 -12.394222 282.907227
v -201.828094 -12.394222 282.976105
v -201.301697 -12.196747 283.518646
v -200.883789 -12.061087 283.891388
v -171.804291 -7.203411 283.891388
v -171.804291 -7.829502 284.637512
v -171.804291 -8.673029 285.124542
v -171.804291 -9.632254 285.293671
v -171.804291 -10.591478 285.124542
v -171.804291 -11.435007 284.637512
v -171.804291 -12.061096 283.891388
v -171.804291 -12.394232 282.976105
v -171.804291 -12.394232 282.002075
v -171.804291 -12.061096 281.086792
v -171.804291 -11.435007 280.340637
v -171.804291 -10.591478 279.853638
v -171.804291 -9.632254 279.684509
v -171.804291 -8.673027 279.853638
v -171.804291 -7.829498 280.340637
v -171.804291 -7.203411 281.086792
v -171.804291 -6.870274 282.002075
v -171.804291 -6.870274 282.976105
v -191.505096 -61.222176 252.095322
v -190.221146 -62.077179 252.246078
v -189.945374 -62.181396 252.264450
v -188.241592 -63.024925 252.751465
v -187.577667 -63.651016 253.497620
v -188.033676 -63.984154 254.412903
v -189.554611 -63.984154 255.386917
v -190.221146 -63.891731 255.640854
v -191.206314 -63.651016 256.302216
v -192.759125 -63.078880 256.984039
v -192.891281 -63.024925 257.048340
v -194.674530 -62.181396 257.535370
v -196.105042 -61.426590 257.668457
v -196.427734 -61.248718 257.699829
v -196.459106 -61.222172 257.704498
v -197.397278 -60.262947 257.535370
v -198.027039 -59.419418 257.048340
v -198.272446 -58.793327 256.302216
v -198.103897 -58.460190 255.386917
v -197.541718 -58.460190 254.412903
v -196.653702 -58.793327 253.497620
v -196.427734 -58.921158 253.345276
v -195.075439 -59.419418 252.751465
v -193.245331 -60.262947 252.264465
v -171.804276 -63.651024 253.497620
v -171.804276 -63.024933 252.751465
v -171.804276 -62.181404 252.264450
v -171.804276 -61.222179 252.095322
v -171.804276 -60.262955 252.264465
v -171.804276 -59.419426 252.751465
v -171.804276 -58.793335 253.497620
v -171.804276 -58.460197 254.412903
v -171.804276 -58.460197 255.386917
v -171.804276 -58.793335 256.302216
v -171.804276 -59.419426 257.048340
v -171.804276 -60.262955 257.535370
v -171.804276 -61.222179 257.704498
v -171.804276 -62.181404 257.535370
v -171.804276 -63.024933 257.048340
v -171.804276 -63.651024 256.302185
v -171.804276 -63.984161 255.386917
v -171.804276 -63.984161 254.412903
v -196.427734 -61.522911 279.737518
v -196.798950 -61.222172 279.684509
v -195.179779 -62.181396 279.853638
v -193.396530 -63.024925 280.340637
v -191.863022 -63.651016 281.086792
v -191.183212 -63.857124 281.653076
v -190.663330 -63.984154 282.002075
v -190.221146 -63.984154 282.501038
v -189.479340 -63.984154 282.976105
v -189.023346 -63.651016 283.891388
v -189.687286 -63.024925 284.637512
v -190.221146 -62.760620 284.790131
v -190.885101 -62.181396 285.124542
v -192.325562 -61.222176 285.293671
v -194.065796 -60.262947 285.124542
v -195.895889 -59.419418 284.637512
v -196.427734 -59.223465 284.403992
v -197.188065 -58.793327 283.891388
v -198.076080 -58.460190 282.976105
v -198.638260 -58.460190 282.002075
v -198.806808 -58.793327 281.086792
v -198.561401 -59.419418 280.340637
v -198.165558 -59.949623 280.034515
v -197.862747 -60.262947 279.853638
v -171.804276 -63.651024 283.891388
v -171.804276 -63.984161 282.976105
v -171.804276 -63.984161 282.002075
v -171.804276 -63.651024 281.086792
v -171.804276 -63.024933 280.340637
v -171.804276 -62.181404 279.853638
v -171.804276 -61.222179 279.684509
v -171.804276 -60.262955 279.853638
v -171.804276 -59.419426 280.340637
v -171.804276 -58.793335 281.086792
v -171.804276 -58.460197 282.002075
v -171.804276 -58.460197 282.976105
v -171.804276 -58.793335 283.891388
v -171.804276 -59.419426 284.637512
v -171.804276 -60.262955 285.124542
v -171.804276 -61.222179 285.293671
v -171.804276 -62.181404 285.124542
v -171.804276 -63.024933 284.637512
vn 1.0000 -0.0000 -0.0000
vn 0.9796 0.2010 -0.0000
vn 0.9796 0.1971 0.0392
vn 0.9796 0.1857 0.0769
vn 0.9796 0.1671 0.1117
vn 0.9796 0.1421 0.1421
vn 0.9796 0.1116 0.1671
vn 0.9796 0.0769 0.1857
vn 0.9796 0.0392 0.1971
vn 0.9796 -0.0000 0.2010
vn 0.9796 -0.0392 0.1971
vn 0.9796 -0.0769 0.1857
vn 0.9796 -0.1116 0.1671
vn 0.9796 -0.1421 0.1421
vn 0.9796 -0.1671 0.1116
vn 0.9796 -0.1857 0.0769
vn 0.9796 -0.1971 0.0392
vn 0.9796 -0.2010 -0.0000
vn 0.9796 -0.1971 -0.0392
vn 0.9796 -0.1857 -0.0769
vn 0.9796 -0.1671 -0.1116
vn 0.9796 -0.1421 -0.1421
vn 0.9796 -0.1117 -0.1671
vn 0.9796 -0.0769 -0.1857
vn 0.9796 -0.0392 -0.1971
vn 0.9796 -0.0000 -0.2010
vn 0.9796 0.0392 -0.1971
vn 0.9796 0.0769 -0.1857
vn 0.9796 0.1116 -0.1671
vn 0.9796 0.1421 -0.1421
vn 0.9796 0.1671 -0.1117
vn 0.9796 0.1857 -0.0769
vn 0.9796 0.1971 -0.0392
vn -0.0000 0.9808 0.1951
vn -0.1939 0.9810 -0.0000
vn -0.1939 0.9622 0.1914
vn -0.1939 0.9063 0.3754
vn -0.1939 0.8157 0.5450
vn -0.0000 0.9239 0.3827
vn -0.0000 0.7071 0.7071
vn -0.1939 0.6937 0.6937
vn -0.1939 0.5450 0.8157
vn -0.0000 0.3827 0.9239
vn -0.1939 0.3754 0.9063
vn -0.0000 0.1951 0.9808
vn -0.1939 0.1914 0.9622
vn -0.0000 -0.0000 1.0000
vn -0.1939 -0.0000 0.9810
vn -0.0000 -0.1951 0.9808
vn -0.1939 -0.1914 0.9622
vn -0.0000 -0.3827 0.9239
vn -0.1939 -0.3754 0.9063
vn -0.1939 -0.5450 0.8157
vn -0.1939 -0.6937 0.6937
vn -0.0000 -0.5556 0.8315
vn -0.0000 -0.8315 0.5556
vn -0.1939 -0.8157 0.5450
vn -0.0000 -0.9239 0.3827
vn -0.1939 -0.9063 0.3754
vn -0.1939 -0.9622 0.1914
vn -0.1939 -0.9810 -0.0000
vn -0.0000 -0.9808 0.1951
vn -0.0000 -0.9808 -0.1951
vn -0.1939 -0.9622 -0.1914
vn -0.0000 -0.9239 -0.3827
vn -0.1939 -0.9063 -0.3754
vn -0.1939 -0.8157 -0.5450
vn -0.0000 -0.7071 -0.7071
vn -0.1939 -0.6937 -0.6937
vn -0.1939 -0.5450 -0.8157
vn -0.1939 -0.3754 -0.9063
vn -0.0000 -0.5556 -0.8315
vn -0.0000 -0.1951 -0.9808
vn -0.1939 -0.1914 -0.9622
vn -0.0000 -0.0000 -1.0000
vn -0.1939 -0.0000 -0.9810
vn -0.1939 0.1914 -0.9622
vn -0.0000 0.3827 -0.9239
vn -0.1939 0.3754 -0.9063
vn -0.0000 0.5556 -0.8315
vn -0.1939 0.5450 -0.8157
vn -0.1939 0.6937 -0.6937
vn -0.0000 0.8315 -0.5556
vn -0.1939 0.8157 -0.5450
vn -0.0000 0.9239 -0.3827
vn -0.1939 0.9063 -0.3754
vn -0.0000 0.9808 -0.1951
vn -0.1939 0.9622 -0.1914
vn -0.3805 0.9248 -0.0000
vn -0.3805 0.9070 0.1804
vn -0.3805 0.8544 0.3539
vn -0.3805 0.7689 0.5138
vn -0.3805 0.6539 0.6539
vn -0.3805 0.5138 0.7689
vn -0.3805 0.3539 0.8544
vn -0.3805 0.1804 0.9070
vn -0.3805 -0.0000 0.9248
vn -0.3805 -0.1804 0.9070
vn -0.3805 -0.3539 0.8544
vn -0.3805 -0.5138 0.7689
vn -0.3805 -0.6539 0.6539
vn -0.3805 -0.7689 0.5138
vn -0.3805 -0.8544 0.3539
vn -0.3805 -0.9070 0.1804
vn -0.3805 -0.9248 -0.0000
vn -0.3805 -0.9070 -0.1804
vn -0.3805 -0.8544 -0.3539
vn -0.3805 -0.7689 -0.5138
vn -0.3805 -0.6539 -0.6539
vn -0.3805 -0.5138 -0.7689
vn -0.3805 -0.3539 -0.8544
vn -0.3805 -0.1804 -0.9070
vn -0.3805 -0.0000 -0.9248
vn -0.3805 0.1804 -0.9070
vn -0.3805 0.3539 -0.8544
vn -0.3805 0.5138 -0.7689
vn -0.3805 0.6539 -0.6539
vn -0.3805 0.7689 -0.5138
vn -0.3805 0.8544 -0.3539
vn -0.3805 0.9070 -0.1804
vn -0.5528 0.8333 -0.0000
vn -0.5528 0.8173 0.1626
vn -0.5528 0.7699 0.3189
vn -0.5528 0.6929 0.4630
vn -0.5528 0.5893 0.5893
vn -0.5528 0.4630 0.6929
vn -0.5528 0.3189 0.7699
vn -0.5528 0.1626 0.8173
vn -0.5528 -0.0000 0.8333
vn -0.5528 -0.1626 0.8173
vn -0.5528 -0.3189 0.7699
vn -0.5528 -0.4630 0.6929
vn -0.5528 -0.5893 0.5893
vn -0.5528 -0.6929 0.4630
vn -0.5528 -0.8333 -0.0000
vn -0.5528 -0.8173 0.1626
vn -0.5528 -0.8173 -0.1626
vn -0.5528 -0.6929 -0.4630
vn -0.5528 -0.5893 -0.5893
vn -0.5528 -0.4630 -0.6929
vn -0.5528 -0.3189 -0.7699
vn -0.5528 -0.1626 -0.8173
vn -0.5528 -0.0000 -0.8333
vn -0.5528 0.1626 -0.8173
vn -0.5528 0.3189 -0.7699
vn -0.5528 0.4630 -0.6929
vn -0.5528 0.5893 -0.5893
vn -0.4696 0.6824 -0.5601
vn -0.5225 0.6591 -0.5409
vn -0.5528 0.7699 -0.3189
vn -0.5528 0.8173 -0.1626
vn -0.7041 0.7101 -0.0000
vn -0.7041 0.6965 0.1385
vn -0.7041 0.6561 0.2718
vn -0.7041 0.3945 0.5905
vn -0.7041 0.5021 0.5021
vn -0.7041 0.2718 0.6561
vn -0.7041 0.1385 0.6965
vn -0.7041 -0.0000 0.7101
vn -0.7041 -0.1385 0.6965
vn -0.7041 -0.2718 0.6561
vn -0.7041 -0.3945 0.5905
vn -0.7041 -0.5021 0.5021
vn -0.7041 -0.5905 0.3945
vn -0.7041 -0.6965 0.1385
vn -0.7041 -0.7101 -0.0000
vn -0.7041 -0.6965 -0.1385
vn -0.5526 -0.7701 -0.3187
vn -0.7041 -0.6561 -0.2718
vn -0.7041 -0.5021 -0.5021
vn -0.7041 -0.5905 -0.3945
vn -0.7041 -0.3945 -0.5905
vn -0.7041 -0.2718 -0.6561
vn -0.7041 -0.1385 -0.6965
vn -0.7041 -0.0000 -0.7101
vn -0.7041 0.1385 -0.6965
vn -0.7041 0.2718 -0.6561
vn -0.7041 0.3945 -0.5905
vn -0.7041 0.5021 -0.5021
vn -0.7041 0.6561 -0.2718
vn -0.7041 0.6965 -0.1385
vn -0.8286 0.5598 -0.0000
vn -0.8287 0.5490 0.1092
vn -0.8286 0.5171 0.2143
vn -0.8286 0.3958 0.3958
vn -0.7041 0.5905 0.3945
vn -0.8287 0.4654 0.3110
vn -0.8286 0.3110 0.4654
vn -0.8286 0.2142 0.5172
vn -0.8286 0.1092 0.5490
vn -0.8286 -0.0000 0.5598
vn -0.8286 -0.1092 0.5490
vn -0.8286 -0.2142 0.5172
vn -0.8286 -0.3110 0.4654
vn -0.8286 -0.3958 0.3958
vn -0.8286 -0.4654 0.3110
vn -0.7041 -0.6561 0.2718
vn -0.8287 -0.5172 0.2142
vn -0.8286 -0.5490 0.1092
vn -0.8286 -0.5598 -0.0000
vn -0.8287 -0.5490 -0.1092
vn -0.8286 -0.5172 -0.2142
vn -0.8286 -0.4654 -0.3110
vn -0.7712 -0.4036 -0.4922
vn -0.8286 -0.3958 -0.3959
vn -0.7761 -0.4004 -0.4872
vn -0.8285 0.4654 -0.3114
vn -0.7694 0.4775 -0.4242
vn -0.7772 0.4866 -0.3989
vn -0.8287 0.5490 -0.1092
vn -0.8811 0.2231 0.4171
vn -0.8819 0.1792 0.4360
vn -0.8809 -0.3003 0.3658
vn -0.8819 -0.2618 0.3921
vn -0.8919 0.3225 0.3170
vn -0.8819 0.3337 0.3329
vn -0.8813 -0.3659 0.2991
vn -0.8819 -0.3928 0.2606
vn -0.8809 -0.4528 0.1376
vn -0.8810 -0.4709 -0.0464
vn -0.7780 0.6012 -0.1824
vn -0.8819 0.4627 -0.0897
vn -0.8810 -0.4528 -0.1373
vn -0.7774 0.5547 -0.2965
vn -0.8819 0.4362 -0.1789
vn -0.8286 0.5172 -0.2143
vn -0.7725 0.6077 -0.1843
vn -0.8810 -0.4172 -0.2232
vn -0.8819 -0.3928 -0.2607
vn -0.8812 -0.3654 -0.3000
vn -0.7730 0.5595 -0.2990
vn -0.8817 0.3926 -0.2615
vn -0.7742 -0.4893 -0.4015
vn -0.8819 -0.3337 -0.3330
vn -0.7748 -0.2976 -0.5578
vn -0.8286 -0.3109 -0.4655
vn -0.8819 -0.2617 -0.3922
vn -0.7752 -0.4007 -0.4883
vn -0.7706 -0.3000 -0.5623
vn -0.4795 0.7948 0.3721
vn -0.4180 0.7822 0.4619
vn -0.4394 0.8223 0.3616
vn -0.4692 0.8779 -0.0955
vn -0.5165 0.8563 -0.0000
vn -0.4713 0.8819 -0.0028
vn -0.4520 0.8458 -0.2835
vn -0.4795 0.7948 -0.3721
vn -0.5072 0.8409 -0.1891
vn -0.3997 0.7481 -0.5297
vn -0.4340 0.7190 -0.5429
vn -0.4339 0.6527 -0.6211
vn -0.4354 0.5769 -0.6912
vn -0.4142 0.6118 -0.6739
vn -0.4123 0.5048 -0.7584
vn -0.5470 0.4843 -0.6828
vn -0.4386 0.4282 -0.7901
vn -0.4359 0.3857 -0.8132
vn -0.3817 0.3180 -0.8678
vn -0.4745 0.3446 -0.8100
vn -0.3885 0.3117 -0.8671
vn -0.4122 0.2847 -0.8655
vn -0.5083 0.3005 -0.8070
vn -0.4398 0.2480 -0.8632
vn -0.5372 0.2541 -0.8043
vn -0.4822 0.1701 -0.8594
vn -0.5794 0.1555 -0.8000
vn -0.5609 0.2056 -0.8019
vn -0.5795 -0.1555 -0.8000
vn -0.4822 -0.1702 -0.8594
vn -0.5609 -0.2056 -0.8020
vn -0.4633 -0.2092 -0.8611
vn -0.5372 -0.2541 -0.8043
vn -0.4398 -0.2480 -0.8632
vn -0.5083 -0.3005 -0.8070
vn -0.4122 -0.2847 -0.8655
vn -0.4745 -0.3446 -0.8100
vn -0.3818 -0.3179 -0.8679
vn -0.4386 -0.4284 -0.7900
vn -0.4359 -0.3857 -0.8131
vn -0.4940 -0.5329 -0.6871
vn -0.4093 -0.5047 -0.7601
vn -0.4336 -0.5749 -0.6939
vn -0.4138 -0.6092 -0.6765
vn -0.5073 -0.6726 -0.5388
vn -0.4397 -0.6493 -0.6205
vn -0.4779 -0.7059 -0.5228
vn -0.4795 -0.7948 -0.3721
vn -0.4180 -0.7822 -0.4619
vn -0.4394 -0.8223 -0.3616
vn -0.4905 -0.7410 0.4587
vn -0.5074 -0.6726 0.5388
vn -0.5597 -0.7422 0.3687
vn -0.4397 -0.6493 0.6205
vn -0.4780 -0.7058 0.5229
vn -0.5745 -0.6200 0.5344
vn -0.4786 -0.5712 0.6668
vn -0.4940 -0.5329 0.6870
vn -0.4191 -0.5002 0.7578
vn -0.4609 -0.4667 0.7549
vn -0.5470 -0.4843 0.6828
vn -0.5942 -0.4317 0.6787
vn -0.4840 -0.3882 0.7842
vn -0.4745 -0.3446 0.8100
vn -0.4121 -0.2848 0.8655
vn -0.5083 -0.3005 0.8070
vn -0.4398 -0.2480 0.8632
vn -0.5372 -0.2541 0.8043
vn -0.5609 -0.2056 0.8020
vn -0.4634 -0.2091 0.8611
vn -0.4703 -0.1968 0.8603
vn -0.4821 -0.1704 0.8594
vn -0.5794 -0.1555 0.8000
vn -0.5794 0.1555 0.8000
vn -0.4821 0.1703 0.8594
vn -0.5609 0.2056 0.8019
vn -0.4634 0.2092 0.8611
vn -0.5372 0.2541 0.8043
vn -0.4398 0.2480 0.8632
vn -0.5083 0.3005 0.8070
vn -0.4121 0.2848 0.8655
vn -0.4745 0.3446 0.8100
vn -0.3885 0.3117 0.8671
vn -0.4840 0.3882 0.7842
vn -0.5470 0.4843 0.6828
vn -0.4609 0.4666 0.7549
vn -0.4940 0.5329 0.6870
vn -0.7461 -0.0651 -0.6627
vn -0.8609 -0.0000 -0.5087
vn -0.7492 -0.0000 -0.6623
vn -0.6007 -0.0524 -0.7977
vn -0.6034 -0.0000 -0.7974
vn -0.7366 -0.1297 -0.6638
vn -0.8574 -0.0748 -0.5091
vn -0.5927 -0.1043 -0.7986
vn -0.7207 -0.1936 -0.6656
vn -0.8470 -0.1492 -0.5103
vn -0.6986 -0.2562 -0.6681
vn -0.8295 -0.2229 -0.5121
vn -0.6700 -0.3171 -0.6712
vn -0.8049 -0.2953 -0.5147
vn -0.6352 -0.3758 -0.6747
vn -0.7732 -0.3661 -0.5178
vn -0.5942 -0.4317 -0.6787
vn -0.7343 -0.4346 -0.5215
vn -0.5470 -0.4843 -0.6828
vn -0.6881 -0.5002 -0.5256
vn -0.6348 -0.5623 -0.5299
vn -0.5745 -0.6200 -0.5344
vn -0.5914 -0.7844 -0.1871
vn -0.5597 -0.7422 -0.3687
vn -0.5072 -0.8408 -0.1891
vn -0.6020 -0.7985 -0.0000
vn -0.7358 -0.6520 -0.1830
vn -0.8087 -0.5882 -0.0000
vn -0.7954 -0.5784 -0.1810
vn -0.6979 -0.6183 -0.3613
vn -0.7553 -0.5492 -0.3578
vn -0.6327 -0.6830 -0.3650
vn -0.8047 -0.4763 -0.3544
vn -0.8461 -0.4007 -0.3514
vn -0.8605 -0.5095 -0.0000
vn -0.8466 -0.5012 -0.1791
vn -0.7954 -0.5784 0.1810
vn -0.6979 -0.6183 0.3613
vn -0.7553 -0.5492 0.3578
vn -0.6348 -0.5623 0.5299
vn -0.9241 -0.3392 0.1760
vn -0.8461 -0.4007 0.3514
vn -0.8798 -0.3229 0.3489
vn -0.9388 -0.3446 -0.0000
vn -0.8894 -0.4212 0.1774
vn -0.8894 -0.4212 -0.1774
vn -0.9241 -0.3392 -0.1760
vn -0.8798 -0.3229 -0.3489
vn -0.9058 -0.2434 -0.3468
vn -0.9243 -0.1629 -0.3453
vn -0.9657 -0.2596 -0.0000
vn -0.9508 -0.2556 -0.1748
vn -0.8049 -0.2953 0.5147
vn -0.6700 -0.3171 0.6712
vn -0.6986 -0.2562 0.6681
vn -0.9811 -0.0856 0.1735
vn -0.9243 -0.1629 0.3453
vn -0.9353 -0.0816 0.3444
vn -0.9811 -0.0856 -0.1735
vn -1.0000 -0.0000 -0.0000
vn -0.9849 -0.0000 -0.1733
vn -0.9353 -0.0816 -0.3444
vn -0.9390 -0.0000 -0.3440
vn -0.9353 0.0816 -0.3444
vn -0.9811 0.0856 -0.1735
vn -0.9243 0.1629 -0.3453
vn -0.9811 0.0856 0.1735
vn -0.9849 -0.0000 0.1733
vn -0.9353 0.0816 0.3444
vn -0.9390 -0.0000 0.3440
vn -0.8574 -0.0748 0.5091
vn -0.7366 -0.1297 0.6638
vn -0.7461 -0.0651 0.6627
vn -0.7461 0.0651 0.6627
vn -0.8609 -0.0000 0.5087
vn -0.7492 -0.0000 0.6623
vn -0.8470 0.1492 0.5103
vn -0.8574 0.0748 0.5091
vn -0.9508 0.2556 0.1748
vn -0.9848 0.1736 -0.0000
vn -0.9698 0.1709 0.1740
vn -0.9508 0.2556 -0.1748
vn -0.8798 0.3229 -0.3489
vn -0.9058 0.2434 -0.3468
vn -0.9241 0.3392 -0.1760
vn -0.8461 0.4007 -0.3514
vn -0.9241 0.3392 0.1760
vn -0.9657 0.2596 -0.0000
vn -0.8798 0.3229 0.3489
vn -0.9058 0.2434 0.3468
vn -0.8295 0.2229 0.5121
vn -0.9243 0.1629 0.3453
vn -0.7207 0.1936 0.6656
vn -0.7366 0.1297 0.6638
vn -0.5927 0.1043 0.7986
vn -0.6007 0.0524 0.7977
vn -0.6986 0.2562 0.6681
vn -0.7732 0.3661 0.5178
vn -0.8049 0.2953 0.5147
vn -0.8466 0.5012 0.1791
vn -0.9038 0.4281 -0.0000
vn -0.8894 0.4213 0.1774
vn -0.8466 0.5012 -0.1791
vn -0.7553 0.5492 -0.3578
vn -0.8047 0.4764 -0.3544
vn -0.8605 0.5095 -0.0000
vn -0.7954 0.5784 -0.1810
vn -0.7954 0.5784 0.1810
vn -0.7553 0.5492 0.3578
vn -0.8047 0.4763 0.3544
vn -0.7343 0.4346 0.5215
vn -0.8461 0.4007 0.3514
vn -0.6352 0.3758 0.6747
vn -0.6700 0.3171 0.6712
vn -0.5942 0.4317 0.6787
vn -0.6348 0.5623 0.5299
vn -0.6881 0.5002 0.5256
vn -0.6979 0.6183 0.3613
vn -0.7358 0.6520 0.1830
vn -0.8087 0.5882 -0.0000
vn -0.9388 0.3446 -0.0000
vn -0.8894 0.4213 -0.1774
vn -0.6034 -0.0000 0.7974
vn -0.9962 0.0869 -0.0000
vn -0.9698 0.1709 -0.1740
vn -0.9698 -0.1709 -0.1740
vn -0.9962 -0.0869 -0.0000
vn -0.8295 -0.2229 0.5121
vn -0.8470 -0.1492 0.5103
vn -0.9698 -0.1709 0.1740
vn -0.9508 -0.2556 0.1748
vn -0.9058 -0.2434 0.3468
vn -0.7343 -0.4346 0.5215
vn -0.7732 -0.3661 0.5178
vn -0.9038 -0.4281 -0.0000
vn -0.8466 -0.5012 0.1791
vn -0.6677 -0.7210 -0.1851
vn -0.7484 -0.6632 -0.0000
vn -0.6677 -0.7210 0.1851
vn -0.7358 -0.6520 0.1830
vn -0.6881 0.5002 -0.5256
vn -0.7343 0.4346 -0.5215
vn -0.6327 0.6830 -0.3650
vn -0.5074 0.6726 -0.5388
vn -0.5745 0.6200 -0.5344
vn -0.6979 0.6183 -0.3613
vn -0.6677 0.7210 -0.1851
vn -0.5597 0.7422 -0.3687
vn -0.7358 0.6520 -0.1830
vn -0.6795 0.7337 -0.0000
vn -0.5914 0.7844 -0.1871
vn -0.5914 0.7844 0.1871
vn -0.6677 0.7210 0.1851
vn -0.5072 0.8408 0.1891
vn -0.6020 0.7985 -0.0000
vn -0.5597 0.7422 0.3687
vn -0.6326 0.6830 0.3650
vn -0.5073 0.6725 0.5388
vn -0.5745 0.6200 0.5344
vn -0.6352 -0.3758 0.6747
vn -0.6327 -0.6830 0.3650
vn -0.5914 -0.7844 0.1871
vn -0.4795 -0.7948 0.3721
vn -0.5072 -0.8408 0.1891
vn -0.4612 -0.4664 -0.7548
vn -0.5942 0.4317 -0.6787
vn -0.4940 0.5329 -0.6870
vn 0.9217 0.3804 0.0757
vn 0.9217 0.3879 -0.0000
vn 0.9217 0.3584 0.1484
vn 0.9217 0.3225 0.2155
vn 0.9217 0.2743 0.2743
vn 0.9217 0.2155 0.3225
vn 0.9217 0.1484 0.3584
vn 0.9217 0.0757 0.3804
vn 0.9217 -0.0000 0.3879
vn 0.9217 -0.0757 0.3804
vn 0.9217 -0.1484 0.3584
vn 0.9217 -0.2155 0.3225
vn 0.9217 -0.2743 0.2743
vn 0.9217 -0.3225 0.2155
vn 0.9217 -0.3584 0.1484
vn 0.9217 -0.3804 0.0757
vn 0.9217 -0.3879 -0.0000
vn 0.9217 -0.3804 -0.0757
vn 0.9217 -0.3584 -0.1484
vn 0.9217 -0.3225 -0.2155
vn 0.9217 -0.2743 -0.2743
vn 0.9217 -0.2155 -0.3225
vn 0.9217 -0.1484 -0.3584
vn 0.9217 -0.0757 -0.3804
vn 0.9217 -0.0000 -0.3879
vn 0.9217 0.0757 -0.3804
vn 0.9217 0.1484 -0.3584
vn 0.9217 0.2155 -0.3225
vn 0.9217 0.2743 -0.2743
vn 0.9217 0.3225 -0.2155
vn 0.9217 0.3584 -0.1484
vn 0.9217 0.3804 -0.0757
vn 0.8286 0.5598 -0.0000
vn 0.8286 0.5490 0.1092
vn 0.8286 0.5172 0.2142
vn 0.8286 0.4654 0.3110
vn 0.8286 0.3958 0.3958
vn 0.8286 0.3110 0.4654
vn 0.8286 0.2142 0.5172
vn 0.8286 0.1092 0.5490
vn 0.8286 -0.0000 0.5598
vn 0.8286 -0.1092 0.5490
vn 0.8286 -0.2142 0.5172
vn 0.8286 -0.3110 0.4654
vn 0.8286 -0.3958 0.3958
vn 0.8286 -0.4654 0.3110
vn 0.8286 -0.5172 0.2142
vn 0.8286 -0.5490 0.1092
vn 0.8286 -0.5598 -0.0000
vn 0.8286 -0.5490 -0.1092
vn 0.8286 -0.5172 -0.2142
vn 0.8286 -0.4654 -0.3110
vn 0.8286 -0.3958 -0.3958
vn 0.8286 -0.3110 -0.4654
vn 0.8286 -0.2142 -0.5172
vn 0.8286 -0.1092 -0.5490
vn 0.8286 -0.0000 -0.5598
vn 0.8286 0.1092 -0.5490
vn 0.8286 0.2142 -0.5172
vn 0.8286 0.3110 -0.4654
vn 0.8286 0.3958 -0.3958
vn 0.8286 0.4654 -0.3110
vn 0.8286 0.5172 -0.2142
vn 0.8286 0.5490 -0.1092
vn 0.7041 0.6965 0.1385
vn 0.7041 0.7101 -0.0000
vn 0.7041 0.6561 0.2718
vn 0.7041 0.5905 0.3945
vn 0.7041 0.5021 0.5021
vn 0.7041 0.3945 0.5905
vn 0.7041 0.2718 0.6561
vn 0.7041 0.1385 0.6965
vn 0.7041 -0.0000 0.7101
vn 0.7041 -0.1385 0.6965
vn 0.7041 -0.2718 0.6561
vn 0.7041 -0.3945 0.5905
vn 0.7041 -0.5021 0.5021
vn 0.7041 -0.5905 0.3945
vn 0.7041 -0.6561 0.2718
vn 0.7041 -0.6965 0.1385
vn 0.7041 -0.7101 -0.0000
vn 0.7041 -0.6965 -0.1385
vn 0.7041 -0.6561 -0.2718
vn 0.7041 -0.5905 -0.3945
vn 0.7041 -0.5021 -0.5021
vn 0.7041 -0.3945 -0.5905
vn 0.7041 -0.2718 -0.6561
vn 0.7041 -0.1385 -0.6965
vn 0.7041 -0.0000 -0.7101
vn 0.7041 0.1385 -0.6965
vn 0.7041 0.2718 -0.6561
vn 0.7041 0.3945 -0.5905
vn 0.7041 0.5021 -0.5021
vn 0.7041 0.5905 -0.3945
vn 0.7041 0.6561 -0.2718
vn 0.7041 0.6965 -0.1385
vn 0.5528 0.8173 0.1626
vn 0.5528 0.8333 -0.0000
vn 0.5528 0.7699 0.3189
vn 0.5528 0.6929 0.4630
vn 0.5528 0.5893 0.5893
vn 0.5528 0.4630 0.6929
vn 0.5528 0.3189 0.7699
vn 0.5528 0.1626 0.8173
vn 0.5528 -0.0000 0.8333
vn 0.5528 -0.1626 0.8173
vn 0.5528 -0.3189 0.7699
vn 0.5528 -0.4630 0.6929
vn 0.5528 -0.5893 0.5893
vn 0.5528 -0.6929 0.4630
vn 0.5528 -0.7699 0.3189
vn 0.5528 -0.8173 0.1626
vn 0.5528 -0.8333 -0.0000
vn 0.5528 -0.8173 -0.1626
vn 0.5528 -0.7699 -0.3189
vn 0.5528 -0.6929 -0.4630
vn 0.5528 -0.5893 -0.5893
vn 0.5528 -0.4630 -0.6929
vn 0.5528 -0.3189 -0.7699
vn 0.5528 -0.1626 -0.8173
vn 0.5528 -0.0000 -0.8333
vn 0.5528 0.1626 -0.8173
vn 0.5528 0.3189 -0.7699
vn 0.5528 0.4630 -0.6929
vn 0.5528 0.5893 -0.5893
vn 0.5528 0.6929 -0.4630
vn 0.5528 0.7699 -0.3189
vn 0.5528 0.8173 -0.1626
vn 0.3805 0.9070 0.1804
vn 0.3805 0.9248 -0.0000
vn 0.3805 0.8544 0.3539
vn 0.3805 0.7689 0.5138
vn 0.3805 0.6539 0.6539
vn 0.3805 0.5138 0.7689
vn 0.3805 0.3539 0.8544
vn 0.3805 0.1804 0.9070
vn 0.3805 -0.0000 0.9248
vn 0.3805 -0.1804 0.9070
vn 0.3805 -0.3539 0.8544
vn 0.3805 -0.5138 0.7689
vn 0.3805 -0.6539 0.6539
vn 0.3805 -0.7689 0.5138
vn 0.3805 -0.8544 0.3539
vn 0.3805 -0.9070 0.1804
vn 0.3805 -0.9248 -0.0000
vn 0.3805 -0.9070 -0.1804
vn 0.3805 -0.8544 -0.3539
vn 0.3805 -0.7689 -0.5138
vn 0.3805 -0.6539 -0.6539
vn 0.3805 -0.5138 -0.7689
vn 0.3805 -0.3539 -0.8544
vn 0.3805 -0.1804 -0.9070
vn 0.3805 -0.0000 -0.9248
vn 0.3805 0.1804 -0.9070
vn 0.3805 0.3539 -0.8544
vn 0.3805 0.5138 -0.7689
vn 0.3805 0.6539 -0.6539
vn 0.3805 0.7689 -0.5138
vn 0.3805 0.8544 -0.3539
vn 0.3805 0.9070 -0.1804
vn 0.1939 0.9622 0.1914
vn 0.1939 0.9810 -0.0000
vn 0.1939 0.9063 0.3754
vn 0.1939 0.8157 0.5450
vn 0.1939 0.6937 0.6937
vn 0.1939 0.5450 0.8157
vn 0.1939 0.3754 0.9063
vn 0.1939 0.1914 0.9622
vn 0.1939 -0.0000 0.9810
vn 0.1939 -0.1914 0.9622
vn 0.1939 -0.3754 0.9063
vn 0.1939 -0.5450 0.8157
vn 0.1939 -0.6937 0.6937
vn 0.1939 -0.8157 0.5450
vn 0.1939 -0.9063 0.3754
vn 0.1939 -0.9622 0.1914
vn 0.1939 -0.9810 -0.0000
vn 0.1939 -0.9622 -0.1914
vn 0.1939 -0.9063 -0.3754
vn 0.1939 -0.8157 -0.5450
vn 0.1939 -0.6937 -0.6937
vn 0.1939 -0.5450 -0.8157
vn 0.1939 -0.3754 -0.9063
vn 0.1939 -0.1914 -0.9622
vn 0.1939 -0.0000 -0.9810
vn 0.1939 0.1914 -0.9622
vn 0.1939 0.3754 -0.9063
vn 0.1939 0.5450 -0.8157
vn 0.1939 0.6937 -0.6937
vn 0.1939 0.8157 -0.5450
vn 0.1939 0.9063 -0.3754
vn 0.1939 0.9622 -0.1914
vn -0.0000 1.0000 -0.0000
vn -0.0000 0.8315 0.5556
vn -0.0000 0.5556 0.8315
vn -0.0000 -0.7071 0.7071
vn -0.0000 -1.0000 -0.0000
vn -0.0000 -0.8315 -0.5556
vn -0.0000 -0.3827 -0.9239
vn -0.0000 0.1951 -0.9808
vn -0.0000 0.7071 -0.7071
vn -0.7715 -0.4036 -0.4918
vn -0.7041 0.5905 -0.3945
vn -0.7715 0.4918 -0.4036
vn -0.8810 -0.1373 0.4528
vn -0.8819 -0.0927 0.4622
vn -0.8819 -0.0007 0.4715
vn -0.8810 -0.0464 0.4708
vn -0.8810 -0.0464 0.4709
vn -0.8531 0.0458 0.5198
vn -0.8810 0.0464 0.4709
vn -0.8819 0.0927 0.4622
vn -0.8810 0.1373 0.4528
vn -0.8808 -0.2230 0.4177
vn -0.8808 -0.2231 0.4176
vn -0.8819 -0.1792 0.4360
vn -0.8810 0.2230 0.4173
vn -0.8819 0.2618 0.3920
vn -0.8819 -0.3338 0.3329
vn -0.8811 -0.3002 0.3655
vn -0.8813 0.3007 0.3646
vn -0.8810 -0.3658 0.3001
vn -0.8809 0.3656 0.3007
vn -0.8819 0.3928 0.2606
vn -0.8810 -0.4173 0.2231
vn -0.8819 -0.4362 0.1787
vn -0.8810 0.4173 0.2230
vn -0.8819 0.4362 0.1788
vn -0.8809 0.4527 0.1379
vn -0.8819 0.4627 0.0904
vn -0.8819 -0.4714 0.0028
vn -0.8819 -0.4629 0.0900
vn -0.8819 0.4714 0.0028
vn -0.8810 0.4708 -0.0464
vn -0.8819 -0.4362 -0.1787
vn -0.7760 -0.4876 -0.4002
vn -0.7715 0.4036 -0.4918
vn -0.7730 0.4492 -0.4480
vn -0.7715 0.2999 -0.5611
vn -0.7730 0.3523 -0.5276
vn -0.7715 -0.2999 -0.5611
vn -0.7715 -0.1847 -0.6088
vn -0.7730 -0.1248 -0.6220
vn -0.7715 -0.0623 -0.6332
vn -0.7730 -0.0010 -0.6344
vn -0.7715 0.0622 -0.6332
vn -0.7715 0.0624 -0.6332
vn -0.7730 0.1248 -0.6220
vn -0.7715 0.1847 -0.6088
vn -0.4397 0.6493 0.6205
vn -0.4780 0.7058 0.5229
vn -0.4520 0.8458 0.2835
vn -0.4692 0.8779 0.0955
vn -0.4634 0.8672 0.1821
vn -0.4634 0.8672 -0.1821
vn -0.4689 0.8781 -0.0955
vn -0.4180 0.7822 -0.4620
vn -0.4191 0.5001 -0.7578
vn -0.4633 0.2092 -0.8611
vn -0.4702 0.1969 -0.8603
vn -0.4974 0.1285 -0.8579
vn -0.5927 0.1043 -0.7986
vn -0.5083 0.0860 -0.8569
vn -0.6007 0.0523 -0.7977
vn -0.5168 0.0224 -0.8558
vn -0.5170 0.0006 -0.8560
vn -0.5148 -0.0428 -0.8562
vn -0.5083 -0.0860 -0.8569
vn -0.4974 -0.1285 -0.8579
vn -0.4191 -0.5001 -0.7578
vn -0.4520 -0.8458 -0.2835
vn -0.4633 -0.8673 -0.1821
vn -0.5165 -0.8563 -0.0000
vn -0.4686 -0.8783 -0.0954
vn -0.4692 -0.8779 -0.0955
vn -0.4692 -0.8779 0.0955
vn -0.4635 -0.8673 0.1814
vn -0.4520 -0.8458 0.2834
vn -0.4395 -0.8224 0.3611
vn -0.4180 -0.7822 0.4620
vn -0.4180 -0.7821 0.4621
vn -0.3885 -0.3117 0.8671
vn -0.4974 -0.1287 0.8579
vn -0.5927 -0.1043 0.7986
vn -0.5083 -0.0860 0.8569
vn -0.6007 -0.0523 0.7977
vn -0.5148 -0.0427 0.8562
vn -0.5168 0.0225 0.8558
vn -0.5149 0.0427 0.8562
vn -0.5083 0.0860 0.8569
vn -0.4974 0.1287 0.8579
vn -0.4191 0.5001 0.7578
vn -0.4786 0.5712 0.6668
vn -0.7484 0.6632 -0.0000
vn -0.6348 0.5623 -0.5299
vn -0.6352 0.3758 -0.6747
vn -0.7732 0.3661 -0.5178
vn -0.6700 0.3171 -0.6712
vn -0.8049 0.2953 -0.5147
vn -0.6986 0.2562 -0.6681
vn -0.8295 0.2229 -0.5121
vn -0.7207 0.1936 -0.6656
vn -0.8470 0.1492 -0.5103
vn -0.7366 0.1297 -0.6638
vn -0.8574 0.0748 -0.5091
vn -0.7461 0.0651 -0.6627
vn -0.6795 -0.7337 -0.0000
vn -0.6881 -0.5002 0.5256
vn -0.8047 -0.4763 0.3544
vn -0.9848 -0.1736 -0.0000
vn -0.7207 -0.1936 0.6656
vn -0.4969 0.6103 0.6170
vn -0.5068 0.4231 0.7511
vn -0.4911 -0.7406 -0.4586
vn -0.4985 0.7359 0.4582
vn -0.4911 0.7405 0.4587
vn -0.4696 0.7786 -0.4162
vn -0.5288 0.7485 -0.4001
vn -0.6339 0.6211 -0.4608
vn -0.6326 0.5987 -0.4913
vn -0.6327 0.6825 -0.3659
vn -0.7589 0.5743 -0.3070
vn -0.7715 0.5611 -0.2999
vn -0.6326 0.6831 -0.3651
vn -0.0000 0.8660 0.5000
vn -0.0000 0.7149 0.6992
vn -0.0000 0.9102 0.4142
vn -0.0000 -0.2480 -0.9688
vn -0.0000 -0.3420 -0.9397
vn -0.0000 -0.6428 0.7660
vn -0.0000 -0.8635 0.5044
vn -0.0000 -0.5981 0.8014
vn -0.0000 0.9848 0.1737
vn -0.0000 0.9961 0.0879
vn -0.0000 0.9848 -0.1737
vn -0.0000 0.8660 -0.5000
vn -0.0000 0.9763 -0.2166
vn -0.0000 0.9397 -0.3420
vn -0.0000 0.6813 -0.7320
vn -0.0000 0.6428 -0.7660
vn -0.0000 0.4160 -0.9093
vn -0.0000 0.3420 -0.9397
vn -0.0000 0.0937 -0.9956
vn -0.0000 -0.9848 0.1737
vn -0.0000 -0.8660 0.5000
vn -0.0000 -0.9848 -0.1736
vn -0.0000 -0.9920 0.1261
vn -0.0000 -0.8660 -0.5000
vn -0.0000 -0.9659 -0.2591
vn -0.0000 -0.6428 -0.7660
vn -0.0000 -0.8199 -0.5725
vn -0.0000 -0.5664 -0.8241
vn -0.0000 0.6428 0.7660
vn -0.0000 0.4279 0.9038
vn -0.0000 0.3420 0.9397
vn -0.0000 0.0797 0.9968
vn -0.0000 -0.2705 0.9627
vn -0.0000 -0.1737 0.9848
vn -0.0000 -0.3420 0.9397
vn -0.0000 -0.4999 0.8661
vn -0.6326 0.6831 0.3651
vn -0.5138 0.7566 0.4044
vn -0.4696 0.7786 0.4162
vn -0.7714 0.5605 0.3014
vn -0.7408 0.5924 0.3166
vn -0.6325 0.6830 0.3653
vn -0.7438 0.5894 0.3151
vn -0.6335 0.6116 0.4740
vn -0.6320 0.6838 0.3646
vn -0.6326 0.6830 0.3651
vn -0.0000 -0.2479 0.9688
vn -0.0000 0.0938 0.9956
vn -0.0000 0.7149 -0.6992
vn -0.0000 0.6428 -0.7661
vn -0.0000 -0.8635 -0.5044
vn -0.0000 -0.9920 -0.1261
vn -0.0000 -0.9848 0.1736
vn -0.0000 -0.9665 0.2566
vn -0.0000 0.4160 0.9094
vn -0.0000 0.6428 0.7661
vn -0.0000 0.5000 0.8660
vn -0.0000 0.6694 0.7429
vn -0.0000 0.8676 0.4972
vn -0.0000 0.9792 0.2028
vn -0.0000 0.9848 0.1736
vn -0.0000 0.9951 -0.0984
vn -0.0000 0.9102 -0.4142
vn -0.0000 -0.5980 -0.8015
vn -0.0000 -0.2747 -0.9615
vn -0.0000 0.0795 -0.9968
vn -0.0000 0.4280 -0.9038
vn -0.0000 -0.5664 0.8241
vn -0.0000 -0.8199 0.5725
vn -0.0000 -0.9399 0.3413
vn -0.2890 -0.8443 -0.4513
vn -0.4696 -0.7786 -0.4162
vn -0.3613 -0.8223 -0.4396
vn -0.5625 -0.7294 -0.3893
vn -0.4698 -0.8430 -0.2618
vn -0.4696 -0.8448 -0.2563
vn -0.6326 -0.6830 -0.3651
vn -0.6326 -0.6831 -0.3651
vn -0.0000 0.8626 0.5059
vn -0.0000 0.9944 0.1060
vn -0.0000 0.9583 -0.2859
vn -0.0000 0.5789 0.8154
vn -0.0000 0.2269 0.9739
vn -0.0000 -0.1107 0.9939
vn -0.0000 -0.4510 0.8925
vn -0.0000 -0.7301 0.6834
vn -0.0000 -0.9083 0.4182
vn -0.0000 -0.9951 0.0984
vn -0.0000 -0.9762 -0.2167
vn -0.0000 -0.6813 -0.7320
vn -0.0000 -0.8685 -0.4958
vn -0.0000 -0.6428 -0.7661
vn -0.0000 -0.4160 -0.9093
vn -0.0000 -0.0936 -0.9956
vn -0.0000 0.2273 -0.9738
vn -0.0000 0.1736 -0.9848
vn -0.0000 0.5518 -0.8340
vn -0.0000 0.8068 -0.5908
vn -0.0000 0.7661 -0.6427
vn -0.4700 -0.8445 0.2566
vn -0.4705 -0.8368 0.2799
vn -0.4696 -0.7786 0.4162
vn -0.3430 -0.8284 0.4428
vn -0.2890 -0.8443 0.4513
vn -0.6326 -0.6831 0.3651
vn -0.6339 -0.7294 0.2573
vn -0.0000 0.8626 -0.5059
vn -0.0000 0.5789 -0.8154
vn -0.0000 0.9944 -0.1059
vn -0.0000 0.9658 0.2591
vn -0.0000 0.8127 0.5827
vn -0.0000 0.5518 0.8340
vn -0.0000 0.2274 0.9738
vn -0.0000 -0.0973 0.9953
vn -0.0000 -0.4243 0.9055
vn -0.0000 -0.6813 0.7320
vn -0.0000 -0.9762 0.2167
vn -0.0000 -0.8685 0.4958
vn -0.0000 -0.9951 -0.0984
vn -0.0000 -0.9848 -0.1737
vn -0.0000 -0.9083 -0.4182
vn -0.0000 -0.7301 -0.6834
vn -0.0000 -0.7660 -0.6428
vn -0.0000 -0.4511 -0.8925
vn -0.0000 -0.1106 -0.9939
vn -0.0000 0.2536 -0.9673
vn -0.0000 0.5000 -0.8660
vn -0.4709 0.7067 -0.5281
vn -0.8819 -0.4628 -0.0897
vn -0.4394 0.8223 -0.3616
vn -0.4612 0.4664 -0.7548
vn -0.4702 -0.1970 -0.8603
vn -0.4969 -0.6103 0.6170
vn -0.5068 -0.4232 0.7511
vn -0.4703 0.1967 0.8603
vn -0.7715 -0.4918 -0.4036
vn -0.7716 0.6088 -0.1847
vn -0.8809 -0.1374 0.4529
vn -0.8810 -0.1374 0.4527
vn -0.8809 -0.0464 0.4709
vn -0.8813 0.0464 0.4704
vn -0.8809 0.0464 0.4710
vn -0.8807 0.1375 0.4533
vn -0.8810 0.1374 0.4528
vn -0.8810 -0.2230 0.4172
vn -0.8809 0.3657 0.3003
vn -0.7730 0.2411 -0.5868
vn -0.7730 -0.2411 -0.5868
vn -0.7715 -0.0624 -0.6332
vn -0.7715 0.0623 -0.6332
vn -0.7715 0.1846 -0.6088
vn -0.4397 0.6494 0.6205
vn -0.4397 0.6493 0.6206
vn -0.4397 0.6493 -0.6205
vn -0.5148 0.0428 -0.8562
vn -0.3885 -0.3116 -0.8671
vn -0.4713 -0.8820 -0.0028
vn -0.4520 -0.8458 0.2835
vn -0.4180 -0.7822 0.4619
vn -0.5170 0.0009 0.8560
vn -0.4190 0.5001 0.7578
vn -0.7628 0.5703 -0.3049
vn -0.6325 0.6831 -0.3651
vn -0.0000 0.8676 -0.4972
vn -0.0000 0.7660 -0.6428
vn -0.0000 -0.9397 -0.3420
vn -0.6336 0.6140 0.4708
vn -0.5292 0.7479 0.4007
vn -0.4711 0.7767 0.4180
vn -0.7715 0.5611 0.2999
vn -0.6325 0.5987 0.4914
vn -0.6326 0.5987 0.4913
vn -1.0000 -0.0000 0.0001
vn -0.0000 -0.5001 -0.8660
vn -0.0000 -0.1741 -0.9847
vn -0.3637 -0.8215 -0.4391
vn -0.4701 -0.8408 -0.2685
vn -0.4696 -0.8449 -0.2562
vn -0.6309 -0.6849 -0.3645
vn -0.5648 -0.7278 -0.3890
vn -0.6326 -0.6831 -0.3650
vn -0.0000 0.1736 0.9848
vn -0.0000 -0.7660 0.6428
vn -0.0000 0.1742 -0.9847
vn -0.4696 -0.8448 0.2563
vn -0.5572 -0.7946 0.2411
vn -0.4696 -0.8449 0.2563
vn -0.3474 -0.8270 0.4420
vn -0.5648 -0.7278 0.3890
vn -0.6326 -0.7411 0.2248
vn -0.6326 -0.7412 0.2248
vn -0.0000 0.9397 0.3420
vn -0.0000 0.1734 0.9848
vn -0.0000 -0.5000 0.8660
vt 0.045369 0.913586
vt 0.045369 0.923315
vt 0.043676 0.923128
vt 0.042048 0.922574
vt 0.040547 0.921675
vt 0.039232 0.920465
vt 0.038153 0.918991
vt 0.037351 0.917309
vt 0.036857 0.915484
vt 0.036690 0.913586
vt 0.036857 0.911688
vt 0.037351 0.909863
vt 0.038153 0.908181
vt 0.039232 0.906707
vt 0.040547 0.905497
vt 0.042048 0.904598
vt 0.043676 0.904045
vt 0.045369 0.903858
vt 0.047063 0.904045
vt 0.048691 0.904598
vt 0.050191 0.905497
vt 0.051506 0.906707
vt 0.052586 0.908181
vt 0.053388 0.909863
vt 0.053882 0.911688
vt 0.054049 0.913586
vt 0.053882 0.915484
vt 0.053388 0.917309
vt 0.052586 0.918991
vt 0.051506 0.920465
vt 0.050191 0.921675
vt 0.048691 0.922574
vt 0.047062 0.923128
vt 0.036690 0.962494
vt 0.045369 0.962494
vt 0.036857 0.961555
vt 0.028671 0.958772
vt 0.021128 0.954252
vt 0.028344 0.959657
vt 0.013911 0.948847
vt 0.014516 0.948170
vt 0.009089 0.940758
vt 0.004267 0.932669
vt 0.005057 0.932302
vt 0.001735 0.923315
vt 0.002574 0.923128
vt 0.000881 0.913586
vt 0.001735 0.913586
vt 0.001735 0.903858
vt 0.002574 0.904045
vt 0.004267 0.894503
vt 0.005057 0.894870
vt 0.009089 0.886414
vt 0.014516 0.879003
vt 0.008378 0.885882
vt 0.020653 0.872123
vt 0.021128 0.872920
vt 0.028344 0.867515
vt 0.028671 0.868401
vt 0.036857 0.865617
vt 0.045369 0.864678
vt 0.036690 0.864678
vt 0.054049 0.864678
vt 0.053882 0.865617
vt 0.062394 0.867515
vt 0.062067 0.868401
vt 0.069611 0.872920
vt 0.076827 0.878325
vt 0.076223 0.879003
vt 0.081649 0.886414
vt 0.085682 0.894870
vt 0.082360 0.885882
vt 0.089003 0.903858
vt 0.088165 0.904045
vt 0.089858 0.913586
vt 0.089003 0.913586
vt 0.088165 0.923128
vt 0.086471 0.932669
vt 0.085682 0.932303
vt 0.082360 0.941291
vt 0.081649 0.940758
vt 0.076223 0.948170
vt 0.070086 0.955049
vt 0.069611 0.954252
vt 0.062394 0.959657
vt 0.062067 0.958772
vt 0.054048 0.962494
vt 0.053882 0.961555
vt 0.045369 0.959657
vt 0.037351 0.958772
vt 0.029640 0.956150
vt 0.022534 0.951892
vt 0.016306 0.946163
vt 0.011194 0.939182
vt 0.007396 0.931217
vt 0.005057 0.922574
vt 0.004267 0.913586
vt 0.005057 0.904598
vt 0.007396 0.895956
vt 0.011194 0.887990
vt 0.016306 0.881009
vt 0.022534 0.875280
vt 0.029640 0.871022
vt 0.037351 0.868401
vt 0.045369 0.867515
vt 0.053388 0.868401
vt 0.061098 0.871022
vt 0.068204 0.875280
vt 0.074433 0.881009
vt 0.079544 0.887991
vt 0.083343 0.895956
vt 0.085682 0.904598
vt 0.086471 0.913586
vt 0.085682 0.922574
vt 0.083343 0.931217
vt 0.079544 0.939182
vt 0.074433 0.946163
vt 0.068204 0.951892
vt 0.061098 0.956150
vt 0.053388 0.958772
vt 0.045369 0.955049
vt 0.038153 0.954252
vt 0.031213 0.951892
vt 0.024818 0.948061
vt 0.019213 0.942905
vt 0.014612 0.936621
vt 0.011194 0.929453
vt 0.009089 0.921675
vt 0.008378 0.913586
vt 0.009089 0.905497
vt 0.011194 0.897719
vt 0.014612 0.890551
vt 0.019213 0.884268
vt 0.024818 0.879111
vt 0.045369 0.872123
vt 0.038153 0.872920
vt 0.052586 0.872920
vt 0.065920 0.879111
vt 0.071526 0.884268
vt 0.076126 0.890551
vt 0.079544 0.897719
vt 0.081649 0.905497
vt 0.082360 0.913586
vt 0.081649 0.921675
vt 0.079544 0.929453
vt 0.076126 0.936621
vt 0.071526 0.942905
vt 0.066304 0.948336
vt 0.066419 0.947602
vt 0.059525 0.951892
vt 0.052586 0.954252
vt 0.045369 0.948847
vt 0.039232 0.948170
vt 0.033331 0.946163
vt 0.019213 0.933176
vt 0.023125 0.938519
vt 0.016306 0.927080
vt 0.014515 0.920465
vt 0.013911 0.913586
vt 0.014515 0.906707
vt 0.016306 0.900092
vt 0.019213 0.893996
vt 0.023125 0.888653
vt 0.027892 0.884268
vt 0.039232 0.879003
vt 0.045369 0.878325
vt 0.051506 0.879003
vt 0.059525 0.875280
vt 0.057408 0.881009
vt 0.067614 0.888653
vt 0.062846 0.884268
vt 0.071526 0.893996
vt 0.074433 0.900092
vt 0.076223 0.906707
vt 0.076827 0.913586
vt 0.076223 0.920465
vt 0.074433 0.927080
vt 0.071526 0.933176
vt 0.067613 0.938519
vt 0.057408 0.946163
vt 0.051506 0.948170
vt 0.045369 0.941290
vt 0.040547 0.940758
vt 0.035911 0.939182
vt 0.027892 0.933176
vt 0.027892 0.942905
vt 0.031637 0.936621
vt 0.024818 0.928978
vt 0.022534 0.924188
vt 0.021128 0.918991
vt 0.020653 0.913586
vt 0.021128 0.908181
vt 0.022534 0.902984
vt 0.024818 0.898194
vt 0.027892 0.893996
vt 0.031637 0.890551
vt 0.033331 0.881009
vt 0.035911 0.887990
vt 0.040547 0.886414
vt 0.045369 0.885882
vt 0.050191 0.886414
vt 0.054828 0.887991
vt 0.059101 0.890551
vt 0.064197 0.895715
vt 0.062846 0.893996
vt 0.063619 0.895052
vt 0.059101 0.936621
vt 0.059694 0.936168
vt 0.059218 0.936514
vt 0.050191 0.940758
vt 0.023496 0.925418
vt 0.022994 0.923975
vt 0.026754 0.896199
vt 0.025302 0.898557
vt 0.026859 0.931322
vt 0.028199 0.932832
vt 0.030911 0.891707
vt 0.031906 0.891002
vt 0.040550 0.886773
vt 0.045766 0.886166
vt 0.050798 0.940552
vt 0.050173 0.940657
vt 0.050983 0.886831
vt 0.055261 0.938922
vt 0.054803 0.939115
vt 0.054828 0.939182
vt 0.052113 0.940105
vt 0.055999 0.888743
vt 0.059012 0.890699
vt 0.059973 0.891380
vt 0.058622 0.936908
vt 0.059091 0.936604
vt 0.061341 0.892611
vt 0.062764 0.894089
vt 0.066242 0.898869
vt 0.065920 0.898194
vt 0.065878 0.898226
vt 0.065535 0.897668
vt 0.066384 0.899124
vt 0.055999 0.889280
vt 0.045369 0.886194
vt 0.045766 0.887268
vt 0.036070 0.888421
vt 0.035534 0.889280
vt 0.040550 0.887776
vt 0.030911 0.891723
vt 0.030828 0.891790
vt 0.026859 0.896079
vt 0.026859 0.896036
vt 0.026859 0.898715
vt 0.023534 0.901834
vt 0.023534 0.901926
vt 0.023457 0.902041
vt 0.023534 0.903137
vt 0.023046 0.903222
vt 0.022746 0.904185
vt 0.023534 0.904450
vt 0.022250 0.905945
vt 0.023534 0.905851
vt 0.021579 0.908897
vt 0.023534 0.908867
vt 0.023534 0.907328
vt 0.023534 0.918534
vt 0.021584 0.918507
vt 0.023534 0.920072
vt 0.021876 0.919910
vt 0.023534 0.921549
vt 0.022269 0.921477
vt 0.023534 0.922951
vt 0.022766 0.923241
vt 0.023534 0.924263
vt 0.023534 0.925519
vt 0.023534 0.925474
vt 0.026859 0.930082
vt 0.026857 0.931319
vt 0.026859 0.931321
vt 0.030911 0.934420
vt 0.030911 0.935646
vt 0.035534 0.938120
vt 0.031828 0.936302
vt 0.035534 0.938708
vt 0.060622 0.934420
vt 0.055999 0.936723
vt 0.062847 0.933176
vt 0.060622 0.935458
vt 0.060622 0.932964
vt 0.064673 0.931039
vt 0.064673 0.930082
vt 0.065950 0.929000
vt 0.066308 0.928356
vt 0.064673 0.928686
vt 0.064673 0.927145
vt 0.067999 0.925069
vt 0.067999 0.924263
vt 0.068491 0.923608
vt 0.067999 0.922951
vt 0.069004 0.921779
vt 0.067999 0.921549
vt 0.067999 0.920072
vt 0.069417 0.920148
vt 0.069673 0.919005
vt 0.069727 0.918686
vt 0.067999 0.918534
vt 0.067999 0.908867
vt 0.069734 0.908721
vt 0.067999 0.907328
vt 0.069441 0.907277
vt 0.067999 0.905851
vt 0.069030 0.905651
vt 0.067999 0.904450
vt 0.068518 0.903828
vt 0.067999 0.903137
vt 0.068252 0.902962
vt 0.067999 0.902257
vt 0.064673 0.898715
vt 0.064673 0.897318
vt 0.026859 0.915777
vt 0.030911 0.913700
vt 0.026859 0.913700
vt 0.023534 0.915332
vt 0.023534 0.913700
vt 0.026859 0.917835
vt 0.030911 0.916143
vt 0.023534 0.916949
vt 0.026859 0.919852
vt 0.030911 0.918562
vt 0.026859 0.921810
vt 0.030911 0.920934
vt 0.026859 0.923690
vt 0.030911 0.923237
vt 0.026859 0.925474
vt 0.030911 0.925447
vt 0.026859 0.927145
vt 0.030911 0.927545
vt 0.026859 0.928686
vt 0.030911 0.929509
vt 0.030911 0.931321
vt 0.030911 0.932964
vt 0.040550 0.938141
vt 0.035534 0.936723
vt 0.040550 0.939624
vt 0.045766 0.938620
vt 0.040550 0.934485
vt 0.045766 0.932713
vt 0.040550 0.932348
vt 0.035534 0.933280
vt 0.035534 0.931266
vt 0.035534 0.935104
vt 0.035534 0.929084
vt 0.035534 0.926753
vt 0.045766 0.930351
vt 0.040550 0.930031
vt 0.050983 0.932348
vt 0.055999 0.933280
vt 0.055999 0.931266
vt 0.060622 0.931321
vt 0.050983 0.924949
vt 0.055999 0.926753
vt 0.055999 0.924296
vt 0.045766 0.925170
vt 0.050983 0.927557
vt 0.040550 0.927557
vt 0.040550 0.924949
vt 0.035534 0.924296
vt 0.035534 0.921738
vt 0.035534 0.919102
vt 0.045766 0.922400
vt 0.040550 0.922233
vt 0.060622 0.923237
vt 0.064673 0.923690
vt 0.064673 0.921810
vt 0.050983 0.916581
vt 0.055999 0.919102
vt 0.055999 0.916414
vt 0.040550 0.916581
vt 0.045766 0.913700
vt 0.040550 0.913700
vt 0.035534 0.916414
vt 0.035534 0.913700
vt 0.035534 0.910986
vt 0.040550 0.910819
vt 0.035534 0.908298
vt 0.050983 0.910819
vt 0.050983 0.913700
vt 0.055999 0.910986
vt 0.055999 0.913700
vt 0.060622 0.916143
vt 0.064673 0.917835
vt 0.064673 0.915777
vt 0.064673 0.911623
vt 0.060622 0.913700
vt 0.064673 0.913700
vt 0.060622 0.908839
vt 0.060622 0.911258
vt 0.050983 0.905167
vt 0.045766 0.907853
vt 0.050983 0.907966
vt 0.040550 0.905167
vt 0.035534 0.903104
vt 0.035534 0.905662
vt 0.040550 0.902451
vt 0.035534 0.900648
vt 0.050983 0.902451
vt 0.045766 0.905000
vt 0.055999 0.903104
vt 0.055999 0.905662
vt 0.060622 0.906466
vt 0.055999 0.908298
vt 0.064673 0.907548
vt 0.064673 0.909566
vt 0.067999 0.910452
vt 0.067999 0.912068
vt 0.064673 0.905590
vt 0.060622 0.901953
vt 0.060622 0.904164
vt 0.050983 0.897369
vt 0.045766 0.899572
vt 0.050983 0.899844
vt 0.040550 0.897369
vt 0.035534 0.896134
vt 0.035534 0.898317
vt 0.045766 0.897049
vt 0.040550 0.895052
vt 0.050983 0.895052
vt 0.055999 0.896134
vt 0.055999 0.898317
vt 0.060622 0.899855
vt 0.055999 0.900648
vt 0.064673 0.901926
vt 0.064673 0.903710
vt 0.064673 0.900256
vt 0.060622 0.896079
vt 0.060622 0.897891
vt 0.055999 0.894121
vt 0.050983 0.892915
vt 0.045766 0.894687
vt 0.045766 0.902231
vt 0.040550 0.899844
vt 0.067999 0.913700
vt 0.045766 0.910762
vt 0.040550 0.907966
vt 0.040550 0.919435
vt 0.045766 0.916638
vt 0.060622 0.920934
vt 0.060622 0.918562
vt 0.050983 0.919435
vt 0.050983 0.922233
vt 0.055999 0.921738
vt 0.060622 0.927545
vt 0.060622 0.925447
vt 0.045766 0.927828
vt 0.050983 0.930031
vt 0.040550 0.936423
vt 0.045766 0.934893
vt 0.050983 0.936423
vt 0.050983 0.934485
vt 0.030911 0.897891
vt 0.030911 0.899855
vt 0.035534 0.892296
vt 0.030911 0.892980
vt 0.030911 0.894437
vt 0.035534 0.894121
vt 0.040550 0.890978
vt 0.035534 0.890677
vt 0.040550 0.892915
vt 0.045766 0.890532
vt 0.040550 0.889259
vt 0.050983 0.889259
vt 0.050983 0.890978
vt 0.050983 0.887776
vt 0.045766 0.888780
vt 0.055999 0.890677
vt 0.055999 0.892296
vt 0.060622 0.892980
vt 0.060622 0.894437
vt 0.064673 0.925474
vt 0.055999 0.935104
vt 0.050983 0.938141
vt 0.055999 0.938120
vt 0.050983 0.939624
vt 0.024790 0.927897
vt 0.026859 0.900256
vt 0.026859 0.897318
vt 0.042048 0.932302
vt 0.045369 0.932669
vt 0.038854 0.931217
vt 0.035911 0.929453
vt 0.033331 0.927080
vt 0.031213 0.924188
vt 0.029640 0.920889
vt 0.028671 0.917309
vt 0.028344 0.913586
vt 0.028671 0.909863
vt 0.029640 0.906283
vt 0.031213 0.902984
vt 0.033331 0.900092
vt 0.035911 0.897719
vt 0.038854 0.895956
vt 0.042048 0.894870
vt 0.045369 0.894503
vt 0.048691 0.894870
vt 0.051884 0.895956
vt 0.054828 0.897719
vt 0.057408 0.900092
vt 0.059525 0.902984
vt 0.061098 0.906283
vt 0.062067 0.909863
vt 0.062394 0.913586
vt 0.062067 0.917309
vt 0.061098 0.920889
vt 0.059525 0.924188
vt 0.057408 0.927080
vt 0.054828 0.929453
vt 0.051884 0.931217
vt 0.048691 0.932303
vt 0.045369 0.941290
vt 0.040547 0.940758
vt 0.035911 0.939182
vt 0.031637 0.936621
vt 0.027892 0.933176
vt 0.024818 0.928978
vt 0.022534 0.924188
vt 0.021128 0.918991
vt 0.020653 0.913586
vt 0.021128 0.908181
vt 0.022534 0.902984
vt 0.024818 0.898194
vt 0.027892 0.893996
vt 0.031637 0.890551
vt 0.035911 0.887990
vt 0.040547 0.886414
vt 0.045369 0.885882
vt 0.050191 0.886414
vt 0.054828 0.887991
vt 0.059101 0.890551
vt 0.062846 0.893996
vt 0.065920 0.898194
vt 0.068204 0.902984
vt 0.069611 0.908181
vt 0.070086 0.913586
vt 0.069611 0.918991
vt 0.068204 0.924188
vt 0.065920 0.928978
vt 0.062846 0.933176
vt 0.059101 0.936621
vt 0.054828 0.939182
vt 0.050191 0.940758
vt 0.039232 0.948170
vt 0.045369 0.948847
vt 0.033331 0.946163
vt 0.027892 0.942905
vt 0.023125 0.938519
vt 0.019213 0.933176
vt 0.016306 0.927080
vt 0.014516 0.920465
vt 0.013911 0.913586
vt 0.014516 0.906707
vt 0.016306 0.900092
vt 0.019213 0.893996
vt 0.023125 0.888653
vt 0.027892 0.884268
vt 0.033331 0.881009
vt 0.039232 0.879003
vt 0.045369 0.878325
vt 0.051506 0.879003
vt 0.057408 0.881009
vt 0.062847 0.884268
vt 0.067614 0.888653
vt 0.071526 0.893996
vt 0.074433 0.900092
vt 0.076223 0.906707
vt 0.076827 0.913586
vt 0.076223 0.920465
vt 0.074433 0.927080
vt 0.071526 0.933176
vt 0.067613 0.938519
vt 0.062846 0.942905
vt 0.057408 0.946163
vt 0.051506 0.948170
vt 0.038153 0.954252
vt 0.045369 0.955049
vt 0.031213 0.951892
vt 0.024818 0.948061
vt 0.019213 0.942905
vt 0.014612 0.936621
vt 0.011194 0.929453
vt 0.009089 0.921675
vt 0.008378 0.913586
vt 0.009089 0.905497
vt 0.011194 0.897719
vt 0.014612 0.890551
vt 0.019213 0.884268
vt 0.024818 0.879111
vt 0.031213 0.875280
vt 0.038153 0.872920
vt 0.045369 0.872123
vt 0.052586 0.872920
vt 0.059525 0.875280
vt 0.065920 0.879111
vt 0.071526 0.884268
vt 0.076126 0.890551
vt 0.079544 0.897719
vt 0.081649 0.905497
vt 0.082360 0.913586
vt 0.081649 0.921675
vt 0.079544 0.929453
vt 0.076126 0.936621
vt 0.071526 0.942905
vt 0.065920 0.948061
vt 0.059525 0.951892
vt 0.052586 0.954252
vt 0.037351 0.958772
vt 0.045369 0.959657
vt 0.029640 0.956150
vt 0.022534 0.951892
vt 0.016306 0.946163
vt 0.011194 0.939182
vt 0.007396 0.931217
vt 0.005057 0.922574
vt 0.004267 0.913586
vt 0.005057 0.904598
vt 0.007396 0.895956
vt 0.011194 0.887990
vt 0.016306 0.881009
vt 0.022534 0.875280
vt 0.029640 0.871022
vt 0.037351 0.868401
vt 0.045369 0.867515
vt 0.053388 0.868401
vt 0.061098 0.871022
vt 0.068204 0.875280
vt 0.074433 0.881009
vt 0.079544 0.887991
vt 0.083343 0.895956
vt 0.085682 0.904598
vt 0.086471 0.913586
vt 0.085682 0.922574
vt 0.083343 0.931217
vt 0.079544 0.939182
vt 0.074433 0.946163
vt 0.068204 0.951892
vt 0.061098 0.956150
vt 0.053388 0.958772
vt 0.036857 0.961555
vt 0.045369 0.962494
vt 0.028671 0.958772
vt 0.021128 0.954252
vt 0.014516 0.948170
vt 0.009089 0.940758
vt 0.005057 0.932302
vt 0.002574 0.923128
vt 0.001735 0.913586
vt 0.002574 0.904045
vt 0.005057 0.894870
vt 0.009089 0.886414
vt 0.014516 0.879003
vt 0.021128 0.872920
vt 0.028671 0.868401
vt 0.036857 0.865617
vt 0.045369 0.864678
vt 0.053882 0.865617
vt 0.062067 0.868401
vt 0.069611 0.872920
vt 0.081649 0.886414
vt 0.085682 0.894870
vt 0.088165 0.904045
vt 0.085682 0.932303
vt 0.069611 0.954252
vt 0.062067 0.958772
vt 0.053882 0.961555
vt 0.045369 0.963453
vt 0.020653 0.955049
vt 0.008378 0.941290
vt 0.013911 0.878325
vt 0.045369 0.863719
vt 0.070086 0.872124
vt 0.086471 0.894503
vt 0.089003 0.923315
vt 0.076827 0.948847
vt 0.064673 0.896292
vt 0.062846 0.942905
vt 0.021859 0.907507
vt 0.021684 0.908305
vt 0.021136 0.913586
vt 0.021176 0.912553
vt 0.021136 0.913700
vt 0.021649 0.918875
vt 0.024734 0.899562
vt 0.025228 0.928671
vt 0.028282 0.894433
vt 0.031054 0.935753
vt 0.035534 0.888647
vt 0.036011 0.938909
vt 0.040550 0.940579
vt 0.040578 0.940584
vt 0.040609 0.886763
vt 0.045369 0.941156
vt 0.045766 0.941184
vt 0.054745 0.888215
vt 0.060132 0.891499
vt 0.064041 0.931805
vt 0.067695 0.901633
vt 0.069642 0.908174
vt 0.070189 0.913586
vt 0.070188 0.913700
vt 0.060622 0.891873
vt 0.050142 0.886689
vt 0.021396 0.910168
vt 0.023534 0.910452
vt 0.021264 0.911381
vt 0.023534 0.912068
vt 0.021181 0.914849
vt 0.021269 0.916022
vt 0.021401 0.917235
vt 0.045766 0.940132
vt 0.050983 0.940517
vt 0.055999 0.938599
vt 0.068299 0.924232
vt 0.069907 0.917372
vt 0.067999 0.916949
vt 0.070042 0.916113
vt 0.067999 0.915332
vt 0.070134 0.914893
vt 0.070141 0.912509
vt 0.070049 0.911291
vt 0.069914 0.910033
vt 0.045766 0.892508
vt 0.030911 0.896079
vt 0.026859 0.901926
vt 0.030911 0.901953
vt 0.026859 0.903710
vt 0.030911 0.904164
vt 0.026859 0.905590
vt 0.030911 0.906466
vt 0.026859 0.907548
vt 0.030911 0.908839
vt 0.026859 0.909566
vt 0.030911 0.911258
vt 0.026859 0.911623
vt 0.045766 0.936868
vt 0.060622 0.929509
vt 0.055999 0.929084
vt 0.045766 0.919547
vt 0.064673 0.919852
vt 0.062434 0.950840
vt 0.061749 0.950560
vt 0.063003 0.943167
vt 0.063641 0.943167
vt 0.062434 0.943167
vt 0.060710 0.944185
vt 0.059562 0.947003
vt 0.059772 0.945671
vt 0.064776 0.943630
vt 0.065700 0.944499
vt 0.064776 0.943630
vt 0.059562 0.947003
vt 0.059772 0.948336
vt 0.059772 0.948336
vt 0.065700 0.949507
vt 0.064776 0.950377
vt 0.065700 0.949507
vt 0.063641 0.943167
vt 0.062434 0.943167
vt 0.061300 0.943630
vt 0.062354 0.943200
vt 0.060375 0.944499
vt 0.060375 0.944499
vt 0.059772 0.945671
vt 0.063641 0.950840
vt 0.061300 0.950377
vt 0.062434 0.950840
vt 0.064776 0.950377
vt 0.063641 0.950840
vt 0.060375 0.949507
vt 0.061300 0.950377
vt 0.060375 0.949507
vt 0.065700 0.944499
vt 0.066304 0.945671
vt 0.066304 0.945671
vt 0.066513 0.947003
vt 0.066513 0.947003
vt 0.066304 0.948336
vt 0.066202 0.948534
vt 0.025582 0.948336
vt 0.025718 0.948600
vt 0.026186 0.949507
vt 0.027110 0.950377
vt 0.031510 0.944499
vt 0.031937 0.945328
vt 0.028244 0.943167
vt 0.028330 0.943167
vt 0.027572 0.943441
vt 0.032114 0.948336
vt 0.032324 0.947003
vt 0.032324 0.947003
vt 0.027110 0.943630
vt 0.026186 0.944499
vt 0.026186 0.944499
vt 0.028244 0.950840
vt 0.028244 0.950840
vt 0.030586 0.950377
vt 0.031510 0.949507
vt 0.029452 0.950840
vt 0.029452 0.950840
vt 0.032114 0.945671
vt 0.032114 0.945671
vt 0.031510 0.944499
vt 0.030586 0.943630
vt 0.030586 0.943630
vt 0.029452 0.943167
vt 0.029452 0.943167
vt 0.028244 0.943167
vt 0.027110 0.943630
vt 0.026186 0.949507
vt 0.027110 0.950377
vt 0.025582 0.948336
vt 0.025372 0.947003
vt 0.025582 0.945671
vt 0.025372 0.947003
vt 0.025582 0.945671
vt 0.032114 0.948336
vt 0.031510 0.949507
vt 0.030586 0.950377
vt 0.029455 0.950839
vt 0.065700 0.872838
vt 0.064776 0.871969
vt 0.061300 0.871969
vt 0.062120 0.871634
vt 0.059568 0.875305
vt 0.059607 0.875058
vt 0.059772 0.874010
vt 0.063641 0.879179
vt 0.062434 0.879179
vt 0.066304 0.876675
vt 0.066513 0.875342
vt 0.063641 0.871506
vt 0.063641 0.871506
vt 0.063641 0.879179
vt 0.061300 0.878716
vt 0.062434 0.879179
vt 0.062434 0.871506
vt 0.062434 0.871506
vt 0.064776 0.871969
vt 0.066304 0.874010
vt 0.066513 0.875342
vt 0.066304 0.876675
vt 0.065700 0.877846
vt 0.064776 0.878716
vt 0.065700 0.877846
vt 0.064776 0.878716
vt 0.060375 0.877846
vt 0.061300 0.878716
vt 0.060375 0.877846
vt 0.059772 0.876675
vt 0.059772 0.876675
vt 0.059562 0.875342
vt 0.059562 0.875342
vt 0.059772 0.874010
vt 0.060375 0.872838
vt 0.060375 0.872838
vt 0.060455 0.872763
vt 0.061300 0.871969
vt 0.030586 0.871969
vt 0.029884 0.871682
vt 0.029452 0.871506
vt 0.028833 0.871506
vt 0.028244 0.871506
vt 0.027110 0.871969
vt 0.025372 0.875342
vt 0.025582 0.874010
vt 0.028244 0.879179
vt 0.029452 0.879179
vt 0.031890 0.877110
vt 0.026186 0.872838
vt 0.026186 0.872838
vt 0.027110 0.871969
vt 0.029452 0.871506
vt 0.028244 0.871506
vt 0.030586 0.871969
vt 0.031510 0.872838
vt 0.032114 0.874010
vt 0.031510 0.872838
vt 0.032324 0.875342
vt 0.032114 0.874010
vt 0.032114 0.876675
vt 0.032324 0.875342
vt 0.031510 0.877846
vt 0.032114 0.876675
vt 0.030586 0.878716
vt 0.031510 0.877846
vt 0.030586 0.878716
vt 0.029452 0.879179
vt 0.028244 0.879179
vt 0.027110 0.878716
vt 0.027110 0.878716
vt 0.026186 0.877846
vt 0.026475 0.878119
vt 0.026186 0.877846
vt 0.025582 0.876675
vt 0.025582 0.876675
vt 0.025372 0.875342
vt 0.025582 0.874010
vt 0.025996 0.873205
vt 0.067626 0.925834
vt 0.061300 0.943630
vt 0.025388 0.947104
vt 0.066327 0.874155
vt 0.064964 0.878538
vt 0.032258 0.874925
s 1
usemtl Material_#25
f 3942/3922/4174 3943/3923/4175 3944/3924/4176
f 3942/3922/4174 3944/3924/4176 3945/3925/4177
f 3942/3922/4174 3945/3925/4177 3946/3926/4178
f 3942/3922/4174 3946/3926/4178 3947/3927/4179
f 3942/3922/4174 3947/3927/4179 3948/3928/4180
f 3942/3922/4174 3948/3928/4180 3949/3929/4181
f 3942/3922/4174 3949/3929/4181 3950/3930/4182
f 3942/3922/4174 3950/3930/4182 3951/3931/4183
f 3942/3922/4174 3951/3931/4183 3952/3932/4184
f 3942/3922/4174 3952/3932/4184 3953/3933/4185
f 3942/3922/4174 3953/3933/4185 3954/3934/4186
f 3942/3922/4174 3954/3934/4186 3955/3935/4187
f 3942/3922/4174 3955/3935/4187 3956/3936/4188
f 3942/3922/4174 3956/3936/4188 3957/3937/4189
f 3942/3922/4174 3957/3937/4189 3958/3938/4190
f 3942/3922/4174 3958/3938/4190 3959/3939/4191
f 3942/3922/4174 3959/3939/4191 3960/3940/4192
f 3942/3922/4174 3960/3940/4192 3961/3941/4193
f 3942/3922/4174 3961/3941/4193 3962/3942/4194
f 3942/3922/4174 3962/3942/4194 3963/3943/4195
f 3942/3922/4174 3963/3943/4195 3964/3944/4196
f 3942/3922/4174 3964/3944/4196 3965/3945/4197
f 3942/3922/4174 3965/3945/4197 3966/3946/4198
f 3942/3922/4174 3966/3946/4198 3967/3947/4199
f 3942/3922/4174 3967/3947/4199 3968/3948/4200
f 3942/3922/4174 3968/3948/4200 3969/3949/4201
f 3942/3922/4174 3969/3949/4201 3970/3950/4202
f 3942/3922/4174 3970/3950/4202 3971/3951/4203
f 3942/3922/4174 3971/3951/4203 3972/3952/4204
f 3942/3922/4174 3972/3952/4204 3973/3953/4205
f 3942/3922/4174 3973/3953/4205 3974/3954/4206
f 3942/3922/4174 3974/3954/4206 3943/3923/4175
f 4158/3955/4207 4190/3956/4208 4223/3957/4209
f 4192/3958/4210 4158/3955/4207 4223/3957/4209
f 4193/3959/4211 4160/3960/4212 4192/3958/4210
f 4161/3961/4213 4193/3959/4211 4226/3962/4214
f 4195/3963/4215 4161/3961/4213 4226/3962/4214
f 4162/3964/4216 4195/3963/4215 4197/3965/4217
f 4163/3966/4218 4197/3965/4217 4198/3967/4219
f 4164/3968/4220 4198/3967/4219 4199/3969/4221
f 4165/3970/4222 4199/3969/4221 4200/3971/4223
f 4167/3972/4224 4200/3971/4223 4232/3973/4225
f 4201/3974/4226 4167/3972/4224 4232/3973/4225
f 4202/3975/4227 4168/3976/4228 4201/3974/4226
f 4170/3977/4229 4202/3975/4227 4204/3978/4230
f 4171/3979/4231 4204/3978/4230 4236/3980/4232
f 4205/3981/4233 4171/3979/4231 4236/3980/4232
f 4206/3982/4234 4173/3983/4235 4205/3981/4233
f 4175/3984/4236 4206/3982/4234 4208/3985/4237
f 4176/3986/4238 4208/3985/4237 4239/3987/4239
f 4209/3988/4240 4176/3986/4238 4239/3987/4239
f 4177/3989/4241 4209/3988/4240 4242/3990/4242
f 4211/3991/4243 4177/3989/4241 4242/3990/4242
f 4212/3992/4244 4179/3993/4245 4211/3991/4243
f 4180/3994/4246 4212/3992/4244 4214/3995/4247
f 4181/3996/4248 4214/3995/4247 4246/3997/4249
f 4215/3998/4250 4181/3996/4248 4246/3997/4249
f 4183/3999/4251 4215/3998/4250 4217/4000/4252
f 4184/4001/4253 4217/4000/4252 4249/4002/4254
f 4218/4003/4255 4184/4001/4253 4249/4002/4254
f 4186/4004/4256 4218/4003/4255 4220/4005/4257
f 4187/4006/4258 4220/4005/4257 4221/4007/4259
f 4188/4008/4260 4221/4007/4259 4253/4009/4261
f 4190/3956/4208 4188/4008/4260 4253/4009/4261
f 4223/3957/4209 4222/4010/4262 4255/4011/4263
f 4224/4012/4264 4223/3957/4209 4255/4011/4263
f 4193/3959/4211 4224/4012/4264 4225/4013/4265
f 4226/3962/4214 4225/4013/4265 4258/4014/4266
f 4227/4015/4267 4226/3962/4214 4258/4014/4266
f 4228/4016/4268 4195/3963/4215 4227/4015/4267
f 4229/4017/4269 4197/3965/4217 4228/4016/4268
f 4230/4018/4270 4198/3967/4219 4229/4017/4269
f 4231/4019/4271 4199/3969/4221 4230/4018/4270
f 4232/3973/4225 4231/4019/4271 4263/4020/4272
f 4233/4021/4273 4232/3973/4225 4263/4020/4272
f 4234/4022/4274 4201/3974/4226 4233/4021/4273
f 4204/3978/4230 4234/4022/4274 4266/4023/4275
f 4205/3981/4233 4235/4024/4276 4267/4025/4277
f 4237/4026/4278 4205/3981/4233 4267/4025/4277
f 4208/3985/4237 4237/4026/4278 4238/4027/4279
f 4239/3987/4239 4238/4027/4279 4240/4028/4280
f 4242/3990/4242 4241/4029/4281 4272/4030/4282
f 4243/4031/4283 4242/3990/4242 4272/4030/4282
f 4212/3992/4244 4243/4031/4283 4274/4032/4284
f 4244/4033/4285 4212/3992/4244 4274/4032/4284
f 4245/4034/4286 4214/3995/4247 4244/4033/4285
f 4215/3998/4250 4245/4034/4286 4277/4035/4287
f 4247/4036/4288 4215/3998/4250 4277/4035/4287
f 4248/4037/4289 4217/4000/4252 4247/4036/4288
f 4218/4003/4255 4248/4037/4289 4281/4038/4290
f 4250/4039/4291 4218/4003/4255 4281/4038/4290
f 4251/4040/4292 4220/4005/4257 4250/4039/4291
f 4252/4041/4293 4221/4007/4259 4251/4040/4292
f 4190/3956/4208 4252/4041/4293 4222/4010/4262
f 4255/4011/4263 4254/4042/4294 4284/4043/4295
f 4256/4044/4296 4255/4011/4263 4284/4043/4295
f 4258/4014/4266 4257/4045/4297 4287/4046/4298
f 4259/4047/4299 4258/4014/4266 4287/4046/4298
f 4228/4016/4268 4259/4047/4299 4260/4048/4300
f 4229/4017/4269 4260/4048/4300 4290/4049/4301
f 4261/4050/4302 4229/4017/4269 4290/4049/4301
f 4231/4019/4271 4261/4050/4302 4262/4051/4303
f 4263/4020/4272 4262/4051/4303 4293/4052/4304
f 4264/4053/4305 4263/4020/4272 4293/4052/4304
f 4234/4022/4274 4264/4053/4305 4296/4054/4306
f 4265/4055/4307 4234/4022/4274 4296/4054/4306
f 4268/4056/4308 4267/4025/4277 4298/4057/4309
f 4269/4058/4310 4237/4026/4278 4268/4056/4308
f 4272/4030/4282 4271/4059/4311 4303/4060/4312
f 4273/4061/4313 4272/4030/4282 4303/4060/4312
f 4274/4032/4284 4273/4061/4313 4275/4062/4314
f 4244/4033/4285 4275/4062/4314 4306/4063/4315
f 4276/4064/4316 4244/4033/4285 4306/4063/4315
f 4277/4035/4287 4276/4064/4316 4278/4065/4317
f 4247/4036/4288 4278/4065/4317 4279/4066/4318
f 4248/4037/4289 4279/4066/4318 4310/4067/4319
f 4280/4068/4320 4248/4037/4289 4310/4067/4319
f 4702/4069/4321 4280/4068/4320 4703/4070/4322
f 4252/4041/4293 4282/4071/4323 4313/4072/4324
f 4254/4042/4294 4252/4041/4293 4313/4072/4324
f 4284/4043/4295 4283/4073/4325 4315/4074/4326
f 4285/4075/4327 4284/4043/4295 4315/4074/4326
f 4288/4076/4328 4287/4046/4298 4319/4077/4329
f 4289/4078/4330 4259/4047/4299 4288/4076/4328
f 4290/4049/4301 4289/4078/4330 4291/4079/4331
f 4261/4050/4302 4291/4079/4331 4323/4080/4332
f 4292/4081/4333 4261/4050/4302 4323/4080/4332
f 4293/4052/4304 4292/4081/4333 4325/4082/4334
f 4294/4083/4335 4293/4052/4304 4325/4082/4334
f 4295/4084/4336 4264/4053/4305 4294/4083/4335
f 4265/4055/4307 4295/4084/4336 4329/4085/4337
f 4268/4056/4308 4299/4086/4338 4332/4087/4339
f 4300/4088/4340 4268/4056/4308 4332/4087/4339
f 4270/4089/4341 4300/4088/4340 4301/4090/4342
f 4302/4091/4343 4271/4059/4311 4335/4092/4344
f 4304/4093/4345 4303/4060/4312 4302/4091/4343
f 4275/4062/4314 4304/4093/4345 4305/4094/4346
f 4306/4063/4315 4305/4094/4346 4307/4095/4347
f 4276/4064/4316 4307/4095/4347 4683/4096/4348
f 4308/4097/4349 4276/4064/4316 4683/4096/4348
f 4279/4066/4318 4308/4097/4349 4684/4098/4350
f 4309/4099/4351 4279/4066/4318 4684/4098/4350
f 4280/4068/4320 4309/4099/4351 4392/4100/4352
f 4313/4072/4324 4312/4101/4353 4345/4102/4354
f 4283/4073/4325 4313/4072/4324 4345/4102/4354
f 4315/4074/4326 4314/4103/4355 4373/4104/4356
f 4316/4105/4357 4315/4074/4326 4373/4104/4356
f 4318/4106/4358 4286/4107/4359 4317/4108/4360
f 4288/4076/4328 4318/4106/4358 4320/4109/4361
f 4289/4078/4330 4320/4109/4361 4321/4110/4362
f 4291/4079/4331 4321/4110/4362 4352/4111/4363
f 4322/4112/4364 4291/4079/4331 4352/4111/4363
f 4324/4113/4365 4323/4080/4332 4322/4112/4364
f 4325/4082/4334 4324/4113/4365 4356/4114/4366
f 4326/4115/4367 4325/4082/4334 4356/4114/4366
f 4327/4116/4368 4294/4083/4335 4326/4115/4367
f 4328/4117/4369 4295/4084/4336 4327/4116/4368
f 4297/4118/4370 4328/4117/4369 4330/4119/4371
f 4299/4086/4338 4330/4119/4371 4374/4120/4372
f 4331/4121/4373 4299/4086/4338 4374/4120/4372
f 4300/4088/4340 4331/4121/4373 4333/4122/4374
f 4301/4090/4342 4333/4122/4374 4382/4123/4375
f 4334/4124/4376 4301/4090/4342 4382/4123/4375
f 4338/4125/4377 4337/4126/4378 4339/4127/4379
f 4340/4128/4380 4341/4129/4381 4342/4130/4382
f 4283/4073/4325 4347/4131/4383 4314/4103/4355
f 4321/4110/4362 4358/4132/4384 4359/4133/4385
f 4360/4134/4386 4326/4115/4367 4361/4135/4387
f 4362/4136/4388 4318/4106/4358 4363/4137/4389
f 4328/4117/4369 4364/4138/4390 4365/4139/4391
f 4330/4119/4371 4376/4140/4392 4374/4120/4372
f 4378/4141/4393 4333/4122/4374 4331/4121/4373
f 4346/4142/4394 4379/4143/4395 4347/4131/4383
f 4381/4144/4396 4382/4123/4375 4333/4122/4374
f 4383/4145/4397 4384/4146/4398 4385/4147/4399
f 4385/4147/4399 4384/4146/4398 4386/4148/4400
f 4334/4124/4376 4387/4149/4401 4388/4150/4402
f 4389/4151/4403 4334/4124/4376 4388/4150/4402
f 4343/4152/4404 4340/4128/4380 4390/4153/4405
f 4342/4130/4382 4390/4153/4405 4340/4128/4380
f 4336/4154/4406 4391/4155/4407 4337/4126/4378
f 4337/4126/4378 4391/4155/4407 4339/4127/4379
f 4395/4156/4408 4396/4157/4409 4397/4158/4410
f 4398/4159/4411 4397/4158/4410 4396/4157/4409
f 4401/4160/4412 4396/4157/4409 4395/4156/4408
f 4410/4161/4413 4388/4150/4414 4387/4149/4415
f 4375/4162/4416 4414/4163/4417 4378/4141/4418
f 4369/4164/4419 4416/4165/4420 4417/4166/4421
f 4416/4165/4420 4364/4138/4422 4418/4167/4423
f 4418/4167/4423 4364/4138/4422 4419/4168/4424
f 4422/4169/4425 4421/4170/4426 4360/4134/4427
f 4424/4171/4428 4425/4172/4429 4426/4173/4430
f 4426/4173/4430 4425/4172/4429 4355/4174/4431
f 4427/4175/4432 4355/4174/4431 4357/4176/4433
f 4429/4177/4434 4428/4178/4435 4427/4175/4432
f 4430/4179/4436 4431/4180/4437 4428/4178/4435
f 4350/4181/4438 4433/4182/4439 4432/4183/4440
f 4447/4184/4441 4351/4185/4442 4448/4186/4443
f 4448/4186/4443 4354/4187/4444 4449/4188/4445
f 4449/4188/4445 4450/4189/4446 4452/4190/4447
f 4452/4190/4447 4451/4191/4448 4453/4192/4449
f 4358/4132/4450 4455/4193/4451 4454/4194/4452
f 4456/4195/4453 4457/4196/4454 4458/4197/4455
f 4457/4196/4454 4362/4136/4456 4458/4197/4455
f 4459/4198/4457 4363/4137/4458 4680/4199/4459
f 4460/4200/4460 4367/4201/4461 4370/4202/4462
f 4341/4129/4463 4465/4203/4464 4466/4204/4465
f 4394/4205/4466 4465/4203/4464 4685/4206/4467
f 4467/4207/4468 4468/4208/4469 4469/4209/4470
f 4400/4210/4471 4469/4209/4470 4468/4208/4469
f 4399/4211/4472 4470/4212/4473 4469/4209/4470
f 4472/4213/4474 4473/4214/4475 4474/4215/4476
f 4476/4216/4477 4477/4217/4478 4474/4215/4476
f 4478/4218/4479 4479/4219/4480 4477/4217/4478
f 4480/4220/4481 4407/4221/4482 4406/4222/4483
f 4405/4223/4484 4481/4224/4485 4480/4220/4481
f 4495/4225/4486 4404/4226/4487 4496/4227/4488
f 4496/4227/4488 4402/4228/4489 4497/4229/4490
f 4497/4229/4490 4498/4230/4491 4500/4231/4492
f 4500/4231/4492 4499/4232/4493 4502/4233/4494
f 4502/4233/4494 4501/4234/4495 4679/4235/4496
f 4503/4236/4497 4401/4160/4498 4505/4237/4499
f 4537/4238/4500 4535/4239/4501 4536/4240/4502
f 4444/4241/4503 4536/4240/4502 4439/4242/4504
f 4539/4243/4505 4538/4244/4506 4537/4238/4500
f 4446/4245/4507 4537/4238/4500 4444/4241/4503
f 4541/4246/4508 4540/4247/4509 4539/4243/4505
f 4447/4184/4441 4539/4243/4505 4446/4245/4507
f 4543/4248/4510 4542/4249/4511 4541/4246/4508
f 4448/4186/4443 4541/4246/4508 4447/4184/4441
f 4545/4250/4512 4544/4251/4513 4543/4248/4510
f 4449/4188/4445 4543/4248/4510 4448/4186/4443
f 4547/4252/4514 4546/4253/4515 4545/4250/4512
f 4452/4190/4447 4545/4250/4512 4449/4188/4445
f 4549/4254/4516 4548/4255/4517 4547/4252/4514
f 4453/4192/4449 4547/4252/4514 4452/4190/4447
f 4551/4256/4518 4550/4257/4519 4549/4254/4516
f 4454/4194/4452 4549/4254/4516 4453/4192/4449
f 4456/4195/4453 4552/4258/4520 4551/4256/4518
f 4458/4197/4455 4553/4259/4521 4456/4195/4453
f 4460/4200/4460 4555/4260/4522 4557/4261/4523
f 4556/4262/4524 4559/4263/4525 4555/4260/4522
f 4568/4264/4526 4566/4265/4527 4570/4266/4528
f 4571/4267/4529 4570/4266/4528 4572/4268/4530
f 4552/4258/4520 4572/4268/4530 4550/4257/4519
f 4554/4269/4531 4568/4264/4526 4571/4267/4529
f 4550/4257/4519 4573/4270/4532 4548/4255/4517
f 4548/4255/4517 4575/4271/4533 4546/4253/4515
f 4570/4266/4528 4577/4272/4534 4574/4273/4535
f 4567/4274/4536 4565/4275/4537 4579/4276/4538
f 4565/4275/4537 4467/4207/4468 4581/4277/4539
f 4590/4278/4540 4589/4279/4541 4587/4280/4542
f 4592/4281/4543 4591/4282/4544 4590/4278/4540
f 4576/4283/4545 4592/4281/4543 4594/4284/4546
f 4575/4271/4533 4594/4284/4546 4596/4285/4547
f 4544/4251/4513 4595/4286/4548 4542/4249/4511
f 4542/4249/4511 4598/4287/4549 4540/4247/4509
f 4594/4284/4546 4600/4288/4550 4597/4289/4551
f 4588/4290/4552 4586/4291/4553 4607/4292/4554
f 4613/4293/4555 4605/4294/4556 4611/4295/4557
f 4616/4296/4558 4614/4297/4559 4618/4298/4560
f 4619/4299/4561 4618/4298/4560 4620/4300/4562
f 4538/4244/4506 4620/4300/4562 4535/4239/4501
f 4598/4287/4549 4616/4296/4558 4619/4299/4561
f 4618/4298/4560 4621/4301/4563 4620/4300/4562
f 4622/4302/4564 4623/4303/4565 4621/4301/4563
f 4625/4304/4566 4614/4297/4559 4615/4305/4567
f 4627/4306/4568 4615/4305/4567 4628/4307/4569
f 4612/4308/4570 4610/4309/4571 4630/4310/4572
f 4632/4311/4573 4629/4312/4574 4631/4313/4575
f 4634/4314/4576 4627/4306/4568 4633/4315/4577
f 4637/4316/4578 4636/4317/4579 4672/4318/4580
f 4639/4319/4581 4641/4320/4582 4640/4321/4583
f 4642/4322/4584 4643/4323/4585 4641/4320/4582
f 4645/4324/4586 4638/4325/4587 4637/4316/4578
f 4647/4326/4588 4637/4316/4578 4649/4327/4589
f 4648/4328/4590 4635/4329/4591 4634/4314/4576
f 4650/4330/4592 4634/4314/4576 4651/4331/4593
f 4494/4332/4594 4632/4311/4573 4492/4333/4595
f 4495/4225/4486 4651/4331/4593 4494/4332/4594
f 4652/4334/4596 4648/4328/4590 4650/4330/4592
f 4654/4335/4597 4647/4326/4588 4653/4336/4598
f 4657/4337/4599 4656/4338/4600 4671/4339/4601
f 4659/4340/4602 4520/4341/4603 4660/4342/4604
f 4658/4343/4605 4661/4344/4606 4659/4340/4602
f 4663/4345/4607 4658/4343/4605 4657/4337/4599
f 4664/4346/4608 4657/4337/4599 4666/4347/4609
f 4665/4348/4610 4655/4349/4611 4654/4335/4597
f 4667/4350/4612 4654/4335/4597 4668/4351/4613
f 4497/4229/4490 4652/4334/4596 4496/4227/4488
f 4500/4231/4492 4668/4351/4613 4497/4229/4490
f 4669/4352/4614 4665/4348/4610 4667/4350/4612
f 4507/4353/4615 4664/4346/4608 4670/4354/4616
f 4502/4233/4494 4667/4350/4612 4500/4231/4492
f 4503/4236/4497 4670/4354/4616 4669/4352/4614
f 4509/4355/4617 4663/4345/4607 4664/4346/4608
f 4511/4356/4618 4662/4357/4619 4663/4345/4607
f 4496/4227/4488 4650/4330/4592 4495/4225/4486
f 4646/4358/4620 4644/4359/4621 4642/4322/4584
f 4492/4333/4595 4631/4313/4575 4487/4360/4622
f 4626/4361/4623 4624/4362/4624 4622/4302/4564
f 4599/4363/4625 4617/4364/4626 4616/4296/4558
f 4615/4305/4567 4611/4295/4557 4628/4307/4569
f 4605/4294/4556 4606/4365/4627 4609/4366/4628
f 4617/4364/4626 4603/4367/4629 4613/4293/4555
f 4540/4247/4509 4619/4299/4561 4538/4244/4506
f 4600/4288/4550 4590/4278/4540 4602/4368/4630
f 4602/4368/4630 4587/4280/4542 4604/4369/4631
f 4589/4279/4541 4583/4370/4632 4585/4371/4633
f 4593/4372/4634 4578/4373/4635 4591/4282/4544
f 4546/4253/4515 4596/4285/4547 4544/4251/4513
f 4558/4374/4636 4569/4375/4637 4568/4264/4526
f 4569/4375/4637 4562/4376/4638 4564/4377/4639
f 4553/4259/4521 4571/4267/4529 4552/4258/4520
f 4660/4342/4604 4521/4378/4640 4523/4379/4641
f 4516/4380/4642 4420/4381/4643 4518/4382/4644
f 4661/4344/4606 4517/4383/4645 4520/4341/4603
f 4514/4384/4646 4673/4385/4647 4516/4380/4642
f 4662/4357/4619 4515/4386/4648 4661/4344/4606
f 4675/4387/4649 4674/4388/4650 4514/4384/4646
f 4677/4389/4651 4675/4387/4649 4512/4390/4652
f 4413/4391/4653 4676/4392/4654 4677/4389/4651
f 4678/4393/4655 4512/4390/4652 4510/4394/4656
f 4410/4161/4413 4677/4389/4651 4678/4393/4655
f 4408/4395/4657 4510/4394/4656 4508/4396/4658
f 4584/4397/4659 4474/4215/4476 4477/4217/4478
f 4581/4277/4539 4469/4209/4470 4470/4212/4473
f 4563/4398/4660 4465/4203/4464 4467/4207/4468
f 4561/4399/4661 4464/4400/4662 4466/4204/4465
f 4559/4263/4525 4462/4401/4663 4561/4399/4661
f 4551/4256/4518 4455/4193/4451 4681/4402/4664
f 4522/4403/4665 4426/4173/4430 4427/4175/4432
f 4518/4382/4644 4422/4169/4425 4423/4404/4666
f 4673/4385/4647 4418/4167/4423 4420/4381/4643
f 4674/4388/4650 4416/4165/4420 4673/4385/4647
f 4676/4392/4654 4417/4166/4421 4674/4388/4650
f 3975/4405/4667 3943/3923/4175 3995/4406/4668
f 3945/3925/4177 3975/4405/4667 3976/4407/4669
f 3946/3926/4178 3976/4407/4669 3999/4408/4670
f 3977/4409/4671 3946/3926/4178 3999/4408/4670
f 3948/3928/4180 3977/4409/4671 4001/4410/4672
f 3978/4411/4673 3948/3928/4180 4001/4410/4672
f 3979/4412/4674 3949/3929/4181 3978/4411/4673
f 3951/3931/4183 3979/4412/4674 3980/4413/4675
f 3952/3932/4184 3980/4413/4675 4005/4414/4676
f 3981/4415/4677 3952/3932/4184 4005/4414/4676
f 3954/3934/4186 3981/4415/4677 4007/4416/4678
f 3982/4417/4679 3954/3934/4186 4007/4416/4678
f 3956/3936/4188 3982/4417/4679 4009/4418/4680
f 3983/4419/4681 3956/3936/4188 4009/4418/4680
f 3984/4420/4682 3957/3937/4189 3983/4419/4681
f 3959/3939/4191 3984/4420/4682 3985/4421/4683
f 3960/3940/4192 3985/4421/4683 4012/4422/4684
f 3986/4423/4685 3960/3940/4192 4012/4422/4684
f 3962/3942/4194 3986/4423/4685 4015/4424/4686
f 3987/4425/4687 3962/3942/4194 4015/4424/4686
f 3964/3944/4196 3987/4425/4687 3988/4426/4688
f 3965/3945/4197 3988/4426/4688 4018/4427/4689
f 3989/4428/4690 3965/3945/4197 4018/4427/4689
f 3967/3947/4199 3989/4428/4690 4020/4429/4691
f 3990/4430/4692 3967/3947/4199 4020/4429/4691
f 3991/4431/4693 3968/3948/4200 3990/4430/4692
f 3970/3950/4202 3991/4431/4693 4023/4432/4694
f 3992/4433/4695 3970/3950/4202 4023/4432/4694
f 3993/4434/4696 3971/3951/4203 3992/4433/4695
f 3973/3953/4205 3993/4434/4696 3994/4435/4697
f 3974/3954/4206 3994/4435/4697 4027/4436/4698
f 3995/4406/4668 3974/3954/4206 4027/4436/4698
f 3975/4405/4667 3996/4437/4699 4029/4438/4700
f 3997/4439/4701 3975/4405/4667 4029/4438/4700
f 3998/4440/4702 3976/4407/4669 3997/4439/4701
f 4000/4441/4703 3999/4408/4670 3998/4440/4702
f 4001/4410/4672 4000/4441/4703 4002/4442/4704
f 3978/4411/4673 4002/4442/4704 4032/4443/4705
f 4003/4444/4706 3978/4411/4673 4032/4443/4705
f 3980/4413/4675 4003/4444/4706 4034/4445/4707
f 4004/4446/4708 3980/4413/4675 4034/4445/4707
f 3981/4415/4677 4004/4446/4708 4037/4447/4709
f 4006/4448/4710 3981/4415/4677 4037/4447/4709
f 3982/4417/4679 4006/4448/4710 4039/4449/4711
f 4008/4450/4712 3982/4417/4679 4039/4449/4711
f 3983/4419/4681 4008/4450/4712 4041/4451/4713
f 4010/4452/4714 3983/4419/4681 4041/4451/4713
f 3985/4421/4683 4010/4452/4714 4011/4453/4715
f 4012/4422/4684 4011/4453/4715 4013/4454/4716
f 3986/4423/4685 4013/4454/4716 4014/4455/4717
f 4015/4424/4686 4014/4455/4717 4045/4456/4718
f 4016/4457/4719 4015/4424/4686 4045/4456/4718
f 3988/4426/4688 4016/4457/4719 4048/4458/4720
f 4017/4459/4721 3988/4426/4688 4048/4458/4720
f 4019/4460/4722 4018/4427/4689 4017/4459/4721
f 4020/4429/4691 4019/4460/4722 4021/4461/4723
f 3990/4430/4692 4021/4461/4723 4052/4462/4724
f 4022/4463/4725 3990/4430/4692 4052/4462/4724
f 4023/4432/4694 4022/4463/4725 4054/4464/4726
f 4024/4465/4727 4023/4432/4694 4054/4464/4726
f 3993/4434/4696 4024/4465/4727 4025/4466/4728
f 3994/4435/4697 4025/4466/4728 4057/4467/4729
f 4026/4468/4730 3994/4435/4697 4057/4467/4729
f 3995/4406/4668 4026/4468/4730 3996/4437/4699
f 4028/4469/4731 3996/4437/4699 4059/4470/4732
f 3997/4439/4701 4028/4469/4731 4061/4471/4733
f 4030/4472/4734 3997/4439/4701 4061/4471/4733
f 4000/4441/4703 4030/4472/4734 4064/4473/4735
f 4031/4474/4736 4000/4441/4703 4064/4473/4735
f 4032/4443/4705 4031/4474/4736 4066/4475/4737
f 4033/4476/4738 4032/4443/4705 4066/4475/4737
f 4034/4445/4707 4033/4476/4738 4069/4477/4739
f 4035/4478/4740 4034/4445/4707 4069/4477/4739
f 4036/4479/4741 4004/4446/4708 4035/4478/4740
f 4006/4448/4710 4036/4479/4741 4038/4480/4742
f 4039/4449/4711 4038/4480/4742 4072/4481/4743
f 4040/4482/4744 4039/4449/4711 4072/4481/4743
f 4041/4451/4713 4040/4482/4744 4074/4483/4745
f 4042/4484/4746 4041/4451/4713 4074/4483/4745
f 4011/4453/4715 4042/4484/4746 4077/4485/4747
f 4043/4486/4748 4011/4453/4715 4077/4485/4747
f 4044/4487/4749 4013/4454/4716 4043/4486/4748
f 4045/4456/4718 4044/4487/4749 4046/4488/4750
f 4016/4457/4719 4046/4488/4750 4047/4489/4751
f 4048/4458/4720 4047/4489/4751 4049/4490/4752
f 4017/4459/4721 4049/4490/4752 4082/4491/4753
f 4050/4492/4754 4017/4459/4721 4082/4491/4753
f 4021/4461/4723 4050/4492/4754 4085/4493/4755
f 4051/4494/4756 4021/4461/4723 4085/4493/4755
f 4022/4463/4725 4051/4494/4756 4087/4495/4757
f 4053/4496/4758 4022/4463/4725 4087/4495/4757
f 4024/4465/4727 4053/4496/4758 4055/4497/4759
f 4025/4466/4728 4055/4497/4759 4056/4498/4760
f 4057/4467/4729 4056/4498/4760 4090/4499/4761
f 4058/4500/4762 4057/4467/4729 4090/4499/4761
f 4059/4470/4732 4026/4468/4730 4058/4500/4762
f 4060/4501/4763 4059/4470/4732 4092/4502/4764
f 4061/4471/4733 4060/4501/4763 4094/4503/4765
f 4062/4504/4766 4061/4471/4733 4094/4503/4765
f 4063/4505/4767 4030/4472/4734 4062/4504/4766
f 4031/4474/4736 4063/4505/4767 4065/4506/4768
f 4066/4475/4737 4065/4506/4768 4098/4507/4769
f 4067/4508/4770 4066/4475/4737 4098/4507/4769
f 4068/4509/4771 4033/4476/4738 4067/4508/4770
f 4035/4478/4740 4068/4509/4771 4101/4510/4772
f 4070/4511/4773 4035/4478/4740 4101/4510/4772
f 4038/4480/4742 4070/4511/4773 4071/4512/4774
f 4072/4481/4743 4071/4512/4774 4104/4513/4775
f 4073/4514/4776 4072/4481/4743 4104/4513/4775
f 4074/4483/4745 4073/4514/4776 4106/4515/4777
f 4075/4516/4778 4074/4483/4745 4106/4515/4777
f 4076/4517/4779 4042/4484/4746 4075/4516/4778
f 4043/4486/4748 4076/4517/4779 4109/4518/4780
f 4078/4519/4781 4043/4486/4748 4109/4518/4780
f 4079/4520/4782 4044/4487/4749 4078/4519/4781
f 4047/4489/4751 4079/4520/4782 4080/4521/4783
f 4049/4490/4752 4080/4521/4783 4113/4522/4784
f 4081/4523/4785 4049/4490/4752 4113/4522/4784
f 4083/4524/4786 4082/4491/4753 4081/4523/4785
f 4084/4525/4787 4050/4492/4754 4083/4524/4786
f 4051/4494/4756 4084/4525/4787 4117/4526/4788
f 4086/4527/4789 4051/4494/4756 4117/4526/4788
f 4053/4496/4758 4086/4527/4789 4120/4528/4790
f 4088/4529/4791 4053/4496/4758 4120/4528/4790
f 4056/4498/4760 4088/4529/4791 4089/4530/4792
f 4090/4499/4761 4089/4530/4792 4123/4531/4793
f 4091/4532/4794 4090/4499/4761 4123/4531/4793
f 4059/4470/4732 4091/4532/4794 4092/4502/4764
f 4093/4533/4795 4092/4502/4764 4125/4534/4796
f 4094/4503/4765 4093/4533/4795 4095/4535/4797
f 4062/4504/4766 4095/4535/4797 4128/4536/4798
f 4096/4537/4799 4062/4504/4766 4128/4536/4798
f 4065/4506/4768 4096/4537/4799 4130/4538/4800
f 4097/4539/4801 4065/4506/4768 4130/4538/4800
f 4099/4540/4802 4098/4507/4769 4097/4539/4801
f 4068/4509/4771 4099/4540/4802 4134/4541/4803
f 4100/4542/4804 4068/4509/4771 4134/4541/4803
f 4102/4543/4805 4101/4510/4772 4100/4542/4804
f 4071/4512/4774 4102/4543/4805 4137/4544/4806
f 4103/4545/4807 4071/4512/4774 4137/4544/4806
f 4073/4514/4776 4103/4545/4807 4105/4546/4808
f 4106/4515/4777 4105/4546/4808 4140/4547/4809
f 4107/4548/4810 4106/4515/4777 4140/4547/4809
f 4076/4517/4779 4107/4548/4810 4108/4549/4811
f 4109/4518/4780 4108/4549/4811 4143/4550/4812
f 4110/4551/4813 4109/4518/4780 4143/4550/4812
f 4111/4552/4814 4078/4519/4781 4110/4551/4813
f 4112/4553/4815 4079/4520/4782 4111/4552/4814
f 4113/4522/4784 4112/4553/4815 4147/4554/4816
f 4114/4555/4817 4113/4522/4784 4147/4554/4816
f 4115/4556/4818 4081/4523/4785 4114/4555/4817
f 4084/4525/4787 4115/4556/4818 4150/4557/4819
f 4116/4558/4820 4084/4525/4787 4150/4557/4819
f 4118/4559/4821 4117/4526/4788 4116/4558/4820
f 4119/4560/4822 4086/4527/4789 4118/4559/4821
f 4088/4529/4791 4119/4560/4822 4154/4561/4823
f 4121/4562/4824 4088/4529/4791 4154/4561/4823
f 4122/4563/4825 4089/4530/4792 4121/4562/4824
f 4124/4564/4826 4123/4531/4793 4122/4563/4825
f 4092/4502/4764 4124/4564/4826 4125/4534/4796
f 4126/4565/4827 4125/4534/4796 4157/4566/4828
f 4095/4535/4797 4126/4565/4827 4159/4567/4829
f 4127/4568/4830 4095/4535/4797 4159/4567/4829
f 4129/4569/4831 4128/4536/4798 4127/4568/4830
f 4130/4538/4800 4129/4569/4831 4131/4570/4832
f 4097/4539/4801 4131/4570/4832 4132/4571/4833
f 4099/4540/4802 4132/4571/4833 4133/4572/4834
f 4134/4541/4803 4133/4572/4834 4135/4573/4835
f 4100/4542/4804 4135/4573/4835 4166/4574/4836
f 4136/4575/4837 4100/4542/4804 4166/4574/4836
f 4137/4544/4806 4136/4575/4837 4138/4576/4838
f 4103/4545/4807 4138/4576/4838 4169/4577/4839
f 4139/4578/4840 4103/4545/4807 4169/4577/4839
f 4140/4547/4809 4139/4578/4840 4172/4579/4841
f 4141/4580/4842 4140/4547/4809 4172/4579/4841
f 4108/4549/4811 4141/4580/4842 4174/4581/4843
f 4142/4582/4844 4108/4549/4811 4174/4581/4843
f 4144/4583/4845 4143/4550/4812 4142/4582/4844
f 4145/4584/4846 4110/4551/4813 4144/4583/4845
f 4146/3990/4847 4111/4552/4814 4145/4584/4846
f 4147/4554/4816 4146/3990/4847 4178/4585/4848
f 4148/4586/4849 4147/4554/4816 4178/4585/4848
f 4115/4556/4818 4148/4586/4849 4149/4587/4850
f 4150/4557/4819 4149/4587/4850 4182/3997/4851
f 4151/3998/4852 4150/4557/4819 4182/3997/4851
f 4118/4559/4821 4151/3998/4852 4152/4588/4853
f 4119/4560/4822 4152/4588/4853 4185/4002/4854
f 4153/4003/4855 4119/4560/4822 4185/4002/4854
f 4121/4562/4824 4153/4003/4855 4155/4589/4856
f 4122/4563/4825 4155/4589/4856 4156/4590/4857
f 4124/4564/4826 4156/4590/4857 4189/4591/4858
f 4157/4566/4828 4124/4564/4826 4189/4591/4858
f 4158/3955/4207 4157/4566/4828 4191/4592/4859
f 4159/4567/4829 4158/3955/4207 4160/3960/4212
f 4127/4568/4830 4160/3960/4212 4194/4593/4860
f 4161/3961/4213 4127/4568/4830 4194/4593/4860
f 4131/4570/4832 4161/3961/4213 4196/4594/4861
f 4162/3964/4216 4131/4570/4832 4196/4594/4861
f 4163/3966/4218 4132/4571/4833 4162/3964/4216
f 4164/3968/4220 4133/4572/4834 4163/3966/4218
f 4165/3970/4222 4135/4573/4835 4164/3968/4220
f 4167/3972/4224 4166/4574/4836 4165/3970/4222
f 4138/4576/4838 4167/3972/4224 4168/3976/4228
f 4169/4577/4839 4168/3976/4228 4203/4595/4862
f 4170/3977/4229 4169/4577/4839 4203/4595/4862
f 4171/3979/4231 4139/4578/4840 4170/3977/4229
f 4141/4580/4842 4171/3979/4231 4173/3983/4235
f 4174/4581/4843 4173/3983/4235 4207/4596/4863
f 4175/3984/4236 4174/4581/4843 4207/4596/4863
f 4176/3986/4238 4142/4582/4844 4175/3984/4236
f 4145/4584/4846 4176/3986/4238 4210/4597/4864
f 4177/3989/4241 4145/4584/4846 4210/4597/4864
f 4178/4585/4848 4177/3989/4241 4179/3993/4245
f 4148/4586/4849 4179/3993/4245 4213/4598/4865
f 4180/3994/4246 4148/4586/4849 4213/4598/4865
f 4181/3996/4248 4149/4587/4850 4180/3994/4246
f 4151/3998/4852 4181/3996/4248 4216/4599/4866
f 4183/3999/4251 4151/3998/4852 4216/4599/4866
f 4184/4001/4253 4152/4588/4853 4183/3999/4251
f 4153/4003/4855 4184/4001/4253 4219/4600/4867
f 4186/4004/4256 4153/4003/4855 4219/4600/4867
f 4187/4006/4258 4155/4589/4856 4186/4004/4256
f 4188/4008/4260 4156/4590/4857 4187/4006/4258
f 4157/4566/4828 4188/4008/4260 4191/4592/4859
f 4302/4091/4343 4336/4154/4406 4337/4126/4378
f 4506/4601/4868 4302/4091/4343 4337/4126/4378
f 4337/4126/4378 4338/4125/4377 4506/4601/4868
f 4311/4602/4869 4685/4206/4870 4340/4128/4380
f 4341/4129/4381 4340/4128/4380 4685/4206/4870
f 4345/4102/4354 4346/4142/4394 4347/4131/4383
f 4348/4603/4871 4324/4113/4365 4349/4604/4872
f 4440/4605/4873 4324/4113/4365 4322/4112/4364
f 4438/4606/4874 4324/4113/4365 4440/4605/4873
f 4324/4113/4365 4350/4181/4875 4349/4604/4872
f 4352/4111/4363 4440/4605/4873 4322/4112/4364
f 4352/4111/4363 4441/4607/4876 4440/4605/4873
f 4351/4185/4877 4352/4111/4363 4353/4608/4878
f 4352/4111/4363 4354/4187/4879 4353/4608/4878
f 4356/4114/4366 4361/4135/4387 4326/4115/4367
f 4356/4114/4366 4686/4609/4880 4361/4135/4387
f 4355/4174/4881 4356/4114/4366 4357/4176/4882
f 4681/4402/4883 4320/4109/4361 4687/4610/4884
f 4358/4132/4384 4321/4110/4362 4455/4193/4883
f 4326/4115/4367 4688/4611/4885 4327/4116/4368
f 4326/4115/4367 4421/4170/4886 4688/4611/4885
f 4326/4115/4367 4360/4134/4386 4421/4170/4886
f 4320/4109/4361 4457/4196/4887 4687/4610/4884
f 4318/4106/4358 4362/4136/4388 4457/4196/4887
f 4327/4116/4368 4419/4168/4888 4328/4117/4369
f 4364/4138/4390 4328/4117/4369 4419/4168/4888
f 4366/4612/4889 4317/4108/4360 4367/4201/4890
f 4330/4119/4371 4368/4613/4891 4369/4164/4892
f 4370/4202/4893 4316/4105/4357 4371/4614/4894
f 4372/4615/4895 4373/4104/4356 4689/4616/4896
f 4316/4105/4357 4372/4615/4895 4371/4614/4894
f 4375/4162/4897 4374/4120/4372 4415/4617/4898
f 4374/4120/4372 4376/4140/4392 4415/4617/4898
f 4373/4104/4356 4377/4618/4899 4689/4616/4896
f 4380/4619/4900 4347/4131/4383 4379/4143/4395
f 4387/4149/4401 4382/4123/4375 4411/4620/4901
f 4334/4124/4376 4389/4151/4403 4682/4621/4902
f 4392/4100/4352 4393/4622/4903 4394/4205/4904
f 4309/4099/4351 4399/4211/4905 4400/4210/4906
f 4504/4623/4907 4304/4093/4345 4396/4157/4409
f 4396/4157/4409 4401/4160/4412 4504/4623/4907
f 4307/4095/4347 4402/4228/4908 4403/4624/4909
f 4404/4226/4910 4307/4095/4347 4403/4624/4909
f 4489/4625/4911 4308/4097/4349 4683/4096/4348
f 4488/4626/4912 4308/4097/4349 4489/4625/4911
f 4308/4097/4349 4405/4223/4913 4406/4222/4914
f 4407/4221/4915 4308/4097/4349 4406/4222/4914
f 4408/4395/4657 4336/4154/4916 4409/4627/4917
f 4411/4620/4918 4410/4161/4413 4387/4149/4415
f 4412/4628/4919 4413/4391/4653 4381/4144/4920
f 4414/4163/4417 4376/4140/4921 4417/4166/4421
f 4414/4163/4417 4415/4617/4922 4376/4140/4921
f 4416/4165/4420 4365/4139/4923 4364/4138/4422
f 4420/4381/4643 4421/4170/4426 4422/4169/4425
f 4423/4404/4666 4360/4134/4427 4361/4135/4924
f 4432/4183/4440 4348/4603/4925 4349/4604/4926
f 4434/4629/4927 4435/4630/4928 4433/4182/4439
f 4436/4631/4929 4437/4632/4930 4435/4630/4928
f 4439/4242/4504 4440/4605/4931 4441/4607/4932
f 4439/4242/4504 4442/4633/4933 4444/4241/4503
f 4444/4241/4503 4443/4634/4934 4446/4245/4507
f 4446/4245/4507 4445/4635/4935 4447/4184/4441
f 4453/4192/4449 4358/4132/4450 4454/4194/4452
f 4456/4195/4453 4687/4610/4936 4457/4196/4454
f 4362/4136/4456 4459/4198/4457 4458/4197/4455
f 4371/4614/4937 4460/4200/4460 4370/4202/4462
f 4372/4615/4938 4461/4636/4939 4556/4262/4524
f 4689/4616/4940 4461/4636/4939 4372/4615/4938
f 4377/4618/4941 4461/4636/4939 4689/4616/4940
f 4462/4401/4663 4346/4142/4942 4463/4637/4943
f 4464/4400/4662 4383/4145/4944 4344/4638/4945
f 4464/4400/4662 4343/4152/4946 4390/4153/4947
f 4475/4639/4948 4474/4215/4476 4473/4214/4475
f 4482/4640/4949 4483/4641/4950 4481/4224/4485
f 4484/4642/4951 4485/4643/4952 4483/4641/4950
f 4486/4644/4953 4487/4360/4622 4485/4643/4952
f 4487/4360/4622 4489/4625/4954 4490/4645/4955
f 4492/4333/4595 4491/4646/4956 4494/4332/4594
f 4494/4332/4594 4493/4647/4957 4495/4225/4486
f 4505/4237/4499 4398/4159/4958 4506/4601/4959
f 4507/4353/4615 4505/4237/4499 4508/4396/4658
f 4509/4355/4617 4508/4396/4658 4510/4394/4656
f 4511/4356/4618 4510/4394/4656 4512/4390/4652
f 4513/4648/4960 4512/4390/4652 4675/4387/4649
f 4514/4384/4646 4513/4648/4960 4675/4387/4649
f 4516/4380/4642 4515/4386/4648 4514/4384/4646
f 4518/4382/4644 4517/4383/4645 4516/4380/4642
f 4423/4404/4666 4519/4649/4961 4518/4382/4644
f 4519/4649/4961 4520/4341/4603 4517/4383/4645
f 4424/4171/4428 4521/4378/4640 4519/4649/4961
f 4522/4403/4665 4523/4379/4641 4521/4378/4640
f 4427/4175/4432 4524/4650/4962 4522/4403/4665
f 4524/4650/4962 4525/4651/4963 4523/4379/4641
f 4428/4178/4435 4526/4652/4964 4524/4650/4962
f 4526/4652/4964 4527/4653/4965 4525/4651/4963
f 4431/4180/4437 4528/4654/4966 4526/4652/4964
f 4528/4654/4966 4529/4655/4967 4527/4653/4965
f 4432/4183/4440 4530/4656/4968 4528/4654/4966
f 4530/4656/4968 4531/4657/4969 4529/4655/4967
f 4433/4182/4439 4532/4658/4970 4530/4656/4968
f 4532/4658/4970 4533/4659/4971 4531/4657/4969
f 4435/4630/4928 4534/4660/4972 4532/4658/4970
f 4534/4660/4972 4535/4239/4501 4533/4659/4971
f 4437/4632/4930 4536/4240/4502 4534/4660/4972
f 4554/4269/4531 4459/4198/4457 4557/4261/4523
f 4558/4374/4636 4557/4261/4523 4555/4260/4522
f 4560/4661/4973 4555/4260/4522 4559/4263/4525
f 4561/4399/4661 4560/4661/4973 4559/4263/4525
f 4466/4204/4465 4562/4376/4638 4561/4399/4661
f 4563/4398/4660 4564/4377/4639 4562/4376/4638
f 4564/4377/4639 4566/4265/4527 4569/4375/4637
f 4574/4273/4535 4572/4268/4530 4570/4266/4528
f 4576/4283/4545 4573/4270/4532 4574/4273/4535
f 4567/4274/4536 4577/4272/4534 4566/4265/4527
f 4579/4276/4538 4578/4373/4635 4567/4274/4536
f 4581/4277/4539 4579/4276/4538 4565/4275/4537
f 4470/4212/4473 4582/4662/4974 4581/4277/4539
f 4582/4662/4974 4580/4663/4975 4579/4276/4538
f 4472/4213/4474 4583/4370/4632 4582/4662/4974
f 4584/4397/4659 4585/4371/4633 4583/4370/4632
f 4585/4371/4633 4587/4280/4542 4589/4279/4541
f 4597/4289/4551 4596/4285/4547 4594/4284/4546
f 4599/4363/4625 4595/4286/4548 4597/4289/4551
f 4601/4664/4976 4597/4289/4551 4600/4288/4550
f 4602/4368/4630 4601/4664/4976 4600/4288/4550
f 4604/4369/4631 4603/4367/4629 4602/4368/4630
f 4588/4290/4552 4604/4369/4631 4587/4280/4542
f 4607/4292/4554 4606/4365/4627 4588/4290/4552
f 4479/4219/4480 4607/4292/4554 4586/4291/4553
f 4480/4220/4481 4608/4665/4977 4607/4292/4554
f 4608/4665/4977 4609/4366/4628 4606/4365/4627
f 4609/4366/4628 4611/4295/4557 4605/4294/4556
f 4613/4293/4555 4614/4297/4559 4617/4364/4626
f 4533/4659/4971 4620/4300/4562 4621/4301/4563
f 4531/4657/4969 4621/4301/4563 4623/4303/4565
f 4622/4302/4564 4614/4297/4559 4626/4361/4623
f 4612/4308/4570 4628/4307/4569 4611/4295/4557
f 4630/4310/4572 4629/4312/4574 4612/4308/4570
f 4483/4641/4950 4630/4310/4572 4610/4309/4571
f 4485/4643/4952 4631/4313/4575 4630/4310/4572
f 4625/4304/4566 4635/4329/4591 4672/4318/4580
f 4639/4319/4581 4636/4317/4579 4638/4325/4587
f 4640/4321/4583 4624/4362/4624 4639/4319/4581
f 4527/4653/4965 4640/4321/4583 4641/4320/4582
f 4525/4651/4963 4641/4320/4582 4643/4323/4585
f 4642/4322/4584 4638/4325/4587 4646/4358/4620
f 4633/4315/4577 4651/4331/4593 4634/4314/4576
f 4645/4324/4586 4655/4349/4611 4671/4339/4601
f 4659/4340/4602 4656/4338/4600 4658/4343/4605
f 4660/4342/4604 4644/4359/4621 4659/4340/4602
f 4653/4336/4598 4668/4351/4613 4654/4335/4597
f 4666/4347/4609 4670/4354/4616 4664/4346/4608
f 4671/4339/4601 4666/4347/4609 4657/4337/4599
f 4649/4327/4589 4653/4336/4598 4647/4326/4588
f 4646/4358/4620 4671/4339/4601 4656/4338/4600
f 4523/4379/4641 4643/4323/4585 4660/4342/4604
f 4672/4318/4580 4649/4327/4589 4637/4316/4578
f 4628/4307/4569 4633/4315/4577 4627/4306/4568
f 4626/4361/4623 4672/4318/4580 4636/4317/4579
f 4529/4655/4967 4623/4303/4565 4640/4321/4583
f 4481/4224/4485 4610/4309/4571 4608/4665/4977
f 4580/4663/4975 4591/4282/4544 4578/4373/4635
f 4477/4217/4478 4586/4291/4553 4584/4397/4659
f 4593/4372/4634 4574/4273/4535 4577/4272/4534
f 4508/4396/4658 4506/4601/4959 4338/4125/4978
f 4669/4352/4614 4679/4235/4496 4504/4623/4979
f 4366/4612/4980 4459/4198/4457 4680/4199/4459
f 4408/4395/4657 4682/4621/4981 4389/4151/4982
f 4282/4071/4323 4697/4666/4983 4696/4667/4984
f 4392/4100/4352 4706/4668/4985 4705/4669/4986
f 4311/4602/4869 4707/4670/4987 4706/4668/4985
f 4710/4671/4988 4344/4638/4989 4383/4145/4397
f 4312/4101/4353 4713/4672/4990 4712/4673/4990
f 4726/4674/4991 4692/4675/4992 4704/4676/4993
f 4720/4677/4248 4693/4678/4994 4719/4679/4995
f 4731/4680/4996 4699/4681/4997 4700/4682/4998
f 4725/4683/4999 4704/4676/4993 4705/4669/5000
f 4724/4684/5001 4705/4669/5000 4706/4668/4859
f 4723/4685/5002 4707/4670/5003 4708/4686/5004
f 4723/4685/5002 4711/4687/5005 4722/4688/5006
f 4722/4688/5006 4712/4673/5007 4721/4689/5008
f 4721/4689/5008 4713/4672/5009 4720/4677/4248
f 4715/4690/4559 4717/4691/4559 4716/4692/4559
f 4715/4690/5010 4699/4681/4997 4714/4693/5011
f 4716/4692/5012 4698/4694/5013 4715/4690/5010
f 4717/4691/5014 4697/4666/5015 4716/4692/5012
f 4718/4695/5016 4695/4696/5017 4717/4691/5014
f 4719/4679/4995 4694/4697/5018 4718/4695/5016
f 4727/4698/5019 4691/4699/5020 4692/4675/4992
f 4728/4700/5021 4690/4701/5022 4691/4699/5020
f 4729/4702/4220 4702/4069/5023 4703/4070/5024
f 4730/4703/5025 4700/4682/4998 4701/4704/5026
f 4736/4705/5027 4257/4045/4297 4737/4706/5028
f 4738/4707/5029 4224/4012/4264 4739/4708/5029
f 4285/4075/4327 4749/4709/5030 4748/4710/5031
f 4286/4107/4359 4753/4711/5032 4752/4712/5033
f 4319/4077/4329 4754/4713/5034 4286/4107/4359
f 4745/4714/5035 4285/4075/4327 4746/4715/5036
f 4768/4716/4220 4745/4714/5037 4746/4715/5038
f 4762/4717/5002 4732/4718/5039 4761/4719/5040
f 4773/4720/5012 4739/4708/5041 4740/4721/5042
f 4773/4720/4559 4771/4722/4559 4770/4723/4559
f 4772/4724/5043 4740/4721/5042 4741/4725/5044
f 4767/4726/5021 4746/4715/5038 4747/4727/5045
f 4766/4728/5046 4747/4727/5045 4748/4710/5047
f 4765/4729/4991 4749/4709/5048 4750/4730/5049
f 4765/4729/4991 4751/4731/5050 4764/4732/5051
f 4764/4732/5051 4753/4711/5052 4763/4733/5001
f 4763/4733/5001 4755/4734/5053 4762/4717/5002
f 4757/4735/5016 4739/4708/5041 4756/4736/5014
f 4758/4737/4995 4738/4707/5054 4757/4735/5016
f 4759/4738/4248 4736/4705/5055 4758/4737/4995
f 4760/4739/5008 4734/4740/5056 4759/4738/4248
f 4761/4719/5040 4733/4741/5057 4760/4739/5008
f 4769/4742/5025 4744/4743/5058 4745/4714/5037
f 4770/4723/4996 4743/4744/5059 4744/4743/5058
f 4771/4722/5011 4741/4725/5044 4742/4745/5060
f 4777/4746/5061 4239/3987/4239 4778/4747/5061
f 4240/4028/4280 4782/4748/5062 4781/4749/5063
f 4787/4750/5064 4786/4751/5065 4270/4089/4341
f 4269/4058/4310 4786/4751/5065 4785/4752/5066
f 4335/4092/4344 4793/4753/5067 4792/4754/5068
f 4797/4755/5062 4241/4029/4281 4774/4756/5062
f 4815/4757/4999 4778/4747/5069 4779/4758/5070
f 4805/4759/4559 4807/4760/4559 4806/4761/4559
f 4814/4762/5001 4779/4758/5070 4780/4763/5071
f 4799/4746/5019 4778/4747/5069 4798/4764/4991
f 4800/4765/5021 4777/4746/5072 4799/4746/5019
f 4801/4766/4220 4776/4765/5073 4800/4765/5021
f 4802/4767/5025 4774/4756/5074 4801/4766/4220
f 4803/4768/4996 4797/4755/5075 4802/4767/5025
f 4804/4769/5011 4796/4770/5076 4803/4768/4996
f 4805/4759/5010 4794/4771/5077 4804/4769/5011
f 4806/4761/5012 4793/4753/5078 4805/4759/5010
f 4807/4760/5014 4792/4754/5079 4806/4761/5012
f 4807/4760/5014 4790/4772/5080 4791/4773/5081
f 4808/4774/5082 4789/4775/5083 4790/4772/5080
f 4809/4776/4995 4788/4777/5084 4789/4775/5083
f 4810/4778/4248 4785/4752/5085 4786/4751/5086
f 4811/4779/5008 4784/4780/5087 4785/4752/5085
f 4812/4781/5006 4782/4748/5088 4783/4782/5089
f 4813/4783/5002 4780/4763/5071 4781/4749/5004
f 4820/4784/5090 4235/4024/4276 4821/4785/5091
f 4822/4786/5092 4235/4024/4276 4823/4787/5093
f 4824/4788/5094 4204/3978/4230 4825/4789/5094
f 4266/4023/4275 4829/4790/5092 4828/4791/5092
f 4834/4792/5095 4329/4085/4337 4835/4793/5095
f 4299/4086/4338 4838/4794/5096 4297/4118/4370
f 4857/4795/5006 4825/4789/5097 4826/4796/5098
f 4840/4797/4559 4842/4798/4559 4841/4799/4559
f 4841/4799/5001 4825/4789/5097 4840/4797/5002
f 4842/4798/5051 4824/4788/5099 4841/4799/5001
f 4843/4800/4991 4822/4786/5100 4842/4798/5051
f 4844/4801/5019 4820/4784/5101 4843/4800/4991
f 4845/4802/5021 4819/4803/5102 4844/4801/5019
f 4846/4804/4220 4818/4805/5103 4845/4802/5021
f 4847/4806/5025 4817/4807/5104 4846/4804/4220
f 4848/4808/4996 4839/4809/5105 4847/4806/5025
f 4849/4810/5011 4837/4811/5106 4848/4808/4996
f 4849/4810/5011 4835/4793/5107 4836/4812/5108
f 4850/4813/5043 4834/4792/5109 4835/4793/5107
f 4851/4814/5110 4833/4815/5111 4834/4792/5109
f 4852/4816/5014 4831/4817/5112 4832/4818/5113
f 4853/4819/5082 4830/4820/5114 4831/4817/5112
f 4854/4821/4995 4829/4790/5115 4830/4820/5114
f 4855/4822/4248 4828/4791/5116 4829/4790/5115
f 4856/4823/5008 4826/4796/5098 4827/4824/5117
f 4190/3956/4208 4158/3955/4207 4191/4592/4859
f 4158/3955/4207 4192/3958/4210 4160/3960/4212
f 4160/3960/4212 4193/3959/4211 4194/4593/4860
f 4193/3959/4211 4161/3961/4213 4194/4593/4860
f 4161/3961/4213 4195/3963/4215 4196/4594/4861
f 4195/3963/4215 4162/3964/4216 4196/4594/4861
f 4197/3965/4217 4163/3966/4218 4162/3964/4216
f 4198/3967/4219 4164/3968/4220 4163/3966/4218
f 4199/3969/4221 4165/3970/4222 4164/3968/4220
f 4200/3971/4223 4167/3972/4224 4165/3970/4222
f 4167/3972/4224 4201/3974/4226 4168/3976/4228
f 4168/3976/4228 4202/3975/4227 4203/4595/4862
f 4202/3975/4227 4170/3977/4229 4203/4595/4862
f 4204/3978/4230 4171/3979/4231 4170/3977/4229
f 4171/3979/4231 4205/3981/4233 4173/3983/4235
f 4173/3983/4235 4206/3982/4234 4207/4596/4863
f 4206/3982/4234 4175/3984/4236 4207/4596/4863
f 4208/3985/4237 4176/3986/4238 4175/3984/4236
f 4176/3986/4238 4209/3988/4240 4210/4597/4864
f 4209/3988/4240 4177/3989/4241 4210/4597/4864
f 4177/3989/4241 4211/3991/4243 4179/3993/4245
f 4179/3993/4245 4212/3992/4244 4213/4598/4865
f 4212/3992/4244 4180/3994/4246 4213/4598/4865
f 4214/3995/4247 4181/3996/4248 4180/3994/4246
f 4181/3996/4248 4215/3998/4250 4216/4599/4866
f 4215/3998/4250 4183/3999/4251 4216/4599/4866
f 4217/4000/4252 4184/4001/4253 4183/3999/4251
f 4184/4001/4253 4218/4003/4255 4219/4600/4867
f 4218/4003/4255 4186/4004/4256 4219/4600/4867
f 4220/4005/4257 4187/4006/4258 4186/4004/4256
f 4221/4007/4259 4188/4008/4260 4187/4006/4258
f 4188/4008/4260 4190/3956/4208 4191/4592/4859
f 4222/4010/4262 4223/3957/4209 4190/3956/4208
f 4223/3957/4209 4224/4012/4264 4192/3958/4210
f 4224/4012/4264 4193/3959/4211 4192/3958/4210
f 4225/4013/4265 4226/3962/4214 4193/3959/4211
f 4226/3962/4214 4227/4015/4267 4195/3963/4215
f 4195/3963/4215 4228/4016/4268 4197/3965/4217
f 4197/3965/4217 4229/4017/4269 4198/3967/4219
f 4198/3967/4219 4230/4018/4270 4199/3969/4221
f 4199/3969/4221 4231/4019/4271 4200/3971/4223
f 4231/4019/4271 4232/3973/4225 4200/3971/4223
f 4232/3973/4225 4233/4021/4273 4201/3974/4226
f 4201/3974/4226 4234/4022/4274 4202/3975/4227
f 4234/4022/4274 4204/3978/4230 4202/3975/4227
f 4235/4024/4276 4205/3981/4233 4236/3980/4232
f 4205/3981/4233 4237/4026/4278 4206/3982/4234
f 4237/4026/4278 4208/3985/4237 4206/3982/4234
f 4238/4027/4279 4239/3987/4239 4208/3985/4237
f 4241/4029/4281 4242/3990/4242 4209/3988/4240
f 4242/3990/4242 4243/4031/4283 4211/3991/4243
f 4243/4031/4283 4212/3992/4244 4211/3991/4243
f 4212/3992/4244 4244/4033/4285 4214/3995/4247
f 4214/3995/4247 4245/4034/4286 4246/3997/4249
f 4245/4034/4286 4215/3998/4250 4246/3997/4249
f 4215/3998/4250 4247/4036/4288 4217/4000/4252
f 4217/4000/4252 4248/4037/4289 4249/4002/4254
f 4248/4037/4289 4218/4003/4255 4249/4002/4254
f 4218/4003/4255 4250/4039/4291 4220/4005/4257
f 4220/4005/4257 4251/4040/4292 4221/4007/4259
f 4221/4007/4259 4252/4041/4293 4253/4009/4261
f 4252/4041/4293 4190/3956/4208 4253/4009/4261
f 4254/4042/4294 4255/4011/4263 4222/4010/4262
f 4255/4011/4263 4256/4044/4296 4224/4012/4264
f 4257/4045/4297 4258/4014/4266 4225/4013/4265
f 4258/4014/4266 4259/4047/4299 4227/4015/4267
f 4259/4047/4299 4228/4016/4268 4227/4015/4267
f 4260/4048/4300 4229/4017/4269 4228/4016/4268
f 4229/4017/4269 4261/4050/4302 4230/4018/4270
f 4261/4050/4302 4231/4019/4271 4230/4018/4270
f 4262/4051/4303 4263/4020/4272 4231/4019/4271
f 4263/4020/4272 4264/4053/4305 4233/4021/4273
f 4264/4053/4305 4234/4022/4274 4233/4021/4273
f 4234/4022/4274 4265/4055/4307 4266/4023/4275
f 4267/4025/4277 4268/4056/4308 4237/4026/4278
f 4237/4026/4278 4269/4058/4310 4238/4027/4279
f 4271/4059/4311 4272/4030/4282 4241/4029/4281
f 4272/4030/4282 4273/4061/4313 4243/4031/4283
f 4273/4061/4313 4274/4032/4284 4243/4031/4283
f 4275/4062/4314 4244/4033/4285 4274/4032/4284
f 4244/4033/4285 4276/4064/4316 4245/4034/4286
f 4276/4064/4316 4277/4035/4287 4245/4034/4286
f 4278/4065/4317 4247/4036/4288 4277/4035/4287
f 4279/4066/4318 4248/4037/4289 4247/4036/4288
f 4248/4037/4289 4280/4068/4320 4281/4038/4290
f 4281/4038/4290 4701/4704/5118 4250/4039/4291
f 4280/4068/4320 4701/4704/5118 4281/4038/4290
f 4280/4068/4320 4702/4069/4321 4701/4704/5118
f 4282/4071/4323 4252/4041/4293 4251/4040/4292
f 4252/4041/4293 4254/4042/4294 4222/4010/4262
f 4283/4073/4325 4284/4043/4295 4254/4042/4294
f 4284/4043/4295 4285/4075/4327 4256/4044/4296
f 4287/4046/4298 4288/4076/4328 4259/4047/4299
f 4259/4047/4299 4289/4078/4330 4260/4048/4300
f 4289/4078/4330 4290/4049/4301 4260/4048/4300
f 4291/4079/4331 4261/4050/4302 4290/4049/4301
f 4261/4050/4302 4292/4081/4333 4262/4051/4303
f 4292/4081/4333 4293/4052/4304 4262/4051/4303
f 4293/4052/4304 4294/4083/4335 4264/4053/4305
f 4264/4053/4305 4295/4084/4336 4296/4054/4306
f 4295/4084/4336 4265/4055/4307 4296/4054/4306
f 4299/4086/4338 4268/4056/4308 4298/4057/4309
f 4268/4056/4308 4300/4088/4340 4269/4058/4310
f 4300/4088/4340 4270/4089/4341 4269/4058/4310
f 4271/4059/4311 4302/4091/4343 4303/4060/4312
f 4303/4060/4312 4304/4093/4345 4273/4061/4313
f 4304/4093/4345 4275/4062/4314 4273/4061/4313
f 4305/4094/4346 4306/4063/4315 4275/4062/4314
f 4307/4095/4347 4276/4064/4316 4306/4063/4315
f 4276/4064/4316 4308/4097/4349 4278/4065/4317
f 4308/4097/4349 4279/4066/4318 4278/4065/4317
f 4279/4066/4318 4309/4099/4351 4310/4067/4319
f 4309/4099/4351 4280/4068/4320 4310/4067/4319
f 4312/4101/4353 4313/4072/4324 4282/4071/4323
f 4313/4072/4324 4283/4073/4325 4254/4042/4294
f 4314/4103/4355 4315/4074/4326 4283/4073/4325
f 4315/4074/4326 4316/4105/4357 4285/4075/4327
f 4286/4107/4359 4318/4106/4358 4319/4077/4329
f 4318/4106/4358 4288/4076/4328 4319/4077/4329
f 4320/4109/4361 4289/4078/4330 4288/4076/4328
f 4321/4110/4362 4291/4079/4331 4289/4078/4330
f 4291/4079/4331 4322/4112/4364 4323/4080/4332
f 4323/4080/4332 4324/4113/4365 4292/4081/4333
f 4324/4113/4365 4325/4082/4334 4292/4081/4333
f 4325/4082/4334 4326/4115/4367 4294/4083/4335
f 4294/4083/4335 4327/4116/4368 4295/4084/4336
f 4295/4084/4336 4328/4117/4369 4329/4085/4337
f 4328/4117/4369 4297/4118/4370 4329/4085/4337
f 4330/4119/4371 4299/4086/4338 4297/4118/4370
f 4299/4086/4338 4331/4121/4373 4332/4087/4339
f 4331/4121/4373 4300/4088/4340 4332/4087/4339
f 4333/4122/4374 4301/4090/4342 4300/4088/4340
f 4301/4090/4342 4334/4124/4376 4335/4092/4344
f 4347/4131/4383 4283/4073/4325 4345/4102/4354
f 4376/4140/4392 4330/4119/4371 4369/4164/4892
f 4378/4141/4393 4331/4121/4373 4375/4162/4897
f 4333/4122/4374 4378/4141/4393 4412/4628/5119
f 4381/4144/4396 4333/4122/4374 4412/4628/5119
f 4382/4123/4375 4381/4144/4396 4411/4620/4901
f 4388/4150/4414 4410/4161/4413 4389/4151/4982
f 4414/4163/4417 4375/4162/4416 4415/4617/4922
f 4369/4164/4419 4417/4166/4421 4376/4140/4921
f 4416/4165/4420 4369/4164/4419 4368/4613/5120
f 4686/4609/5121 4424/4171/4428 4423/4404/4666
f 4425/4172/4429 4424/4171/4428 4686/4609/5121
f 4427/4175/4432 4357/4176/4433 4429/4177/4434
f 4355/4174/4431 4427/4175/4432 4426/4173/4430
f 4428/4178/4435 4429/4177/4434 4430/4179/4436
f 4431/4180/4437 4430/4179/4436 4348/4603/4925
f 4433/4182/4439 4350/4181/4438 4434/4629/4927
f 4351/4185/4442 4447/4184/4441 4445/4635/4935
f 4353/4608/5122 4448/4186/4443 4351/4185/4442
f 4354/4187/4444 4448/4186/4443 4353/4608/5122
f 4450/4189/4446 4449/4188/4445 4354/4187/4444
f 4451/4191/4448 4452/4190/4447 4450/4189/4446
f 4363/4137/4458 4459/4198/4457 4362/4136/4456
f 4367/4201/4461 4460/4200/4460 4366/4612/4980
f 4341/4129/4463 4466/4204/4465 4464/4400/4662
f 4465/4203/4464 4341/4129/4463 4685/4206/4467
f 4465/4203/4464 4394/4205/4466 4393/4622/5123
f 4393/4622/5123 4467/4207/4468 4465/4203/4464
f 4468/4208/4469 4467/4207/4468 4393/4622/5123
f 4469/4209/4470 4400/4210/4471 4399/4211/4472
f 4470/4212/4473 4399/4211/4472 4471/4825/5124
f 4471/4825/5124 4472/4213/4474 4470/4212/4473
f 4473/4214/4475 4472/4213/4474 4471/4825/5124
f 4477/4217/4478 4476/4216/4477 4478/4218/4479
f 4479/4219/4480 4478/4218/4479 4407/4221/4482
f 4480/4220/4481 4406/4222/4483 4405/4223/4484
f 4407/4221/4482 4480/4220/4481 4479/4219/4480
f 4481/4224/4485 4405/4223/4484 4482/4640/4949
f 4404/4226/4487 4495/4225/4486 4493/4647/4957
f 4403/4624/5125 4496/4227/4488 4404/4226/4487
f 4402/4228/4489 4496/4227/4488 4403/4624/5125
f 4498/4230/4491 4497/4229/4490 4402/4228/4489
f 4499/4232/4493 4500/4231/4492 4498/4230/4491
f 4501/4234/4495 4502/4233/4494 4499/4232/4493
f 4401/4160/4498 4503/4236/4497 4504/4623/4979
f 4535/4239/4501 4537/4238/4500 4538/4244/4506
f 4536/4240/4502 4444/4241/4503 4537/4238/4500
f 4538/4244/4506 4539/4243/4505 4540/4247/4509
f 4537/4238/4500 4446/4245/4507 4539/4243/4505
f 4540/4247/4509 4541/4246/4508 4542/4249/4511
f 4539/4243/4505 4447/4184/4441 4541/4246/4508
f 4542/4249/4511 4543/4248/4510 4544/4251/4513
f 4541/4246/4508 4448/4186/4443 4543/4248/4510
f 4544/4251/4513 4545/4250/4512 4546/4253/4515
f 4543/4248/4510 4449/4188/4445 4545/4250/4512
f 4546/4253/4515 4547/4252/4514 4548/4255/4517
f 4545/4250/4512 4452/4190/4447 4547/4252/4514
f 4548/4255/4517 4549/4254/4516 4550/4257/4519
f 4547/4252/4514 4453/4192/4449 4549/4254/4516
f 4550/4257/4519 4551/4256/4518 4552/4258/4520
f 4549/4254/4516 4454/4194/4452 4551/4256/4518
f 4552/4258/4520 4456/4195/4453 4553/4259/4521
f 4553/4259/4521 4458/4197/4455 4459/4198/4457
f 4555/4260/4522 4460/4200/4460 4556/4262/4524
f 4559/4263/4525 4556/4262/4524 4461/4636/4939
f 4566/4265/4527 4568/4264/4526 4569/4375/4637
f 4570/4266/4528 4571/4267/4529 4568/4264/4526
f 4572/4268/4530 4552/4258/4520 4571/4267/4529
f 4568/4264/4526 4554/4269/4531 4558/4374/4636
f 4573/4270/4532 4550/4257/4519 4572/4268/4530
f 4575/4271/4533 4548/4255/4517 4573/4270/4532
f 4577/4272/4534 4570/4266/4528 4566/4265/4527
f 4565/4275/4537 4567/4274/4536 4564/4377/4639
f 4467/4207/4468 4565/4275/4537 4563/4398/4660
f 4589/4279/4541 4590/4278/4540 4591/4282/4544
f 4591/4282/4544 4592/4281/4543 4593/4372/4634
f 4592/4281/4543 4576/4283/4545 4593/4372/4634
f 4594/4284/4546 4575/4271/4533 4576/4283/4545
f 4595/4286/4548 4544/4251/4513 4596/4285/4547
f 4598/4287/4549 4542/4249/4511 4595/4286/4548
f 4600/4288/4550 4594/4284/4546 4592/4281/4543
f 4586/4291/4553 4588/4290/4552 4585/4371/4633
f 4605/4294/4556 4613/4293/4555 4603/4367/4629
f 4614/4297/4559 4616/4296/4558 4617/4364/4626
f 4618/4298/4560 4619/4299/4561 4616/4296/4558
f 4620/4300/4562 4538/4244/4506 4619/4299/4561
f 4616/4296/4558 4598/4287/4549 4599/4363/4625
f 4621/4301/4563 4618/4298/4560 4622/4302/4564
f 4623/4303/4565 4622/4302/4564 4624/4362/4624
f 4614/4297/4559 4625/4304/4566 4626/4361/4623
f 4615/4305/4567 4627/4306/4568 4625/4304/4566
f 4610/4309/4571 4612/4308/4570 4609/4366/4628
f 4629/4312/4574 4632/4311/4573 4633/4315/4577
f 4627/4306/4568 4634/4314/4576 4635/4329/4591
f 4636/4317/4579 4637/4316/4578 4638/4325/4587
f 4641/4320/4582 4639/4319/4581 4642/4322/4584
f 4643/4323/4585 4642/4322/4584 4644/4359/4621
f 4638/4325/4587 4645/4324/4586 4646/4358/4620
f 4637/4316/4578 4647/4326/4588 4645/4324/4586
f 4635/4329/4591 4648/4328/4590 4649/4327/4589
f 4634/4314/4576 4650/4330/4592 4648/4328/4590
f 4632/4311/4573 4494/4332/4594 4651/4331/4593
f 4651/4331/4593 4495/4225/4486 4650/4330/4592
f 4648/4328/4590 4652/4334/4596 4653/4336/4598
f 4647/4326/4588 4654/4335/4597 4655/4349/4611
f 4656/4338/4600 4657/4337/4599 4658/4343/4605
f 4520/4341/4603 4659/4340/4602 4661/4344/4606
f 4661/4344/4606 4658/4343/4605 4662/4357/4619
f 4658/4343/4605 4663/4345/4607 4662/4357/4619
f 4657/4337/4599 4664/4346/4608 4663/4345/4607
f 4655/4349/4611 4665/4348/4610 4666/4347/4609
f 4654/4335/4597 4667/4350/4612 4665/4348/4610
f 4652/4334/4596 4497/4229/4490 4668/4351/4613
f 4668/4351/4613 4500/4231/4492 4667/4350/4612
f 4665/4348/4610 4669/4352/4614 4670/4354/4616
f 4664/4346/4608 4507/4353/4615 4509/4355/4617
f 4667/4350/4612 4502/4233/4494 4669/4352/4614
f 4670/4354/4616 4503/4236/4497 4507/4353/4615
f 4663/4345/4607 4509/4355/4617 4511/4356/4618
f 4662/4357/4619 4511/4356/4618 4513/4648/4960
f 4650/4330/4592 4496/4227/4488 4652/4334/4596
f 4644/4359/4621 4646/4358/4620 4656/4338/4600
f 4631/4313/4575 4492/4333/4595 4632/4311/4573
f 4624/4362/4624 4626/4361/4623 4636/4317/4579
f 4617/4364/4626 4599/4363/4625 4601/4664/4976
f 4611/4295/4557 4615/4305/4567 4613/4293/4555
f 4606/4365/4627 4605/4294/4556 4604/4369/4631
f 4603/4367/4629 4617/4364/4626 4601/4664/4976
f 4619/4299/4561 4540/4247/4509 4598/4287/4549
f 4590/4278/4540 4600/4288/4550 4592/4281/4543
f 4587/4280/4542 4602/4368/4630 4590/4278/4540
f 4583/4370/4632 4589/4279/4541 4580/4663/4975
f 4578/4373/4635 4593/4372/4634 4577/4272/4534
f 4596/4285/4547 4546/4253/4515 4575/4271/4533
f 4569/4375/4637 4558/4374/4636 4560/4661/4973
f 4562/4376/4638 4569/4375/4637 4560/4661/4973
f 4571/4267/4529 4553/4259/4521 4554/4269/4531
f 4521/4378/4640 4660/4342/4604 4520/4341/4603
f 4420/4381/4643 4516/4380/4642 4673/4385/4647
f 4517/4383/4645 4661/4344/4606 4515/4386/4648
f 4673/4385/4647 4514/4384/4646 4674/4388/4650
f 4515/4386/4648 4662/4357/4619 4513/4648/4960
f 4674/4388/4650 4675/4387/4649 4676/4392/4654
f 4675/4387/4649 4677/4389/4651 4676/4392/4654
f 4676/4392/4654 4413/4391/4653 4414/4163/4417
f 4512/4390/4652 4678/4393/4655 4677/4389/4651
f 4677/4389/4651 4410/4161/4413 4413/4391/4653
f 4510/4394/4656 4408/4395/4657 4678/4393/4655
f 4474/4215/4476 4584/4397/4659 4472/4213/4474
f 4469/4209/4470 4581/4277/4539 4467/4207/4468
f 4465/4203/4464 4563/4398/4660 4466/4204/4465
f 4464/4400/4662 4561/4399/4661 4462/4401/4663
f 4462/4401/4663 4559/4263/4525 4461/4636/4939
f 4551/4256/4518 4681/4402/4664 4456/4195/4453
f 4455/4193/4451 4551/4256/4518 4454/4194/4452
f 4426/4173/4430 4522/4403/4665 4424/4171/4428
f 4422/4169/4425 4518/4382/4644 4420/4381/4643
f 4418/4167/4423 4673/4385/4647 4416/4165/4420
f 4416/4165/4420 4674/4388/4650 4417/4166/4421
f 4417/4166/4421 4676/4392/4654 4414/4163/4417
f 3943/3923/4175 3975/4405/4667 3944/3924/4176
f 3975/4405/4667 3945/3925/4177 3944/3924/4176
f 3976/4407/4669 3946/3926/4178 3945/3925/4177
f 3946/3926/4178 3977/4409/4671 3947/3927/4179
f 3977/4409/4671 3948/3928/4180 3947/3927/4179
f 3948/3928/4180 3978/4411/4673 3949/3929/4181
f 3949/3929/4181 3979/4412/4674 3950/3930/4182
f 3979/4412/4674 3951/3931/4183 3950/3930/4182
f 3980/4413/4675 3952/3932/4184 3951/3931/4183
f 3952/3932/4184 3981/4415/4677 3953/3933/4185
f 3981/4415/4677 3954/3934/4186 3953/3933/4185
f 3954/3934/4186 3982/4417/4679 3955/3935/4187
f 3982/4417/4679 3956/3936/4188 3955/3935/4187
f 3956/3936/4188 3983/4419/4681 3957/3937/4189
f 3957/3937/4189 3984/4420/4682 3958/3938/4190
f 3984/4420/4682 3959/3939/4191 3958/3938/4190
f 3985/4421/4683 3960/3940/4192 3959/3939/4191
f 3960/3940/4192 3986/4423/4685 3961/3941/4193
f 3986/4423/4685 3962/3942/4194 3961/3941/4193
f 3962/3942/4194 3987/4425/4687 3963/3943/4195
f 3987/4425/4687 3964/3944/4196 3963/3943/4195
f 3988/4426/4688 3965/3945/4197 3964/3944/4196
f 3965/3945/4197 3989/4428/4690 3966/3946/4198
f 3989/4428/4690 3967/3947/4199 3966/3946/4198
f 3967/3947/4199 3990/4430/4692 3968/3948/4200
f 3968/3948/4200 3991/4431/4693 3969/3949/4201
f 3991/4431/4693 3970/3950/4202 3969/3949/4201
f 3970/3950/4202 3992/4433/4695 3971/3951/4203
f 3971/3951/4203 3993/4434/4696 3972/3952/4204
f 3993/4434/4696 3973/3953/4205 3972/3952/4204
f 3994/4435/4697 3974/3954/4206 3973/3953/4205
f 3974/3954/4206 3995/4406/4668 3943/3923/4175
f 3996/4437/4699 3975/4405/4667 3995/4406/4668
f 3975/4405/4667 3997/4439/4701 3976/4407/4669
f 3976/4407/4669 3998/4440/4702 3999/4408/4670
f 3999/4408/4670 4000/4441/4703 3977/4409/4671
f 4000/4441/4703 4001/4410/4672 3977/4409/4671
f 4002/4442/4704 3978/4411/4673 4001/4410/4672
f 3978/4411/4673 4003/4444/4706 3979/4412/4674
f 4003/4444/4706 3980/4413/4675 3979/4412/4674
f 3980/4413/4675 4004/4446/4708 4005/4414/4676
f 4004/4446/4708 3981/4415/4677 4005/4414/4676
f 3981/4415/4677 4006/4448/4710 4007/4416/4678
f 4006/4448/4710 3982/4417/4679 4007/4416/4678
f 3982/4417/4679 4008/4450/4712 4009/4418/4680
f 4008/4450/4712 3983/4419/4681 4009/4418/4680
f 3983/4419/4681 4010/4452/4714 3984/4420/4682
f 4010/4452/4714 3985/4421/4683 3984/4420/4682
f 4011/4453/4715 4012/4422/4684 3985/4421/4683
f 4013/4454/4716 3986/4423/4685 4012/4422/4684
f 4014/4455/4717 4015/4424/4686 3986/4423/4685
f 4015/4424/4686 4016/4457/4719 3987/4425/4687
f 4016/4457/4719 3988/4426/4688 3987/4425/4687
f 3988/4426/4688 4017/4459/4721 4018/4427/4689
f 4018/4427/4689 4019/4460/4722 3989/4428/4690
f 4019/4460/4722 4020/4429/4691 3989/4428/4690
f 4021/4461/4723 3990/4430/4692 4020/4429/4691
f 3990/4430/4692 4022/4463/4725 3991/4431/4693
f 4022/4463/4725 4023/4432/4694 3991/4431/4693
f 4023/4432/4694 4024/4465/4727 3992/4433/4695
f 4024/4465/4727 3993/4434/4696 3992/4433/4695
f 4025/4466/4728 3994/4435/4697 3993/4434/4696
f 3994/4435/4697 4026/4468/4730 4027/4436/4698
f 4026/4468/4730 3995/4406/4668 4027/4436/4698
f 3996/4437/4699 4028/4469/4731 4029/4438/4700
f 4028/4469/4731 3997/4439/4701 4029/4438/4700
f 3997/4439/4701 4030/4472/4734 3998/4440/4702
f 4030/4472/4734 4000/4441/4703 3998/4440/4702
f 4000/4441/4703 4031/4474/4736 4002/4442/4704
f 4031/4474/4736 4032/4443/4705 4002/4442/4704
f 4032/4443/4705 4033/4476/4738 4003/4444/4706
f 4033/4476/4738 4034/4445/4707 4003/4444/4706
f 4034/4445/4707 4035/4478/4740 4004/4446/4708
f 4004/4446/4708 4036/4479/4741 4037/4447/4709
f 4036/4479/4741 4006/4448/4710 4037/4447/4709
f 4038/4480/4742 4039/4449/4711 4006/4448/4710
f 4039/4449/4711 4040/4482/4744 4008/4450/4712
f 4040/4482/4744 4041/4451/4713 4008/4450/4712
f 4041/4451/4713 4042/4484/4746 4010/4452/4714
f 4042/4484/4746 4011/4453/4715 4010/4452/4714
f 4011/4453/4715 4043/4486/4748 4013/4454/4716
f 4013/4454/4716 4044/4487/4749 4014/4455/4717
f 4044/4487/4749 4045/4456/4718 4014/4455/4717
f 4046/4488/4750 4016/4457/4719 4045/4456/4718
f 4047/4489/4751 4048/4458/4720 4016/4457/4719
f 4049/4490/4752 4017/4459/4721 4048/4458/4720
f 4017/4459/4721 4050/4492/4754 4019/4460/4722
f 4050/4492/4754 4021/4461/4723 4019/4460/4722
f 4021/4461/4723 4051/4494/4756 4052/4462/4724
f 4051/4494/4756 4022/4463/4725 4052/4462/4724
f 4022/4463/4725 4053/4496/4758 4054/4464/4726
f 4053/4496/4758 4024/4465/4727 4054/4464/4726
f 4055/4497/4759 4025/4466/4728 4024/4465/4727
f 4056/4498/4760 4057/4467/4729 4025/4466/4728
f 4057/4467/4729 4058/4500/4762 4026/4468/4730
f 4026/4468/4730 4059/4470/4732 3996/4437/4699
f 4059/4470/4732 4060/4501/4763 4028/4469/4731
f 4060/4501/4763 4061/4471/4733 4028/4469/4731
f 4061/4471/4733 4062/4504/4766 4030/4472/4734
f 4030/4472/4734 4063/4505/4767 4064/4473/4735
f 4063/4505/4767 4031/4474/4736 4064/4473/4735
f 4065/4506/4768 4066/4475/4737 4031/4474/4736
f 4066/4475/4737 4067/4508/4770 4033/4476/4738
f 4033/4476/4738 4068/4509/4771 4069/4477/4739
f 4068/4509/4771 4035/4478/4740 4069/4477/4739
f 4035/4478/4740 4070/4511/4773 4036/4479/4741
f 4070/4511/4773 4038/4480/4742 4036/4479/4741
f 4071/4512/4774 4072/4481/4743 4038/4480/4742
f 4072/4481/4743 4073/4514/4776 4040/4482/4744
f 4073/4514/4776 4074/4483/4745 4040/4482/4744
f 4074/4483/4745 4075/4516/4778 4042/4484/4746
f 4042/4484/4746 4076/4517/4779 4077/4485/4747
f 4076/4517/4779 4043/4486/4748 4077/4485/4747
f 4043/4486/4748 4078/4519/4781 4044/4487/4749
f 4044/4487/4749 4079/4520/4782 4046/4488/4750
f 4079/4520/4782 4047/4489/4751 4046/4488/4750
f 4080/4521/4783 4049/4490/4752 4047/4489/4751
f 4049/4490/4752 4081/4523/4785 4082/4491/4753
f 4082/4491/4753 4083/4524/4786 4050/4492/4754
f 4050/4492/4754 4084/4525/4787 4085/4493/4755
f 4084/4525/4787 4051/4494/4756 4085/4493/4755
f 4051/4494/4756 4086/4527/4789 4087/4495/4757
f 4086/4527/4789 4053/4496/4758 4087/4495/4757
f 4053/4496/4758 4088/4529/4791 4055/4497/4759
f 4088/4529/4791 4056/4498/4760 4055/4497/4759
f 4089/4530/4792 4090/4499/4761 4056/4498/4760
f 4090/4499/4761 4091/4532/4794 4058/4500/4762
f 4091/4532/4794 4059/4470/4732 4058/4500/4762
f 4092/4502/4764 4093/4533/4795 4060/4501/4763
f 4093/4533/4795 4094/4503/4765 4060/4501/4763
f 4095/4535/4797 4062/4504/4766 4094/4503/4765
f 4062/4504/4766 4096/4537/4799 4063/4505/4767
f 4096/4537/4799 4065/4506/4768 4063/4505/4767
f 4065/4506/4768 4097/4539/4801 4098/4507/4769
f 4098/4507/4769 4099/4540/4802 4067/4508/4770
f 4099/4540/4802 4068/4509/4771 4067/4508/4770
f 4068/4509/4771 4100/4542/4804 4101/4510/4772
f 4101/4510/4772 4102/4543/4805 4070/4511/4773
f 4102/4543/4805 4071/4512/4774 4070/4511/4773
f 4071/4512/4774 4103/4545/4807 4104/4513/4775
f 4103/4545/4807 4073/4514/4776 4104/4513/4775
f 4105/4546/4808 4106/4515/4777 4073/4514/4776
f 4106/4515/4777 4107/4548/4810 4075/4516/4778
f 4107/4548/4810 4076/4517/4779 4075/4516/4778
f 4108/4549/4811 4109/4518/4780 4076/4517/4779
f 4109/4518/4780 4110/4551/4813 4078/4519/4781
f 4078/4519/4781 4111/4552/4814 4079/4520/4782
f 4079/4520/4782 4112/4553/4815 4080/4521/4783
f 4112/4553/4815 4113/4522/4784 4080/4521/4783
f 4113/4522/4784 4114/4555/4817 4081/4523/4785
f 4081/4523/4785 4115/4556/4818 4083/4524/4786
f 4115/4556/4818 4084/4525/4787 4083/4524/4786
f 4084/4525/4787 4116/4558/4820 4117/4526/4788
f 4117/4526/4788 4118/4559/4821 4086/4527/4789
f 4086/4527/4789 4119/4560/4822 4120/4528/4790
f 4119/4560/4822 4088/4529/4791 4120/4528/4790
f 4088/4529/4791 4121/4562/4824 4089/4530/4792
f 4089/4530/4792 4122/4563/4825 4123/4531/4793
f 4123/4531/4793 4124/4564/4826 4091/4532/4794
f 4124/4564/4826 4092/4502/4764 4091/4532/4794
f 4125/4534/4796 4126/4565/4827 4093/4533/4795
f 4126/4565/4827 4095/4535/4797 4093/4533/4795
f 4095/4535/4797 4127/4568/4830 4128/4536/4798
f 4128/4536/4798 4129/4569/4831 4096/4537/4799
f 4129/4569/4831 4130/4538/4800 4096/4537/4799
f 4131/4570/4832 4097/4539/4801 4130/4538/4800
f 4132/4571/4833 4099/4540/4802 4097/4539/4801
f 4133/4572/4834 4134/4541/4803 4099/4540/4802
f 4135/4573/4835 4100/4542/4804 4134/4541/4803
f 4100/4542/4804 4136/4575/4837 4102/4543/4805
f 4136/4575/4837 4137/4544/4806 4102/4543/4805
f 4138/4576/4838 4103/4545/4807 4137/4544/4806
f 4103/4545/4807 4139/4578/4840 4105/4546/4808
f 4139/4578/4840 4140/4547/4809 4105/4546/4808
f 4140/4547/4809 4141/4580/4842 4107/4548/4810
f 4141/4580/4842 4108/4549/4811 4107/4548/4810
f 4108/4549/4811 4142/4582/4844 4143/4550/4812
f 4143/4550/4812 4144/4583/4845 4110/4551/4813
f 4110/4551/4813 4145/4584/4846 4111/4552/4814
f 4111/4552/4814 4146/3990/4847 4112/4553/4815
f 4146/3990/4847 4147/4554/4816 4112/4553/4815
f 4147/4554/4816 4148/4586/4849 4114/4555/4817
f 4148/4586/4849 4115/4556/4818 4114/4555/4817
f 4149/4587/4850 4150/4557/4819 4115/4556/4818
f 4150/4557/4819 4151/3998/4852 4116/4558/4820
f 4151/3998/4852 4118/4559/4821 4116/4558/4820
f 4152/4588/4853 4119/4560/4822 4118/4559/4821
f 4119/4560/4822 4153/4003/4855 4154/4561/4823
f 4153/4003/4855 4121/4562/4824 4154/4561/4823
f 4155/4589/4856 4122/4563/4825 4121/4562/4824
f 4156/4590/4857 4124/4564/4826 4122/4563/4825
f 4124/4564/4826 4157/4566/4828 4125/4534/4796
f 4157/4566/4828 4158/3955/4207 4126/4565/4827
f 4158/3955/4207 4159/4567/4829 4126/4565/4827
f 4160/3960/4212 4127/4568/4830 4159/4567/4829
f 4127/4568/4830 4161/3961/4213 4129/4569/4831
f 4161/3961/4213 4131/4570/4832 4129/4569/4831
f 4131/4570/4832 4162/3964/4216 4132/4571/4833
f 4132/4571/4833 4163/3966/4218 4133/4572/4834
f 4133/4572/4834 4164/3968/4220 4135/4573/4835
f 4135/4573/4835 4165/3970/4222 4166/4574/4836
f 4166/4574/4836 4167/3972/4224 4136/4575/4837
f 4167/3972/4224 4138/4576/4838 4136/4575/4837
f 4168/3976/4228 4169/4577/4839 4138/4576/4838
f 4169/4577/4839 4170/3977/4229 4139/4578/4840
f 4139/4578/4840 4171/3979/4231 4172/4579/4841
f 4171/3979/4231 4141/4580/4842 4172/4579/4841
f 4173/3983/4235 4174/4581/4843 4141/4580/4842
f 4174/4581/4843 4175/3984/4236 4142/4582/4844
f 4142/4582/4844 4176/3986/4238 4144/4583/4845
f 4176/3986/4238 4145/4584/4846 4144/4583/4845
f 4145/4584/4846 4177/3989/4241 4146/3990/4847
f 4177/3989/4241 4178/4585/4848 4146/3990/4847
f 4179/3993/4245 4148/4586/4849 4178/4585/4848
f 4148/4586/4849 4180/3994/4246 4149/4587/4850
f 4149/4587/4850 4181/3996/4248 4182/3997/4851
f 4181/3996/4248 4151/3998/4852 4182/3997/4851
f 4151/3998/4852 4183/3999/4251 4152/4588/4853
f 4152/4588/4853 4184/4001/4253 4185/4002/4854
f 4184/4001/4253 4153/4003/4855 4185/4002/4854
f 4153/4003/4855 4186/4004/4256 4155/4589/4856
f 4155/4589/4856 4187/4006/4258 4156/4590/4857
f 4156/4590/4857 4188/4008/4260 4189/4591/4858
f 4188/4008/4260 4157/4566/4828 4189/4591/4858
f 4334/4124/4376 4302/4091/4343 4335/4092/4344
f 4682/4621/4902 4302/4091/4343 4334/4124/4376
f 4409/4627/5126 4302/4091/4343 4682/4621/4902
f 4336/4154/4406 4302/4091/4343 4409/4627/5126
f 4302/4091/4343 4396/4157/4409 4304/4093/4345
f 4302/4091/4343 4398/4159/4411 4396/4157/4409
f 4302/4091/4343 4506/4601/4868 4398/4159/4411
f 4394/4205/4904 4311/4602/4869 4392/4100/4352
f 4685/4206/4870 4311/4602/4869 4394/4205/4904
f 4385/4147/4399 4345/4102/4354 4312/4101/4353
f 4386/4148/4400 4345/4102/4354 4385/4147/4399
f 4463/4637/5127 4345/4102/4354 4386/4148/4400
f 4346/4142/4394 4345/4102/4354 4463/4637/5127
f 4324/4113/4365 4357/4176/4882 4356/4114/4366
f 4324/4113/4365 4429/4177/5128 4357/4176/4882
f 4324/4113/4365 4430/4179/5129 4429/4177/5128
f 4324/4113/4365 4348/4603/4871 4430/4179/5129
f 4436/4631/5130 4324/4113/4365 4438/4606/4874
f 4434/4629/4875 4324/4113/4365 4436/4631/5130
f 4350/4181/4875 4324/4113/4365 4434/4629/4875
f 4352/4111/4363 4442/4633/5131 4441/4607/4876
f 4352/4111/4363 4443/4634/4877 4442/4633/5131
f 4352/4111/4363 4445/4635/5132 4443/4634/4877
f 4352/4111/4363 4351/4185/4877 4445/4635/5132
f 4359/4133/4385 4352/4111/4363 4321/4110/4362
f 4451/4191/5133 4352/4111/4363 4359/4133/4385
f 4450/4189/5134 4352/4111/4363 4451/4191/5133
f 4354/4187/4879 4352/4111/4363 4450/4189/5134
f 4356/4114/4366 4425/4172/5135 4686/4609/4880
f 4356/4114/4366 4355/4174/4881 4425/4172/5135
f 4320/4109/4361 4455/4193/4883 4321/4110/4362
f 4320/4109/4361 4681/4402/4883 4455/4193/4883
f 4457/4196/4887 4320/4109/4361 4318/4106/4358
f 4419/4168/4888 4327/4116/4368 4688/4611/4885
f 4317/4108/4360 4363/4137/4389 4318/4106/4358
f 4317/4108/4360 4680/4199/5136 4363/4137/4389
f 4317/4108/4360 4366/4612/4889 4680/4199/5136
f 4365/4139/4391 4330/4119/4371 4328/4117/4369
f 4368/4613/4891 4330/4119/4371 4365/4139/4391
f 4316/4105/4357 4367/4201/4890 4317/4108/4360
f 4316/4105/4357 4370/4202/4893 4367/4201/4890
f 4372/4615/4895 4316/4105/4357 4373/4104/4356
f 4374/4120/4372 4375/4162/4897 4331/4121/4373
f 4377/4618/4899 4373/4104/4356 4314/4103/4355
f 4314/4103/4355 4380/4619/4900 4377/4618/4899
f 4347/4131/4383 4380/4619/4900 4314/4103/4355
f 4382/4123/4375 4387/4149/4401 4334/4124/4376
f 4400/4210/4906 4392/4100/4352 4309/4099/4351
f 4468/4208/4903 4392/4100/4352 4400/4210/4906
f 4393/4622/4903 4392/4100/4352 4468/4208/4903
f 4475/4639/5137 4309/4099/4351 4684/4098/4350
f 4473/4214/4905 4309/4099/4351 4475/4639/5137
f 4471/4825/4905 4309/4099/4351 4473/4214/4905
f 4399/4211/4905 4309/4099/4351 4471/4825/4905
f 4304/4093/4345 4501/4234/5138 4305/4094/4346
f 4304/4093/4345 4679/4235/4907 4501/4234/5138
f 4304/4093/4345 4504/4623/4907 4679/4235/4907
f 4501/4234/5138 4307/4095/4347 4305/4094/4346
f 4499/4232/4908 4307/4095/4347 4501/4234/5138
f 4498/4230/4908 4307/4095/4347 4499/4232/4908
f 4402/4228/4908 4307/4095/4347 4498/4230/4908
f 4307/4095/4347 4489/4625/4911 4683/4096/4348
f 4307/4095/4347 4490/4645/4910 4489/4625/4911
f 4307/4095/4347 4491/4646/5139 4490/4645/4910
f 4307/4095/4347 4493/4647/5139 4491/4646/5139
f 4307/4095/4347 4404/4226/4910 4493/4647/5139
f 4486/4644/4913 4308/4097/4349 4488/4626/4912
f 4484/4642/4913 4308/4097/4349 4486/4644/4913
f 4482/4640/5140 4308/4097/4349 4484/4642/4913
f 4405/4223/4913 4308/4097/4349 4482/4640/5140
f 4308/4097/4349 4475/4639/5137 4684/4098/4350
f 4308/4097/4349 4476/4216/5141 4475/4639/5137
f 4308/4097/4349 4478/4218/4915 4476/4216/5141
f 4308/4097/4349 4407/4221/4915 4478/4218/4915
f 4339/4127/5142 4408/4395/4657 4338/4125/4978
f 4391/4155/5143 4408/4395/4657 4339/4127/5142
f 4336/4154/4916 4408/4395/4657 4391/4155/5143
f 4413/4391/4653 4411/4620/4918 4381/4144/4920
f 4410/4161/4413 4411/4620/4918 4413/4391/4653
f 4414/4163/4417 4412/4628/4919 4378/4141/4418
f 4413/4391/4653 4412/4628/4919 4414/4163/4417
f 4365/4139/4923 4416/4165/4420 4368/4613/5120
f 4419/4168/4424 4420/4381/4643 4418/4167/4423
f 4688/4611/5144 4420/4381/4643 4419/4168/4424
f 4421/4170/4426 4420/4381/4643 4688/4611/5144
f 4423/4404/4666 4361/4135/4924 4686/4609/5121
f 4360/4134/4427 4423/4404/4666 4422/4169/4425
f 4432/4183/4440 4349/4604/4926 4350/4181/4438
f 4348/4603/4925 4432/4183/4440 4431/4180/4437
f 4435/4630/4928 4434/4629/4927 4436/4631/4929
f 4437/4632/4930 4436/4631/4929 4438/4606/5145
f 4438/4606/5145 4439/4242/4504 4437/4632/4930
f 4440/4605/4931 4439/4242/4504 4438/4606/5145
f 4442/4633/4933 4439/4242/4504 4441/4607/4932
f 4443/4634/4934 4444/4241/4503 4442/4633/4933
f 4445/4635/4935 4446/4245/4507 4443/4634/4934
f 4359/4133/5146 4453/4192/4449 4451/4191/4448
f 4358/4132/4450 4453/4192/4449 4359/4133/5146
f 4687/4610/4936 4456/4195/4453 4681/4402/4664
f 4556/4262/4524 4371/4614/4937 4372/4615/4938
f 4460/4200/4460 4371/4614/4937 4556/4262/4524
f 4461/4636/4939 4377/4618/4941 4380/4619/5147
f 4379/4143/4942 4461/4636/4939 4380/4619/5147
f 4379/4143/4942 4462/4401/4663 4461/4636/4939
f 4346/4142/4942 4462/4401/4663 4379/4143/4942
f 4386/4148/5148 4462/4401/4663 4463/4637/4943
f 4386/4148/5148 4464/4400/4662 4462/4401/4663
f 4384/4146/5148 4464/4400/4662 4386/4148/5148
f 4383/4145/4944 4464/4400/4662 4384/4146/5148
f 4464/4400/4662 4342/4130/5149 4341/4129/4463
f 4464/4400/4662 4390/4153/4947 4342/4130/5149
f 4343/4152/4946 4464/4400/4662 4344/4638/4945
f 4474/4215/4476 4475/4639/4948 4476/4216/4477
f 4483/4641/4950 4482/4640/4949 4484/4642/4951
f 4485/4643/4952 4484/4642/4951 4486/4644/4953
f 4487/4360/4622 4486/4644/4953 4488/4626/5150
f 4487/4360/4622 4490/4645/4955 4492/4333/4595
f 4489/4625/4954 4487/4360/4622 4488/4626/5150
f 4491/4646/4956 4492/4333/4595 4490/4645/4955
f 4493/4647/4957 4494/4332/4594 4491/4646/4956
f 4395/4156/5151 4505/4237/4499 4401/4160/4498
f 4397/4158/4958 4505/4237/4499 4395/4156/5151
f 4398/4159/4958 4505/4237/4499 4397/4158/4958
f 4505/4237/4499 4507/4353/4615 4503/4236/4497
f 4508/4396/4658 4509/4355/4617 4507/4353/4615
f 4510/4394/4656 4511/4356/4618 4509/4355/4617
f 4512/4390/4652 4513/4648/4960 4511/4356/4618
f 4513/4648/4960 4514/4384/4646 4515/4386/4648
f 4515/4386/4648 4516/4380/4642 4517/4383/4645
f 4517/4383/4645 4518/4382/4644 4519/4649/4961
f 4519/4649/4961 4423/4404/4666 4424/4171/4428
f 4520/4341/4603 4519/4649/4961 4521/4378/4640
f 4521/4378/4640 4424/4171/4428 4522/4403/4665
f 4523/4379/4641 4522/4403/4665 4524/4650/4962
f 4524/4650/4962 4427/4175/4432 4428/4178/4435
f 4525/4651/4963 4524/4650/4962 4526/4652/4964
f 4526/4652/4964 4428/4178/4435 4431/4180/4437
f 4527/4653/4965 4526/4652/4964 4528/4654/4966
f 4528/4654/4966 4431/4180/4437 4432/4183/4440
f 4529/4655/4967 4528/4654/4966 4530/4656/4968
f 4530/4656/4968 4432/4183/4440 4433/4182/4439
f 4531/4657/4969 4530/4656/4968 4532/4658/4970
f 4532/4658/4970 4433/4182/4439 4435/4630/4928
f 4533/4659/4971 4532/4658/4970 4534/4660/4972
f 4534/4660/4972 4435/4630/4928 4437/4632/4930
f 4535/4239/4501 4534/4660/4972 4536/4240/4502
f 4536/4240/4502 4437/4632/4930 4439/4242/4504
f 4459/4198/4457 4554/4269/4531 4553/4259/4521
f 4557/4261/4523 4558/4374/4636 4554/4269/4531
f 4555/4260/4522 4560/4661/4973 4558/4374/4636
f 4560/4661/4973 4561/4399/4661 4562/4376/4638
f 4562/4376/4638 4466/4204/4465 4563/4398/4660
f 4564/4377/4639 4563/4398/4660 4565/4275/4537
f 4566/4265/4527 4564/4377/4639 4567/4274/4536
f 4572/4268/4530 4574/4273/4535 4573/4270/4532
f 4573/4270/4532 4576/4283/4545 4575/4271/4533
f 4577/4272/4534 4567/4274/4536 4578/4373/4635
f 4578/4373/4635 4579/4276/4538 4580/4663/4975
f 4579/4276/4538 4581/4277/4539 4582/4662/4974
f 4582/4662/4974 4470/4212/4473 4472/4213/4474
f 4580/4663/4975 4582/4662/4974 4583/4370/4632
f 4583/4370/4632 4472/4213/4474 4584/4397/4659
f 4585/4371/4633 4584/4397/4659 4586/4291/4553
f 4587/4280/4542 4585/4371/4633 4588/4290/4552
f 4596/4285/4547 4597/4289/4551 4595/4286/4548
f 4595/4286/4548 4599/4363/4625 4598/4287/4549
f 4597/4289/4551 4601/4664/4976 4599/4363/4625
f 4601/4664/4976 4602/4368/4630 4603/4367/4629
f 4603/4367/4629 4604/4369/4631 4605/4294/4556
f 4604/4369/4631 4588/4290/4552 4606/4365/4627
f 4606/4365/4627 4607/4292/4554 4608/4665/4977
f 4607/4292/4554 4479/4219/4480 4480/4220/4481
f 4608/4665/4977 4480/4220/4481 4481/4224/4485
f 4609/4366/4628 4608/4665/4977 4610/4309/4571
f 4611/4295/4557 4609/4366/4628 4612/4308/4570
f 4614/4297/4559 4613/4293/4555 4615/4305/4567
f 4620/4300/4562 4533/4659/4971 4535/4239/4501
f 4621/4301/4563 4531/4657/4969 4533/4659/4971
f 4614/4297/4559 4622/4302/4564 4618/4298/4560
f 4628/4307/4569 4612/4308/4570 4629/4312/4574
f 4629/4312/4574 4630/4310/4572 4631/4313/4575
f 4630/4310/4572 4483/4641/4950 4485/4643/4952
f 4631/4313/4575 4485/4643/4952 4487/4360/4622
f 4635/4329/4591 4625/4304/4566 4627/4306/4568
f 4636/4317/4579 4639/4319/4581 4624/4362/4624
f 4624/4362/4624 4640/4321/4583 4623/4303/4565
f 4640/4321/4583 4527/4653/4965 4529/4655/4967
f 4641/4320/4582 4525/4651/4963 4527/4653/4965
f 4638/4325/4587 4642/4322/4584 4639/4319/4581
f 4651/4331/4593 4633/4315/4577 4632/4311/4573
f 4655/4349/4611 4645/4324/4586 4647/4326/4588
f 4656/4338/4600 4659/4340/4602 4644/4359/4621
f 4644/4359/4621 4660/4342/4604 4643/4323/4585
f 4668/4351/4613 4653/4336/4598 4652/4334/4596
f 4670/4354/4616 4666/4347/4609 4665/4348/4610
f 4666/4347/4609 4671/4339/4601 4655/4349/4611
f 4653/4336/4598 4649/4327/4589 4648/4328/4590
f 4671/4339/4601 4646/4358/4620 4645/4324/4586
f 4643/4323/4585 4523/4379/4641 4525/4651/4963
f 4649/4327/4589 4672/4318/4580 4635/4329/4591
f 4633/4315/4577 4628/4307/4569 4629/4312/4574
f 4672/4318/4580 4626/4361/4623 4625/4304/4566
f 4623/4303/4565 4529/4655/4967 4531/4657/4969
f 4610/4309/4571 4481/4224/4485 4483/4641/4950
f 4591/4282/4544 4580/4663/4975 4589/4279/4541
f 4586/4291/4553 4477/4217/4478 4479/4219/4480
f 4574/4273/4535 4593/4372/4634 4576/4283/4545
f 4508/4396/4658 4338/4125/4978 4408/4395/4657
f 4506/4601/4959 4508/4396/4658 4505/4237/4499
f 4669/4352/4614 4504/4623/4979 4503/4236/4497
f 4679/4235/4496 4669/4352/4614 4502/4233/4494
f 4557/4261/4523 4366/4612/4980 4460/4200/4460
f 4459/4198/4457 4366/4612/4980 4557/4261/4523
f 4678/4393/4655 4389/4151/4982 4410/4161/4413
f 4408/4395/4657 4389/4151/4982 4678/4393/4655
f 4682/4621/4981 4408/4395/4657 4409/4627/4917
f 4700/4682/4983 4250/4039/4291 4701/4704/5118
f 4699/4681/4983 4250/4039/4291 4700/4682/4983
f 4699/4681/4983 4251/4040/4292 4250/4039/4291
f 4698/4694/4983 4251/4040/4292 4699/4681/4983
f 4698/4694/4983 4282/4071/4323 4251/4040/4292
f 4697/4666/4983 4282/4071/4323 4698/4694/4983
f 4280/4068/4320 4690/4701/4986 4703/4070/4322
f 4280/4068/4320 4691/4699/4986 4690/4701/4986
f 4392/4100/4352 4691/4699/4986 4280/4068/4320
f 4392/4100/4352 4692/4675/4986 4691/4699/4986
f 4392/4100/4352 4704/4676/4986 4692/4675/4986
f 4392/4100/4352 4705/4669/4986 4704/4676/4986
f 4706/4668/4985 4392/4100/4352 4311/4602/4869
f 4707/4670/4987 4311/4602/4869 4708/4686/5152
f 4340/4128/4380 4708/4686/5152 4311/4602/4869
f 4340/4128/4380 4709/4826/4989 4708/4686/5152
f 4343/4152/4404 4709/4826/4989 4340/4128/4380
f 4344/4638/4989 4709/4826/4989 4343/4152/4404
f 4710/4671/4988 4385/4147/4399 4312/4101/4353
f 4710/4671/4988 4383/4145/4397 4385/4147/4399
f 4344/4638/4989 4710/4671/4988 4709/4826/4989
f 4312/4101/4353 4711/4687/5153 4710/4671/4988
f 4312/4101/4353 4712/4673/4990 4711/4687/5153
f 4695/4696/4990 4282/4071/4323 4696/4667/4984
f 4694/4697/4990 4282/4071/4323 4695/4696/4990
f 4694/4697/4990 4312/4101/4353 4282/4071/4323
f 4693/4678/5153 4312/4101/4353 4694/4697/4990
f 4713/4672/4990 4312/4101/4353 4693/4678/5153
f 4692/4675/4992 4726/4674/4991 4727/4698/5019
f 4693/4678/4994 4720/4677/4248 4713/4672/5009
f 4699/4681/4997 4731/4680/4996 4714/4693/5011
f 4704/4676/4993 4725/4683/4999 4726/4674/4991
f 4724/4684/5001 4706/4668/4859 4707/4670/5003
f 4705/4669/5000 4724/4684/5001 4725/4683/4999
f 4723/4685/5002 4708/4686/5004 4709/4826/5154
f 4707/4670/5003 4723/4685/5002 4724/4684/5001
f 4710/4671/5155 4723/4685/5002 4709/4826/5154
f 4711/4687/5005 4723/4685/5002 4710/4671/5155
f 4712/4673/5007 4722/4688/5006 4711/4687/5005
f 4713/4672/5009 4721/4689/5008 4712/4673/5007
f 4730/4703/4559 4714/4693/4559 4731/4680/4559
f 4729/4702/4559 4714/4693/4559 4730/4703/4559
f 4728/4700/4559 4714/4693/4559 4729/4702/4559
f 4727/4698/4559 4714/4693/4559 4728/4700/4559
f 4726/4674/4559 4714/4693/4559 4727/4698/4559
f 4725/4683/4559 4714/4693/4559 4726/4674/4559
f 4724/4684/4559 4714/4693/4559 4725/4683/4559
f 4723/4685/4559 4714/4693/4559 4724/4684/4559
f 4722/4688/4559 4714/4693/4559 4723/4685/4559
f 4721/4689/4559 4714/4693/4559 4722/4688/4559
f 4720/4677/4559 4714/4693/4559 4721/4689/4559
f 4719/4679/4559 4714/4693/4559 4720/4677/4559
f 4719/4679/4559 4715/4690/4559 4714/4693/4559
f 4718/4695/4559 4715/4690/4559 4719/4679/4559
f 4717/4691/4559 4715/4690/4559 4718/4695/4559
f 4699/4681/4997 4715/4690/5010 4698/4694/5013
f 4698/4694/5013 4716/4692/5012 4697/4666/5015
f 4696/4667/5156 4717/4691/5014 4695/4696/5017
f 4697/4666/5015 4717/4691/5014 4696/4667/5156
f 4695/4696/5017 4718/4695/5016 4694/4697/5018
f 4694/4697/5018 4719/4679/4995 4693/4678/4994
f 4691/4699/5020 4727/4698/5019 4728/4700/5021
f 4690/4701/5022 4728/4700/5021 4729/4702/4220
f 4729/4702/4220 4703/4070/5024 4690/4701/5022
f 4702/4069/5023 4729/4702/4220 4730/4703/5025
f 4730/4703/5025 4701/4704/5026 4702/4069/5023
f 4700/4682/4998 4730/4703/5025 4731/4680/4996
f 4257/4045/4297 4736/4705/5027 4735/4827/5157
f 4224/4012/4264 4257/4045/4297 4225/4013/4265
f 4742/4745/5158 4224/4012/4264 4256/4044/4296
f 4741/4725/5159 4224/4012/4264 4742/4745/5158
f 4740/4721/5029 4224/4012/4264 4741/4725/5159
f 4739/4708/5029 4224/4012/4264 4740/4721/5029
f 4257/4045/4297 4738/4707/5029 4737/4706/5028
f 4224/4012/4264 4738/4707/5029 4257/4045/4297
f 4752/4712/5033 4317/4108/4360 4286/4107/4359
f 4751/4731/5160 4317/4108/4360 4752/4712/5033
f 4751/4731/5160 4316/4105/4357 4317/4108/4360
f 4750/4730/5160 4316/4105/4357 4751/4731/5160
f 4750/4730/5160 4285/4075/4327 4316/4105/4357
f 4749/4709/5030 4285/4075/4327 4750/4730/5160
f 4753/4711/5032 4286/4107/4359 4754/4713/5034
f 4735/4827/5157 4287/4046/4298 4257/4045/4297
f 4734/4740/5161 4287/4046/4298 4735/4827/5157
f 4734/4740/5161 4319/4077/4329 4287/4046/4298
f 4733/4741/5162 4319/4077/4329 4734/4740/5161
f 4732/4718/5162 4319/4077/4329 4733/4741/5162
f 4755/4734/5162 4319/4077/4329 4732/4718/5162
f 4754/4713/5034 4319/4077/4329 4755/4734/5162
f 4747/4727/5027 4285/4075/4327 4748/4710/5031
f 4256/4044/4296 4743/4744/5036 4742/4745/5158
f 4746/4715/5036 4285/4075/4327 4747/4727/5027
f 4256/4044/4296 4744/4743/5036 4743/4744/5036
f 4285/4075/4327 4744/4743/5036 4256/4044/4296
f 4285/4075/4327 4745/4714/5035 4744/4743/5036
f 4745/4714/5037 4768/4716/4220 4769/4742/5025
f 4732/4718/5039 4762/4717/5002 4755/4734/5053
f 4739/4708/5041 4773/4720/5012 4756/4736/5014
f 4757/4735/4559 4759/4738/4559 4758/4737/5163
f 4757/4735/4559 4760/4739/4559 4759/4738/4559
f 4757/4735/4559 4761/4719/4559 4760/4739/4559
f 4757/4735/4559 4762/4717/4559 4761/4719/4559
f 4757/4735/4559 4763/4733/4559 4762/4717/4559
f 4757/4735/4559 4764/4732/4559 4763/4733/4559
f 4757/4735/4559 4765/4729/4559 4764/4732/4559
f 4756/4736/4559 4765/4729/4559 4757/4735/4559
f 4756/4736/4559 4766/4728/4559 4765/4729/4559
f 4756/4736/4559 4767/4726/4559 4766/4728/4559
f 4756/4736/4559 4768/4716/4559 4767/4726/4559
f 4756/4736/4559 4769/4742/4559 4768/4716/4559
f 4773/4720/4559 4769/4742/4559 4756/4736/4559
f 4773/4720/4559 4770/4723/4559 4769/4742/4559
f 4771/4722/4559 4773/4720/4559 4772/4724/4559
f 4740/4721/5042 4772/4724/5043 4773/4720/5012
f 4746/4715/5038 4767/4726/5021 4768/4716/4220
f 4766/4728/5046 4748/4710/5047 4749/4709/5048
f 4747/4727/5045 4766/4728/5046 4767/4726/5021
f 4749/4709/5048 4765/4729/4991 4766/4728/5046
f 4751/4731/5050 4765/4729/4991 4750/4730/5049
f 4752/4712/4859 4764/4732/5051 4751/4731/5050
f 4753/4711/5052 4764/4732/5051 4752/4712/4859
f 4754/4713/5004 4763/4733/5001 4753/4711/5052
f 4755/4734/5053 4763/4733/5001 4754/4713/5004
f 4739/4708/5041 4757/4735/5016 4738/4707/5054
f 4737/4706/5164 4758/4737/4995 4736/4705/5055
f 4738/4707/5054 4758/4737/4995 4737/4706/5164
f 4735/4827/5165 4759/4738/4248 4734/4740/5056
f 4736/4705/5055 4759/4738/4248 4735/4827/5165
f 4734/4740/5056 4760/4739/5008 4733/4741/5057
f 4733/4741/5057 4761/4719/5040 4732/4718/5039
f 4744/4743/5058 4769/4742/5025 4770/4723/4996
f 4743/4744/5059 4770/4723/4996 4771/4722/5011
f 4771/4722/5011 4742/4745/5060 4743/4744/5059
f 4741/4725/5044 4771/4722/5011 4772/4724/5043
f 4239/3987/4239 4241/4029/4281 4209/3988/4240
f 4781/4749/5063 4239/3987/4239 4240/4028/4280
f 4780/4763/5061 4239/3987/4239 4781/4749/5063
f 4779/4758/5061 4239/3987/4239 4780/4763/5061
f 4778/4747/5061 4239/3987/4239 4779/4758/5061
f 4241/4029/4281 4776/4765/5061 4775/4828/5166
f 4241/4029/4281 4777/4746/5061 4776/4765/5061
f 4239/3987/4239 4777/4746/5061 4241/4029/4281
f 4782/4748/5062 4240/4028/4280 4783/4782/5167
f 4238/4027/4279 4783/4782/5167 4240/4028/4280
f 4269/4058/4310 4783/4782/5167 4238/4027/4279
f 4269/4058/4310 4784/4780/5168 4783/4782/5167
f 4269/4058/4310 4785/4752/5066 4784/4780/5168
f 4786/4751/5065 4269/4058/4310 4270/4089/4341
f 4301/4090/4342 4787/4750/5064 4270/4089/4341
f 4301/4090/4342 4788/4777/5169 4787/4750/5064
f 4301/4090/4342 4789/4775/5067 4788/4777/5169
f 4301/4090/4342 4790/4772/5068 4789/4775/5067
f 4335/4092/4344 4790/4772/5068 4301/4090/4342
f 4335/4092/4344 4791/4773/5068 4790/4772/5068
f 4335/4092/4344 4792/4754/5068 4791/4773/5068
f 4795/4829/5170 4335/4092/4344 4271/4059/4311
f 4794/4771/5171 4335/4092/4344 4795/4829/5170
f 4793/4753/5067 4335/4092/4344 4794/4771/5171
f 4774/4756/5062 4241/4029/4281 4775/4828/5166
f 4271/4059/4311 4796/4770/5062 4795/4829/5170
f 4241/4029/4281 4796/4770/5062 4271/4059/4311
f 4241/4029/4281 4797/4755/5062 4796/4770/5062
f 4778/4747/5069 4815/4757/4999 4798/4764/4991
f 4802/4767/4559 4804/4769/4559 4803/4768/4559
f 4801/4766/4559 4804/4769/4559 4802/4767/4559
f 4800/4765/4559 4804/4769/4559 4801/4766/4559
f 4799/4746/4559 4804/4769/4559 4800/4765/4559
f 4798/4764/4559 4804/4769/4559 4799/4746/4559
f 4815/4757/4559 4804/4769/4559 4798/4764/4559
f 4814/4762/4559 4804/4769/4559 4815/4757/4559
f 4813/4783/4559 4804/4769/4559 4814/4762/4559
f 4812/4781/4559 4804/4769/4559 4813/4783/4559
f 4811/4779/4559 4804/4769/4559 4812/4781/4559
f 4810/4778/4559 4804/4769/4559 4811/4779/4559
f 4809/4776/4559 4804/4769/4559 4810/4778/4559
f 4809/4776/4559 4805/4759/4559 4804/4769/4559
f 4808/4774/4559 4805/4759/4559 4809/4776/4559
f 4807/4760/4559 4805/4759/4559 4808/4774/4559
f 4779/4758/5070 4814/4762/5001 4815/4757/4999
f 4778/4747/5069 4799/4746/5019 4777/4746/5072
f 4777/4746/5072 4800/4765/5021 4776/4765/5073
f 4775/4828/5172 4801/4766/4220 4774/4756/5074
f 4776/4765/5073 4801/4766/4220 4775/4828/5172
f 4774/4756/5074 4802/4767/5025 4797/4755/5075
f 4797/4755/5075 4803/4768/4996 4796/4770/5076
f 4795/4829/5173 4804/4769/5011 4794/4771/5077
f 4796/4770/5076 4804/4769/5011 4795/4829/5173
f 4794/4771/5077 4805/4759/5010 4793/4753/5078
f 4793/4753/5078 4806/4761/5012 4792/4754/5079
f 4792/4754/5079 4807/4760/5014 4791/4773/5081
f 4790/4772/5080 4807/4760/5014 4808/4774/5082
f 4789/4775/5083 4808/4774/5082 4809/4776/4995
f 4788/4777/5084 4809/4776/4995 4810/4778/4248
f 4810/4778/4248 4787/4750/5174 4788/4777/5084
f 4810/4778/4248 4786/4751/5086 4787/4750/5174
f 4785/4752/5085 4810/4778/4248 4811/4779/5008
f 4784/4780/5087 4811/4779/5008 4812/4781/5006
f 4812/4781/5006 4783/4782/5089 4784/4780/5087
f 4782/4748/5088 4812/4781/5006 4813/4783/5002
f 4813/4783/5002 4781/4749/5004 4782/4748/5088
f 4780/4763/5071 4813/4783/5002 4814/4762/5001
f 4298/4057/4309 4818/4805/5175 4816/4830/5176
f 4267/4025/4277 4818/4805/5175 4298/4057/4309
f 4267/4025/4277 4819/4803/5177 4818/4805/5175
f 4235/4024/4276 4819/4803/5177 4267/4025/4277
f 4235/4024/4276 4820/4784/5090 4819/4803/5177
f 4235/4024/4276 4822/4786/5092 4821/4785/5091
f 4204/3978/4230 4235/4024/4276 4236/3980/4232
f 4827/4824/5178 4204/3978/4230 4266/4023/4275
f 4826/4796/5094 4204/3978/4230 4827/4824/5178
f 4825/4789/5094 4204/3978/4230 4826/4796/5094
f 4235/4024/4276 4824/4788/5094 4823/4787/5093
f 4204/3978/4230 4824/4788/5094 4235/4024/4276
f 4266/4023/4275 4828/4791/5092 4827/4824/5178
f 4831/4817/5092 4265/4055/4307 4832/4818/5179
f 4831/4817/5092 4266/4023/4275 4265/4055/4307
f 4830/4820/5092 4266/4023/4275 4831/4817/5092
f 4829/4790/5092 4266/4023/4275 4830/4820/5092
f 4837/4811/5095 4297/4118/4370 4838/4794/5096
f 4836/4812/5095 4297/4118/4370 4837/4811/5095
f 4836/4812/5095 4329/4085/4337 4297/4118/4370
f 4835/4793/5095 4329/4085/4337 4836/4812/5095
f 4329/4085/4337 4832/4818/5179 4265/4055/4307
f 4329/4085/4337 4833/4815/5095 4832/4818/5179
f 4329/4085/4337 4834/4792/5095 4833/4815/5095
f 4816/4830/5176 4299/4086/4338 4298/4057/4309
f 4817/4807/5180 4299/4086/4338 4816/4830/5176
f 4839/4809/5181 4299/4086/4338 4817/4807/5180
f 4838/4794/5096 4299/4086/4338 4839/4809/5181
f 4825/4789/5097 4857/4795/5006 4840/4797/5002
f 4853/4819/4559 4855/4822/4559 4854/4821/5163
f 4853/4819/4559 4856/4823/4559 4855/4822/4559
f 4853/4819/4559 4857/4795/4559 4856/4823/4559
f 4852/4816/4559 4857/4795/4559 4853/4819/4559
f 4852/4816/4559 4840/4797/4559 4857/4795/4559
f 4851/4814/4559 4840/4797/4559 4852/4816/4559
f 4850/4813/4559 4840/4797/4559 4851/4814/4559
f 4849/4810/4559 4840/4797/4559 4850/4813/4559
f 4848/4808/4559 4840/4797/4559 4849/4810/4559
f 4847/4806/4559 4840/4797/4559 4848/4808/4559
f 4846/4804/4559 4840/4797/4559 4847/4806/4559
f 4845/4802/4559 4840/4797/4559 4846/4804/4559
f 4844/4801/4559 4840/4797/4559 4845/4802/4559
f 4843/4800/4559 4840/4797/4559 4844/4801/4559
f 4842/4798/4559 4840/4797/4559 4843/4800/4559
f 4825/4789/5097 4841/4799/5001 4824/4788/5099
f 4823/4787/4859 4842/4798/5051 4822/4786/5100
f 4824/4788/5099 4842/4798/5051 4823/4787/4859
f 4821/4785/5182 4843/4800/4991 4820/4784/5101
f 4822/4786/5100 4843/4800/4991 4821/4785/5182
f 4820/4784/5101 4844/4801/5019 4819/4803/5102
f 4819/4803/5102 4845/4802/5021 4818/4805/5103
f 4816/4830/5183 4846/4804/4220 4817/4807/5104
f 4818/4805/5103 4846/4804/4220 4816/4830/5183
f 4817/4807/5104 4847/4806/5025 4839/4809/5105
f 4838/4794/5184 4848/4808/4996 4837/4811/5106
f 4839/4809/5105 4848/4808/4996 4838/4794/5184
f 4837/4811/5106 4849/4810/5011 4836/4812/5108
f 4835/4793/5107 4849/4810/5011 4850/4813/5043
f 4834/4792/5109 4850/4813/5043 4851/4814/5110
f 4833/4815/5111 4851/4814/5110 4852/4816/5014
f 4852/4816/5014 4832/4818/5113 4833/4815/5111
f 4831/4817/5112 4852/4816/5014 4853/4819/5082
f 4830/4820/5114 4853/4819/5082 4854/4821/4995
f 4829/4790/5115 4854/4821/4995 4855/4822/4248
f 4828/4791/5116 4855/4822/4248 4856/4823/5008
f 4856/4823/5008 4827/4824/5117 4828/4791/5116
f 4826/4796/5098 4856/4823/5008 4857/4795/5006
o Cylinder007
v -100.570831 -32.458248 275.128754
v -98.297935 -32.458271 275.128754
v -98.435013 -33.628372 275.128754
v -98.829697 -34.657299 275.128754
v -99.434387 -35.421028 275.128754
v -100.176140 -35.827400 275.128754
v -100.965515 -35.827400 275.128754
v -101.707275 -35.421028 275.128754
v -102.311981 -34.657299 275.128754
v -102.706657 -33.628372 275.128754
v -102.843735 -32.458248 275.128754
v -102.706657 -31.288170 275.128754
v -102.311981 -30.259220 275.128754
v -101.707275 -29.495516 275.128754
v -100.965523 -29.089119 275.128754
v -100.176140 -29.089119 275.128754
v -99.434387 -29.495493 275.128754
v -98.829689 -30.259220 275.128754
v -98.435005 -31.288191 275.128754
v -98.297943 -32.458271 272.655273
v -98.435013 -33.628372 272.655273
v -98.829697 -34.657299 272.655273
v -99.434387 -35.421047 272.655273
v -100.176140 -35.827400 272.655273
v -100.965515 -35.827400 272.655273
v -101.707275 -35.421047 272.655273
v -102.311981 -34.657299 272.655273
v -102.706665 -33.628372 272.655273
v -102.843735 -32.458248 272.655273
v -102.706665 -31.288168 272.655273
v -102.311981 -30.259220 272.655273
v -101.707275 -29.495514 272.655273
v -100.965523 -29.089119 272.655273
v -100.176140 -29.089119 272.655273
v -99.434387 -29.495491 272.655273
v -98.829689 -30.259220 272.655273
v -98.435005 -31.288191 272.655273
v -98.297943 -32.458290 270.181793
v -98.435013 -33.628372 270.181793
v -98.829697 -34.657299 270.181793
v -99.434387 -35.421047 270.181793
v -100.176140 -35.827400 270.181793
v -100.965515 -35.827400 270.181793
v -101.707283 -35.421047 270.181793
v -102.311981 -34.657299 270.181793
v -102.706665 -33.628372 270.181793
v -102.843735 -32.458248 270.181793
v -102.706665 -31.288168 270.181793
v -102.311981 -30.259220 270.181793
v -101.707275 -29.495514 270.181793
v -100.965515 -29.089117 270.181793
v -100.176140 -29.089117 270.181793
v -99.434387 -29.495491 270.181793
v -98.829689 -30.259220 270.181793
v -98.435005 -31.288189 270.181793
v -98.297943 -32.458290 267.708344
v -98.435013 -33.628372 267.708344
v -98.829689 -34.657295 267.708344
v -99.434387 -35.421047 267.708313
v -100.176140 -35.827396 267.708344
v -100.965515 -35.827396 267.708313
v -101.707283 -35.421047 267.708313
v -102.311981 -34.657295 267.708344
v -102.706665 -33.628372 267.708344
v -102.843735 -32.458248 267.708344
v -102.706665 -31.288166 267.708344
v -102.311981 -30.259218 267.708344
v -101.707283 -29.495514 267.708344
v -100.965515 -29.089117 267.708344
v -100.176140 -29.089117 267.708344
v -99.434387 -29.495491 267.708344
v -98.829689 -30.259218 267.708344
v -98.435005 -31.288166 267.708344
v -98.297943 -32.458290 265.234863
v -98.435013 -33.628368 265.234863
v -98.829689 -34.657295 265.234863
v -99.434387 -35.421047 265.234863
v -100.176140 -35.827396 265.234863
v -100.965515 -35.827396 265.234863
v -101.707283 -35.421047 265.234863
v -102.311981 -34.657295 265.234863
v -102.706665 -33.628368 265.234863
v -102.843735 -32.458267 265.234863
v -102.706665 -31.288166 265.234863
v -102.311981 -30.259218 265.234863
v -101.707283 -29.495512 265.234863
v -100.965515 -29.089115 265.234863
v -100.176140 -29.089115 265.234863
v -99.434387 -29.495491 265.234863
v -98.829689 -30.259218 265.234863
v -98.435005 -31.288166 265.234863
v -98.297943 -32.458290 262.761383
v -98.435013 -33.628368 262.761383
v -98.829689 -34.657318 262.761383
v -99.434387 -35.421043 262.761383
v -100.176140 -35.827396 262.761383
v -100.965515 -35.827396 262.761383
v -101.707283 -35.421043 262.761383
v -102.311981 -34.657318 262.761383
v -102.706665 -33.628368 262.761383
v -102.843735 -32.458267 262.761383
v -102.706665 -31.288166 262.761383
v -102.311981 -30.259216 262.761383
v -101.707283 -29.495512 262.761383
v -100.965515 -29.089115 262.761383
v -100.176147 -29.089115 262.761383
v -99.434387 -29.495489 262.761383
v -98.829689 -30.259216 262.761383
v -98.435013 -31.288166 262.761383
v -100.570831 -32.458267 262.761383
vn -0.0000 -0.0000 1.0000
vn 1.0000 -0.0000 -0.0000
vn 0.9710 -0.2391 -0.0000
vn 0.8688 -0.4951 -0.0000
vn 0.6451 -0.7641 -0.0000
vn 0.2480 -0.9688 -0.0000
vn -0.2480 -0.9688 -0.0000
vn -0.6451 -0.7641 -0.0000
vn -0.8688 -0.4951 -0.0000
vn -0.9710 -0.2391 -0.0000
vn -1.0000 -0.0000 -0.0000
vn -0.9710 0.2391 -0.0000
vn -0.8688 0.4951 -0.0000
vn -0.6451 0.7641 -0.0000
vn -0.2480 0.9688 -0.0000
vn 0.2480 0.9688 -0.0000
vn 0.6451 0.7641 -0.0000
vn 0.8688 0.4951 -0.0000
vn 0.9710 0.2391 -0.0000
vn -0.0000 -0.0000 -1.0000
vt 0.500000 0.000000
vt 0.694444 0.000000
vt 0.750000 0.000000
vt 0.638889 0.000000
vt 0.583333 0.000000
vt 0.527778 0.000000
vt 0.472222 0.000000
vt 0.416667 0.000000
vt 0.361111 0.000000
vt 0.305556 0.000000
vt 0.250000 0.000000
vt 0.194444 0.000000
vt 0.138889 0.000000
vt 0.083333 0.000000
vt 0.027778 0.000000
vt -0.027778 0.000000
vt 0.916667 0.000000
vt 0.972222 0.000000
vt 0.861111 0.000000
vt 0.805556 0.000000
vt 0.694444 0.200000
vt 0.750000 0.200000
vt 0.638889 0.200000
vt 0.583333 0.200000
vt 0.527778 0.200000
vt 0.472222 0.200000
vt 0.416667 0.200000
vt 0.361111 0.200000
vt 0.305556 0.200000
vt 0.250000 0.200000
vt 0.194444 0.200000
vt 0.138889 0.200000
vt 0.083333 0.200000
vt 0.027778 0.200000
vt -0.027778 0.200000
vt 0.916667 0.200000
vt 0.972222 0.200000
vt 0.861111 0.200000
vt 0.805556 0.200000
vt 0.694444 0.400000
vt 0.750000 0.400000
vt 0.638889 0.400000
vt 0.583333 0.400000
vt 0.527778 0.400000
vt 0.472222 0.400000
vt 0.416667 0.400000
vt 0.361111 0.400000
vt 0.305556 0.400000
vt 0.250000 0.400000
vt 0.194444 0.400000
vt 0.138889 0.400000
vt 0.083333 0.400000
vt 0.027778 0.400000
vt -0.027778 0.400000
vt 0.916667 0.400000
vt 0.972222 0.400000
vt 0.861111 0.400000
vt 0.805556 0.400000
vt 0.694444 0.600000
vt 0.750000 0.600000
vt 0.638889 0.600000
vt 0.583333 0.600000
vt 0.527778 0.600000
vt 0.472222 0.600000
vt 0.416667 0.600000
vt 0.361111 0.600000
vt 0.305556 0.600000
vt 0.250000 0.600000
vt 0.194444 0.600000
vt 0.138889 0.600000
vt 0.083333 0.600000
vt 0.027778 0.600000
vt -0.027778 0.600000
vt 0.916667 0.600000
vt 0.972222 0.600000
vt 0.861111 0.600000
vt 0.805556 0.600000
vt 0.694444 0.800000
vt 0.750000 0.800000
vt 0.638889 0.800000
vt 0.583333 0.800000
vt 0.527778 0.800000
vt 0.472222 0.800000
vt 0.416667 0.800000
vt 0.361111 0.800000
vt 0.305556 0.800000
vt 0.250000 0.800000
vt 0.194444 0.800000
vt 0.138889 0.800000
vt 0.083333 0.800000
vt 0.027778 0.800000
vt -0.027778 0.800000
vt 0.916667 0.800000
vt 0.972222 0.800000
vt 0.861111 0.800000
vt 0.805556 0.800000
vt 0.694444 1.000000
vt 0.750000 1.000000
vt 0.638889 1.000000
vt 0.583333 1.000000
vt 0.527778 1.000000
vt 0.472222 1.000000
vt 0.416667 1.000000
vt 0.361111 1.000000
vt 0.305556 1.000000
vt 0.250000 1.000000
vt 0.194444 1.000000
vt 0.138889 1.000000
vt 0.083333 1.000000
vt 0.027778 1.000000
vt -0.027778 1.000000
vt 0.916667 1.000000
vt 0.972222 1.000000
vt 0.861111 1.000000
vt 0.805556 1.000000
vt 0.500000 1.000000
s 1
usemtl Material_#25
f 4858/4831/5185 4860/4832/5185 4859/4833/5185
f 4858/4831/5185 4861/4834/5185 4860/4832/5185
f 4858/4831/5185 4862/4835/5185 4861/4834/5185
f 4858/4831/5185 4863/4836/5185 4862/4835/5185
f 4858/4831/5185 4864/4837/5185 4863/4836/5185
f 4858/4831/5185 4865/4838/5185 4864/4837/5185
f 4858/4831/5185 4866/4839/5185 4865/4838/5185
f 4858/4831/5185 4867/4840/5185 4866/4839/5185
f 4858/4831/5185 4868/4841/5185 4867/4840/5185
f 4858/4831/5185 4869/4842/5185 4868/4841/5185
f 4858/4831/5185 4870/4843/5185 4869/4842/5185
f 4858/4831/5185 4871/4844/5185 4870/4843/5185
f 4858/4831/5185 4872/4845/5185 4871/4844/5185
f 4858/4831/5185 4873/4846/5185 4872/4845/5185
f 4858/4831/5185 4874/4847/5185 4873/4848/5185
f 4858/4831/5185 4875/4849/5185 4874/4847/5185
f 4858/4831/5185 4876/4850/5185 4875/4849/5185
f 4858/4831/5185 4859/4833/5185 4876/4850/5185
f 4859/4833/5186 4878/4851/5187 4877/4852/5186
f 4859/4833/5186 4860/4832/5187 4878/4851/5187
f 4860/4832/5187 4879/4853/5188 4878/4851/5187
f 4860/4832/5187 4861/4834/5188 4879/4853/5188
f 4861/4834/5188 4880/4854/5189 4879/4853/5188
f 4861/4834/5188 4862/4835/5189 4880/4854/5189
f 4862/4835/5189 4881/4855/5190 4880/4854/5189
f 4862/4835/5189 4863/4836/5190 4881/4855/5190
f 4863/4836/5190 4882/4856/5191 4881/4855/5190
f 4863/4836/5190 4864/4837/5191 4882/4856/5191
f 4864/4837/5191 4883/4857/5192 4882/4856/5191
f 4864/4837/5191 4865/4838/5192 4883/4857/5192
f 4865/4838/5192 4884/4858/5193 4883/4857/5192
f 4865/4838/5192 4866/4839/5193 4884/4858/5193
f 4866/4839/5193 4885/4859/5194 4884/4858/5193
f 4866/4839/5193 4867/4840/5194 4885/4859/5194
f 4867/4840/5194 4886/4860/5195 4885/4859/5194
f 4867/4840/5194 4868/4841/5195 4886/4860/5195
f 4868/4841/5195 4887/4861/5196 4886/4860/5195
f 4868/4841/5195 4869/4842/5196 4887/4861/5196
f 4869/4842/5196 4888/4862/5197 4887/4861/5196
f 4869/4842/5196 4870/4843/5197 4888/4862/5197
f 4870/4843/5197 4889/4863/5198 4888/4862/5197
f 4870/4843/5197 4871/4844/5198 4889/4863/5198
f 4871/4844/5198 4890/4864/5199 4889/4863/5198
f 4871/4844/5198 4872/4845/5199 4890/4864/5199
f 4872/4845/5199 4891/4865/5200 4890/4864/5199
f 4872/4845/5199 4873/4846/5200 4891/4865/5200
f 4873/4848/5200 4892/4866/5201 4891/4867/5200
f 4873/4848/5200 4874/4847/5201 4892/4866/5201
f 4874/4847/5201 4893/4868/5202 4892/4866/5201
f 4874/4847/5201 4875/4849/5202 4893/4868/5202
f 4875/4849/5202 4894/4869/5203 4893/4868/5202
f 4875/4849/5202 4876/4850/5203 4894/4869/5203
f 4876/4850/5203 4877/4852/5186 4894/4869/5203
f 4876/4850/5203 4859/4833/5186 4877/4852/5186
f 4877/4852/5186 4896/4870/5187 4895/4871/5186
f 4877/4852/5186 4878/4851/5187 4896/4870/5187
f 4878/4851/5187 4897/4872/5188 4896/4870/5187
f 4878/4851/5187 4879/4853/5188 4897/4872/5188
f 4879/4853/5188 4898/4873/5189 4897/4872/5188
f 4879/4853/5188 4880/4854/5189 4898/4873/5189
f 4880/4854/5189 4899/4874/5190 4898/4873/5189
f 4880/4854/5189 4881/4855/5190 4899/4874/5190
f 4881/4855/5190 4900/4875/5191 4899/4874/5190
f 4881/4855/5190 4882/4856/5191 4900/4875/5191
f 4882/4856/5191 4901/4876/5192 4900/4875/5191
f 4882/4856/5191 4883/4857/5192 4901/4876/5192
f 4883/4857/5192 4902/4877/5193 4901/4876/5192
f 4883/4857/5192 4884/4858/5193 4902/4877/5193
f 4884/4858/5193 4903/4878/5194 4902/4877/5193
f 4884/4858/5193 4885/4859/5194 4903/4878/5194
f 4885/4859/5194 4904/4879/5195 4903/4878/5194
f 4885/4859/5194 4886/4860/5195 4904/4879/5195
f 4886/4860/5195 4905/4880/5196 4904/4879/5195
f 4886/4860/5195 4887/4861/5196 4905/4880/5196
f 4887/4861/5196 4906/4881/5197 4905/4880/5196
f 4887/4861/5196 4888/4862/5197 4906/4881/5197
f 4888/4862/5197 4907/4882/5198 4906/4881/5197
f 4888/4862/5197 4889/4863/5198 4907/4882/5198
f 4889/4863/5198 4908/4883/5199 4907/4882/5198
f 4889/4863/5198 4890/4864/5199 4908/4883/5199
f 4890/4864/5199 4909/4884/5200 4908/4883/5199
f 4890/4864/5199 4891/4865/5200 4909/4884/5200
f 4891/4867/5200 4910/4885/5201 4909/4886/5200
f 4891/4867/5200 4892/4866/5201 4910/4885/5201
f 4892/4866/5201 4911/4887/5202 4910/4885/5201
f 4892/4866/5201 4893/4868/5202 4911/4887/5202
f 4893/4868/5202 4912/4888/5203 4911/4887/5202
f 4893/4868/5202 4894/4869/5203 4912/4888/5203
f 4894/4869/5203 4895/4871/5186 4912/4888/5203
f 4894/4869/5203 4877/4852/5186 4895/4871/5186
f 4895/4871/5186 4914/4889/5187 4913/4890/5186
f 4895/4871/5186 4896/4870/5187 4914/4889/5187
f 4896/4870/5187 4915/4891/5188 4914/4889/5187
f 4896/4870/5187 4897/4872/5188 4915/4891/5188
f 4897/4872/5188 4916/4892/5189 4915/4891/5188
f 4897/4872/5188 4898/4873/5189 4916/4892/5189
f 4898/4873/5189 4917/4893/5190 4916/4892/5189
f 4898/4873/5189 4899/4874/5190 4917/4893/5190
f 4899/4874/5190 4918/4894/5191 4917/4893/5190
f 4899/4874/5190 4900/4875/5191 4918/4894/5191
f 4900/4875/5191 4919/4895/5192 4918/4894/5191
f 4900/4875/5191 4901/4876/5192 4919/4895/5192
f 4901/4876/5192 4920/4896/5193 4919/4895/5192
f 4901/4876/5192 4902/4877/5193 4920/4896/5193
f 4902/4877/5193 4921/4897/5194 4920/4896/5193
f 4902/4877/5193 4903/4878/5194 4921/4897/5194
f 4903/4878/5194 4922/4898/5195 4921/4897/5194
f 4903/4878/5194 4904/4879/5195 4922/4898/5195
f 4904/4879/5195 4923/4899/5196 4922/4898/5195
f 4904/4879/5195 4905/4880/5196 4923/4899/5196
f 4905/4880/5196 4924/4900/5197 4923/4899/5196
f 4905/4880/5196 4906/4881/5197 4924/4900/5197
f 4906/4881/5197 4925/4901/5198 4924/4900/5197
f 4906/4881/5197 4907/4882/5198 4925/4901/5198
f 4907/4882/5198 4926/4902/5199 4925/4901/5198
f 4907/4882/5198 4908/4883/5199 4926/4902/5199
f 4908/4883/5199 4927/4903/5200 4926/4902/5199
f 4908/4883/5199 4909/4884/5200 4927/4903/5200
f 4909/4886/5200 4928/4904/5201 4927/4905/5200
f 4909/4886/5200 4910/4885/5201 4928/4904/5201
f 4910/4885/5201 4929/4906/5202 4928/4904/5201
f 4910/4885/5201 4911/4887/5202 4929/4906/5202
f 4911/4887/5202 4930/4907/5203 4929/4906/5202
f 4911/4887/5202 4912/4888/5203 4930/4907/5203
f 4912/4888/5203 4913/4890/5186 4930/4907/5203
f 4912/4888/5203 4895/4871/5186 4913/4890/5186
f 4913/4890/5186 4932/4908/5187 4931/4909/5186
f 4913/4890/5186 4914/4889/5187 4932/4908/5187
f 4914/4889/5187 4933/4910/5188 4932/4908/5187
f 4914/4889/5187 4915/4891/5188 4933/4910/5188
f 4915/4891/5188 4934/4911/5189 4933/4910/5188
f 4915/4891/5188 4916/4892/5189 4934/4911/5189
f 4916/4892/5189 4935/4912/5190 4934/4911/5189
f 4916/4892/5189 4917/4893/5190 4935/4912/5190
f 4917/4893/5190 4936/4913/5191 4935/4912/5190
f 4917/4893/5190 4918/4894/5191 4936/4913/5191
f 4918/4894/5191 4937/4914/5192 4936/4913/5191
f 4918/4894/5191 4919/4895/5192 4937/4914/5192
f 4919/4895/5192 4938/4915/5193 4937/4914/5192
f 4919/4895/5192 4920/4896/5193 4938/4915/5193
f 4920/4896/5193 4939/4916/5194 4938/4915/5193
f 4920/4896/5193 4921/4897/5194 4939/4916/5194
f 4921/4897/5194 4940/4917/5195 4939/4916/5194
f 4921/4897/5194 4922/4898/5195 4940/4917/5195
f 4922/4898/5195 4941/4918/5196 4940/4917/5195
f 4922/4898/5195 4923/4899/5196 4941/4918/5196
f 4923/4899/5196 4942/4919/5197 4941/4918/5196
f 4923/4899/5196 4924/4900/5197 4942/4919/5197
f 4924/4900/5197 4943/4920/5198 4942/4919/5197
f 4924/4900/5197 4925/4901/5198 4943/4920/5198
f 4925/4901/5198 4944/4921/5199 4943/4920/5198
f 4925/4901/5198 4926/4902/5199 4944/4921/5199
f 4926/4902/5199 4945/4922/5200 4944/4921/5199
f 4926/4902/5199 4927/4903/5200 4945/4922/5200
f 4927/4905/5200 4946/4923/5201 4945/4924/5200
f 4927/4905/5200 4928/4904/5201 4946/4923/5201
f 4928/4904/5201 4947/4925/5202 4946/4923/5201
f 4928/4904/5201 4929/4906/5202 4947/4925/5202
f 4929/4906/5202 4948/4926/5203 4947/4925/5202
f 4929/4906/5202 4930/4907/5203 4948/4926/5203
f 4930/4907/5203 4931/4909/5186 4948/4926/5203
f 4930/4907/5203 4913/4890/5186 4931/4909/5186
f 4931/4909/5186 4950/4927/5187 4949/4928/5186
f 4931/4909/5186 4932/4908/5187 4950/4927/5187
f 4932/4908/5187 4951/4929/5188 4950/4927/5187
f 4932/4908/5187 4933/4910/5188 4951/4929/5188
f 4933/4910/5188 4952/4930/5189 4951/4929/5188
f 4933/4910/5188 4934/4911/5189 4952/4930/5189
f 4934/4911/5189 4953/4931/5190 4952/4930/5189
f 4934/4911/5189 4935/4912/5190 4953/4931/5190
f 4935/4912/5190 4954/4932/5191 4953/4931/5190
f 4935/4912/5190 4936/4913/5191 4954/4932/5191
f 4936/4913/5191 4955/4933/5192 4954/4932/5191
f 4936/4913/5191 4937/4914/5192 4955/4933/5192
f 4937/4914/5192 4956/4934/5193 4955/4933/5192
f 4937/4914/5192 4938/4915/5193 4956/4934/5193
f 4938/4915/5193 4957/4935/5194 4956/4934/5193
f 4938/4915/5193 4939/4916/5194 4957/4935/5194
f 4939/4916/5194 4958/4936/5195 4957/4935/5194
f 4939/4916/5194 4940/4917/5195 4958/4936/5195
f 4940/4917/5195 4959/4937/5196 4958/4936/5195
f 4940/4917/5195 4941/4918/5196 4959/4937/5196
f 4941/4918/5196 4960/4938/5197 4959/4937/5196
f 4941/4918/5196 4942/4919/5197 4960/4938/5197
f 4942/4919/5197 4961/4939/5198 4960/4938/5197
f 4942/4919/5197 4943/4920/5198 4961/4939/5198
f 4943/4920/5198 4962/4940/5199 4961/4939/5198
f 4943/4920/5198 4944/4921/5199 4962/4940/5199
f 4944/4921/5199 4963/4941/5200 4962/4940/5199
f 4944/4921/5199 4945/4922/5200 4963/4941/5200
f 4945/4924/5200 4964/4942/5201 4963/4943/5200
f 4945/4924/5200 4946/4923/5201 4964/4942/5201
f 4946/4923/5201 4965/4944/5202 4964/4942/5201
f 4946/4923/5201 4947/4925/5202 4965/4944/5202
f 4947/4925/5202 4966/4945/5203 4965/4944/5202
f 4947/4925/5202 4948/4926/5203 4966/4945/5203
f 4948/4926/5203 4949/4928/5186 4966/4945/5203
f 4948/4926/5203 4931/4909/5186 4949/4928/5186
f 4967/4946/5204 4949/4928/5204 4950/4927/5204
f 4967/4946/5204 4950/4927/5204 4951/4929/5204
f 4967/4946/5204 4951/4929/5204 4952/4930/5204
f 4967/4946/5204 4952/4930/5204 4953/4931/5204
f 4967/4946/5204 4953/4931/5204 4954/4932/5204
f 4967/4946/5204 4954/4932/5204 4955/4933/5204
f 4967/4946/5204 4955/4933/5204 4956/4934/5204
f 4967/4946/5204 4956/4934/5204 4957/4935/5204
f 4967/4946/5204 4957/4935/5204 4958/4936/5204
f 4967/4946/5204 4958/4936/5204 4959/4937/5204
f 4967/4946/5204 4959/4937/5204 4960/4938/5204
f 4967/4946/5204 4960/4938/5204 4961/4939/5204
f 4967/4946/5204 4961/4939/5204 4962/4940/5204
f 4967/4946/5204 4962/4940/5204 4963/4941/5204
f 4967/4946/5204 4963/4943/5204 4964/4942/5204
f 4967/4946/5204 4964/4942/5204 4965/4944/5204
f 4967/4946/5204 4965/4944/5204 4966/4945/5204
f 4967/4946/5204 4966/4945/5204 4949/4928/5204
o Cylinder010
v -100.570786 -39.140968 275.128784
v -98.297867 -39.140968 275.128784
v -98.434952 -40.311047 275.128784
v -98.829651 -41.339951 275.128784
v -99.434326 -42.103699 275.128784
v -100.176109 -42.510075 275.128784
v -100.965469 -42.510075 275.128784
v -101.707237 -42.103699 275.128784
v -102.311920 -41.339996 275.128784
v -102.706612 -40.311069 275.128784
v -102.843681 -39.140968 275.128784
v -102.706604 -37.970863 275.128784
v -102.311920 -36.941895 275.128784
v -101.707230 -36.178165 275.128784
v -100.965469 -35.771835 275.128784
v -100.176102 -35.771835 275.128784
v -99.434326 -36.178165 275.128784
v -98.829651 -36.941849 275.128784
v -98.434959 -37.970867 275.128784
v -98.297867 -39.140968 272.655304
v -98.434952 -40.311047 272.655304
v -98.829651 -41.339951 272.655304
v -99.434326 -42.103699 272.655304
v -100.176109 -42.510075 272.655304
v -100.965469 -42.510075 272.655304
v -101.707237 -42.103699 272.655304
v -102.311920 -41.339973 272.655304
v -102.706612 -40.311069 272.655304
v -102.843681 -39.140968 272.655304
v -102.706604 -37.970863 272.655304
v -102.311920 -36.941895 272.655304
v -101.707230 -36.178165 272.655304
v -100.965469 -35.771839 272.655304
v -100.176102 -35.771839 272.655304
v -99.434341 -36.178169 272.655304
v -98.829651 -36.941853 272.655304
v -98.434959 -37.970867 272.655304
v -98.297867 -39.140968 270.181824
v -98.434952 -40.311047 270.181824
v -98.829651 -41.339951 270.181824
v -99.434326 -42.103699 270.181824
v -100.176109 -42.510075 270.181824
v -100.965469 -42.510075 270.181824
v -101.707237 -42.103699 270.181824
v -102.311920 -41.339973 270.181824
v -102.706612 -40.311069 270.181824
v -102.843681 -39.140968 270.181824
v -102.706604 -37.970867 270.181824
v -102.311928 -36.941895 270.181824
v -101.707230 -36.178165 270.181824
v -100.965469 -35.771839 270.181824
v -100.176102 -35.771839 270.181824
v -99.434341 -36.178169 270.181824
v -98.829651 -36.941853 270.181824
v -98.434967 -37.970867 270.181824
v -98.297867 -39.140968 267.708344
v -98.434952 -40.311047 267.708344
v -98.829651 -41.339951 267.708344
v -99.434341 -42.103699 267.708344
v -100.176109 -42.510075 267.708344
v -100.965469 -42.510075 267.708344
v -101.707230 -42.103699 267.708344
v -102.311928 -41.339973 267.708344
v -102.706612 -40.311069 267.708344
v -102.843681 -39.140968 267.708344
v -102.706619 -37.970867 267.708344
v -102.311935 -36.941895 267.708344
v -101.707237 -36.178169 267.708344
v -100.965469 -35.771839 267.708344
v -100.176102 -35.771839 267.708344
v -99.434341 -36.178169 267.708344
v -98.829659 -36.941853 267.708344
v -98.434967 -37.970867 267.708344
v -98.297867 -39.140968 265.234894
v -98.434937 -40.311047 265.234863
v -98.829643 -41.339951 265.234863
v -99.434326 -42.103703 265.234863
v -100.176086 -42.510075 265.234863
v -100.965469 -42.510075 265.234894
v -101.707214 -42.103703 265.234894
v -102.311913 -41.339973 265.234863
v -102.706604 -40.311069 265.234863
v -102.843666 -39.140968 265.234863
v -102.706612 -37.970867 265.234863
v -102.311920 -36.941895 265.234863
v -101.707230 -36.178169 265.234863
v -100.965469 -35.771839 265.234863
v -100.176102 -35.771839 265.234863
v -99.434326 -36.178169 265.234863
v -98.829643 -36.941853 265.234863
v -98.434952 -37.970867 265.234863
v -98.297867 -39.140968 262.761414
v -98.434952 -40.311047 262.761414
v -98.829643 -41.339951 262.761414
v -99.434326 -42.103703 262.761414
v -100.176086 -42.510075 262.761414
v -100.965469 -42.510075 262.761414
v -101.707214 -42.103703 262.761414
v -102.311920 -41.339973 262.761414
v -102.706604 -40.311069 262.761414
v -102.843666 -39.140968 262.761414
v -102.706604 -37.970867 262.761414
v -102.311920 -36.941895 262.761414
v -101.707230 -36.178169 262.761414
v -100.965469 -35.771839 262.761414
v -100.176102 -35.771839 262.761414
v -99.434326 -36.178169 262.761414
v -98.829643 -36.941853 262.761414
v -98.434952 -37.970867 262.761414
v -100.570786 -39.140968 262.761414
vn -0.0000 -0.0000 1.0000
vn 1.0000 -0.0000 -0.0000
vn 0.9710 -0.2391 -0.0000
vn 0.8688 -0.4951 -0.0000
vn 0.6451 -0.7641 -0.0000
vn 0.2480 -0.9688 -0.0000
vn -0.2480 -0.9688 -0.0000
vn -0.6451 -0.7641 -0.0000
vn -0.8688 -0.4951 -0.0000
vn -0.9710 -0.2391 -0.0000
vn -1.0000 -0.0000 -0.0000
vn -0.9710 0.2391 -0.0000
vn -0.8688 0.4951 -0.0000
vn -0.6451 0.7641 -0.0000
vn -0.2480 0.9688 -0.0000
vn 0.2480 0.9688 -0.0000
vn 0.2479 0.9688 -0.0000
vn 0.6451 0.7641 -0.0000
vn 0.8688 0.4951 -0.0000
vn 0.9710 0.2391 -0.0000
vn -0.0000 -0.0000 -1.0000
vt 0.500000 0.000000
vt 0.694444 0.000000
vt 0.750000 0.000000
vt 0.638889 0.000000
vt 0.583333 0.000000
vt 0.527778 0.000000
vt 0.472222 0.000000
vt 0.416667 0.000000
vt 0.361111 0.000000
vt 0.305556 0.000000
vt 0.250000 0.000000
vt 0.194444 0.000000
vt 0.138889 0.000000
vt 0.083333 0.000000
vt 0.027778 0.000000
vt -0.027778 0.000000
vt 0.916667 0.000000
vt 0.972222 0.000000
vt 0.861111 0.000000
vt 0.805556 0.000000
vt 0.694444 0.200000
vt 0.750000 0.200000
vt 0.638889 0.200000
vt 0.583333 0.200000
vt 0.527778 0.200000
vt 0.472222 0.200000
vt 0.416667 0.200000
vt 0.361111 0.200000
vt 0.305556 0.200000
vt 0.250000 0.200000
vt 0.194444 0.200000
vt 0.138889 0.200000
vt 0.083333 0.200000
vt 0.027778 0.200000
vt -0.027778 0.200000
vt 0.916667 0.200000
vt 0.972222 0.200000
vt 0.861111 0.200000
vt 0.805556 0.200000
vt 0.694444 0.400000
vt 0.750000 0.400000
vt 0.638889 0.400000
vt 0.583333 0.400000
vt 0.527778 0.400000
vt 0.472222 0.400000
vt 0.416667 0.400000
vt 0.361111 0.400000
vt 0.305556 0.400000
vt 0.250000 0.400000
vt 0.194444 0.400000
vt 0.138889 0.400000
vt 0.083333 0.400000
vt 0.027778 0.400000
vt -0.027778 0.400000
vt 0.916667 0.400000
vt 0.972222 0.400000
vt 0.861111 0.400000
vt 0.805556 0.400000
vt 0.694444 0.600000
vt 0.750000 0.600000
vt 0.638889 0.600000
vt 0.583333 0.600000
vt 0.527778 0.600000
vt 0.472222 0.600000
vt 0.416667 0.600000
vt 0.361111 0.600000
vt 0.305556 0.600000
vt 0.250000 0.600000
vt 0.194444 0.600000
vt 0.138889 0.600000
vt 0.083333 0.600000
vt 0.027778 0.600000
vt -0.027778 0.600000
vt 0.916667 0.600000
vt 0.972222 0.600000
vt 0.861111 0.600000
vt 0.805556 0.600000
vt 0.694444 0.800000
vt 0.750000 0.800000
vt 0.638889 0.800000
vt 0.583333 0.800000
vt 0.527778 0.800000
vt 0.472222 0.800000
vt 0.416667 0.800000
vt 0.361111 0.800000
vt 0.305556 0.800000
vt 0.250000 0.800000
vt 0.194444 0.800000
vt 0.138889 0.800000
vt 0.083333 0.800000
vt 0.027778 0.800000
vt -0.027778 0.800000
vt 0.916667 0.800000
vt 0.972222 0.800000
vt 0.861111 0.800000
vt 0.805556 0.800000
vt 0.694444 1.000000
vt 0.750000 1.000000
vt 0.638889 1.000000
vt 0.583333 1.000000
vt 0.527778 1.000000
vt 0.472222 1.000000
vt 0.416667 1.000000
vt 0.361111 1.000000
vt 0.305556 1.000000
vt 0.250000 1.000000
vt 0.194444 1.000000
vt 0.138889 1.000000
vt 0.083333 1.000000
vt 0.027778 1.000000
vt -0.027778 1.000000
vt 0.916667 1.000000
vt 0.972222 1.000000
vt 0.861111 1.000000
vt 0.805556 1.000000
vt 0.500000 1.000000
s 1
usemtl Material_#25
f 4968/4947/5205 4970/4948/5205 4969/4949/5205
f 4968/4947/5205 4971/4950/5205 4970/4948/5205
f 4968/4947/5205 4972/4951/5205 4971/4950/5205
f 4968/4947/5205 4973/4952/5205 4972/4951/5205
f 4968/4947/5205 4974/4953/5205 4973/4952/5205
f 4968/4947/5205 4975/4954/5205 4974/4953/5205
f 4968/4947/5205 4976/4955/5205 4975/4954/5205
f 4968/4947/5205 4977/4956/5205 4976/4955/5205
f 4968/4947/5205 4978/4957/5205 4977/4956/5205
f 4968/4947/5205 4979/4958/5205 4978/4957/5205
f 4968/4947/5205 4980/4959/5205 4979/4958/5205
f 4968/4947/5205 4981/4960/5205 4980/4959/5205
f 4968/4947/5205 4982/4961/5205 4981/4960/5205
f 4968/4947/5205 4983/4962/5205 4982/4961/5205
f 4968/4947/5205 4984/4963/5205 4983/4964/5205
f 4968/4947/5205 4985/4965/5205 4984/4963/5205
f 4968/4947/5205 4986/4966/5205 4985/4965/5205
f 4968/4947/5205 4969/4949/5205 4986/4966/5205
f 4969/4949/5206 4988/4967/5207 4987/4968/5206
f 4969/4949/5206 4970/4948/5207 4988/4967/5207
f 4970/4948/5207 4989/4969/5208 4988/4967/5207
f 4970/4948/5207 4971/4950/5208 4989/4969/5208
f 4971/4950/5208 4990/4970/5209 4989/4969/5208
f 4971/4950/5208 4972/4951/5209 4990/4970/5209
f 4972/4951/5209 4991/4971/5210 4990/4970/5209
f 4972/4951/5209 4973/4952/5210 4991/4971/5210
f 4973/4952/5210 4992/4972/5211 4991/4971/5210
f 4973/4952/5210 4974/4953/5211 4992/4972/5211
f 4974/4953/5211 4993/4973/5212 4992/4972/5211
f 4974/4953/5211 4975/4954/5212 4993/4973/5212
f 4975/4954/5212 4994/4974/5213 4993/4973/5212
f 4975/4954/5212 4976/4955/5213 4994/4974/5213
f 4976/4955/5213 4995/4975/5214 4994/4974/5213
f 4976/4955/5213 4977/4956/5214 4995/4975/5214
f 4977/4956/5214 4996/4976/5215 4995/4975/5214
f 4977/4956/5214 4978/4957/5215 4996/4976/5215
f 4978/4957/5215 4997/4977/5216 4996/4976/5215
f 4978/4957/5215 4979/4958/5216 4997/4977/5216
f 4979/4958/5216 4998/4978/5217 4997/4977/5216
f 4979/4958/5216 4980/4959/5217 4998/4978/5217
f 4980/4959/5217 4999/4979/5218 4998/4978/5217
f 4980/4959/5217 4981/4960/5218 4999/4979/5218
f 4981/4960/5218 5000/4980/5219 4999/4979/5218
f 4981/4960/5218 4982/4961/5219 5000/4980/5219
f 4982/4961/5219 5001/4981/5220 5000/4980/5219
f 4982/4961/5219 4983/4962/5221 5001/4981/5220
f 4983/4964/5221 5002/4982/5222 5001/4983/5220
f 4983/4964/5221 4984/4963/5222 5002/4982/5222
f 4984/4963/5222 5003/4984/5223 5002/4982/5222
f 4984/4963/5222 4985/4965/5223 5003/4984/5223
f 4985/4965/5223 5004/4985/5224 5003/4984/5223
f 4985/4965/5223 4986/4966/5224 5004/4985/5224
f 4986/4966/5224 4987/4968/5206 5004/4985/5224
f 4986/4966/5224 4969/4949/5206 4987/4968/5206
f 4987/4968/5206 5006/4986/5207 5005/4987/5206
f 4987/4968/5206 4988/4967/5207 5006/4986/5207
f 4988/4967/5207 5007/4988/5208 5006/4986/5207
f 4988/4967/5207 4989/4969/5208 5007/4988/5208
f 4989/4969/5208 5008/4989/5209 5007/4988/5208
f 4989/4969/5208 4990/4970/5209 5008/4989/5209
f 4990/4970/5209 5009/4990/5210 5008/4989/5209
f 4990/4970/5209 4991/4971/5210 5009/4990/5210
f 4991/4971/5210 5010/4991/5211 5009/4990/5210
f 4991/4971/5210 4992/4972/5211 5010/4991/5211
f 4992/4972/5211 5011/4992/5212 5010/4991/5211
f 4992/4972/5211 4993/4973/5212 5011/4992/5212
f 4993/4973/5212 5012/4993/5213 5011/4992/5212
f 4993/4973/5212 4994/4974/5213 5012/4993/5213
f 4994/4974/5213 5013/4994/5214 5012/4993/5213
f 4994/4974/5213 4995/4975/5214 5013/4994/5214
f 4995/4975/5214 5014/4995/5215 5013/4994/5214
f 4995/4975/5214 4996/4976/5215 5014/4995/5215
f 4996/4976/5215 5015/4996/5216 5014/4995/5215
f 4996/4976/5215 4997/4977/5216 5015/4996/5216
f 4997/4977/5216 5016/4997/5217 5015/4996/5216
f 4997/4977/5216 4998/4978/5217 5016/4997/5217
f 4998/4978/5217 5017/4998/5218 5016/4997/5217
f 4998/4978/5217 4999/4979/5218 5017/4998/5218
f 4999/4979/5218 5018/4999/5219 5017/4998/5218
f 4999/4979/5218 5000/4980/5219 5018/4999/5219
f 5000/4980/5219 5019/5000/5220 5018/4999/5219
f 5000/4980/5219 5001/4981/5220 5019/5000/5220
f 5001/4983/5220 5020/5001/5222 5019/5002/5220
f 5001/4983/5220 5002/4982/5222 5020/5001/5222
f 5002/4982/5222 5021/5003/5223 5020/5001/5222
f 5002/4982/5222 5003/4984/5223 5021/5003/5223
f 5003/4984/5223 5022/5004/5224 5021/5003/5223
f 5003/4984/5223 5004/4985/5224 5022/5004/5224
f 5004/4985/5224 5005/4987/5206 5022/5004/5224
f 5004/4985/5224 4987/4968/5206 5005/4987/5206
f 5005/4987/5206 5024/5005/5207 5023/5006/5206
f 5005/4987/5206 5006/4986/5207 5024/5005/5207
f 5006/4986/5207 5025/5007/5208 5024/5005/5207
f 5006/4986/5207 5007/4988/5208 5025/5007/5208
f 5007/4988/5208 5026/5008/5209 5025/5007/5208
f 5007/4988/5208 5008/4989/5209 5026/5008/5209
f 5008/4989/5209 5027/5009/5210 5026/5008/5209
f 5008/4989/5209 5009/4990/5210 5027/5009/5210
f 5009/4990/5210 5028/5010/5211 5027/5009/5210
f 5009/4990/5210 5010/4991/5211 5028/5010/5211
f 5010/4991/5211 5029/5011/5212 5028/5010/5211
f 5010/4991/5211 5011/4992/5212 5029/5011/5212
f 5011/4992/5212 5030/5012/5213 5029/5011/5212
f 5011/4992/5212 5012/4993/5213 5030/5012/5213
f 5012/4993/5213 5031/5013/5214 5030/5012/5213
f 5012/4993/5213 5013/4994/5214 5031/5013/5214
f 5013/4994/5214 5032/5014/5215 5031/5013/5214
f 5013/4994/5214 5014/4995/5215 5032/5014/5215
f 5014/4995/5215 5033/5015/5216 5032/5014/5215
f 5014/4995/5215 5015/4996/5216 5033/5015/5216
f 5015/4996/5216 5034/5016/5217 5033/5015/5216
f 5015/4996/5216 5016/4997/5217 5034/5016/5217
f 5016/4997/5217 5035/5017/5218 5034/5016/5217
f 5016/4997/5217 5017/4998/5218 5035/5017/5218
f 5017/4998/5218 5036/5018/5219 5035/5017/5218
f 5017/4998/5218 5018/4999/5219 5036/5018/5219
f 5018/4999/5219 5037/5019/5220 5036/5018/5219
f 5018/4999/5219 5019/5000/5220 5037/5019/5220
f 5019/5002/5220 5038/5020/5222 5037/5021/5220
f 5019/5002/5220 5020/5001/5222 5038/5020/5222
f 5020/5001/5222 5039/5022/5223 5038/5020/5222
f 5020/5001/5222 5021/5003/5223 5039/5022/5223
f 5021/5003/5223 5040/5023/5224 5039/5022/5223
f 5021/5003/5223 5022/5004/5224 5040/5023/5224
f 5022/5004/5224 5023/5006/5206 5040/5023/5224
f 5022/5004/5224 5005/4987/5206 5023/5006/5206
f 5023/5006/5206 5042/5024/5207 5041/5025/5206
f 5023/5006/5206 5024/5005/5207 5042/5024/5207
f 5024/5005/5207 5043/5026/5208 5042/5024/5207
f 5024/5005/5207 5025/5007/5208 5043/5026/5208
f 5025/5007/5208 5044/5027/5209 5043/5026/5208
f 5025/5007/5208 5026/5008/5209 5044/5027/5209
f 5026/5008/5209 5045/5028/5210 5044/5027/5209
f 5026/5008/5209 5027/5009/5210 5045/5028/5210
f 5027/5009/5210 5046/5029/5211 5045/5028/5210
f 5027/5009/5210 5028/5010/5211 5046/5029/5211
f 5028/5010/5211 5047/5030/5212 5046/5029/5211
f 5028/5010/5211 5029/5011/5212 5047/5030/5212
f 5029/5011/5212 5048/5031/5213 5047/5030/5212
f 5029/5011/5212 5030/5012/5213 5048/5031/5213
f 5030/5012/5213 5049/5032/5214 5048/5031/5213
f 5030/5012/5213 5031/5013/5214 5049/5032/5214
f 5031/5013/5214 5050/5033/5215 5049/5032/5214
f 5031/5013/5214 5032/5014/5215 5050/5033/5215
f 5032/5014/5215 5051/5034/5216 5050/5033/5215
f 5032/5014/5215 5033/5015/5216 5051/5034/5216
f 5033/5015/5216 5052/5035/5217 5051/5034/5216
f 5033/5015/5216 5034/5016/5217 5052/5035/5217
f 5034/5016/5217 5053/5036/5218 5052/5035/5217
f 5034/5016/5217 5035/5017/5218 5053/5036/5218
f 5035/5017/5218 5054/5037/5219 5053/5036/5218
f 5035/5017/5218 5036/5018/5219 5054/5037/5219
f 5036/5018/5219 5055/5038/5220 5054/5037/5219
f 5036/5018/5219 5037/5019/5220 5055/5038/5220
f 5037/5021/5220 5056/5039/5222 5055/5040/5220
f 5037/5021/5220 5038/5020/5222 5056/5039/5222
f 5038/5020/5222 5057/5041/5223 5056/5039/5222
f 5038/5020/5222 5039/5022/5223 5057/5041/5223
f 5039/5022/5223 5058/5042/5224 5057/5041/5223
f 5039/5022/5223 5040/5023/5224 5058/5042/5224
f 5040/5023/5224 5041/5025/5206 5058/5042/5224
f 5040/5023/5224 5023/5006/5206 5041/5025/5206
f 5041/5025/5206 5060/5043/5207 5059/5044/5206
f 5041/5025/5206 5042/5024/5207 5060/5043/5207
f 5042/5024/5207 5061/5045/5208 5060/5043/5207
f 5042/5024/5207 5043/5026/5208 5061/5045/5208
f 5043/5026/5208 5062/5046/5209 5061/5045/5208
f 5043/5026/5208 5044/5027/5209 5062/5046/5209
f 5044/5027/5209 5063/5047/5210 5062/5046/5209
f 5044/5027/5209 5045/5028/5210 5063/5047/5210
f 5045/5028/5210 5064/5048/5211 5063/5047/5210
f 5045/5028/5210 5046/5029/5211 5064/5048/5211
f 5046/5029/5211 5065/5049/5212 5064/5048/5211
f 5046/5029/5211 5047/5030/5212 5065/5049/5212
f 5047/5030/5212 5066/5050/5213 5065/5049/5212
f 5047/5030/5212 5048/5031/5213 5066/5050/5213
f 5048/5031/5213 5067/5051/5214 5066/5050/5213
f 5048/5031/5213 5049/5032/5214 5067/5051/5214
f 5049/5032/5214 5068/5052/5215 5067/5051/5214
f 5049/5032/5214 5050/5033/5215 5068/5052/5215
f 5050/5033/5215 5069/5053/5216 5068/5052/5215
f 5050/5033/5215 5051/5034/5216 5069/5053/5216
f 5051/5034/5216 5070/5054/5217 5069/5053/5216
f 5051/5034/5216 5052/5035/5217 5070/5054/5217
f 5052/5035/5217 5071/5055/5218 5070/5054/5217
f 5052/5035/5217 5053/5036/5218 5071/5055/5218
f 5053/5036/5218 5072/5056/5219 5071/5055/5218
f 5053/5036/5218 5054/5037/5219 5072/5056/5219
f 5054/5037/5219 5073/5057/5220 5072/5056/5219
f 5054/5037/5219 5055/5038/5220 5073/5057/5220
f 5055/5040/5220 5074/5058/5222 5073/5059/5220
f 5055/5040/5220 5056/5039/5222 5074/5058/5222
f 5056/5039/5222 5075/5060/5223 5074/5058/5222
f 5056/5039/5222 5057/5041/5223 5075/5060/5223
f 5057/5041/5223 5076/5061/5224 5075/5060/5223
f 5057/5041/5223 5058/5042/5224 5076/5061/5224
f 5058/5042/5224 5059/5044/5206 5076/5061/5224
f 5058/5042/5224 5041/5025/5206 5059/5044/5206
f 5077/5062/5225 5059/5044/5225 5060/5043/5225
f 5077/5062/5225 5060/5043/5225 5061/5045/5225
f 5077/5062/5225 5061/5045/5225 5062/5046/5225
f 5077/5062/5225 5062/5046/5225 5063/5047/5225
f 5077/5062/5225 5063/5047/5225 5064/5048/5225
f 5077/5062/5225 5064/5048/5225 5065/5049/5225
f 5077/5062/5225 5065/5049/5225 5066/5050/5225
f 5077/5062/5225 5066/5050/5225 5067/5051/5225
f 5077/5062/5225 5067/5051/5225 5068/5052/5225
f 5077/5062/5225 5068/5052/5225 5069/5053/5225
f 5077/5062/5225 5069/5053/5225 5070/5054/5225
f 5077/5062/5225 5070/5054/5225 5071/5055/5225
f 5077/5062/5225 5071/5055/5225 5072/5056/5225
f 5077/5062/5225 5072/5056/5225 5073/5057/5225
f 5077/5062/5225 5073/5059/5225 5074/5058/5225
f 5077/5062/5225 5074/5058/5225 5075/5060/5225
f 5077/5062/5225 5075/5060/5225 5076/5061/5225
f 5077/5062/5225 5076/5061/5225 5059/5044/5225
o Cylinder002
v 47.276131 39.965477 283.484283
v 87.944183 39.965473 283.484314
v 85.491592 37.788315 283.674805
v 78.429665 35.873749 283.842285
v 67.610153 34.452709 283.966614
v 54.338058 33.696594 284.032745
v 27.629667 33.696594 284.032745
v 23.166821 34.452713 283.966583
v 19.528675 35.873756 283.842255
v 17.154045 37.788322 283.674744
v 16.329346 39.965477 283.484283
v 17.154049 42.142639 283.293793
v 19.528675 44.057205 283.126282
v 23.166822 45.478245 283.001984
v 27.629665 46.234364 282.935822
v 54.338043 46.234364 282.935852
v 67.610130 45.478241 283.002014
v 78.429642 44.057201 283.126343
v 85.491585 42.142639 283.293823
v 87.944260 34.604443 222.207535
v 85.491669 32.427284 222.398010
v 78.429733 30.512718 222.565506
v 67.610229 29.091681 222.689835
v 54.338139 28.335564 222.755981
v 27.629723 28.335567 222.755951
v 23.166878 29.091686 222.689804
v 19.528736 30.512726 222.565475
v 17.154102 32.427292 222.397980
v 16.329407 34.604454 222.207504
v 17.154106 36.781612 222.017029
v 19.528736 38.696175 221.849518
v 23.166880 40.117214 221.725189
v 27.629725 40.873333 221.659042
v 54.338123 40.873333 221.659058
v 67.610214 40.117210 221.725220
v 78.429718 38.696171 221.849548
v 85.491661 36.781609 222.017059
v 87.944321 29.528782 193.634781
v 85.491745 27.343307 193.634796
v 78.429810 25.421436 193.634827
v 67.610306 23.994976 193.634827
v 54.338215 23.235962 193.634781
v 27.629780 23.235970 193.634766
v 23.166943 23.994991 193.634857
v 19.528801 25.421452 193.634857
v 17.154179 27.343323 193.634781
v 16.329475 29.528799 193.634766
v 17.154179 31.714279 193.634811
v 19.528801 33.636154 193.634781
v 23.166945 35.062622 193.634796
v 27.629787 35.821632 193.634811
v 54.338200 35.821621 193.634766
v 67.610283 35.062611 193.634705
v 78.429794 33.636147 193.634827
v 85.491730 31.714275 193.634827
v 87.944405 29.528801 179.149902
v 85.491821 27.343319 179.149841
v 78.429893 25.421448 179.149841
v 67.610382 23.994976 179.149811
v 54.338291 23.235970 179.149811
v 27.629837 23.235985 179.149872
v 23.166998 23.994980 179.149811
v 19.528854 25.421455 179.149811
v 17.154221 27.343323 179.149750
v 16.329521 29.528801 179.149826
v 17.154224 31.714283 179.149811
v 19.528851 33.636169 179.149872
v 23.166994 35.062630 179.149826
v 27.629835 35.821648 179.149872
v 54.338276 35.821640 179.149841
v 67.610359 35.062626 179.149826
v 78.429871 33.636162 179.149872
v 85.491806 31.714279 179.149841
v 87.944519 16.452282 -254.437408
v 85.491943 14.266808 -254.437347
v 78.430016 12.344925 -254.437286
v 67.610504 10.918465 -254.437347
v 54.338417 10.159451 -254.437408
v 27.629936 10.159454 -254.437408
v 23.167099 10.918472 -254.437347
v 19.528954 12.344940 -254.437286
v 17.154327 14.266815 -254.437347
v 16.329620 16.452286 -254.437469
v 17.154320 18.637775 -254.437347
v 19.528946 20.559647 -254.437286
v 23.167095 21.986126 -254.437347
v 27.629934 22.745125 -254.437347
v 54.338402 22.745125 -254.437286
v 67.610489 21.986115 -254.437347
v 78.429993 20.559631 -254.437408
v 85.491928 18.637749 -254.437347
v 87.944611 16.452290 -280.401459
v 85.492035 14.266796 -280.401459
v 78.430092 12.344940 -280.401398
v 67.610588 10.918461 -280.401337
v 54.338497 10.159458 -280.401337
v 27.629988 10.159458 -280.401398
v 23.167141 10.918472 -280.401337
v 19.528996 12.344940 -280.401459
v 17.154369 14.266811 -280.401520
v 16.329670 16.452301 -280.401337
v 17.154373 18.637772 -280.401398
v 19.528996 20.559654 -280.401459
v 23.167143 21.986115 -280.401459
v 27.629986 22.745117 -280.401459
v 54.338482 22.745113 -280.401398
v 67.610565 21.986115 -280.401398
v 78.430069 20.559647 -280.401398
v 85.492020 18.637768 -280.401337
v 47.276569 16.452293 -280.401337
vn -0.0000 0.0872 0.9962
vn -0.0000 0.0871 0.9962
vn 1.0000 -0.0000 -0.0000
vn 0.4789 -0.8703 0.1148
vn 0.9998 0.0206 -0.0039
vn 0.4766 -0.8758 0.0766
vn 0.1972 -0.9720 0.1278
vn 0.1971 -0.9767 0.0854
vn 0.0939 -0.9871 0.1295
vn 0.0940 -0.9918 0.0868
vn 0.0286 -0.9911 0.1299
vn 0.0286 -0.9958 0.0871
vn -0.0842 -0.9880 0.1296
vn -0.0841 -0.9927 0.0868
vn -0.2682 -0.9552 0.1256
vn -0.2678 -0.9598 0.0840
vn -0.5044 -0.8561 0.1128
vn -0.5030 -0.8610 0.0753
vn -0.8138 -0.5761 0.0760
vn -0.8106 -0.5834 0.0510
vn -0.9999 0.0099 -0.0018
vn -1.0000 -0.0000 -0.0000
vn -0.8068 0.5857 -0.0780
vn -0.8106 0.5834 -0.0510
vn -0.5006 0.8581 -0.1143
vn -0.5030 0.8610 -0.0753
vn -0.2667 0.9553 -0.1274
vn -0.2678 0.9598 -0.0840
vn -0.0838 0.9877 -0.1318
vn -0.0841 0.9927 -0.0868
vn 0.0285 0.9908 -0.1323
vn 0.0286 0.9958 -0.0871
vn 0.0937 0.9869 -0.1315
vn 0.0940 0.9918 -0.0868
vn 0.1964 0.9720 -0.1292
vn 0.1971 0.9767 -0.0854
vn 0.4735 0.8732 -0.1156
vn 0.4766 0.8758 -0.0766
vn 0.4702 -0.8792 0.0768
vn 0.9991 -0.0415 0.0072
vn 0.1958 -0.9769 0.0852
vn 0.0935 -0.9919 0.0863
vn 0.0285 -0.9958 0.0865
vn -0.0834 -0.9928 0.0859
vn -0.2655 -0.9605 0.0832
vn -0.4981 -0.8639 0.0751
vn -0.8028 -0.5939 0.0525
vn -0.9998 -0.0197 0.0034
vn -0.8167 0.5748 -0.0506
vn -0.5054 0.8595 -0.0768
vn -0.2684 0.9595 -0.0860
vn -0.0842 0.9925 -0.0891
vn 0.0285 0.9956 -0.0892
vn 0.0938 0.9916 -0.0887
vn 0.1972 0.9765 -0.0873
vn 0.4808 0.8733 -0.0783
vn 0.4775 -0.8785 0.0133
vn 1.0000 0.0071 -0.0002
vn 0.1972 -0.9803 0.0148
vn 0.0940 -0.9955 0.0150
vn 0.0286 -0.9995 0.0151
vn -0.0842 -0.9963 0.0150
vn -0.2680 -0.9633 0.0145
vn -0.5036 -0.8639 0.0130
vn -0.8118 -0.5839 0.0088
vn -1.0000 0.0034 -0.0001
vn -0.8094 0.5872 -0.0089
vn -0.5023 0.8646 -0.0130
vn -0.2675 0.9635 -0.0145
vn -0.0841 0.9963 -0.0150
vn 0.0285 0.9995 -0.0151
vn 0.0939 0.9955 -0.0150
vn 0.1970 0.9803 -0.0148
vn 0.4757 0.8795 -0.0132
vn 0.4757 -0.8795 0.0132
vn 1.0000 -0.0072 0.0002
vn 0.1970 -0.9803 0.0148
vn 0.0939 -0.9955 0.0150
vn 0.0285 -0.9995 0.0151
vn -0.0841 -0.9963 0.0150
vn -0.2675 -0.9635 0.0145
vn -0.5023 -0.8646 0.0130
vn -0.8094 -0.5872 0.0089
vn -1.0000 -0.0034 0.0001
vn -0.8118 0.5839 -0.0088
vn -0.5036 0.8639 -0.0130
vn -0.2680 0.9633 -0.0145
vn -0.0842 0.9963 -0.0150
vn 0.0286 0.9995 -0.0151
vn 0.0940 0.9955 -0.0150
vn 0.1972 0.9803 -0.0148
vn 0.4775 0.8785 -0.0133
vn 0.4766 -0.8791 -0.0000
vn 0.1971 -0.9804 -0.0000
vn 0.0940 -0.9956 -0.0000
vn 0.0286 -0.9996 -0.0000
vn -0.0841 -0.9965 -0.0000
vn -0.2678 -0.9635 -0.0000
vn -0.5030 -0.8643 -0.0000
vn -0.8106 -0.5856 -0.0000
vn -0.8106 0.5856 -0.0000
vn -0.5030 0.8643 -0.0000
vn -0.2678 0.9635 -0.0000
vn -0.0841 0.9965 -0.0000
vn 0.0286 0.9996 -0.0000
vn 0.0940 0.9956 -0.0000
vn 0.1971 0.9804 -0.0000
vn 0.4766 0.8791 -0.0000
vn -0.0000 -0.0000 -1.0000
vn -0.0000 0.0001 -1.0000
vt 0.444929 0.128019
vt 0.444750 0.085037
vt 0.444929 0.082278
vt 0.444592 0.092980
vt 0.444475 0.105149
vt 0.444413 0.120076
vt 0.444413 0.150116
vt 0.444475 0.155136
vt 0.444592 0.159228
vt 0.444750 0.161899
vt 0.444929 0.162826
vt 0.445108 0.161899
vt 0.445266 0.159228
vt 0.445383 0.155136
vt 0.445445 0.150116
vt 0.445445 0.120077
vt 0.445383 0.105149
vt 0.445266 0.092980
vt 0.445108 0.085037
vt 0.502423 0.085037
vt 0.502602 0.082278
vt 0.502265 0.092980
vt 0.502148 0.105149
vt 0.502086 0.120076
vt 0.502086 0.150116
vt 0.502148 0.155136
vt 0.502265 0.159228
vt 0.502423 0.161899
vt 0.502602 0.162826
vt 0.502781 0.161899
vt 0.502939 0.159228
vt 0.503056 0.155136
vt 0.503118 0.150116
vt 0.503118 0.120076
vt 0.503056 0.105149
vt 0.502939 0.092980
vt 0.502781 0.085037
vt 0.529494 0.085037
vt 0.529494 0.082278
vt 0.529494 0.092979
vt 0.529494 0.105149
vt 0.529494 0.120076
vt 0.529494 0.150116
vt 0.529494 0.155136
vt 0.529494 0.159228
vt 0.529494 0.161899
vt 0.529494 0.162826
vt 0.529494 0.159228
vt 0.529494 0.155136
vt 0.529494 0.105149
vt 0.529494 0.085037
vt 0.543127 0.085037
vt 0.543127 0.082278
vt 0.543127 0.092979
vt 0.543127 0.105148
vt 0.543127 0.120076
vt 0.543127 0.150116
vt 0.543127 0.155136
vt 0.543127 0.159228
vt 0.543127 0.161899
vt 0.543127 0.162826
vt 0.543127 0.161899
vt 0.543127 0.159228
vt 0.543127 0.092979
vt 0.951215 0.085036
vt 0.951215 0.082278
vt 0.951215 0.092979
vt 0.951215 0.105148
vt 0.951215 0.120076
vt 0.951215 0.150116
vt 0.951215 0.155136
vt 0.951215 0.159228
vt 0.951215 0.161898
vt 0.951215 0.162826
vt 0.951215 0.159228
vt 0.951215 0.150116
vt 0.951215 0.120076
vt 0.951215 0.092979
vt 0.951215 0.085036
vt 0.975653 0.085036
vt 0.975653 0.082278
vt 0.975653 0.092979
vt 0.975652 0.105148
vt 0.975653 0.120076
vt 0.975653 0.150116
vt 0.975653 0.155136
vt 0.975653 0.159227
vt 0.975653 0.161898
vt 0.975652 0.162826
vt 0.975652 0.120076
vt 0.975653 0.105148
vt 0.975653 0.092979
vt 0.975652 0.085036
vt 0.975653 0.128019
s 1
usemtl Material_#25
f 5078/5063/5226 5080/5064/5227 5079/5065/5226
f 5078/5063/5226 5081/5066/5227 5080/5064/5227
f 5078/5063/5226 5082/5067/5226 5081/5066/5227
f 5078/5063/5226 5083/5068/5226 5082/5067/5226
f 5078/5063/5226 5084/5069/5226 5083/5068/5226
f 5078/5063/5226 5085/5070/5226 5084/5069/5226
f 5078/5063/5226 5086/5071/5227 5085/5070/5226
f 5078/5063/5226 5087/5072/5226 5086/5071/5227
f 5078/5063/5226 5088/5073/5226 5087/5072/5226
f 5078/5063/5226 5089/5074/5226 5088/5073/5226
f 5078/5063/5226 5090/5075/5227 5089/5074/5226
f 5078/5063/5226 5091/5076/5226 5090/5075/5227
f 5078/5063/5226 5092/5077/5227 5091/5076/5226
f 5078/5063/5226 5093/5078/5226 5092/5077/5227
f 5078/5063/5226 5094/5079/5227 5093/5078/5226
f 5078/5063/5226 5095/5080/5227 5094/5079/5227
f 5078/5063/5226 5096/5081/5226 5095/5080/5227
f 5078/5063/5226 5079/5065/5226 5096/5081/5226
f 5079/5065/5228 5098/5082/5229 5097/5083/5230
f 5079/5065/5228 5080/5064/5231 5098/5082/5229
f 5080/5064/5231 5099/5084/5232 5098/5082/5229
f 5080/5064/5231 5081/5066/5233 5099/5084/5232
f 5081/5066/5233 5100/5085/5234 5099/5084/5232
f 5081/5066/5233 5082/5067/5235 5100/5085/5234
f 5082/5067/5235 5101/5086/5236 5100/5085/5234
f 5082/5067/5235 5083/5068/5237 5101/5086/5236
f 5083/5068/5237 5102/5087/5238 5101/5086/5236
f 5083/5068/5237 5084/5069/5239 5102/5087/5238
f 5084/5069/5239 5103/5088/5240 5102/5087/5238
f 5084/5069/5239 5085/5070/5241 5103/5088/5240
f 5085/5070/5241 5104/5089/5242 5103/5088/5240
f 5085/5070/5241 5086/5071/5243 5104/5089/5242
f 5086/5071/5243 5105/5090/5244 5104/5089/5242
f 5086/5071/5243 5087/5072/5245 5105/5090/5244
f 5087/5072/5245 5106/5091/5246 5105/5090/5244
f 5087/5072/5245 5088/5073/5247 5106/5091/5246
f 5088/5073/5247 5107/5092/5248 5106/5091/5246
f 5088/5073/5247 5089/5074/5249 5107/5092/5248
f 5089/5074/5249 5108/5093/5250 5107/5092/5248
f 5089/5074/5249 5090/5075/5251 5108/5093/5250
f 5090/5075/5251 5109/5094/5252 5108/5093/5250
f 5090/5075/5251 5091/5076/5253 5109/5094/5252
f 5091/5076/5253 5110/5095/5254 5109/5094/5252
f 5091/5076/5253 5092/5077/5255 5110/5095/5254
f 5092/5077/5255 5111/5096/5256 5110/5095/5254
f 5092/5077/5255 5093/5078/5257 5111/5096/5256
f 5093/5078/5257 5112/5097/5258 5111/5096/5256
f 5093/5078/5257 5094/5079/5259 5112/5097/5258
f 5094/5079/5259 5113/5098/5260 5112/5097/5258
f 5094/5079/5259 5095/5080/5261 5113/5098/5260
f 5095/5080/5261 5114/5099/5262 5113/5098/5260
f 5095/5080/5261 5096/5081/5263 5114/5099/5262
f 5096/5081/5263 5097/5083/5230 5114/5099/5262
f 5096/5081/5263 5079/5065/5228 5097/5083/5230
f 5097/5083/5230 5116/5100/5264 5115/5101/5265
f 5097/5083/5230 5098/5082/5229 5116/5100/5264
f 5098/5082/5229 5117/5102/5266 5116/5100/5264
f 5098/5082/5229 5099/5084/5232 5117/5102/5266
f 5099/5084/5232 5118/5103/5267 5117/5102/5266
f 5099/5084/5232 5100/5085/5234 5118/5103/5267
f 5100/5085/5234 5119/5104/5268 5118/5103/5267
f 5100/5085/5234 5101/5086/5236 5119/5104/5268
f 5101/5086/5236 5120/5105/5269 5119/5104/5268
f 5101/5086/5236 5102/5087/5238 5120/5105/5269
f 5102/5087/5238 5121/5106/5270 5120/5105/5269
f 5102/5087/5238 5103/5088/5240 5121/5106/5270
f 5103/5088/5240 5122/5107/5271 5121/5106/5270
f 5103/5088/5240 5104/5089/5242 5122/5107/5271
f 5104/5089/5242 5123/5108/5272 5122/5107/5271
f 5104/5089/5242 5105/5090/5244 5123/5108/5272
f 5105/5090/5244 5124/5109/5273 5123/5108/5272
f 5105/5090/5244 5106/5091/5246 5124/5109/5273
f 5106/5091/5246 5125/5108/5274 5124/5109/5273
f 5106/5091/5246 5107/5092/5248 5125/5108/5274
f 5107/5092/5248 5126/5110/5275 5125/5108/5274
f 5107/5092/5248 5108/5093/5250 5126/5110/5275
f 5108/5093/5250 5127/5111/5276 5126/5110/5275
f 5108/5093/5250 5109/5094/5252 5127/5111/5276
f 5109/5094/5252 5128/5105/5277 5127/5111/5276
f 5109/5094/5252 5110/5095/5254 5128/5105/5277
f 5110/5095/5254 5129/5104/5278 5128/5105/5277
f 5110/5095/5254 5111/5096/5256 5129/5104/5278
f 5111/5096/5256 5130/5112/5279 5129/5104/5278
f 5111/5096/5256 5112/5097/5258 5130/5112/5279
f 5112/5097/5258 5131/5102/5280 5130/5112/5279
f 5112/5097/5258 5113/5098/5260 5131/5102/5280
f 5113/5098/5260 5132/5113/5281 5131/5102/5280
f 5113/5098/5260 5114/5099/5262 5132/5113/5281
f 5114/5099/5262 5115/5101/5265 5132/5113/5281
f 5114/5099/5262 5097/5083/5230 5115/5101/5265
f 5115/5101/5265 5134/5114/5282 5133/5115/5283
f 5115/5101/5265 5116/5100/5264 5134/5114/5282
f 5116/5100/5264 5135/5116/5284 5134/5114/5282
f 5116/5100/5264 5117/5102/5266 5135/5116/5284
f 5117/5102/5266 5136/5117/5285 5135/5116/5284
f 5117/5102/5266 5118/5103/5267 5136/5117/5285
f 5118/5103/5267 5137/5118/5286 5136/5117/5285
f 5118/5103/5267 5119/5104/5268 5137/5118/5286
f 5119/5104/5268 5138/5119/5287 5137/5118/5286
f 5119/5104/5268 5120/5105/5269 5138/5119/5287
f 5120/5105/5269 5139/5120/5288 5138/5119/5287
f 5120/5105/5269 5121/5106/5270 5139/5120/5288
f 5121/5106/5270 5140/5121/5289 5139/5120/5288
f 5121/5106/5270 5122/5107/5271 5140/5121/5289
f 5122/5107/5271 5141/5122/5290 5140/5121/5289
f 5122/5107/5271 5123/5108/5272 5141/5122/5290
f 5123/5108/5272 5142/5123/5291 5141/5122/5290
f 5123/5108/5272 5124/5109/5273 5142/5123/5291
f 5124/5109/5273 5143/5124/5292 5142/5123/5291
f 5124/5109/5273 5125/5108/5274 5143/5124/5292
f 5125/5108/5274 5144/5125/5293 5143/5124/5292
f 5125/5108/5274 5126/5110/5275 5144/5125/5293
f 5126/5110/5275 5145/5120/5294 5144/5125/5293
f 5126/5110/5275 5127/5111/5276 5145/5120/5294
f 5127/5111/5276 5146/5119/5295 5145/5120/5294
f 5127/5111/5276 5128/5105/5277 5146/5119/5295
f 5128/5105/5277 5147/5118/5296 5146/5119/5295
f 5128/5105/5277 5129/5104/5278 5147/5118/5296
f 5129/5104/5278 5148/5117/5297 5147/5118/5296
f 5129/5104/5278 5130/5112/5279 5148/5117/5297
f 5130/5112/5279 5149/5126/5298 5148/5117/5297
f 5130/5112/5279 5131/5102/5280 5149/5126/5298
f 5131/5102/5280 5150/5114/5299 5149/5126/5298
f 5131/5102/5280 5132/5113/5281 5150/5114/5299
f 5132/5113/5281 5133/5115/5283 5150/5114/5299
f 5132/5113/5281 5115/5101/5265 5133/5115/5283
f 5133/5115/5283 5152/5127/5300 5151/5128/5301
f 5133/5115/5283 5134/5114/5282 5152/5127/5300
f 5134/5114/5282 5153/5129/5302 5152/5127/5300
f 5134/5114/5282 5135/5116/5284 5153/5129/5302
f 5135/5116/5284 5154/5130/5303 5153/5129/5302
f 5135/5116/5284 5136/5117/5285 5154/5130/5303
f 5136/5117/5285 5155/5131/5304 5154/5130/5303
f 5136/5117/5285 5137/5118/5286 5155/5131/5304
f 5137/5118/5286 5156/5132/5305 5155/5131/5304
f 5137/5118/5286 5138/5119/5287 5156/5132/5305
f 5138/5119/5287 5157/5133/5306 5156/5132/5305
f 5138/5119/5287 5139/5120/5288 5157/5133/5306
f 5139/5120/5288 5158/5134/5307 5157/5133/5306
f 5139/5120/5288 5140/5121/5289 5158/5134/5307
f 5140/5121/5289 5159/5135/5308 5158/5134/5307
f 5140/5121/5289 5141/5122/5290 5159/5135/5308
f 5141/5122/5290 5160/5136/5309 5159/5135/5308
f 5141/5122/5290 5142/5123/5291 5160/5136/5309
f 5142/5123/5291 5161/5135/5310 5160/5136/5309
f 5142/5123/5291 5143/5124/5292 5161/5135/5310
f 5143/5124/5292 5162/5137/5311 5161/5135/5310
f 5143/5124/5292 5144/5125/5293 5162/5137/5311
f 5144/5125/5293 5163/5133/5312 5162/5137/5311
f 5144/5125/5293 5145/5120/5294 5163/5133/5312
f 5145/5120/5294 5164/5138/5313 5163/5133/5312
f 5145/5120/5294 5146/5119/5295 5164/5138/5313
f 5146/5119/5295 5165/5139/5314 5164/5138/5313
f 5146/5119/5295 5147/5118/5296 5165/5139/5314
f 5147/5118/5296 5166/5130/5315 5165/5139/5314
f 5147/5118/5296 5148/5117/5297 5166/5130/5315
f 5148/5117/5297 5167/5140/5316 5166/5130/5315
f 5148/5117/5297 5149/5126/5298 5167/5140/5316
f 5149/5126/5298 5168/5141/5317 5167/5140/5316
f 5149/5126/5298 5150/5114/5299 5168/5141/5317
f 5150/5114/5299 5151/5128/5301 5168/5141/5317
f 5150/5114/5299 5133/5115/5283 5151/5128/5301
f 5151/5128/5301 5170/5142/5318 5169/5143/5228
f 5151/5128/5301 5152/5127/5300 5170/5142/5318
f 5152/5127/5300 5171/5144/5319 5170/5142/5318
f 5152/5127/5300 5153/5129/5302 5171/5144/5319
f 5153/5129/5302 5172/5145/5320 5171/5144/5319
f 5153/5129/5302 5154/5130/5303 5172/5145/5320
f 5154/5130/5303 5173/5146/5321 5172/5145/5320
f 5154/5130/5303 5155/5131/5304 5173/5146/5321
f 5155/5131/5304 5174/5147/5322 5173/5146/5321
f 5155/5131/5304 5156/5132/5305 5174/5147/5322
f 5156/5132/5305 5175/5148/5323 5174/5147/5322
f 5156/5132/5305 5157/5133/5306 5175/5148/5323
f 5157/5133/5306 5176/5149/5324 5175/5148/5323
f 5157/5133/5306 5158/5134/5307 5176/5149/5324
f 5158/5134/5307 5177/5150/5325 5176/5149/5324
f 5158/5134/5307 5159/5135/5308 5177/5150/5325
f 5159/5135/5308 5178/5151/5247 5177/5150/5325
f 5159/5135/5308 5160/5136/5309 5178/5151/5247
f 5160/5136/5309 5179/5150/5326 5178/5151/5247
f 5160/5136/5309 5161/5135/5310 5179/5150/5326
f 5161/5135/5310 5180/5149/5327 5179/5150/5326
f 5161/5135/5310 5162/5137/5311 5180/5149/5327
f 5162/5137/5311 5181/5148/5328 5180/5149/5327
f 5162/5137/5311 5163/5133/5312 5181/5148/5328
f 5163/5133/5312 5182/5147/5329 5181/5148/5328
f 5163/5133/5312 5164/5138/5313 5182/5147/5329
f 5164/5138/5313 5183/5152/5330 5182/5147/5329
f 5164/5138/5313 5165/5139/5314 5183/5152/5330
f 5165/5139/5314 5184/5153/5331 5183/5152/5330
f 5165/5139/5314 5166/5130/5315 5184/5153/5331
f 5166/5130/5315 5185/5154/5332 5184/5153/5331
f 5166/5130/5315 5167/5140/5316 5185/5154/5332
f 5167/5140/5316 5186/5155/5333 5185/5154/5332
f 5167/5140/5316 5168/5141/5317 5186/5155/5333
f 5168/5141/5317 5169/5143/5228 5186/5155/5333
f 5168/5141/5317 5151/5128/5301 5169/5143/5228
f 5187/5156/5334 5169/5143/5334 5170/5142/5334
f 5187/5156/5334 5170/5142/5334 5171/5144/5334
f 5187/5156/5334 5171/5144/5334 5172/5145/5334
f 5187/5156/5334 5172/5145/5334 5173/5146/5334
f 5187/5156/5334 5173/5146/5334 5174/5147/5334
f 5187/5156/5334 5174/5147/5334 5175/5148/5334
f 5187/5156/5334 5175/5148/5334 5176/5149/5334
f 5187/5156/5334 5176/5149/5334 5177/5150/5335
f 5187/5156/5334 5177/5150/5335 5178/5151/5334
f 5187/5156/5334 5178/5151/5334 5179/5150/5334
f 5187/5156/5334 5179/5150/5334 5180/5149/5334
f 5187/5156/5334 5180/5149/5334 5181/5148/5334
f 5187/5156/5334 5181/5148/5334 5182/5147/5334
f 5187/5156/5334 5182/5147/5334 5183/5152/5334
f 5187/5156/5334 5183/5152/5334 5184/5153/5334
f 5187/5156/5334 5184/5153/5334 5185/5154/5334
f 5187/5156/5334 5185/5154/5334 5186/5155/5335
f 5187/5156/5334 5186/5155/5335 5169/5143/5334
o Tube001
v -205.719330 -12.448832 269.264160
v -201.446777 -12.448830 269.264160
v -201.446777 -9.893946 269.264160
v -205.719330 -9.893948 269.264160
v -205.719330 -12.773525 265.552887
v -201.446777 -12.773523 265.552887
v -201.446777 -10.257456 265.109222
v -205.719330 -10.257458 265.109222
v -205.719330 -13.737745 261.954346
v -201.446777 -13.737743 261.954346
v -201.446777 -11.336941 261.080536
v -205.719330 -11.336943 261.080536
v -205.719330 -15.312193 258.577942
v -201.446777 -15.312191 258.577942
v -201.446777 -13.099598 257.300507
v -205.719330 -13.099600 257.300507
v -205.719330 -17.449030 255.526215
v -201.446762 -17.449028 255.526215
v -201.446777 -15.491877 253.883972
v -205.719330 -15.491879 253.883972
v -205.719330 -20.083330 252.891922
v -201.446762 -20.083328 252.891922
v -201.446762 -18.441082 250.934769
v -205.719330 -18.441084 250.934769
v -205.719330 -23.135052 250.755081
v -201.446762 -23.135050 250.755081
v -201.446762 -21.857609 248.542496
v -205.719330 -21.857609 248.542496
v -205.719330 -26.511467 249.180634
v -201.446762 -26.511465 249.180634
v -201.446762 -25.637646 246.779831
v -205.719330 -25.637646 246.779831
v -205.719330 -30.109987 248.216415
v -201.446762 -30.109985 248.216415
v -201.446762 -29.666336 245.700348
v -205.719330 -29.666336 245.700348
v -205.719330 -33.821274 247.891724
v -201.446762 -33.821270 247.891724
v -201.446762 -33.821270 245.336838
v -205.719330 -33.821274 245.336838
v -205.719330 -37.532558 248.216415
v -201.446762 -37.532558 248.216415
v -201.446762 -37.976208 245.700348
v -205.719330 -37.976212 245.700348
v -205.719330 -41.131081 249.180634
v -201.446762 -41.131077 249.180634
v -201.446762 -42.004898 246.779831
v -205.719330 -42.004902 246.779831
v -205.719330 -44.507496 250.755081
v -201.446762 -44.507492 250.755081
v -201.446762 -45.784935 248.542496
v -205.719330 -45.784935 248.542496
v -205.719330 -47.559216 252.891922
v -201.446762 -47.559216 252.891922
v -201.446762 -49.201462 250.934769
v -205.719330 -49.201462 250.934769
v -205.719330 -50.193520 255.526215
v -201.446762 -50.193516 255.526215
v -201.446762 -52.150665 253.883972
v -205.719330 -52.150669 253.883972
v -205.719330 -52.330353 258.577942
v -201.446762 -52.330353 258.577942
v -201.446762 -54.542946 257.300507
v -205.719330 -54.542946 257.300507
v -205.719330 -53.904800 261.954346
v -201.446762 -53.904800 261.954346
v -201.446762 -56.305603 261.080536
v -205.719330 -56.305603 261.080536
v -205.719330 -54.869019 265.552887
v -201.446762 -54.869019 265.552887
v -201.446762 -57.385086 265.109222
v -205.719330 -57.385086 265.109222
v -205.719330 -55.193718 269.264160
v -201.446762 -55.193714 269.264160
v -201.446762 -57.748596 269.264160
v -205.719330 -57.748600 269.264160
v -205.719330 -54.869022 272.975433
v -201.446762 -54.869019 272.975433
v -201.446762 -57.385086 273.419098
v -205.719330 -57.385090 273.419098
v -205.719330 -53.904800 276.573975
v -201.446762 -53.904800 276.573975
v -201.446762 -56.305603 277.447784
v -205.719330 -56.305603 277.447784
v -205.719330 -52.330353 279.950378
v -201.446762 -52.330353 279.950378
v -201.446762 -54.542946 281.227814
v -205.719330 -54.542946 281.227814
v -205.719330 -50.193520 283.002106
v -201.446762 -50.193516 283.002106
v -201.446762 -52.150669 284.644348
v -205.719330 -52.150673 284.644348
v -205.719330 -47.559219 285.636414
v -201.446762 -47.559219 285.636414
v -201.446762 -49.201466 287.593536
v -205.719330 -49.201466 287.593536
v -205.719330 -44.507500 287.773224
v -201.446762 -44.507500 287.773224
v -201.446762 -45.784943 289.985840
v -205.719330 -45.784943 289.985840
v -205.719330 -41.131088 289.347687
v -201.446762 -41.131084 289.347687
v -201.446762 -42.004906 291.748474
v -205.719330 -42.004910 291.748474
v -205.719330 -37.532566 290.311890
v -201.446762 -37.532566 290.311890
v -201.446762 -37.976215 292.827972
v -205.719330 -37.976219 292.827972
v -205.719330 -33.821281 290.636597
v -201.446762 -33.821281 290.636597
v -201.446762 -33.821281 293.191498
v -205.719330 -33.821281 293.191498
v -205.719330 -30.109997 290.311920
v -201.446762 -30.109995 290.311920
v -201.446762 -29.666346 292.827972
v -205.719330 -29.666348 292.827972
v -205.719330 -26.511478 289.347687
v -201.446762 -26.511477 289.347687
v -201.446762 -25.637657 291.748505
v -205.719330 -25.637657 291.748505
v -205.719330 -23.135061 287.773254
v -201.446762 -23.135059 287.773254
v -201.446762 -21.857620 289.985840
v -205.719330 -21.857620 289.985840
v -205.719330 -20.083340 285.636414
v -201.446762 -20.083340 285.636414
v -201.446762 -18.441093 287.593567
v -205.719330 -18.441095 287.593567
v -205.719330 -17.449036 283.002106
v -201.446762 -17.449034 283.002106
v -201.446777 -15.491882 284.644348
v -205.719330 -15.491884 284.644348
v -205.719330 -15.312201 279.950378
v -201.446777 -15.312199 279.950378
v -201.446777 -13.099606 281.227844
v -205.719330 -13.099607 281.227844
v -205.719330 -13.737749 276.573975
v -201.446777 -13.737747 276.573975
v -201.446777 -11.336945 277.447784
v -205.719330 -11.336946 277.447784
v -205.719330 -12.773529 272.975464
v -201.446777 -12.773527 272.975464
v -201.446777 -10.257460 273.419098
v -205.719330 -10.257462 273.419098
vn -0.0000 -1.0000 -0.0000
vn -0.0000 -0.9848 0.1737
vn -0.0000 -0.9848 0.1736
vn 1.0000 -0.0000 -0.0000
vn -0.0000 1.0000 -0.0000
vn -0.0000 0.9848 -0.1737
vn -0.0000 0.9848 -0.1736
vn -1.0000 -0.0000 -0.0000
vn -0.0000 -0.9397 0.3420
vn -0.0000 0.9397 -0.3420
vn -0.0000 -0.8660 0.5000
vn -0.0000 0.8660 -0.5000
vn -0.0000 -0.7660 0.6428
vn -0.0000 0.7660 -0.6428
vn -0.0000 -0.6428 0.7660
vn -0.0000 0.6428 -0.7660
vn -0.0000 -0.5000 0.8660
vn -0.0000 0.5000 -0.8660
vn -0.0000 -0.3420 0.9397
vn -0.0000 0.3420 -0.9397
vn -0.0000 -0.1736 0.9848
vn -0.0000 0.1736 -0.9848
vn -0.0000 0.1737 -0.9848
vn -0.0000 -0.0000 1.0000
vn -0.0000 -0.0000 -1.0000
vn -0.0000 0.1736 0.9848
vn -0.0000 -0.1737 -0.9848
vn -0.0000 -0.1736 -0.9848
vn -0.0000 0.3420 0.9397
vn -0.0000 -0.3420 -0.9397
vn -0.0000 0.5000 0.8660
vn -0.0000 -0.5000 -0.8660
vn -0.0000 0.6428 0.7660
vn -0.0000 -0.6428 -0.7660
vn -0.0000 0.7660 0.6428
vn -0.0000 -0.7660 -0.6428
vn -0.0000 0.8660 0.5000
vn -0.0000 -0.8660 -0.5000
vn -0.0000 0.9397 0.3420
vn -0.0000 -0.9397 -0.3420
vn -0.0000 0.9848 0.1736
vn -0.0000 -0.9848 -0.1736
vn -0.0000 -0.9848 -0.1737
vn -0.0000 -0.1737 0.9848
vn -0.0000 0.1737 0.9848
vn -0.0000 0.9848 0.1737
vt 0.000000 0.000000
vt 0.000000 0.027778
vt 0.250000 0.027778
vt 0.250000 0.000000
vt 0.500000 0.027778
vt 0.500000 0.000000
vt 0.750000 0.027778
vt 0.750000 0.000000
vt 1.000000 0.027778
vt 1.000000 0.000000
vt 0.000000 0.055556
vt 0.250000 0.055556
vt 0.500000 0.055556
vt 0.750000 0.055556
vt 1.000000 0.055556
vt 0.000000 0.083333
vt 0.250000 0.083333
vt 0.500000 0.083333
vt 0.750000 0.083333
vt 1.000000 0.083333
vt 0.000000 0.111111
vt 0.250000 0.111111
vt 0.500000 0.111111
vt 0.750000 0.111111
vt 1.000000 0.111111
vt 0.000000 0.138889
vt 0.250000 0.138889
vt 0.500000 0.138889
vt 0.750000 0.138889
vt 1.000000 0.138889
vt 0.000000 0.166667
vt 0.250000 0.166667
vt 0.500000 0.166667
vt 0.750000 0.166667
vt 1.000000 0.166667
vt 0.000000 0.194444
vt 0.250000 0.194444
vt 0.500000 0.194444
vt 0.750000 0.194444
vt 1.000000 0.194444
vt 0.000000 0.222222
vt 0.250000 0.222222
vt 0.500000 0.222222
vt 0.750000 0.222222
vt 1.000000 0.222222
vt 0.000000 0.250000
vt 0.250000 0.250000
vt 0.500000 0.250000
vt 0.750000 0.250000
vt 1.000000 0.250000
vt 0.000000 0.277778
vt 0.250000 0.277778
vt 0.500000 0.277778
vt 0.750000 0.277778
vt 1.000000 0.277778
vt 0.000000 0.305556
vt 0.250000 0.305556
vt 0.500000 0.305556
vt 0.750000 0.305556
vt 1.000000 0.305556
vt 0.000000 0.333333
vt 0.250000 0.333333
vt 0.500000 0.333333
vt 0.750000 0.333333
vt 1.000000 0.333333
vt 0.000000 0.361111
vt 0.250000 0.361111
vt 0.500000 0.361111
vt 0.750000 0.361111
vt 1.000000 0.361111
vt 0.000000 0.388889
vt 0.250000 0.388889
vt 0.500000 0.388889
vt 0.750000 0.388889
vt 1.000000 0.388889
vt 0.000000 0.416667
vt 0.250000 0.416667
vt 0.500000 0.416667
vt 0.750000 0.416667
vt 1.000000 0.416667
vt 0.000000 0.444444
vt 0.250000 0.444444
vt 0.500000 0.444444
vt 0.750000 0.444444
vt 1.000000 0.444444
vt 0.000000 0.472222
vt 0.250000 0.472222
vt 0.500000 0.472222
vt 0.750000 0.472222
vt 1.000000 0.472222
vt 0.000000 0.500000
vt 0.250000 0.500000
vt 0.500000 0.500000
vt 0.750000 0.500000
vt 1.000000 0.500000
vt 0.000000 0.527778
vt 0.250000 0.527778
vt 0.500000 0.527778
vt 0.750000 0.527778
vt 1.000000 0.527778
vt 0.000000 0.555556
vt 0.250000 0.555556
vt 0.500000 0.555556
vt 0.750000 0.555556
vt 1.000000 0.555556
vt 0.000000 0.583333
vt 0.250000 0.583333
vt 0.500000 0.583333
vt 0.750000 0.583333
vt 1.000000 0.583333
vt 0.000000 0.611111
vt 0.250000 0.611111
vt 0.500000 0.611111
vt 0.750000 0.611111
vt 1.000000 0.611111
vt 0.000000 0.638889
vt 0.250000 0.638889
vt 0.500000 0.638889
vt 0.750000 0.638889
vt 1.000000 0.638889
vt 0.000000 0.666667
vt 0.250000 0.666667
vt 0.500000 0.666667
vt 0.750000 0.666667
vt 1.000000 0.666667
vt 0.000000 0.694444
vt 0.250000 0.694444
vt 0.500000 0.694444
vt 0.750000 0.694444
vt 1.000000 0.694444
vt 0.000000 0.722222
vt 0.250000 0.722222
vt 0.500000 0.722222
vt 0.750000 0.722222
vt 1.000000 0.722222
vt 0.000000 0.750000
vt 0.250000 0.750000
vt 0.500000 0.750000
vt 0.750000 0.750000
vt 1.000000 0.750000
vt 0.000000 0.777778
vt 0.250000 0.777778
vt 0.500000 0.777778
vt 0.750000 0.777778
vt 1.000000 0.777778
vt 0.000000 0.805556
vt 0.250000 0.805556
vt 0.500000 0.805556
vt 0.750000 0.805556
vt 1.000000 0.805556
vt 0.000000 0.833333
vt 0.250000 0.833333
vt 0.500000 0.833333
vt 0.750000 0.833333
vt 1.000000 0.833333
vt 0.000000 0.861111
vt 0.250000 0.861111
vt 0.500000 0.861111
vt 0.750000 0.861111
vt 1.000000 0.861111
vt 0.000000 0.888889
vt 0.250000 0.888889
vt 0.500000 0.888889
vt 0.750000 0.888889
vt 1.000000 0.888889
vt 0.000000 0.916667
vt 0.250000 0.916667
vt 0.500000 0.916667
vt 0.750000 0.916667
vt 1.000000 0.916667
vt 0.000000 0.944444
vt 0.250000 0.944444
vt 0.500000 0.944444
vt 0.750000 0.944444
vt 1.000000 0.944444
vt 0.000000 0.972222
vt 0.250000 0.972222
vt 0.500000 0.972222
vt 0.750000 0.972222
vt 1.000000 0.972222
vt 0.000000 1.000000
vt 0.250000 1.000000
vt 0.500000 1.000000
vt 0.750000 1.000000
vt 1.000000 1.000000
s 1
usemtl Material_#25
f 5188/5157/5336 5192/5158/5337 5193/5159/5338
f 5188/5157/5336 5193/5159/5338 5189/5160/5336
f 5189/5160/5339 5193/5159/5339 5194/5161/5339
f 5189/5160/5339 5194/5161/5339 5190/5162/5339
f 5190/5162/5340 5194/5161/5341 5195/5163/5342
f 5190/5162/5340 5195/5163/5342 5191/5164/5340
f 5191/5164/5343 5195/5163/5343 5192/5165/5343
f 5191/5164/5343 5192/5165/5343 5188/5166/5343
f 5192/5158/5337 5196/5167/5344 5197/5168/5344
f 5192/5158/5337 5197/5168/5344 5193/5159/5338
f 5193/5159/5339 5197/5168/5339 5198/5169/5339
f 5193/5159/5339 5198/5169/5339 5194/5161/5339
f 5194/5161/5341 5198/5169/5345 5199/5170/5345
f 5194/5161/5341 5199/5170/5345 5195/5163/5342
f 5195/5163/5343 5199/5170/5343 5196/5171/5343
f 5195/5163/5343 5196/5171/5343 5192/5165/5343
f 5196/5167/5344 5200/5172/5346 5201/5173/5346
f 5196/5167/5344 5201/5173/5346 5197/5168/5344
f 5197/5168/5339 5201/5173/5339 5202/5174/5339
f 5197/5168/5339 5202/5174/5339 5198/5169/5339
f 5198/5169/5345 5202/5174/5347 5203/5175/5347
f 5198/5169/5345 5203/5175/5347 5199/5170/5345
f 5199/5170/5343 5203/5175/5343 5200/5176/5343
f 5199/5170/5343 5200/5176/5343 5196/5171/5343
f 5200/5172/5346 5204/5177/5348 5205/5178/5348
f 5200/5172/5346 5205/5178/5348 5201/5173/5346
f 5201/5173/5339 5205/5178/5339 5206/5179/5339
f 5201/5173/5339 5206/5179/5339 5202/5174/5339
f 5202/5174/5347 5206/5179/5349 5207/5180/5349
f 5202/5174/5347 5207/5180/5349 5203/5175/5347
f 5203/5175/5343 5207/5180/5343 5204/5181/5343
f 5203/5175/5343 5204/5181/5343 5200/5176/5343
f 5204/5177/5348 5208/5182/5350 5209/5183/5350
f 5204/5177/5348 5209/5183/5350 5205/5178/5348
f 5205/5178/5339 5209/5183/5339 5210/5184/5339
f 5205/5178/5339 5210/5184/5339 5206/5179/5339
f 5206/5179/5349 5210/5184/5351 5211/5185/5351
f 5206/5179/5349 5211/5185/5351 5207/5180/5349
f 5207/5180/5343 5211/5185/5343 5208/5186/5343
f 5207/5180/5343 5208/5186/5343 5204/5181/5343
f 5208/5182/5350 5212/5187/5352 5213/5188/5352
f 5208/5182/5350 5213/5188/5352 5209/5183/5350
f 5209/5183/5339 5213/5188/5339 5214/5189/5339
f 5209/5183/5339 5214/5189/5339 5210/5184/5339
f 5210/5184/5351 5214/5189/5353 5215/5190/5353
f 5210/5184/5351 5215/5190/5353 5211/5185/5351
f 5211/5185/5343 5215/5190/5343 5212/5191/5343
f 5211/5185/5343 5212/5191/5343 5208/5186/5343
f 5212/5187/5352 5216/5192/5354 5217/5193/5354
f 5212/5187/5352 5217/5193/5354 5213/5188/5352
f 5213/5188/5339 5217/5193/5339 5218/5194/5339
f 5213/5188/5339 5218/5194/5339 5214/5189/5339
f 5214/5189/5353 5218/5194/5355 5219/5195/5355
f 5214/5189/5353 5219/5195/5355 5215/5190/5353
f 5215/5190/5343 5219/5195/5343 5216/5196/5343
f 5215/5190/5343 5216/5196/5343 5212/5191/5343
f 5216/5192/5354 5220/5197/5356 5221/5198/5356
f 5216/5192/5354 5221/5198/5356 5217/5193/5354
f 5217/5193/5339 5221/5198/5339 5222/5199/5339
f 5217/5193/5339 5222/5199/5339 5218/5194/5339
f 5218/5194/5355 5222/5199/5357 5223/5200/5358
f 5218/5194/5355 5223/5200/5358 5219/5195/5355
f 5219/5195/5343 5223/5200/5343 5220/5201/5343
f 5219/5195/5343 5220/5201/5343 5216/5196/5343
f 5220/5197/5356 5224/5202/5359 5225/5203/5359
f 5220/5197/5356 5225/5203/5359 5221/5198/5356
f 5221/5198/5339 5225/5203/5339 5226/5204/5339
f 5221/5198/5339 5226/5204/5339 5222/5199/5339
f 5222/5199/5357 5226/5204/5360 5227/5205/5360
f 5222/5199/5357 5227/5205/5360 5223/5200/5358
f 5223/5200/5343 5227/5205/5343 5224/5206/5343
f 5223/5200/5343 5224/5206/5343 5220/5201/5343
f 5224/5202/5359 5228/5207/5361 5229/5208/5361
f 5224/5202/5359 5229/5208/5361 5225/5203/5359
f 5225/5203/5339 5229/5208/5339 5230/5209/5339
f 5225/5203/5339 5230/5209/5339 5226/5204/5339
f 5226/5204/5360 5230/5209/5362 5231/5210/5363
f 5226/5204/5360 5231/5210/5363 5227/5205/5360
f 5227/5205/5343 5231/5210/5343 5228/5211/5343
f 5227/5205/5343 5228/5211/5343 5224/5206/5343
f 5228/5207/5361 5232/5212/5364 5233/5213/5364
f 5228/5207/5361 5233/5213/5364 5229/5208/5361
f 5229/5208/5339 5233/5213/5339 5234/5214/5339
f 5229/5208/5339 5234/5214/5339 5230/5209/5339
f 5230/5209/5362 5234/5214/5365 5235/5215/5365
f 5230/5209/5362 5235/5215/5365 5231/5210/5363
f 5231/5210/5343 5235/5215/5343 5232/5216/5343
f 5231/5210/5343 5232/5216/5343 5228/5211/5343
f 5232/5212/5364 5236/5217/5366 5237/5218/5366
f 5232/5212/5364 5237/5218/5366 5233/5213/5364
f 5233/5213/5339 5237/5218/5339 5238/5219/5339
f 5233/5213/5339 5238/5219/5339 5234/5214/5339
f 5234/5214/5365 5238/5219/5367 5239/5220/5367
f 5234/5214/5365 5239/5220/5367 5235/5215/5365
f 5235/5215/5343 5239/5220/5343 5236/5221/5343
f 5235/5215/5343 5236/5221/5343 5232/5216/5343
f 5236/5217/5366 5240/5222/5368 5241/5223/5368
f 5236/5217/5366 5241/5223/5368 5237/5218/5366
f 5237/5218/5339 5241/5223/5339 5242/5224/5339
f 5237/5218/5339 5242/5224/5339 5238/5219/5339
f 5238/5219/5367 5242/5224/5369 5243/5225/5369
f 5238/5219/5367 5243/5225/5369 5239/5220/5367
f 5239/5220/5343 5243/5225/5343 5240/5226/5343
f 5239/5220/5343 5240/5226/5343 5236/5221/5343
f 5240/5222/5368 5244/5227/5370 5245/5228/5370
f 5240/5222/5368 5245/5228/5370 5241/5223/5368
f 5241/5223/5339 5245/5228/5339 5246/5229/5339
f 5241/5223/5339 5246/5229/5339 5242/5224/5339
f 5242/5224/5369 5246/5229/5371 5247/5230/5371
f 5242/5224/5369 5247/5230/5371 5243/5225/5369
f 5243/5225/5343 5247/5230/5343 5244/5231/5343
f 5243/5225/5343 5244/5231/5343 5240/5226/5343
f 5244/5227/5370 5248/5232/5372 5249/5233/5372
f 5244/5227/5370 5249/5233/5372 5245/5228/5370
f 5245/5228/5339 5249/5233/5339 5250/5234/5339
f 5245/5228/5339 5250/5234/5339 5246/5229/5339
f 5246/5229/5371 5250/5234/5373 5251/5235/5373
f 5246/5229/5371 5251/5235/5373 5247/5230/5371
f 5247/5230/5343 5251/5235/5343 5248/5236/5343
f 5247/5230/5343 5248/5236/5343 5244/5231/5343
f 5248/5232/5372 5252/5237/5374 5253/5238/5374
f 5248/5232/5372 5253/5238/5374 5249/5233/5372
f 5249/5233/5339 5253/5238/5339 5254/5239/5339
f 5249/5233/5339 5254/5239/5339 5250/5234/5339
f 5250/5234/5373 5254/5239/5375 5255/5240/5375
f 5250/5234/5373 5255/5240/5375 5251/5235/5373
f 5251/5235/5343 5255/5240/5343 5252/5241/5343
f 5251/5235/5343 5252/5241/5343 5248/5236/5343
f 5252/5237/5374 5256/5242/5376 5257/5243/5376
f 5252/5237/5374 5257/5243/5376 5253/5238/5374
f 5253/5238/5339 5257/5243/5339 5258/5244/5339
f 5253/5238/5339 5258/5244/5339 5254/5239/5339
f 5254/5239/5375 5258/5244/5377 5259/5245/5378
f 5254/5239/5375 5259/5245/5378 5255/5240/5375
f 5255/5240/5343 5259/5245/5343 5256/5246/5343
f 5255/5240/5343 5256/5246/5343 5252/5241/5343
f 5256/5242/5376 5260/5247/5340 5261/5248/5340
f 5256/5242/5376 5261/5248/5340 5257/5243/5376
f 5257/5243/5339 5261/5248/5339 5262/5249/5339
f 5257/5243/5339 5262/5249/5339 5258/5244/5339
f 5258/5244/5377 5262/5249/5336 5263/5250/5336
f 5258/5244/5377 5263/5250/5336 5259/5245/5378
f 5259/5245/5343 5263/5250/5343 5260/5251/5343
f 5259/5245/5343 5260/5251/5343 5256/5246/5343
f 5260/5247/5340 5264/5252/5341 5265/5253/5342
f 5260/5247/5340 5265/5253/5342 5261/5248/5340
f 5261/5248/5339 5265/5253/5339 5266/5254/5339
f 5261/5248/5339 5266/5254/5339 5262/5249/5339
f 5262/5249/5336 5266/5254/5337 5267/5255/5338
f 5262/5249/5336 5267/5255/5338 5263/5250/5336
f 5263/5250/5343 5267/5255/5343 5264/5256/5343
f 5263/5250/5343 5264/5256/5343 5260/5251/5343
f 5264/5252/5341 5268/5257/5345 5269/5258/5345
f 5264/5252/5341 5269/5258/5345 5265/5253/5342
f 5265/5253/5339 5269/5258/5339 5270/5259/5339
f 5265/5253/5339 5270/5259/5339 5266/5254/5339
f 5266/5254/5337 5270/5259/5344 5271/5260/5344
f 5266/5254/5337 5271/5260/5344 5267/5255/5338
f 5267/5255/5343 5271/5260/5343 5268/5261/5343
f 5267/5255/5343 5268/5261/5343 5264/5256/5343
f 5268/5257/5345 5272/5262/5347 5273/5263/5347
f 5268/5257/5345 5273/5263/5347 5269/5258/5345
f 5269/5258/5339 5273/5263/5339 5274/5264/5339
f 5269/5258/5339 5274/5264/5339 5270/5259/5339
f 5270/5259/5344 5274/5264/5346 5275/5265/5346
f 5270/5259/5344 5275/5265/5346 5271/5260/5344
f 5271/5260/5343 5275/5265/5343 5272/5266/5343
f 5271/5260/5343 5272/5266/5343 5268/5261/5343
f 5272/5262/5347 5276/5267/5349 5277/5268/5349
f 5272/5262/5347 5277/5268/5349 5273/5263/5347
f 5273/5263/5339 5277/5268/5339 5278/5269/5339
f 5273/5263/5339 5278/5269/5339 5274/5264/5339
f 5274/5264/5346 5278/5269/5348 5279/5270/5348
f 5274/5264/5346 5279/5270/5348 5275/5265/5346
f 5275/5265/5343 5279/5270/5343 5276/5271/5343
f 5275/5265/5343 5276/5271/5343 5272/5266/5343
f 5276/5267/5349 5280/5272/5351 5281/5273/5351
f 5276/5267/5349 5281/5273/5351 5277/5268/5349
f 5277/5268/5339 5281/5273/5339 5282/5274/5339
f 5277/5268/5339 5282/5274/5339 5278/5269/5339
f 5278/5269/5348 5282/5274/5350 5283/5275/5350
f 5278/5269/5348 5283/5275/5350 5279/5270/5348
f 5279/5270/5343 5283/5275/5343 5280/5276/5343
f 5279/5270/5343 5280/5276/5343 5276/5271/5343
f 5280/5272/5351 5284/5277/5353 5285/5278/5353
f 5280/5272/5351 5285/5278/5353 5281/5273/5351
f 5281/5273/5339 5285/5278/5339 5286/5279/5339
f 5281/5273/5339 5286/5279/5339 5282/5274/5339
f 5282/5274/5350 5286/5279/5352 5287/5280/5352
f 5282/5274/5350 5287/5280/5352 5283/5275/5350
f 5283/5275/5343 5287/5280/5343 5284/5281/5343
f 5283/5275/5343 5284/5281/5343 5280/5276/5343
f 5284/5277/5353 5288/5282/5355 5289/5283/5355
f 5284/5277/5353 5289/5283/5355 5285/5278/5353
f 5285/5278/5339 5289/5283/5339 5290/5284/5339
f 5285/5278/5339 5290/5284/5339 5286/5279/5339
f 5286/5279/5352 5290/5284/5354 5291/5285/5354
f 5286/5279/5352 5291/5285/5354 5287/5280/5352
f 5287/5280/5343 5291/5285/5343 5288/5286/5343
f 5287/5280/5343 5288/5286/5343 5284/5281/5343
f 5288/5282/5355 5292/5287/5357 5293/5288/5358
f 5288/5282/5355 5293/5288/5358 5289/5283/5355
f 5289/5283/5339 5293/5288/5339 5294/5289/5339
f 5289/5283/5339 5294/5289/5339 5290/5284/5339
f 5290/5284/5354 5294/5289/5379 5295/5290/5379
f 5290/5284/5354 5295/5290/5379 5291/5285/5354
f 5291/5285/5343 5295/5290/5343 5292/5291/5343
f 5291/5285/5343 5292/5291/5343 5288/5286/5343
f 5292/5287/5357 5296/5292/5360 5297/5293/5360
f 5292/5287/5357 5297/5293/5360 5293/5288/5358
f 5293/5288/5339 5297/5293/5339 5298/5294/5339
f 5293/5288/5339 5298/5294/5339 5294/5289/5339
f 5294/5289/5379 5298/5294/5359 5299/5295/5359
f 5294/5289/5379 5299/5295/5359 5295/5290/5379
f 5295/5290/5343 5299/5295/5343 5296/5296/5343
f 5295/5290/5343 5296/5296/5343 5292/5291/5343
f 5296/5292/5360 5300/5297/5363 5301/5298/5363
f 5296/5292/5360 5301/5298/5363 5297/5293/5360
f 5297/5293/5339 5301/5298/5339 5302/5299/5339
f 5297/5293/5339 5302/5299/5339 5298/5294/5339
f 5298/5294/5359 5302/5299/5380 5303/5300/5361
f 5298/5294/5359 5303/5300/5361 5299/5295/5359
f 5299/5295/5343 5303/5300/5343 5300/5301/5343
f 5299/5295/5343 5300/5301/5343 5296/5296/5343
f 5300/5297/5363 5304/5302/5365 5305/5303/5365
f 5300/5297/5363 5305/5303/5365 5301/5298/5363
f 5301/5298/5339 5305/5303/5339 5306/5304/5339
f 5301/5298/5339 5306/5304/5339 5302/5299/5339
f 5302/5299/5380 5306/5304/5364 5307/5305/5364
f 5302/5299/5380 5307/5305/5364 5303/5300/5361
f 5303/5300/5343 5307/5305/5343 5304/5306/5343
f 5303/5300/5343 5304/5306/5343 5300/5301/5343
f 5304/5302/5365 5308/5307/5367 5309/5308/5367
f 5304/5302/5365 5309/5308/5367 5305/5303/5365
f 5305/5303/5339 5309/5308/5339 5310/5309/5339
f 5305/5303/5339 5310/5309/5339 5306/5304/5339
f 5306/5304/5364 5310/5309/5366 5311/5310/5366
f 5306/5304/5364 5311/5310/5366 5307/5305/5364
f 5307/5305/5343 5311/5310/5343 5308/5311/5343
f 5307/5305/5343 5308/5311/5343 5304/5306/5343
f 5308/5307/5367 5312/5312/5369 5313/5313/5369
f 5308/5307/5367 5313/5313/5369 5309/5308/5367
f 5309/5308/5339 5313/5313/5339 5314/5314/5339
f 5309/5308/5339 5314/5314/5339 5310/5309/5339
f 5310/5309/5366 5314/5314/5368 5315/5315/5368
f 5310/5309/5366 5315/5315/5368 5311/5310/5366
f 5311/5310/5343 5315/5315/5343 5312/5316/5343
f 5311/5310/5343 5312/5316/5343 5308/5311/5343
f 5312/5312/5369 5316/5317/5371 5317/5318/5371
f 5312/5312/5369 5317/5318/5371 5313/5313/5369
f 5313/5313/5339 5317/5318/5339 5318/5319/5339
f 5313/5313/5339 5318/5319/5339 5314/5314/5339
f 5314/5314/5368 5318/5319/5370 5319/5320/5370
f 5314/5314/5368 5319/5320/5370 5315/5315/5368
f 5315/5315/5343 5319/5320/5343 5316/5321/5343
f 5315/5315/5343 5316/5321/5343 5312/5316/5343
f 5316/5317/5371 5320/5322/5373 5321/5323/5373
f 5316/5317/5371 5321/5323/5373 5317/5318/5371
f 5317/5318/5339 5321/5323/5339 5322/5324/5339
f 5317/5318/5339 5322/5324/5339 5318/5319/5339
f 5318/5319/5370 5322/5324/5372 5323/5325/5372
f 5318/5319/5370 5323/5325/5372 5319/5320/5370
f 5319/5320/5343 5323/5325/5343 5320/5326/5343
f 5319/5320/5343 5320/5326/5343 5316/5321/5343
f 5320/5322/5373 5324/5327/5375 5325/5328/5375
f 5320/5322/5373 5325/5328/5375 5321/5323/5373
f 5321/5323/5339 5325/5328/5339 5326/5329/5339
f 5321/5323/5339 5326/5329/5339 5322/5324/5339
f 5322/5324/5372 5326/5329/5374 5327/5330/5374
f 5322/5324/5372 5327/5330/5374 5323/5325/5372
f 5323/5325/5343 5327/5330/5343 5324/5331/5343
f 5323/5325/5343 5324/5331/5343 5320/5326/5343
f 5324/5327/5375 5328/5332/5377 5329/5333/5378
f 5324/5327/5375 5329/5333/5378 5325/5328/5375
f 5325/5328/5339 5329/5333/5339 5330/5334/5339
f 5325/5328/5339 5330/5334/5339 5326/5329/5339
f 5326/5329/5374 5330/5334/5376 5331/5335/5381
f 5326/5329/5374 5331/5335/5381 5327/5330/5374
f 5327/5330/5343 5331/5335/5343 5328/5336/5343
f 5327/5330/5343 5328/5336/5343 5324/5331/5343
f 5328/5332/5377 5188/5337/5336 5189/5338/5336
f 5328/5332/5377 5189/5338/5336 5329/5333/5378
f 5329/5333/5339 5189/5338/5339 5190/5339/5339
f 5329/5333/5339 5190/5339/5339 5330/5334/5339
f 5330/5334/5376 5190/5339/5340 5191/5340/5340
f 5330/5334/5376 5191/5340/5340 5331/5335/5381
f 5331/5335/5343 5191/5340/5343 5188/5341/5343
f 5331/5335/5343 5188/5341/5343 5328/5336/5343
o Mesh002
v 792.862915 2.663131 268.807831
v 791.910278 2.663131 265.316071
v 791.910278 3.269465 265.400360
v 791.910278 3.857380 265.585388
v 791.910278 2.056792 265.337860
v 789.060181 3.871190 262.080627
v 791.910278 4.409005 265.863007
v 789.060181 5.042541 262.503601
v 791.910278 1.468875 265.467926
v 789.060181 2.663131 261.850891
v 791.910278 4.907583 266.222961
v 789.060181 6.141593 263.097046
v 791.910278 0.917249 265.704742
v 789.060181 1.455066 261.832520
v 784.333496 4.463712 258.871796
v 784.333496 6.209592 259.581940
v 791.910278 5.337965 266.653351
v 789.060181 7.134960 263.835693
v 784.333496 7.847707 260.525696
v 791.910278 0.418670 266.042999
v 789.060181 0.283714 262.037292
v 784.333496 2.663130 258.438660
v 791.910278 5.687076 267.141083
v 789.060181 7.992447 264.693207
v 784.333496 9.328299 261.658112
v 791.910278 -0.011712 266.473389
v 789.060181 -0.815340 262.468842
v 784.333496 0.862535 258.320618
v 777.767334 5.042538 255.794769
v 777.767334 7.349655 256.836182
v 777.767334 9.514367 258.159729
v 791.910278 5.944302 267.672302
v 789.059814 8.688007 265.643463
v 784.333496 10.606367 262.936188
v 777.767334 11.470913 259.696838
v 791.910278 -0.360822 266.982819
v 789.060181 -2.666192 263.978790
v 789.060181 -1.808702 263.121307
v 784.333496 -0.883338 258.546051
v 777.766968 2.663127 255.105347
v 791.910278 6.101832 268.232727
v 789.059814 9.200504 266.661560
v 777.767334 13.159836 261.385773
v 784.333496 11.643088 264.321075
v 791.910278 -0.618049 267.554840
v 784.333496 -5.280110 261.349121
v 784.333496 -4.002043 260.071045
v 784.333496 -2.521455 259.130035
v 777.766968 0.283708 254.832260
v 769.410278 5.603257 252.868347
v 769.410278 8.454050 254.278381
v 769.410278 11.128886 256.005280
v 769.410278 13.546496 257.953308
v 791.910278 6.154880 268.807831
v 789.059814 9.514370 267.723816
v 784.333496 12.406955 265.779297
v 769.410278 14.825578 259.232391
v 770.228394 14.307439 259.088135
v 773.750732 13.318837 259.709198
v 776.224304 13.616550 261.137329
v 778.241394 14.246540 263.157898
v 777.767334 14.084038 262.592896
v 778.339722 14.278179 263.275055
v 791.910278 -0.775578 268.170227
v 789.060181 -3.361750 265.015228
v 777.766968 -7.833584 258.614319
v 777.766968 -6.144660 256.925415
v 777.766968 -2.023404 255.027252
v 769.410278 2.663135 251.876312
v 791.910278 6.101832 269.382904
v 789.059814 9.620055 268.807831
v 784.333496 12.874757 267.282837
v 759.326782 15.539250 256.424164
v 759.326782 18.008293 258.893219
v 766.672180 16.278296 259.728760
v 766.706055 16.246910 259.709229
v 776.815735 13.634262 261.478790
v 776.848206 13.634857 261.497528
v 779.147217 14.371230 264.237427
v 779.371521 14.587379 264.853607
v 779.506836 14.709441 265.225403
v 791.910278 -0.828625 268.807831
v 789.060181 -3.874247 266.195282
v 784.333496 -6.316823 262.925415
v 769.410278 -10.307166 255.808701
v 769.410278 -8.220239 253.721771
v 777.766968 -4.188116 255.722549
v 769.410278 -0.277007 251.398743
v 759.327271 6.141599 250.108994
v 759.327271 9.514375 251.917191
v 759.327271 12.678975 254.064178
v 791.910278 5.944302 269.943329
v 789.059814 9.514370 269.891815
v 784.333496 13.032290 268.807831
v 780.169556 14.956466 267.046173
v 779.981140 14.892932 266.528564
v 759.327271 20.011078 261.396301
v 765.137390 17.488541 260.614899
v 791.910278 -0.775578 269.445404
v 789.060181 -4.293800 268.807831
v 789.060181 -4.188109 267.475708
v 777.766968 -9.203568 260.738007
v 759.327271 -12.682033 252.970215
v 759.327271 -10.212995 250.501160
v 769.410278 -5.802632 252.284119
v 769.410278 -3.127795 251.516434
v 759.327271 2.663136 248.776138
v 791.910278 5.687076 270.474579
v 789.059814 9.200505 270.954071
v 784.333496 12.874757 270.332825
v 780.370544 15.044074 268.807831
v 780.370544 14.981620 268.203217
v 780.370544 14.915290 267.598389
v 763.419006 18.921566 261.723511
v 763.608582 18.682314 261.497559
v 791.910278 -0.618047 270.060791
v 789.060181 -4.188110 270.139923
v 784.333496 -7.706031 268.807831
v 784.333496 -7.548498 266.731659
v 784.333496 -7.080696 264.743408
v 769.410278 -11.999991 258.481506
v 759.327271 -7.352719 248.855576
v 759.327271 -0.815349 248.051941
v 791.910278 5.337965 270.962280
v 789.059814 8.688007 271.972168
v 784.333496 12.406955 271.836334
v 780.370544 14.855983 270.558044
v 780.370544 14.918437 269.953430
v 759.326782 21.486748 263.889557
v 761.972900 20.394939 263.446869
v 791.910278 -0.360820 270.632812
v 784.333496 -7.548500 270.884003
v 780.370544 -9.717704 268.807831
v 780.370544 -9.628346 267.598389
v 779.860596 -9.784554 266.197296
v 777.766968 -9.958735 262.592468
v 778.417847 -9.902515 263.368164
v 776.848206 -9.921329 261.497528
v 773.750732 -10.570199 259.709198
v 770.594849 -11.746676 259.152740
v 759.327271 -14.684815 256.187683
v 759.327271 -4.188119 248.051224
v 791.910278 4.907584 271.392670
v 789.059814 7.992448 272.922455
v 784.333496 11.643086 273.294586
v 779.946594 14.499648 272.339783
v 780.154236 14.570662 271.769409
v 780.370544 14.653510 271.175049
v 761.509155 20.856243 263.999573
v 791.910278 -0.011710 271.142273
v 789.060181 -3.874245 271.420380
v 780.301147 -9.564309 271.365753
v 780.370544 -9.543380 271.175049
v 779.147217 -9.716720 264.237427
v 778.718018 -9.827080 263.725891
v 769.410278 -12.296901 259.232391
v 770.228394 -11.881597 259.088135
v 766.706055 -13.448739 259.709229
v 766.289551 -13.692201 259.949707
v 791.910278 4.409007 271.752625
v 789.059814 7.134961 273.779938
v 784.333496 10.606367 274.679443
v 779.420654 13.995292 273.784760
v 779.277954 13.865695 274.176849
v 759.326782 22.390484 266.357880
v 760.630005 21.897175 266.104553
v 761.309570 21.004669 264.237427
v 791.910278 0.418673 271.572632
v 789.060181 -3.361747 272.600403
v 784.333496 -7.080692 272.872223
v 780.039307 -9.533307 272.085052
v 764.679199 -14.614141 260.879456
v 759.326782 -16.160501 260.023621
v 791.910278 3.857379 272.030273
v 789.059814 6.141597 274.518585
v 784.333496 9.328299 275.957520
v 777.767334 13.159836 276.229889
v 779.147217 13.665656 274.536011
v 777.767334 13.197624 276.180511
v 760.527222 22.027023 266.386993
v 791.910278 0.917253 271.910889
v 789.060181 -1.808698 274.494354
v 789.060181 -2.666186 273.636841
v 779.329346 -9.467702 274.035583
v 763.608582 -15.095850 261.497559
v 763.199036 -15.335112 261.985657
v 791.910278 3.269468 272.215271
v 789.059814 5.042541 275.112061
v 777.767334 11.470917 277.918793
v 784.333496 7.847712 277.089966
v 777.719421 13.174011 276.237579
v 759.326782 22.694809 268.807831
v 760.086243 22.441933 268.641724
v 760.086243 22.312332 267.598389
v 791.910278 1.468879 272.147736
v 784.333496 -4.002032 277.544586
v 784.333496 -5.280104 276.266510
v 784.333496 -6.316820 274.690216
v 779.174438 -9.377883 274.461273
v 761.229370 -16.488165 264.457855
v 759.326782 -17.064230 264.300842
v 761.309570 -16.415907 264.237427
v 791.910278 2.663130 272.299561
v 789.060181 3.871192 275.535004
v 784.333496 6.209593 278.033691
v 776.848206 12.533855 277.275879
v 774.584534 12.261403 278.582825
v 777.767334 9.514371 279.455933
v 760.086243 22.461304 268.807831
v 791.910278 2.056792 272.277771
v 789.060181 -0.815335 275.146820
v 777.766968 -6.144648 280.690247
v 777.766968 -7.833577 279.001312
v 777.766968 -9.203562 276.877655
v 777.766968 -9.487267 276.180969
v 779.147217 -9.363099 274.536011
v 760.086304 -17.135038 268.807831
v 759.326782 -17.368555 268.807831
v 760.086304 -17.053072 267.598389
v 789.060181 2.663132 275.764740
v 784.333496 4.463717 278.743866
v 773.750732 12.086938 279.064209
v 770.228394 13.102969 279.685303
v 769.725342 13.468246 279.596588
v 769.410278 13.546498 279.662323
v 769.410278 11.128888 281.610352
v 777.767334 7.349655 280.779480
v 759.326782 22.390488 271.257751
v 760.086243 22.179905 271.073242
v 789.060181 0.283722 275.578339
v 784.333496 -2.521446 278.485596
v 769.410278 -8.220229 283.893890
v 769.410278 -10.307153 281.806976
v 777.230713 -9.463041 276.820038
v 760.820251 -16.612028 273.191589
v 759.326782 -17.064226 273.314819
v 760.086304 -16.975435 271.175049
v 789.060181 1.455074 275.783112
v 784.333496 2.663128 279.176971
v 777.767334 5.042541 281.820862
v 769.410278 13.667789 279.541046
v 759.326782 12.678983 283.551453
v 769.410278 8.454058 283.337250
v 760.109436 22.153507 271.238770
v 760.086243 22.168026 271.175049
v 777.767334 -4.188101 281.893097
v 759.327271 -10.212976 287.114502
v 759.327271 -12.682021 284.645447
v 769.410278 -11.742286 279.541046
v 770.228394 -11.234784 279.685303
v 773.744812 -9.838897 279.065247
v 777.011108 -9.456491 277.081757
v 773.750732 -9.836560 279.064209
v 776.848206 -9.414143 277.275879
v 761.028870 -16.419935 273.764648
v 784.333496 0.862547 279.295044
v 777.767334 2.663135 282.510284
v 764.996887 16.672855 278.077423
v 759.326782 18.008297 278.722412
v 759.326782 15.539254 281.191467
v 766.706055 15.089117 279.064209
v 759.326782 9.514379 285.698456
v 769.410278 5.603266 284.747314
v 759.326782 21.486748 273.726074
v 760.864197 21.159039 273.312439
v 784.333496 -0.883325 279.069580
v 769.410278 -5.802619 285.331512
v 759.327271 -14.684808 281.427979
v 768.402710 -12.268274 279.363373
v 763.335999 -15.002199 276.950989
v 759.326782 -16.160498 277.592041
v 761.309570 -16.166365 274.536011
v 777.767334 0.283726 282.783386
v 769.410278 2.663141 285.739319
v 763.654114 17.715593 277.302185
v 759.327271 6.141607 287.506653
v 760.984375 21.007862 273.642517
v 777.767334 -2.023389 282.588409
v 759.326782 -7.352698 288.760071
v 765.896423 -13.449811 278.596771
v 766.706055 -12.983574 279.064209
v 763.608582 -14.777731 277.275879
v 769.410278 -0.276986 286.216888
v 762.508545 19.163902 275.964905
v 759.326782 20.011082 276.219360
v 763.608582 17.751661 277.275879
v 759.327271 2.663144 288.839508
v 762.043518 19.623779 275.410645
v 761.309570 20.375374 274.536011
v 769.410278 -3.127778 286.099213
v 759.327271 -0.815324 289.563690
v 759.327271 -4.188097 289.564423
vn 1.0000 0.0033 -0.0000
vn 0.8823 0.0261 -0.4700
vn 0.8790 0.1064 -0.4649
vn 0.8764 0.1821 -0.4458
vn 0.8858 -0.0567 -0.4606
vn 0.6663 0.1981 -0.7189
vn 0.8752 0.2513 -0.4134
vn 0.6575 0.3083 -0.6875
vn 0.8887 -0.1392 -0.4369
vn 0.6778 0.0763 -0.7312
vn 0.8753 0.3130 -0.3686
vn 0.6529 0.4069 -0.6389
vn 0.8904 -0.2180 -0.3996
vn 0.6900 -0.0553 -0.7217
vn 0.4957 0.2665 -0.8266
vn 0.4824 0.3846 -0.7870
vn 0.8767 0.3661 -0.3119
vn 0.6529 0.4946 -0.5737
vn 0.4753 0.4876 -0.7323
vn 0.8907 -0.2898 -0.3503
vn 0.7001 -0.1915 -0.6879
vn 0.5135 0.1299 -0.8482
vn 0.8789 0.4095 -0.2448
vn 0.6571 0.5717 -0.4913
vn 0.4750 0.5792 -0.6625
vn 0.8897 -0.3517 -0.2910
vn 0.7059 -0.3249 -0.6294
vn 0.5327 -0.0253 -0.8459
vn 0.3782 0.3202 -0.8686
vn 0.3632 0.4354 -0.8237
vn 0.3552 0.5331 -0.7679
vn 0.8811 0.4419 -0.1688
vn 0.6642 0.6371 -0.3911
vn 0.4810 0.6621 -0.5747
vn 0.3545 0.6201 -0.6999
vn 0.8880 -0.4016 -0.2242
vn 0.7024 -0.5502 -0.4516
vn 0.7065 -0.4468 -0.5488
vn 0.5493 -0.1937 -0.8129
vn 0.3989 0.1811 -0.8990
vn 0.8826 0.4623 -0.0860
vn 0.6721 0.6882 -0.2734
vn 0.3609 0.7011 -0.6150
vn 0.4917 0.7362 -0.4651
vn 0.8860 -0.4380 -0.1521
vn 0.5524 -0.6465 -0.5262
vn 0.5595 -0.5183 -0.6468
vn 0.5589 -0.3632 -0.7455
vn 0.4220 0.0145 -0.9065
vn 0.2965 0.3651 -0.8825
vn 0.2813 0.4734 -0.8347
vn 0.2732 0.5630 -0.7800
vn 0.2723 0.6426 -0.7162
vn 0.8830 0.4693 -0.0000
vn 0.6782 0.7212 -0.1407
vn 0.5041 0.7979 -0.3305
vn 0.2634 0.6821 -0.6821
vn 0.3075 0.6728 -0.6729
vn 0.3075 0.6728 -0.6728
vn 0.3090 0.6849 -0.6599
vn 0.4133 0.7253 -0.5506
vn 0.3912 0.7307 -0.5595
vn 0.4187 0.7478 -0.5152
vn 0.8844 -0.4604 -0.0766
vn 0.6957 -0.6308 -0.3438
vn 0.4464 -0.6963 -0.5620
vn 0.4556 -0.5514 -0.6989
vn 0.4427 -0.1750 -0.8795
vn 0.3179 0.2286 -0.9201
vn 0.8823 0.4626 0.0865
vn 0.6803 0.7329 0.0002
vn 0.5142 0.8402 -0.1725
vn 0.2394 0.6532 -0.7184
vn 0.2439 0.7242 -0.6451
vn 0.2416 0.7026 -0.6693
vn 0.2398 0.6865 -0.6865
vn 0.3162 0.7485 -0.5828
vn 0.3189 0.7523 -0.5765
vn 0.4250 0.7946 -0.4335
vn 0.4273 0.7972 -0.4265
vn 0.4347 0.8235 -0.3645
vn 0.8837 -0.4681 -0.0000
vn 0.6887 -0.6874 -0.2306
vn 0.5412 -0.7423 -0.3950
vn 0.3700 -0.7253 -0.5806
vn 0.3805 -0.5674 -0.7303
vn 0.4549 -0.3713 -0.8094
vn 0.3428 0.0569 -0.9377
vn 0.2668 0.3955 -0.8789
vn 0.2509 0.4977 -0.8302
vn 0.2417 0.5803 -0.7777
vn 0.8806 0.4427 0.1692
vn 0.6777 0.7216 0.1413
vn 0.5179 0.8554 0.0004
vn 0.4411 0.8547 -0.2736
vn 0.4471 0.8714 -0.2019
vn 0.2550 0.7980 -0.5461
vn 0.2475 0.7573 -0.6043
vn 0.8842 -0.4607 0.0770
vn 0.6814 -0.7319 -0.0000
vn 0.6834 -0.7209 -0.1153
vn 0.4324 -0.8000 -0.4159
vn 0.3379 -0.7338 -0.5894
vn 0.3502 -0.5676 -0.7451
vn 0.3798 -0.3663 -0.8495
vn 0.3657 -0.1477 -0.9189
vn 0.2886 0.2624 -0.9208
vn 0.8784 0.4103 0.2452
vn 0.6714 0.6887 0.2737
vn 0.5137 0.8403 0.1731
vn 0.4502 0.8880 -0.0940
vn 0.4527 0.8917 0.0028
vn 0.4494 0.8880 -0.0974
vn 0.2507 0.7622 -0.5968
vn 0.2540 0.7836 -0.5670
vn 0.8856 -0.4388 0.1524
vn 0.6832 -0.7210 0.1159
vn 0.5193 -0.8546 0.0002
vn 0.5222 -0.8429 -0.1297
vn 0.5300 -0.8066 -0.2617
vn 0.3545 -0.8335 -0.4238
vn 0.3508 -0.3541 -0.8669
vn 0.3139 0.0892 -0.9453
vn 0.8765 0.3666 0.3119
vn 0.6636 0.6376 0.3913
vn 0.5035 0.7981 0.3309
vn 0.4499 0.8881 0.0942
vn 0.4479 0.8750 0.1839
vn 0.2708 0.8721 -0.4075
vn 0.2617 0.8324 -0.4885
vn 0.8876 -0.4023 0.2245
vn 0.5219 -0.8430 0.1303
vn 0.4529 -0.8915 0.0002
vn 0.4516 -0.8898 -0.0654
vn 0.4562 -0.8772 -0.1498
vn 0.4669 -0.8299 -0.3055
vn 0.4467 -0.8286 -0.3374
vn 0.3808 -0.8564 -0.3487
vn 0.3807 -0.8564 -0.3487
vn 0.3803 -0.8570 -0.3477
vn 0.3211 -0.8454 -0.4268
vn 0.3372 -0.1231 -0.9334
vn 0.8756 0.3131 0.3679
vn 0.6569 0.5722 0.4911
vn 0.4912 0.7366 0.4650
vn 0.4404 0.8559 0.2710
vn 0.4344 0.8221 0.3679
vn 0.4420 0.8523 0.2797
vn 0.2699 0.8581 -0.4367
vn 0.8896 -0.3521 0.2909
vn 0.6881 -0.6879 0.2309
vn 0.4565 -0.8761 0.1549
vn 0.4526 -0.8892 0.0665
vn 0.4571 -0.8675 -0.1963
vn 0.4593 -0.8649 -0.2023
vn 0.3772 -0.8612 -0.3406
vn 0.3399 -0.8746 -0.3458
vn 0.3145 -0.8828 -0.3490
vn 0.3133 -0.8842 -0.3465
vn 0.8760 0.2510 0.4119
vn 0.6533 0.4950 0.5729
vn 0.4809 0.6626 0.5742
vn 0.4265 0.7989 0.4241
vn 0.4202 0.7572 0.5001
vn 0.2860 0.9323 -0.2212
vn 0.2787 0.9035 -0.3254
vn 0.2773 0.9022 -0.3304
vn 0.8910 -0.2898 0.3496
vn 0.6951 -0.6313 0.3439
vn 0.5297 -0.8068 0.2619
vn 0.4581 -0.8662 0.1996
vn 0.3095 -0.8979 -0.3131
vn 0.3063 -0.9117 -0.2738
vn 0.8778 0.1815 0.4433
vn 0.6540 0.4072 0.6376
vn 0.4754 0.5799 0.6616
vn 0.3608 0.7022 0.6137
vn 0.4143 0.7227 0.5533
vn 0.3921 0.7306 0.5590
vn 0.2866 0.9272 -0.2411
vn 0.8911 -0.2177 0.3981
vn 0.7068 -0.4472 0.5481
vn 0.7022 -0.5507 0.4513
vn 0.4662 -0.8351 0.2920
vn 0.3016 -0.9315 -0.2035
vn 0.3006 -0.9324 -0.2009
vn 0.8807 0.1059 0.4618
vn 0.6593 0.3084 0.6858
vn 0.3548 0.6209 0.6990
vn 0.4762 0.4883 0.7313
vn 0.3105 0.6991 0.6441
vn 0.2933 0.9560 0.0004
vn 0.2911 0.9498 -0.1148
vn 0.2904 0.9496 -0.1179
vn 0.8899 -0.1389 0.4345
vn 0.5597 -0.5190 0.6460
vn 0.5521 -0.6470 0.5258
vn 0.5408 -0.7427 0.3950
vn 0.4695 -0.8162 0.3369
vn 0.2972 -0.9455 -0.1328
vn 0.2990 -0.9336 -0.1973
vn 0.2976 -0.9437 -0.1445
vn 0.8841 0.0259 0.4666
vn 0.6686 0.1980 0.7168
vn 0.4837 0.3851 0.7859
vn 0.3075 0.6728 0.6729
vn 0.3041 0.6096 0.7320
vn 0.3557 0.5339 0.7671
vn 0.2939 0.9558 0.0038
vn 0.8874 -0.0566 0.4575
vn 0.7070 -0.3251 0.6281
vn 0.4557 -0.5522 0.6981
vn 0.4462 -0.6969 0.5615
vn 0.4321 -0.8003 0.4158
vn 0.4477 -0.8282 0.3372
vn 0.4703 -0.8174 0.3327
vn 0.2940 -0.9558 -0.0001
vn 0.2927 -0.9540 -0.0650
vn 0.2939 -0.9559 -0.0001
vn 0.6803 0.0759 0.7290
vn 0.4974 0.2667 0.8255
vn 0.3033 0.5979 0.7420
vn 0.3040 0.6098 0.7319
vn 0.2725 0.6434 0.7154
vn 0.2735 0.5639 0.7792
vn 0.3030 0.5971 0.7428
vn 0.3640 0.4360 0.8230
vn 0.2882 0.9316 0.2217
vn 0.2912 0.9497 0.1147
vn 0.7019 -0.1917 0.6860
vn 0.5598 -0.3639 0.7445
vn 0.3806 -0.5683 0.7295
vn 0.3698 -0.7258 0.5800
vn 0.3789 -0.8594 0.3432
vn 0.2980 -0.9452 0.1335
vn 0.2930 -0.9539 0.0644
vn 0.2978 -0.9430 0.1484
vn 0.6923 -0.0556 0.7195
vn 0.5154 0.1297 0.8471
vn 0.3793 0.3206 0.8680
vn 0.2634 0.6822 0.6820
vn 0.2377 0.5817 0.7779
vn 0.2818 0.4742 0.8341
vn 0.2905 0.9504 0.1110
vn 0.2862 0.9253 0.2488
vn 0.4556 -0.3723 0.8086
vn 0.3487 -0.5687 0.7450
vn 0.3386 -0.7340 0.5887
vn 0.3527 -0.7905 0.5007
vn 0.3948 -0.7762 0.4916
vn 0.3943 -0.7748 0.4941
vn 0.3877 -0.7544 0.5297
vn 0.3931 -0.7727 0.4983
vn 0.3912 -0.7946 0.4643
vn 0.3005 -0.9328 0.1990
vn 0.5346 -0.0258 0.8447
vn 0.4002 0.1810 0.8984
vn 0.2451 0.7245 0.6442
vn 0.2381 0.6541 0.7179
vn 0.2398 0.6865 0.6865
vn 0.2418 0.7041 0.6677
vn 0.2444 0.4994 0.8312
vn 0.2972 0.3656 0.8820
vn 0.2740 0.8713 0.4072
vn 0.2793 0.9048 0.3215
vn 0.5508 -0.1944 0.8117
vn 0.3803 -0.3674 0.8487
vn 0.3230 -0.8449 0.4264
vn 0.3264 -0.8112 0.4852
vn 0.3083 -0.9110 0.2738
vn 0.3011 -0.9330 0.1971
vn 0.3089 -0.9015 0.3031
vn 0.4235 0.0140 0.9058
vn 0.3188 0.2286 0.9198
vn 0.2483 0.7610 0.5994
vn 0.2583 0.3971 0.8807
vn 0.2708 0.8630 0.4264
vn 0.4439 -0.1758 0.8787
vn 0.3465 -0.3557 0.8680
vn 0.3133 -0.8860 0.3418
vn 0.3135 -0.8863 0.3409
vn 0.3112 -0.8838 0.3495
vn 0.3438 0.0564 0.9374
vn 0.2579 0.7976 0.5453
vn 0.2504 0.7573 0.6031
vn 0.2538 0.7823 0.5688
vn 0.2793 0.2634 0.9234
vn 0.2627 0.8358 0.4821
vn 0.2645 0.8299 0.4912
vn 0.3667 -0.1487 0.9184
vn 0.3051 0.0892 0.9481
vn 0.3302 -0.1243 0.9357
vt 0.471254 0.237226
vt 0.475770 0.238698
vt 0.475661 0.238698
vt 0.475422 0.238698
vt 0.475742 0.238698
vt 0.479954 0.243102
vt 0.475063 0.238698
vt 0.479407 0.243102
vt 0.475573 0.238698
vt 0.480251 0.243102
vt 0.474597 0.238698
vt 0.478639 0.243102
vt 0.475267 0.238698
vt 0.480275 0.243102
vt 0.484103 0.250407
vt 0.483185 0.250407
vt 0.474041 0.238698
vt 0.477684 0.243102
vt 0.481965 0.250407
vt 0.474830 0.238698
vt 0.480010 0.243102
vt 0.484664 0.250407
vt 0.473410 0.238698
vt 0.476575 0.243102
vt 0.480500 0.250407
vt 0.474273 0.238698
vt 0.479452 0.243102
vt 0.484816 0.250407
vt 0.488083 0.260554
vt 0.486736 0.260554
vt 0.485024 0.260554
vt 0.472723 0.238698
vt 0.475347 0.243103
vt 0.478848 0.250407
vt 0.483036 0.260554
vt 0.473615 0.238698
vt 0.477499 0.243102
vt 0.478608 0.243102
vt 0.484525 0.250407
vt 0.488974 0.260554
vt 0.471998 0.238698
vt 0.474030 0.243103
vt 0.480852 0.260554
vt 0.477057 0.250407
vt 0.472875 0.238698
vt 0.480900 0.250407
vt 0.482553 0.250407
vt 0.483769 0.250407
vt 0.489327 0.260554
vt 0.491867 0.273469
vt 0.490043 0.273469
vt 0.487810 0.273469
vt 0.485291 0.273469
vt 0.471254 0.238698
vt 0.472656 0.243103
vt 0.475171 0.250407
vt 0.483637 0.273469
vt 0.483824 0.272204
vt 0.483020 0.266761
vt 0.481174 0.262938
vt 0.478561 0.259821
vt 0.479291 0.260554
vt 0.478409 0.259669
vt 0.472079 0.238698
vt 0.476159 0.243102
vt 0.484436 0.260554
vt 0.486620 0.260554
vt 0.489075 0.260554
vt 0.493150 0.273469
vt 0.470511 0.238698
vt 0.471254 0.243103
vt 0.473227 0.250407
vt 0.487269 0.289051
vt 0.484076 0.289051
vt 0.482995 0.277700
vt 0.483020 0.277648
vt 0.480732 0.262024
vt 0.480708 0.261974
vt 0.477165 0.258421
vt 0.476368 0.258075
vt 0.475887 0.257866
vt 0.474633 0.243102
vt 0.478861 0.250407
vt 0.488064 0.273469
vt 0.490763 0.273469
vt 0.488176 0.260554
vt 0.493767 0.273469
vt 0.495435 0.289050
vt 0.493097 0.289050
vt 0.490320 0.289050
vt 0.469786 0.238698
vt 0.469853 0.243103
vt 0.471254 0.250407
vt 0.474202 0.257133
vt 0.473533 0.256842
vt 0.480839 0.289050
vt 0.481849 0.280072
vt 0.470430 0.238698
vt 0.471254 0.243102
vt 0.472977 0.243102
vt 0.481690 0.260554
vt 0.491735 0.289050
vt 0.494928 0.289050
vt 0.492622 0.273469
vt 0.493615 0.273469
vt 0.497159 0.289050
vt 0.469099 0.238698
vt 0.468479 0.243103
vt 0.469282 0.250407
vt 0.472036 0.256531
vt 0.471254 0.256531
vt 0.472818 0.256531
vt 0.480708 0.282434
vt 0.480416 0.282727
vt 0.469634 0.238698
vt 0.469532 0.243102
vt 0.473939 0.250407
vt 0.476510 0.250407
vt 0.484608 0.273469
vt 0.497056 0.289050
vt 0.498095 0.289050
vt 0.468468 0.238698
vt 0.467162 0.243103
vt 0.467338 0.250407
vt 0.469773 0.256531
vt 0.468991 0.256531
vt 0.477615 0.289051
vt 0.478187 0.284962
vt 0.468894 0.238698
vt 0.468570 0.250407
vt 0.474630 0.257319
vt 0.478289 0.259549
vt 0.479292 0.260554
vt 0.483740 0.271638
vt 0.487574 0.289050
vt 0.498096 0.289050
vt 0.467912 0.238698
vt 0.465934 0.243103
vt 0.465452 0.250407
vt 0.467425 0.256865
vt 0.466687 0.257186
vt 0.468193 0.256531
vt 0.477472 0.285679
vt 0.468236 0.238698
vt 0.467876 0.243102
vt 0.467947 0.256638
vt 0.477826 0.259085
vt 0.482710 0.278291
vt 0.467446 0.238698
vt 0.464825 0.243103
vt 0.463661 0.250407
vt 0.464818 0.257999
vt 0.464311 0.258219
vt 0.474423 0.289051
vt 0.474750 0.287037
vt 0.477165 0.285987
vt 0.467679 0.238698
vt 0.466350 0.243102
vt 0.465998 0.250407
vt 0.467016 0.257043
vt 0.481507 0.280780
vt 0.482614 0.289051
vt 0.467087 0.238698
vt 0.463869 0.243103
vt 0.462009 0.250407
vt 0.461657 0.260554
vt 0.463847 0.258421
vt 0.461720 0.260554
vt 0.474385 0.287196
vt 0.467242 0.238698
vt 0.463901 0.243102
vt 0.465010 0.243102
vt 0.464494 0.258140
vt 0.480077 0.283067
vt 0.466848 0.238698
vt 0.463102 0.243103
vt 0.459472 0.260554
vt 0.460544 0.250407
vt 0.461647 0.260628
vt 0.471254 0.289051
vt 0.471469 0.287877
vt 0.472818 0.287877
vt 0.466935 0.238698
vt 0.459956 0.250407
vt 0.461609 0.250407
vt 0.463648 0.250407
vt 0.463944 0.258379
vt 0.477083 0.289051
vt 0.476880 0.286111
vt 0.466739 0.238698
vt 0.462555 0.243102
vt 0.459324 0.250407
vt 0.460304 0.261974
vt 0.458614 0.265472
vt 0.457485 0.260554
vt 0.471254 0.287877
vt 0.466767 0.238698
vt 0.463057 0.243102
vt 0.455888 0.260554
vt 0.458073 0.260554
vt 0.460819 0.260554
vt 0.461720 0.260554
vt 0.472818 0.287877
vt 0.471254 0.287877
vt 0.462258 0.243102
vt 0.458406 0.250407
vt 0.457188 0.272204
vt 0.457303 0.272982
vt 0.457218 0.273469
vt 0.454699 0.273469
vt 0.457991 0.266761
vt 0.455773 0.260554
vt 0.468086 0.289051
vt 0.468325 0.287877
vt 0.462499 0.243102
vt 0.458739 0.250407
vt 0.451746 0.273469
vt 0.454444 0.273469
vt 0.460893 0.261383
vt 0.465426 0.289051
vt 0.468193 0.287877
vt 0.465586 0.286743
vt 0.462234 0.243102
vt 0.457845 0.250407
vt 0.454426 0.260554
vt 0.457375 0.273469
vt 0.452188 0.289051
vt 0.452465 0.273469
vt 0.468193 0.287877
vt 0.468111 0.287842
vt 0.454333 0.260554
vt 0.447581 0.289050
vt 0.450774 0.289050
vt 0.457990 0.266770
vt 0.460555 0.261723
vt 0.464844 0.286421
vt 0.457693 0.250407
vt 0.453535 0.260554
vt 0.458433 0.289051
vt 0.455240 0.289051
vt 0.457991 0.277648
vt 0.459267 0.280289
vt 0.449412 0.289051
vt 0.450642 0.273469
vt 0.464894 0.289051
vt 0.465429 0.286675
vt 0.457984 0.250407
vt 0.449887 0.273469
vt 0.454934 0.289050
vt 0.457604 0.275026
vt 0.459895 0.289051
vt 0.463847 0.285987
vt 0.460724 0.282856
vt 0.453182 0.260554
vt 0.449359 0.273469
vt 0.460270 0.282364
vt 0.447074 0.289050
vt 0.465002 0.286490
vt 0.453434 0.260554
vt 0.445453 0.289051
vt 0.458596 0.278899
vt 0.460304 0.282434
vt 0.448742 0.273469
vt 0.461670 0.289051
vt 0.461999 0.284134
vt 0.445350 0.289050
vt 0.462716 0.284853
vt 0.448894 0.273469
vt 0.444414 0.289050
vt 0.444413 0.289050
s 1
usemtl Material_#25
f 5332/5342/5382 5333/5343/5383 5334/5344/5384
f 5332/5342/5382 5334/5344/5384 5335/5345/5385
f 5332/5342/5382 5336/5346/5386 5333/5343/5383
f 5337/5347/5387 5334/5344/5384 5333/5343/5383
f 5332/5342/5382 5335/5345/5385 5338/5348/5388
f 5339/5349/5389 5335/5345/5385 5334/5344/5384
f 5332/5342/5382 5340/5350/5390 5336/5346/5386
f 5341/5351/5391 5333/5343/5383 5336/5346/5386
f 5333/5343/5383 5341/5351/5391 5337/5347/5387
f 5334/5344/5384 5337/5347/5387 5339/5349/5389
f 5332/5342/5382 5338/5348/5388 5342/5352/5392
f 5343/5353/5393 5338/5348/5388 5335/5345/5385
f 5335/5345/5385 5339/5349/5389 5343/5353/5393
f 5332/5342/5382 5344/5354/5394 5340/5350/5390
f 5345/5355/5395 5336/5346/5386 5340/5350/5390
f 5336/5346/5386 5345/5355/5395 5341/5351/5391
f 5346/5356/5396 5337/5347/5387 5341/5351/5391
f 5347/5357/5397 5339/5349/5389 5337/5347/5387
f 5332/5342/5382 5342/5352/5392 5348/5358/5398
f 5349/5359/5399 5342/5352/5392 5338/5348/5388
f 5338/5348/5388 5343/5353/5393 5349/5359/5399
f 5350/5360/5400 5343/5353/5393 5339/5349/5389
f 5332/5342/5382 5351/5361/5401 5344/5354/5394
f 5352/5362/5402 5340/5350/5390 5344/5354/5394
f 5340/5350/5390 5352/5362/5402 5345/5355/5395
f 5353/5363/5403 5341/5351/5391 5345/5355/5395
f 5341/5351/5391 5353/5363/5403 5346/5356/5396
f 5337/5347/5387 5346/5356/5396 5347/5357/5397
f 5339/5349/5389 5347/5357/5397 5350/5360/5400
f 5332/5342/5382 5348/5358/5398 5354/5364/5404
f 5349/5359/5399 5355/5365/5405 5348/5358/5398
f 5348/5358/5398 5342/5352/5392 5349/5359/5399
f 5356/5366/5406 5349/5359/5399 5343/5353/5393
f 5343/5353/5393 5350/5360/5400 5356/5366/5406
f 5332/5342/5382 5357/5367/5407 5351/5361/5401
f 5358/5368/5408 5344/5354/5394 5351/5361/5401
f 5344/5354/5394 5358/5368/5408 5352/5362/5402
f 5359/5369/5409 5345/5355/5395 5352/5362/5402
f 5345/5355/5395 5359/5369/5409 5353/5363/5403
f 5360/5370/5410 5346/5356/5396 5353/5363/5403
f 5361/5371/5411 5347/5357/5397 5346/5356/5396
f 5362/5372/5412 5350/5360/5400 5347/5357/5397
f 5332/5342/5382 5354/5364/5404 5363/5373/5413
f 5364/5374/5414 5354/5364/5404 5348/5358/5398
f 5356/5366/5406 5365/5375/5415 5355/5365/5405
f 5355/5365/5405 5349/5359/5399 5356/5366/5406
f 5348/5358/5398 5355/5365/5405 5364/5374/5414
f 5366/5376/5416 5356/5366/5406 5350/5360/5400
f 5332/5342/5382 5367/5377/5417 5357/5367/5407
f 5368/5378/5418 5369/5379/5419 5351/5361/5401
f 5351/5361/5401 5357/5367/5407 5368/5378/5418
f 5351/5361/5401 5369/5379/5419 5358/5368/5408
f 5370/5380/5420 5352/5362/5402 5358/5368/5408
f 5352/5362/5402 5370/5380/5420 5359/5369/5409
f 5371/5381/5421 5353/5363/5403 5359/5369/5409
f 5353/5363/5403 5371/5381/5421 5360/5370/5410
f 5346/5356/5396 5360/5370/5410 5361/5371/5411
f 5347/5357/5397 5361/5371/5411 5362/5372/5412
f 5350/5360/5400 5362/5372/5412 5366/5376/5416
f 5332/5342/5382 5363/5373/5413 5372/5382/5422
f 5373/5383/5423 5363/5373/5413 5354/5364/5404
f 5354/5364/5404 5364/5374/5414 5373/5383/5423
f 5366/5376/5416 5374/5384/5424 5365/5375/5415
f 5365/5375/5415 5356/5366/5406 5366/5376/5416
f 5355/5365/5405 5365/5375/5415 5375/5385/5425
f 5375/5385/5425 5364/5374/5414 5355/5365/5405
f 5332/5342/5382 5376/5386/5426 5367/5377/5417
f 5368/5378/5418 5357/5367/5407 5367/5377/5417
f 5377/5387/5427 5378/5388/5428 5369/5379/5419
f 5369/5379/5419 5368/5378/5418 5377/5387/5427
f 5379/5389/5429 5358/5368/5408 5369/5379/5419
f 5358/5368/5408 5379/5389/5429 5370/5380/5420
f 5380/5390/5430 5359/5369/5409 5370/5380/5420
f 5359/5369/5409 5380/5390/5430 5371/5381/5421
f 5381/5391/5431 5360/5370/5410 5371/5381/5421
f 5382/5392/5432 5361/5371/5411 5360/5370/5410
f 5383/5393/5433 5362/5372/5412 5361/5371/5411
f 5384/5394/5434 5366/5376/5416 5362/5372/5412
f 5332/5342/5382 5372/5382/5422 5385/5395/5435
f 5386/5396/5436 5372/5382/5422 5363/5373/5413
f 5363/5373/5413 5373/5383/5423 5386/5396/5436
f 5387/5397/5437 5373/5383/5423 5364/5374/5414
f 5384/5394/5434 5388/5398/5438 5389/5399/5439
f 5366/5376/5416 5384/5394/5434 5389/5399/5439
f 5366/5376/5416 5389/5399/5439 5390/5400/5440
f 5366/5376/5416 5390/5400/5440 5391/5401/5441
f 5366/5376/5416 5391/5401/5441 5374/5384/5424
f 5392/5402/5442 5365/5375/5415 5374/5384/5424
f 5374/5384/5424 5393/5403/5443 5392/5402/5442
f 5375/5385/5425 5365/5375/5415 5392/5402/5442
f 5392/5402/5442 5394/5404/5444 5375/5385/5425
f 5364/5374/5414 5375/5385/5425 5387/5397/5437
f 5332/5342/5382 5395/5405/5445 5376/5386/5426
f 5396/5406/5446 5367/5377/5417 5376/5386/5426
f 5367/5377/5417 5396/5406/5446 5368/5378/5418
f 5377/5387/5427 5368/5378/5418 5396/5406/5446
f 5397/5407/5447 5398/5408/5448 5378/5388/5428
f 5378/5388/5428 5377/5387/5427 5397/5407/5447
f 5369/5379/5419 5378/5388/5428 5379/5389/5429
f 5399/5409/5449 5370/5380/5420 5379/5389/5429
f 5370/5380/5420 5399/5409/5449 5380/5390/5430
f 5400/5410/5450 5371/5381/5421 5380/5390/5430
f 5371/5381/5421 5400/5410/5450 5381/5391/5431
f 5360/5370/5410 5381/5391/5431 5382/5392/5432
f 5361/5371/5411 5382/5392/5432 5383/5393/5433
f 5362/5372/5412 5383/5393/5433 5384/5394/5434
f 5332/5342/5382 5385/5395/5435 5401/5411/5451
f 5386/5396/5436 5402/5412/5452 5385/5395/5435
f 5385/5395/5435 5372/5382/5422 5386/5396/5436
f 5403/5413/5453 5386/5396/5436 5373/5383/5423
f 5373/5383/5423 5387/5397/5437 5403/5413/5453
f 5384/5394/5434 5404/5414/5454 5405/5415/5455
f 5405/5415/5455 5406/5416/5456 5407/5417/5457
f 5384/5394/5434 5405/5415/5455 5407/5417/5457
f 5384/5394/5434 5407/5417/5457 5388/5398/5438
f 5408/5418/5458 5374/5384/5424 5391/5401/5441
f 5409/5419/5459 5393/5403/5443 5374/5384/5424
f 5374/5384/5424 5408/5418/5458 5409/5419/5459
f 5410/5420/5460 5411/5421/5461 5375/5385/5425
f 5375/5385/5425 5394/5404/5444 5410/5420/5460
f 5387/5397/5437 5375/5385/5425 5411/5421/5461
f 5411/5421/5461 5412/5422/5462 5387/5397/5437
f 5332/5342/5382 5413/5395/5463 5395/5405/5445
f 5414/5423/5464 5376/5386/5426 5395/5405/5445
f 5376/5386/5426 5414/5423/5464 5396/5406/5446
f 5396/5406/5446 5415/5424/5465 5377/5387/5427
f 5397/5407/5447 5377/5387/5427 5415/5424/5465
f 5416/5425/5466 5417/5426/5467 5398/5408/5448
f 5398/5408/5448 5397/5407/5447 5416/5425/5466
f 5378/5388/5428 5398/5408/5448 5418/5427/5468
f 5418/5427/5468 5379/5389/5429 5378/5388/5428
f 5379/5389/5429 5418/5427/5468 5399/5409/5449
f 5419/5428/5469 5380/5390/5430 5399/5409/5449
f 5380/5390/5430 5419/5428/5469 5400/5410/5450
f 5420/5429/5470 5381/5391/5431 5400/5410/5450
f 5421/5430/5471 5382/5392/5432 5381/5391/5431
f 5422/5431/5472 5383/5393/5433 5382/5392/5432
f 5404/5414/5454 5384/5394/5434 5383/5393/5433
f 5332/5342/5382 5401/5411/5451 5423/5432/5473
f 5385/5395/5435 5402/5412/5452 5424/5433/5474
f 5424/5433/5474 5401/5411/5451 5385/5395/5435
f 5425/5434/5475 5402/5412/5452 5386/5396/5436
f 5386/5396/5436 5403/5413/5453 5425/5434/5475
f 5403/5413/5453 5387/5397/5437 5427/5435/5476
f 5427/5435/5476 5426/5436/5477 5403/5413/5453
f 5405/5415/5455 5428/5437/5478 5429/5438/5479
f 5429/5438/5479 5406/5416/5456 5405/5415/5455
f 5427/5435/5476 5387/5397/5437 5412/5422/5462
f 5332/5342/5382 5430/5439/5480 5413/5395/5463
f 5431/5440/5481 5432/5441/5482 5395/5405/5445
f 5395/5405/5445 5413/5395/5463 5431/5440/5481
f 5395/5405/5445 5432/5441/5482 5414/5423/5464
f 5415/5424/5465 5396/5406/5446 5414/5423/5464
f 5415/5424/5465 5433/5442/5483 5397/5407/5447
f 5416/5425/5466 5397/5407/5447 5433/5442/5483
f 5434/5443/5484 5435/5444/5485 5417/5426/5467
f 5417/5426/5467 5416/5425/5466 5434/5443/5484
f 5398/5408/5448 5417/5426/5467 5436/5445/5486
f 5436/5445/5486 5418/5427/5468 5398/5408/5448
f 5437/5446/5487 5399/5409/5449 5418/5427/5468
f 5399/5409/5449 5437/5446/5487 5419/5428/5469
f 5438/5447/5488 5400/5410/5450 5419/5428/5469
f 5400/5410/5450 5438/5447/5488 5420/5429/5470
f 5381/5391/5431 5420/5429/5470 5421/5430/5471
f 5382/5392/5432 5421/5430/5471 5422/5431/5472
f 5383/5393/5433 5422/5431/5472 5404/5414/5454
f 5332/5342/5382 5423/5432/5473 5439/5448/5489
f 5440/5449/5490 5423/5432/5473 5401/5411/5451
f 5441/5450/5491 5424/5433/5474 5402/5412/5452
f 5401/5411/5451 5424/5433/5474 5440/5449/5490
f 5402/5412/5452 5425/5434/5475 5441/5450/5491
f 5425/5434/5475 5403/5413/5453 5443/5451/5492
f 5443/5451/5492 5442/5452/5493 5425/5434/5475
f 5444/5453/5494 5443/5451/5492 5403/5413/5453
f 5403/5413/5453 5426/5436/5477 5444/5453/5494
f 5446/5454/5495 5429/5438/5479 5428/5437/5478
f 5428/5437/5478 5445/5455/5496 5446/5454/5495
f 5332/5342/5382 5447/5456/5497 5430/5439/5480
f 5430/5439/5480 5448/5457/5498 5431/5440/5481
f 5431/5440/5481 5413/5395/5463 5430/5439/5480
f 5449/5434/5499 5450/5458/5500 5432/5441/5482
f 5432/5441/5482 5431/5440/5481 5449/5434/5499
f 5451/5459/5501 5414/5423/5464 5432/5441/5482
f 5414/5423/5464 5451/5459/5501 5415/5424/5465
f 5433/5442/5483 5415/5424/5465 5451/5459/5501
f 5433/5442/5483 5452/5460/5502 5416/5425/5466
f 5434/5443/5484 5416/5425/5466 5452/5460/5502
f 5417/5426/5467 5435/5444/5485 5453/5461/5503
f 5453/5461/5503 5436/5445/5486 5417/5426/5467
f 5418/5427/5468 5436/5445/5486 5437/5446/5487
f 5454/5462/5504 5419/5428/5469 5437/5446/5487
f 5419/5428/5469 5454/5462/5504 5438/5447/5488
f 5332/5342/5382 5439/5448/5489 5455/5463/5505
f 5456/5464/5506 5439/5448/5489 5423/5432/5473
f 5423/5432/5473 5440/5449/5490 5456/5464/5506
f 5424/5433/5474 5441/5450/5491 5457/5465/5507
f 5457/5465/5507 5440/5449/5490 5424/5433/5474
f 5441/5450/5491 5425/5434/5475 5459/5466/5508
f 5459/5466/5508 5458/5467/5509 5441/5450/5491
f 5459/5466/5508 5425/5434/5475 5442/5452/5493
f 5428/5437/5478 5460/5468/5510 5461/5469/5511
f 5461/5469/5511 5445/5455/5496 5428/5437/5478
f 5332/5342/5382 5462/5470/5512 5447/5456/5497
f 5448/5457/5498 5430/5439/5480 5447/5456/5497
f 5448/5457/5498 5463/5471/5513 5449/5434/5499
f 5449/5434/5499 5431/5440/5481 5448/5457/5498
f 5449/5434/5499 5464/5452/5514 5465/5453/5515
f 5449/5434/5499 5465/5453/5515 5466/5472/5516
f 5449/5434/5499 5466/5472/5516 5450/5458/5500
f 5432/5441/5482 5450/5458/5500 5451/5459/5501
f 5433/5442/5483 5451/5459/5501 5468/5473/5517
f 5468/5473/5517 5467/5474/5518 5433/5442/5483
f 5433/5442/5483 5467/5474/5518 5469/5419/5519
f 5433/5442/5483 5469/5419/5519 5470/5400/5520
f 5452/5460/5502 5433/5442/5483 5470/5400/5520
f 5452/5460/5502 5470/5400/5520 5471/5475/5521
f 5452/5460/5502 5472/5476/5522 5434/5443/5484
f 5436/5445/5486 5453/5461/5503 5473/5477/5523
f 5473/5477/5523 5437/5446/5487 5436/5445/5486
f 5437/5446/5487 5473/5477/5523 5454/5462/5504
f 5332/5342/5382 5455/5463/5505 5474/5478/5524
f 5475/5479/5525 5455/5463/5505 5439/5448/5489
f 5439/5448/5489 5456/5464/5506 5475/5479/5525
f 5476/5480/5526 5456/5464/5506 5440/5449/5490
f 5457/5465/5507 5441/5450/5491 5478/5481/5527
f 5478/5481/5527 5477/5482/5528 5457/5465/5507
f 5440/5449/5490 5457/5465/5507 5476/5480/5526
f 5479/5483/5529 5478/5481/5527 5441/5450/5491
f 5441/5450/5491 5458/5467/5509 5479/5483/5529
f 5461/5469/5511 5460/5468/5510 5480/5484/5530
f 5332/5342/5382 5481/5485/5531 5462/5470/5512
f 5482/5486/5532 5447/5456/5497 5462/5470/5512
f 5447/5456/5497 5482/5486/5532 5448/5457/5498
f 5463/5471/5513 5448/5457/5498 5482/5486/5532
f 5463/5471/5513 5483/5487/5533 5484/5483/5534
f 5463/5471/5513 5484/5483/5534 5464/5452/5514
f 5463/5471/5513 5464/5452/5514 5449/5434/5499
f 5485/5420/5535 5486/5488/5536 5450/5458/5500
f 5450/5458/5500 5466/5472/5516 5485/5420/5535
f 5451/5459/5501 5450/5458/5500 5486/5488/5536
f 5486/5488/5536 5468/5473/5517 5451/5459/5501
f 5488/5399/5537 5487/5398/5538 5452/5460/5502
f 5452/5460/5502 5471/5475/5521 5488/5399/5537
f 5472/5476/5522 5452/5460/5502 5487/5398/5538
f 5472/5476/5522 5487/5398/5538 5489/5417/5539
f 5472/5476/5522 5489/5417/5539 5490/5489/5540
f 5332/5342/5382 5474/5478/5524 5491/5490/5541
f 5455/5463/5505 5475/5479/5525 5492/5491/5542
f 5492/5491/5542 5474/5478/5524 5455/5463/5505
f 5493/5492/5543 5475/5479/5525 5456/5464/5506
f 5456/5464/5506 5476/5480/5526 5493/5492/5543
f 5494/5493/5544 5457/5465/5507 5477/5482/5528
f 5476/5480/5526 5457/5465/5507 5494/5493/5544
f 5494/5493/5544 5495/5494/5545 5476/5480/5526
f 5460/5468/5510 5496/5495/5546 5497/5496/5547
f 5460/5468/5510 5497/5496/5547 5498/5497/5548
f 5480/5484/5530 5460/5468/5510 5498/5497/5548
f 5332/5342/5382 5499/5498/5549 5481/5485/5531
f 5500/5499/5550 5462/5470/5512 5481/5485/5531
f 5462/5470/5512 5500/5499/5550 5482/5486/5532
f 5482/5486/5532 5501/5500/5551 5463/5471/5513
f 5463/5471/5513 5501/5500/5551 5502/5501/5552
f 5502/5501/5552 5483/5487/5533 5463/5471/5513
f 5503/5502/5553 5504/5503/5554 5472/5476/5522
f 5472/5476/5522 5490/5489/5540 5503/5502/5553
f 5332/5342/5382 5491/5490/5541 5505/5504/5555
f 5506/5505/5556 5491/5490/5541 5474/5478/5524
f 5475/5479/5525 5493/5492/5543 5507/5506/5557
f 5507/5506/5557 5492/5491/5542 5475/5479/5525
f 5474/5478/5524 5492/5491/5542 5506/5505/5556
f 5508/5507/5558 5493/5492/5543 5476/5480/5526
f 5476/5480/5526 5495/5494/5545 5509/5508/5559
f 5476/5480/5526 5509/5508/5559 5510/5509/5560
f 5476/5480/5526 5510/5509/5560 5508/5507/5558
f 5497/5496/5547 5496/5495/5546 5511/5510/5561
f 5332/5342/5382 5512/5511/5562 5499/5498/5549
f 5499/5498/5549 5513/5512/5563 5514/5513/5564
f 5514/5513/5564 5481/5485/5531 5499/5498/5549
f 5481/5485/5531 5514/5513/5564 5500/5499/5550
f 5501/5500/5551 5482/5486/5532 5500/5499/5550
f 5502/5501/5552 5501/5500/5551 5515/5514/5565
f 5516/5454/5566 5517/5515/5567 5504/5503/5554
f 5504/5503/5554 5503/5502/5553 5516/5454/5566
f 5332/5342/5382 5505/5504/5555 5518/5516/5568
f 5519/5517/5569 5505/5504/5555 5491/5490/5541
f 5491/5490/5541 5506/5505/5556 5519/5517/5569
f 5493/5492/5543 5508/5507/5558 5520/5518/5570
f 5520/5518/5570 5507/5506/5557 5493/5492/5543
f 5492/5491/5542 5507/5506/5557 5521/5519/5571
f 5521/5519/5571 5506/5505/5556 5492/5491/5542
f 5522/5520/5572 5508/5507/5558 5510/5509/5560
f 5496/5495/5546 5523/5521/5573 5524/5522/5574
f 5496/5495/5546 5524/5522/5574 5525/5523/5575
f 5511/5510/5561 5496/5495/5546 5525/5523/5575
f 5332/5342/5382 5526/5524/5576 5512/5511/5562
f 5513/5512/5563 5499/5498/5549 5512/5511/5562
f 5513/5512/5563 5527/5525/5577 5528/5526/5578
f 5528/5526/5578 5514/5513/5564 5513/5512/5563
f 5529/5527/5579 5500/5499/5550 5514/5513/5564
f 5500/5499/5550 5529/5527/5579 5501/5500/5551
f 5501/5500/5551 5529/5527/5579 5530/5528/5580
f 5530/5528/5580 5515/5514/5565 5501/5500/5551
f 5532/5529/5581 5504/5503/5554 5517/5515/5567
f 5532/5529/5581 5517/5515/5567 5533/5497/5582
f 5531/5530/5583 5532/5529/5581 5533/5497/5582
f 5332/5342/5382 5518/5516/5568 5534/5531/5584
f 5535/5532/5585 5518/5516/5568 5505/5504/5555
f 5505/5504/5555 5519/5517/5569 5535/5532/5585
f 5536/5533/5586 5519/5517/5569 5506/5505/5556
f 5537/5534/5587 5538/5535/5588 5520/5518/5570
f 5522/5520/5572 5537/5534/5587 5520/5518/5570
f 5508/5507/5558 5522/5520/5572 5520/5518/5570
f 5507/5506/5557 5520/5518/5570 5539/5536/5589
f 5539/5536/5589 5521/5519/5571 5507/5506/5557
f 5506/5505/5556 5521/5519/5571 5536/5533/5586
f 5524/5522/5574 5523/5521/5573 5540/5537/5590
f 5332/5342/5382 5541/5538/5591 5526/5524/5576
f 5542/5539/5592 5512/5511/5562 5526/5524/5576
f 5512/5511/5562 5542/5539/5592 5513/5512/5563
f 5527/5525/5577 5513/5512/5563 5542/5539/5592
f 5527/5525/5577 5543/5540/5593 5544/5541/5594
f 5544/5541/5594 5528/5526/5578 5527/5525/5577
f 5514/5513/5564 5528/5526/5578 5529/5527/5579
f 5529/5527/5579 5545/5542/5595 5546/5543/5596
f 5529/5527/5579 5546/5543/5596 5547/5508/5597
f 5529/5527/5579 5547/5508/5597 5530/5528/5580
f 5549/5521/5598 5532/5529/5581 5531/5530/5583
f 5549/5521/5598 5531/5530/5583 5550/5544/5599
f 5548/5545/5600 5549/5521/5598 5550/5544/5599
f 5332/5342/5382 5534/5531/5584 5541/5538/5591
f 5551/5546/5601 5534/5531/5584 5518/5516/5568
f 5518/5516/5568 5535/5532/5585 5551/5546/5601
f 5552/5547/5602 5535/5532/5585 5519/5517/5569
f 5519/5517/5569 5536/5533/5586 5552/5547/5602
f 5554/5548/5603 5555/5549/5604 5556/5550/5605
f 5554/5548/5603 5556/5550/5605 5557/5551/5606
f 5553/5552/5607 5554/5548/5603 5557/5551/5606
f 5538/5535/5588 5553/5552/5607 5557/5551/5606
f 5520/5518/5570 5538/5535/5588 5557/5551/5606
f 5557/5551/5606 5539/5536/5589 5520/5518/5570
f 5521/5519/5571 5539/5536/5589 5558/5553/5608
f 5558/5553/5608 5536/5533/5586 5521/5519/5571
f 5523/5521/5573 5559/5554/5609 5560/5555/5610
f 5560/5555/5610 5540/5537/5590 5523/5521/5573
f 5561/5556/5611 5526/5524/5576 5541/5538/5591
f 5526/5524/5576 5561/5556/5611 5542/5539/5592
f 5542/5539/5592 5562/5557/5612 5527/5525/5577
f 5543/5540/5593 5527/5525/5577 5562/5557/5612
f 5543/5540/5593 5563/5558/5613 5564/5559/5614
f 5564/5559/5614 5544/5541/5594 5543/5540/5593
f 5528/5526/5578 5544/5541/5594 5545/5542/5595
f 5545/5542/5595 5529/5527/5579 5528/5526/5578
f 5546/5543/5596 5545/5542/5595 5565/5560/5615
f 5567/5561/5616 5549/5521/5598 5548/5545/5600
f 5567/5561/5616 5548/5545/5600 5568/5562/5617
f 5566/5563/5618 5567/5561/5616 5568/5562/5617
f 5569/5564/5619 5541/5538/5591 5534/5531/5584
f 5534/5531/5584 5551/5546/5601 5569/5564/5619
f 5570/5565/5620 5551/5546/5601 5535/5532/5585
f 5535/5532/5585 5552/5547/5602 5570/5565/5620
f 5571/5566/5621 5552/5547/5602 5536/5533/5586
f 5572/5567/5622 5556/5550/5605 5555/5549/5604
f 5573/5568/5623 5557/5551/5606 5556/5550/5605
f 5539/5536/5589 5557/5551/5606 5574/5569/5624
f 5574/5569/5624 5558/5553/5608 5539/5536/5589
f 5536/5533/5586 5558/5553/5608 5571/5566/5621
f 5576/5570/5625 5560/5555/5610 5559/5554/5609
f 5559/5554/5609 5575/5571/5626 5576/5570/5625
f 5541/5538/5591 5569/5564/5619 5561/5556/5611
f 5562/5557/5612 5542/5539/5592 5561/5556/5611
f 5562/5557/5612 5577/5572/5627 5543/5540/5593
f 5563/5558/5613 5543/5540/5593 5577/5572/5627
f 5563/5558/5613 5578/5573/5628 5579/5574/5629
f 5579/5574/5629 5564/5559/5614 5563/5558/5613
f 5564/5559/5614 5580/5567/5630 5581/5548/5631
f 5544/5541/5594 5564/5559/5614 5581/5548/5631
f 5544/5541/5594 5581/5548/5631 5582/5575/5632
f 5544/5541/5594 5582/5575/5632 5584/5552/5633
f 5545/5542/5595 5544/5541/5594 5584/5552/5633
f 5545/5542/5595 5584/5552/5633 5585/5534/5634
f 5583/5576/5635 5545/5542/5595 5585/5534/5634
f 5565/5560/5615 5545/5542/5595 5583/5576/5635
f 5586/5577/5636 5567/5561/5616 5566/5563/5618
f 5587/5578/5637 5569/5564/5619 5551/5546/5601
f 5551/5546/5601 5570/5565/5620 5587/5578/5637
f 5588/5579/5638 5570/5565/5620 5552/5547/5602
f 5552/5547/5602 5571/5566/5621 5588/5579/5638
f 5590/5580/5639 5591/5581/5640 5556/5550/5605
f 5556/5550/5605 5572/5567/5622 5592/5582/5641
f 5590/5580/5639 5556/5550/5605 5592/5582/5641
f 5589/5583/5642 5590/5580/5639 5592/5582/5641
f 5556/5550/5605 5591/5581/5640 5573/5568/5623
f 5557/5551/5606 5573/5568/5623 5593/5584/5643
f 5593/5584/5643 5574/5569/5624 5557/5551/5606
f 5558/5553/5608 5574/5569/5624 5594/5585/5644
f 5594/5585/5644 5571/5566/5621 5558/5553/5608
f 5575/5571/5626 5559/5554/5609 5595/5586/5645
f 5595/5586/5645 5596/5587/5646 5575/5571/5626
f 5597/5588/5647 5561/5556/5611 5569/5564/5619
f 5561/5556/5611 5597/5588/5647 5562/5557/5612
f 5577/5572/5627 5562/5557/5612 5597/5588/5647
f 5577/5572/5627 5598/5589/5648 5563/5558/5613
f 5578/5573/5628 5563/5558/5613 5598/5589/5648
f 5564/5559/5614 5579/5574/5629 5599/5590/5649
f 5564/5559/5614 5599/5590/5649 5600/5591/5650
f 5600/5591/5650 5580/5567/5630 5564/5559/5614
f 5602/5592/5651 5567/5561/5616 5586/5577/5636
f 5602/5592/5651 5586/5577/5636 5603/5593/5652
f 5601/5594/5653 5602/5592/5651 5603/5593/5652
f 5569/5564/5619 5587/5578/5637 5597/5588/5647
f 5604/5595/5654 5587/5578/5637 5570/5565/5620
f 5570/5565/5620 5588/5579/5638 5604/5595/5654
f 5605/5596/5655 5588/5579/5638 5571/5566/5621
f 5606/5597/5656 5590/5580/5639 5589/5583/5642
f 5574/5569/5624 5593/5584/5643 5607/5598/5657
f 5607/5598/5657 5594/5585/5644 5574/5569/5624
f 5571/5566/5621 5594/5585/5644 5605/5596/5655
f 5596/5587/5646 5595/5586/5645 5608/5599/5658
f 5597/5588/5647 5609/5600/5659 5577/5572/5627
f 5598/5589/5648 5577/5572/5627 5609/5600/5659
f 5598/5589/5648 5610/5601/5660 5578/5573/5628
f 5599/5590/5649 5602/5592/5651 5611/5602/5661
f 5599/5590/5649 5611/5602/5661 5612/5582/5662
f 5600/5591/5650 5599/5590/5649 5612/5582/5662
f 5613/5603/5663 5611/5602/5661 5602/5592/5651
f 5602/5592/5651 5601/5594/5653 5613/5603/5663
f 5609/5600/5659 5597/5588/5647 5587/5578/5637
f 5587/5578/5637 5604/5595/5654 5609/5600/5659
f 5614/5604/5664 5604/5595/5654 5588/5579/5638
f 5588/5579/5638 5605/5596/5655 5614/5604/5664
f 5616/5605/5665 5590/5580/5639 5606/5597/5656
f 5616/5605/5665 5606/5597/5656 5617/5603/5666
f 5615/5606/5667 5616/5605/5665 5617/5603/5666
f 5594/5585/5644 5607/5598/5657 5618/5607/5668
f 5618/5607/5668 5605/5596/5655 5594/5585/5644
f 5595/5586/5645 5616/5605/5665 5619/5608/5669
f 5595/5586/5645 5619/5608/5669 5620/5593/5670
f 5608/5599/5658 5595/5586/5645 5620/5593/5670
f 5609/5600/5659 5621/5609/5671 5598/5589/5648
f 5610/5601/5660 5598/5589/5648 5621/5609/5671
f 5621/5609/5671 5609/5600/5659 5604/5595/5654
f 5604/5595/5654 5614/5604/5664 5621/5609/5671
f 5622/5610/5672 5614/5604/5664 5605/5596/5655
f 5619/5608/5669 5616/5605/5665 5615/5606/5667
f 5605/5596/5655 5618/5607/5668 5622/5610/5672
f 5621/5609/5671 5623/5611/5673 5610/5601/5660
f 5623/5611/5673 5621/5609/5671 5614/5604/5664
f 5614/5604/5664 5622/5610/5672 5623/5611/5673
o Cylinder016
v 700.621460 -5.866431 258.675995
v 707.769287 -5.866431 258.675995
v 705.675781 -1.726197 261.575012
v 700.621460 -0.011258 262.775818
v 695.567139 -1.726196 261.575012
v 693.473633 -5.866431 258.675995
v 695.567139 -10.006662 255.776962
v 700.621460 -11.721606 254.576141
v 705.675781 -10.006662 255.776962
v 704.695129 2.276600 248.167480
v 703.501953 4.636183 249.819687
v 700.621460 5.613548 250.504044
v 697.740967 4.636178 249.819687
v 696.547791 2.276604 248.167480
v 697.740967 -0.082977 246.515289
v 700.621460 -1.060344 245.830933
v 703.501953 -0.082977 246.515289
v 704.695129 5.812241 243.118073
v 703.501953 8.171816 244.770279
v 700.621460 9.149185 245.454636
v 697.740967 8.171812 244.770279
v 696.547791 5.812235 243.118088
v 697.740967 3.452655 241.465881
v 700.621460 2.475286 240.781525
v 703.501953 3.452656 241.465881
v 700.621460 5.812241 243.118073
v 709.037354 1.547935 247.657257
v 707.844238 3.907516 249.309464
v 693.398682 3.907511 249.309464
v 692.205566 1.547929 247.657257
v 709.037354 5.083565 242.607864
v 707.844238 7.443149 244.260056
v 693.398682 7.443142 244.260056
v 692.205566 5.083563 242.607864
vn -0.0000 -0.5736 0.8192
vn 0.9741 0.1211 -0.1911
vn 0.9805 -0.0144 -0.1962
vn 0.5961 0.7237 0.3478
vn 0.6990 0.6750 0.2361
vn -0.0000 0.8687 0.4954
vn -0.0000 0.9091 0.4167
vn -0.5961 0.7237 0.3478
vn -0.6990 0.6750 0.2361
vn -0.9805 -0.0144 -0.1962
vn -0.9741 0.1212 -0.1911
vn -0.7039 -0.4948 -0.5096
vn -0.6783 -0.4164 -0.6054
vn -0.0000 -0.7303 -0.6832
vn -0.0000 -0.6342 -0.7732
vn 0.7039 -0.4948 -0.5096
vn 0.6783 -0.4164 -0.6054
vn 0.9239 0.3135 0.2195
vn 0.3827 0.7568 0.5299
vn -0.0000 0.8192 0.5736
vn -0.3827 0.7568 0.5299
vn -0.9239 0.3135 0.2195
vn -0.9239 -0.3135 -0.2195
vn -0.7071 -0.5792 -0.4056
vn -0.0000 -0.8191 -0.5736
vn 0.7071 -0.5792 -0.4056
vn 0.9239 -0.3135 -0.2195
vn -0.0000 0.5736 -0.8191
vn -0.0000 0.5736 -0.8192
vn -0.2007 -0.8025 -0.5619
vn 0.2007 0.8025 0.5619
vn -0.2007 0.8025 0.5619
vn 0.2007 -0.8025 -0.5619
vt 0.500000 0.000000
vt 0.750000 0.000000
vt 0.875000 0.000000
vt -0.125000 0.000000
vt 0.000000 0.000000
vt 0.125000 0.000000
vt 0.250000 0.000000
vt 0.375000 0.000000
vt 0.625000 0.000000
vt 0.750000 0.500000
vt 0.875000 0.500000
vt -0.125000 0.500000
vt 0.000000 0.500000
vt 0.125000 0.500000
vt 0.250000 0.500000
vt 0.375000 0.500000
vt 0.500000 0.500000
vt 0.625000 0.500000
vt 0.750000 1.000000
vt 0.875000 1.000000
vt -0.125000 1.000000
vt 0.000000 1.000000
vt 0.125000 1.000000
vt 0.250000 1.000000
vt 0.375000 1.000000
vt 0.500000 1.000000
vt 0.625000 1.000000
s 1
f 5624/5612/5674 5625/5613/5674 5626/5614/5674
f 5624/5612/5674 5626/5615/5674 5627/5616/5674
f 5624/5612/5674 5627/5616/5674 5628/5617/5674
f 5624/5612/5674 5628/5617/5674 5629/5618/5674
f 5624/5612/5674 5629/5618/5674 5630/5619/5674
f 5624/5612/5674 5630/5619/5674 5631/5612/5674
f 5624/5612/5674 5631/5612/5674 5632/5620/5674
f 5624/5612/5674 5632/5620/5674 5625/5613/5674
f 5625/5613/5675 5633/5621/5676 5634/5622/5677
f 5625/5613/5675 5634/5622/5677 5626/5614/5678
f 5626/5615/5678 5634/5623/5677 5635/5624/5679
f 5626/5615/5678 5635/5624/5679 5627/5616/5680
f 5627/5616/5680 5635/5624/5679 5636/5625/5681
f 5627/5616/5680 5636/5625/5681 5628/5617/5682
f 5628/5617/5682 5636/5625/5681 5637/5626/5683
f 5628/5617/5682 5637/5626/5683 5629/5618/5684
f 5629/5618/5684 5637/5626/5683 5638/5627/5685
f 5629/5618/5684 5638/5627/5685 5630/5619/5686
f 5630/5619/5686 5638/5627/5685 5639/5628/5687
f 5630/5619/5686 5639/5628/5687 5631/5612/5688
f 5631/5612/5688 5639/5628/5687 5640/5629/5689
f 5631/5612/5688 5640/5629/5689 5632/5620/5690
f 5632/5620/5690 5640/5629/5689 5633/5621/5676
f 5632/5620/5690 5633/5621/5676 5625/5613/5675
f 5650/5621/5691 5654/5630/5691 5655/5631/5691
f 5650/5621/5691 5655/5631/5691 5651/5622/5691
f 5634/5623/5677 5642/5632/5692 5643/5633/5693
f 5634/5623/5677 5643/5633/5693 5635/5624/5679
f 5635/5624/5679 5643/5633/5693 5644/5634/5694
f 5635/5624/5679 5644/5634/5694 5636/5625/5681
f 5652/5625/5695 5656/5634/5695 5657/5635/5695
f 5652/5625/5695 5657/5635/5695 5653/5626/5695
f 5637/5626/5683 5645/5635/5696 5646/5636/5697
f 5637/5626/5683 5646/5636/5697 5638/5627/5685
f 5638/5627/5685 5646/5636/5697 5647/5637/5698
f 5638/5627/5685 5647/5637/5698 5639/5628/5687
f 5639/5628/5687 5647/5637/5698 5648/5638/5699
f 5639/5628/5687 5648/5638/5699 5640/5629/5689
f 5640/5629/5689 5648/5638/5699 5641/5630/5700
f 5640/5629/5689 5641/5630/5700 5633/5621/5676
f 5649/5637/5701 5642/5631/5701 5641/5630/5701
f 5649/5637/5702 5643/5633/5702 5642/5632/5701
f 5649/5637/5702 5644/5634/5702 5643/5633/5702
f 5649/5637/5702 5645/5635/5701 5644/5634/5702
f 5649/5637/5701 5646/5636/5701 5645/5635/5702
f 5649/5637/5701 5647/5637/5701 5646/5636/5701
f 5649/5637/5701 5648/5638/5702 5647/5637/5701
f 5649/5637/5701 5641/5630/5701 5648/5638/5702
s 0
f 5633/5621/5674 5651/5622/5674 5634/5622/5674
f 5651/5622/5674 5633/5621/5674 5650/5621/5674
f 5636/5625/5674 5653/5626/5674 5637/5626/5674
f 5653/5626/5674 5636/5625/5674 5652/5625/5674
f 5642/5631/5702 5654/5630/5702 5641/5630/5702
f 5654/5630/5702 5642/5631/5702 5655/5631/5702
f 5641/5630/5703 5650/5621/5703 5633/5621/5703
f 5650/5621/5703 5641/5630/5703 5654/5630/5703
f 5634/5622/5704 5655/5631/5704 5642/5631/5704
f 5655/5631/5704 5634/5622/5704 5651/5622/5704
f 5644/5634/5705 5652/5625/5705 5636/5625/5705
f 5652/5625/5705 5644/5634/5705 5656/5634/5705
f 5645/5635/5702 5656/5634/5702 5644/5634/5702
f 5656/5634/5702 5645/5635/5702 5657/5635/5702
f 5637/5626/5706 5657/5635/5706 5645/5635/5706
f 5657/5635/5706 5637/5626/5706 5653/5626/5706
o Cylinder011
v -3.952051 -96.591675 269.523987
v -3.952051 -96.591675 264.517822
v -3.952052 -94.879471 264.819733
v -3.952052 -93.373779 265.689026
v -3.952053 -92.256210 267.020905
v -3.952053 -91.661560 268.654663
v -3.952053 -91.661560 270.393280
v -3.952053 -92.256210 272.027069
v -3.952052 -93.373779 273.358917
v -3.952051 -94.879471 274.228241
v -3.952051 -96.591675 274.530151
v -3.952050 -98.303879 274.228241
v -3.952050 -99.809570 273.358917
v -3.952049 -100.927139 272.027069
v -3.952049 -101.521790 270.393280
v -3.952050 -101.521790 268.654663
v -3.952050 -100.927139 267.020905
v -3.952050 -99.809570 265.689026
v -3.952051 -98.303894 264.819733
v -9.247254 -96.591675 264.517822
v -9.247254 -94.879471 264.819733
v -9.247260 -93.373779 265.689026
v -9.247255 -92.256210 267.020905
v -9.247261 -91.661560 268.654663
v -9.247260 -91.661560 270.393280
v -9.247261 -92.256210 272.027069
v -9.247261 -93.373779 273.358917
v -9.247260 -94.879471 274.228241
v -9.247259 -96.591675 274.530151
v -9.247258 -98.303879 274.228241
v -9.247258 -99.809570 273.358917
v -9.247258 -100.927139 272.027069
v -9.247257 -101.521790 270.393280
v -9.247252 -101.521790 268.654663
v -9.247252 -100.927139 267.020905
v -9.247253 -99.809586 265.689026
v -9.247253 -98.303894 264.819733
v -22.882994 -96.591682 263.403809
v -22.882994 -94.498466 263.772919
v -22.882996 -92.657722 264.835663
v -22.882996 -91.291466 266.463898
v -22.882996 -90.564507 268.461212
v -22.882996 -90.564507 270.586731
v -22.882996 -91.291466 272.584045
v -22.882994 -92.657722 274.212280
v -22.882994 -94.498466 275.275055
v -22.882994 -96.591682 275.644135
v -22.882992 -98.684898 275.275055
v -22.882992 -100.525642 274.212280
v -22.882992 -101.891899 272.584045
v -22.882992 -102.618858 270.586731
v -22.882992 -102.618874 268.461212
v -22.882992 -101.891899 266.463898
v -22.882992 -100.525642 264.835663
v -22.882994 -98.684914 263.772919
v -25.464825 -96.591682 263.403809
v -25.464825 -94.498466 263.772919
v -25.464827 -92.657722 264.835663
v -25.464827 -91.291466 266.463898
v -25.464827 -90.564491 268.461212
v -25.464827 -90.564507 270.586731
v -25.464827 -91.291466 272.584045
v -25.464825 -92.657722 274.212280
v -25.464825 -94.498466 275.275055
v -25.464825 -96.591682 275.644135
v -25.464823 -98.684898 275.275055
v -25.464823 -100.525642 274.212280
v -25.464823 -101.891899 272.584045
v -25.464823 -102.618858 270.586731
v -25.464823 -102.618874 268.461212
v -25.464823 -101.891899 266.463898
v -25.464823 -100.525658 264.835663
v -25.464825 -98.684898 263.772919
v -28.721798 -96.591682 266.686523
v -28.721798 -95.621223 266.857666
v -28.721798 -94.767815 267.350372
v -28.721798 -94.134392 268.105255
v -28.721798 -93.797356 269.031250
v -28.721798 -93.797356 270.016693
v -28.721798 -94.134392 270.942688
v -28.721798 -94.767815 271.697571
v -28.721798 -95.621223 272.190308
v -28.721798 -96.591682 272.361420
v -28.721798 -97.562141 272.190308
v -28.721796 -98.415550 271.697571
v -28.721796 -99.048973 270.942688
v -28.721796 -99.386009 270.016693
v -28.721796 -99.386024 269.031250
v -28.721796 -99.048973 268.105255
v -28.721798 -98.415550 267.350372
v -28.721798 -97.562141 266.857666
v -31.723057 -96.591682 266.686523
v -31.723057 -95.621223 266.857666
v -31.723057 -94.767815 267.350372
v -31.723057 -94.134392 268.105255
v -31.723057 -93.797356 269.031250
v -31.723057 -93.797356 270.016693
v -31.723057 -94.134392 270.942688
v -31.723057 -94.767815 271.697571
v -31.723057 -95.621223 272.190308
v -31.723057 -96.591682 272.361420
v -31.723057 -97.562141 272.190308
v -31.723057 -98.415550 271.697571
v -31.723057 -99.048973 270.942688
v -31.723057 -99.386009 270.016693
v -31.723057 -99.386024 269.031250
v -31.723057 -99.048973 268.105255
v -31.723057 -98.415550 267.350372
v -31.723057 -97.562141 266.857666
v -31.723057 -96.591682 269.523987
vn 1.0000 -0.0000 -0.0000
vn -0.0000 -0.0000 -1.0000
vn 0.0409 -0.0000 -0.9992
vn 0.0409 0.3417 -0.9389
vn -0.0000 0.3420 -0.9397
vn 0.0409 0.6422 -0.7654
vn -0.0000 0.6428 -0.7661
vn 0.0409 0.8653 -0.4996
vn -0.0000 0.8660 -0.5000
vn 0.0409 0.9840 -0.1735
vn -0.0000 0.9848 -0.1737
vn 0.0409 0.9840 0.1735
vn -0.0000 0.9848 0.1736
vn 0.0409 0.8653 0.4996
vn -0.0000 0.8660 0.5000
vn 0.0409 0.6422 0.7654
vn -0.0000 0.6428 0.7660
vn 0.0409 0.3417 0.9389
vn -0.0000 0.3420 0.9397
vn 0.0409 -0.0000 0.9992
vn -0.0000 -0.0000 1.0000
vn 0.0409 -0.3417 0.9389
vn -0.0000 -0.3420 0.9397
vn 0.0409 -0.6423 0.7654
vn -0.0000 -0.6428 0.7660
vn 0.0409 -0.8653 0.4996
vn -0.0000 -0.8660 0.5000
vn 0.0409 -0.9840 0.1735
vn -0.0000 -0.9848 0.1737
vn 0.0409 -0.9840 -0.1735
vn -0.0000 -0.9848 -0.1736
vn 0.0409 -0.8653 -0.4996
vn -0.0000 -0.8660 -0.5000
vn 0.0409 -0.6422 -0.7654
vn -0.0000 -0.6428 -0.7660
vn 0.0409 -0.3417 -0.9389
vn -0.0000 -0.3420 -0.9397
vn 0.0406 -0.0000 -0.9992
vn 0.0406 0.3417 -0.9389
vn 0.0406 0.6423 -0.7654
vn 0.0406 0.8653 -0.4996
vn 0.0406 0.9840 -0.1735
vn 0.0406 0.9840 0.1735
vn 0.0406 0.8653 0.4996
vn 0.0406 0.6423 0.7654
vn 0.0406 0.3417 0.9389
vn 0.0406 -0.0000 0.9992
vn 0.0406 -0.3417 0.9389
vn 0.0406 -0.6423 0.7654
vn 0.0406 -0.8653 0.4996
vn 0.0406 -0.9840 0.1735
vn 0.0406 -0.9840 -0.1735
vn 0.0406 -0.8653 -0.4996
vn 0.0406 -0.6423 -0.7654
vn 0.0406 -0.3417 -0.9389
vn -0.3702 -0.0000 -0.9290
vn -0.3702 0.3177 -0.8729
vn -0.3702 0.5971 -0.7116
vn -0.3702 0.8045 -0.4645
vn -0.3702 0.9148 -0.1613
vn -0.3702 0.9148 0.1613
vn -0.3702 0.8045 0.4645
vn -0.3702 0.5971 0.7116
vn -0.3702 0.3177 0.8729
vn -0.3702 -0.0000 0.9290
vn -0.3702 -0.3177 0.8729
vn -0.3702 -0.5971 0.7116
vn -0.3702 -0.8045 0.4645
vn -0.3702 -0.9148 0.1613
vn -0.3702 -0.9149 -0.1613
vn -0.3702 -0.8045 -0.4645
vn -0.3702 -0.5971 -0.7116
vn -0.3702 -0.3177 -0.8729
vn -0.4005 -0.0000 -0.9163
vn -0.4005 0.3134 -0.8610
vn -0.4005 0.5890 -0.7019
vn -0.4005 0.7935 -0.4582
vn -0.4005 0.9024 -0.1591
vn -0.4005 0.9024 0.1591
vn -0.4005 0.7936 0.4582
vn -0.4005 0.5890 0.7019
vn -0.4005 0.3134 0.8610
vn -0.4005 -0.0000 0.9163
vn -0.4005 -0.3134 0.8611
vn -0.4005 -0.5890 0.7019
vn -0.4005 -0.7935 0.4582
vn -0.4005 -0.9024 0.1591
vn -0.4005 -0.9024 -0.1591
vn -0.4005 -0.7935 -0.4582
vn -0.4005 -0.5890 -0.7019
vn -0.4005 -0.3134 -0.8611
vn -0.0000 0.9848 -0.1736
vn -0.0000 0.9848 0.1737
vn -0.0000 -0.9848 0.1736
vn -0.0000 -0.9848 -0.1737
vn -1.0000 -0.0000 -0.0000
vt 0.234220 0.767646
vt 0.243812 0.767646
vt 0.243233 0.763726
vt 0.241567 0.760278
vt 0.239016 0.757719
vt 0.235885 0.756358
vt 0.232554 0.756358
vt 0.229424 0.757719
vt 0.226872 0.760278
vt 0.225206 0.763726
vt 0.224628 0.767646
vt 0.225206 0.771567
vt 0.226872 0.775014
vt 0.229424 0.777573
vt 0.232554 0.778935
vt 0.235885 0.778935
vt 0.239016 0.777573
vt 0.241567 0.775014
vt 0.243233 0.771567
vt 0.245946 0.767646
vt 0.245239 0.762854
vt 0.243203 0.758639
vt 0.240083 0.755510
vt 0.236256 0.753846
vt 0.232183 0.753846
vt 0.228356 0.755510
vt 0.225237 0.758639
vt 0.223200 0.762854
vt 0.222493 0.767646
vt 0.223200 0.772439
vt 0.225237 0.776654
vt 0.228356 0.779782
vt 0.232183 0.781447
vt 0.236256 0.781447
vt 0.240083 0.779782
vt 0.243203 0.776654
vt 0.245239 0.772439
vt 0.239656 0.767646
vt 0.239328 0.765424
vt 0.238384 0.763470
vt 0.236938 0.762020
vt 0.235164 0.761248
vt 0.233276 0.761248
vt 0.231501 0.762020
vt 0.230055 0.763470
vt 0.229111 0.765424
vt 0.228783 0.767646
vt 0.229111 0.769868
vt 0.230055 0.771822
vt 0.231501 0.773273
vt 0.233276 0.774044
vt 0.235164 0.774044
vt 0.236938 0.773273
vt 0.238384 0.771822
vt 0.239328 0.769868
s 1
usemtl Material_#25
f 5658/5639/5707 5659/5640/5707 5660/5641/5707
f 5658/5639/5707 5660/5641/5707 5661/5642/5707
f 5658/5639/5707 5661/5642/5707 5662/5643/5707
f 5658/5639/5707 5662/5643/5707 5663/5644/5707
f 5658/5639/5707 5663/5644/5707 5664/5645/5707
f 5658/5639/5707 5664/5645/5707 5665/5646/5707
f 5658/5639/5707 5665/5646/5707 5666/5647/5707
f 5658/5639/5707 5666/5647/5707 5667/5648/5707
f 5658/5639/5707 5667/5648/5707 5668/5649/5707
f 5658/5639/5707 5668/5649/5707 5669/5650/5707
f 5658/5639/5707 5669/5650/5707 5670/5651/5707
f 5658/5639/5707 5670/5651/5707 5671/5652/5707
f 5658/5639/5707 5671/5652/5707 5672/5653/5707
f 5658/5639/5707 5672/5653/5707 5673/5654/5707
f 5658/5639/5707 5673/5654/5707 5674/5655/5707
f 5658/5639/5707 5674/5655/5707 5675/5656/5707
f 5658/5639/5707 5675/5656/5707 5676/5657/5707
f 5658/5639/5707 5676/5657/5707 5659/5640/5707
f 5659/5640/5708 5677/5640/5709 5678/5641/5710
f 5659/5640/5708 5678/5641/5710 5660/5641/5711
f 5660/5641/5711 5678/5641/5710 5679/5642/5712
f 5660/5641/5711 5679/5642/5712 5661/5642/5713
f 5661/5642/5713 5679/5642/5712 5680/5643/5714
f 5661/5642/5713 5680/5643/5714 5662/5643/5715
f 5662/5643/5715 5680/5643/5714 5681/5644/5716
f 5662/5643/5715 5681/5644/5716 5663/5644/5717
f 5663/5644/5717 5681/5644/5716 5682/5645/5718
f 5663/5644/5717 5682/5645/5718 5664/5645/5719
f 5664/5645/5719 5682/5645/5718 5683/5646/5720
f 5664/5645/5719 5683/5646/5720 5665/5646/5721
f 5665/5646/5721 5683/5646/5720 5684/5647/5722
f 5665/5646/5721 5684/5647/5722 5666/5647/5723
f 5666/5647/5723 5684/5647/5722 5685/5648/5724
f 5666/5647/5723 5685/5648/5724 5667/5648/5725
f 5667/5648/5725 5685/5648/5724 5686/5649/5726
f 5667/5648/5725 5686/5649/5726 5668/5649/5727
f 5668/5649/5727 5686/5649/5726 5687/5650/5728
f 5668/5649/5727 5687/5650/5728 5669/5650/5729
f 5669/5650/5729 5687/5650/5728 5688/5651/5730
f 5669/5650/5729 5688/5651/5730 5670/5651/5731
f 5670/5651/5731 5688/5651/5730 5689/5652/5732
f 5670/5651/5731 5689/5652/5732 5671/5652/5733
f 5671/5652/5733 5689/5652/5732 5690/5653/5734
f 5671/5652/5733 5690/5653/5734 5672/5653/5735
f 5672/5653/5735 5690/5653/5734 5691/5654/5736
f 5672/5653/5735 5691/5654/5736 5673/5654/5737
f 5673/5654/5737 5691/5654/5736 5692/5655/5738
f 5673/5654/5737 5692/5655/5738 5674/5655/5739
f 5674/5655/5739 5692/5655/5738 5693/5656/5740
f 5674/5655/5739 5693/5656/5740 5675/5656/5741
f 5675/5656/5741 5693/5656/5740 5694/5657/5742
f 5675/5656/5741 5694/5657/5742 5676/5657/5743
f 5676/5657/5743 5694/5657/5742 5677/5640/5709
f 5676/5657/5743 5677/5640/5709 5659/5640/5708
f 5677/5640/5709 5695/5658/5744 5696/5659/5745
f 5677/5640/5709 5696/5659/5745 5678/5641/5710
f 5678/5641/5710 5696/5659/5745 5697/5660/5746
f 5678/5641/5710 5697/5660/5746 5679/5642/5712
f 5679/5642/5712 5697/5660/5746 5698/5661/5747
f 5679/5642/5712 5698/5661/5747 5680/5643/5714
f 5680/5643/5714 5698/5661/5747 5699/5662/5748
f 5680/5643/5714 5699/5662/5748 5681/5644/5716
f 5681/5644/5716 5699/5662/5748 5700/5663/5749
f 5681/5644/5716 5700/5663/5749 5682/5645/5718
f 5682/5645/5718 5700/5663/5749 5701/5664/5750
f 5682/5645/5718 5701/5664/5750 5683/5646/5720
f 5683/5646/5720 5701/5664/5750 5702/5665/5751
f 5683/5646/5720 5702/5665/5751 5684/5647/5722
f 5684/5647/5722 5702/5665/5751 5703/5666/5752
f 5684/5647/5722 5703/5666/5752 5685/5648/5724
f 5685/5648/5724 5703/5666/5752 5704/5667/5753
f 5685/5648/5724 5704/5667/5753 5686/5649/5726
f 5686/5649/5726 5704/5667/5753 5705/5668/5754
f 5686/5649/5726 5705/5668/5754 5687/5650/5728
f 5687/5650/5728 5705/5668/5754 5706/5669/5755
f 5687/5650/5728 5706/5669/5755 5688/5651/5730
f 5688/5651/5730 5706/5669/5755 5707/5670/5756
f 5688/5651/5730 5707/5670/5756 5689/5652/5732
f 5689/5652/5732 5707/5670/5756 5708/5671/5757
f 5689/5652/5732 5708/5671/5757 5690/5653/5734
f 5690/5653/5734 5708/5671/5757 5709/5672/5758
f 5690/5653/5734 5709/5672/5758 5691/5654/5736
f 5691/5654/5736 5709/5672/5758 5710/5673/5759
f 5691/5654/5736 5710/5673/5759 5692/5655/5738
f 5692/5655/5738 5710/5673/5759 5711/5674/5760
f 5692/5655/5738 5711/5674/5760 5693/5656/5740
f 5693/5656/5740 5711/5674/5760 5712/5675/5761
f 5693/5656/5740 5712/5675/5761 5694/5657/5742
f 5694/5657/5742 5712/5675/5761 5695/5658/5744
f 5694/5657/5742 5695/5658/5744 5677/5640/5709
f 5695/5658/5744 5713/5658/5762 5714/5659/5763
f 5695/5658/5744 5714/5659/5763 5696/5659/5745
f 5696/5659/5745 5714/5659/5763 5715/5660/5764
f 5696/5659/5745 5715/5660/5764 5697/5660/5746
f 5697/5660/5746 5715/5660/5764 5716/5661/5765
f 5697/5660/5746 5716/5661/5765 5698/5661/5747
f 5698/5661/5747 5716/5661/5765 5717/5662/5766
f 5698/5661/5747 5717/5662/5766 5699/5662/5748
f 5699/5662/5748 5717/5662/5766 5718/5663/5767
f 5699/5662/5748 5718/5663/5767 5700/5663/5749
f 5700/5663/5749 5718/5663/5767 5719/5664/5768
f 5700/5663/5749 5719/5664/5768 5701/5664/5750
f 5701/5664/5750 5719/5664/5768 5720/5665/5769
f 5701/5664/5750 5720/5665/5769 5702/5665/5751
f 5702/5665/5751 5720/5665/5769 5721/5666/5770
f 5702/5665/5751 5721/5666/5770 5703/5666/5752
f 5703/5666/5752 5721/5666/5770 5722/5667/5771
f 5703/5666/5752 5722/5667/5771 5704/5667/5753
f 5704/5667/5753 5722/5667/5771 5723/5668/5772
f 5704/5667/5753 5723/5668/5772 5705/5668/5754
f 5705/5668/5754 5723/5668/5772 5724/5669/5773
f 5705/5668/5754 5724/5669/5773 5706/5669/5755
f 5706/5669/5755 5724/5669/5773 5725/5670/5774
f 5706/5669/5755 5725/5670/5774 5707/5670/5756
f 5707/5670/5756 5725/5670/5774 5726/5671/5775
f 5707/5670/5756 5726/5671/5775 5708/5671/5757
f 5708/5671/5757 5726/5671/5775 5727/5672/5776
f 5708/5671/5757 5727/5672/5776 5709/5672/5758
f 5709/5672/5758 5727/5672/5776 5728/5673/5777
f 5709/5672/5758 5728/5673/5777 5710/5673/5759
f 5710/5673/5759 5728/5673/5777 5729/5674/5778
f 5710/5673/5759 5729/5674/5778 5711/5674/5760
f 5711/5674/5760 5729/5674/5778 5730/5675/5779
f 5711/5674/5760 5730/5675/5779 5712/5675/5761
f 5712/5675/5761 5730/5675/5779 5713/5658/5762
f 5712/5675/5761 5713/5658/5762 5695/5658/5744
f 5713/5658/5762 5731/5676/5780 5732/5677/5781
f 5713/5658/5762 5732/5677/5781 5714/5659/5763
f 5714/5659/5763 5732/5677/5781 5733/5678/5782
f 5714/5659/5763 5733/5678/5782 5715/5660/5764
f 5715/5660/5764 5733/5678/5782 5734/5679/5783
f 5715/5660/5764 5734/5679/5783 5716/5661/5765
f 5716/5661/5765 5734/5679/5783 5735/5680/5784
f 5716/5661/5765 5735/5680/5784 5717/5662/5766
f 5717/5662/5766 5735/5680/5784 5736/5681/5785
f 5717/5662/5766 5736/5681/5785 5718/5663/5767
f 5718/5663/5767 5736/5681/5785 5737/5682/5786
f 5718/5663/5767 5737/5682/5786 5719/5664/5768
f 5719/5664/5768 5737/5682/5786 5738/5683/5787
f 5719/5664/5768 5738/5683/5787 5720/5665/5769
f 5720/5665/5769 5738/5683/5787 5739/5684/5788
f 5720/5665/5769 5739/5684/5788 5721/5666/5770
f 5721/5666/5770 5739/5684/5788 5740/5685/5789
f 5721/5666/5770 5740/5685/5789 5722/5667/5771
f 5722/5667/5771 5740/5685/5789 5741/5686/5790
f 5722/5667/5771 5741/5686/5790 5723/5668/5772
f 5723/5668/5772 5741/5686/5790 5742/5687/5791
f 5723/5668/5772 5742/5687/5791 5724/5669/5773
f 5724/5669/5773 5742/5687/5791 5743/5688/5792
f 5724/5669/5773 5743/5688/5792 5725/5670/5774
f 5725/5670/5774 5743/5688/5792 5744/5689/5793
f 5725/5670/5774 5744/5689/5793 5726/5671/5775
f 5726/5671/5775 5744/5689/5793 5745/5690/5794
f 5726/5671/5775 5745/5690/5794 5727/5672/5776
f 5727/5672/5776 5745/5690/5794 5746/5691/5795
f 5727/5672/5776 5746/5691/5795 5728/5673/5777
f 5728/5673/5777 5746/5691/5795 5747/5692/5796
f 5728/5673/5777 5747/5692/5796 5729/5674/5778
f 5729/5674/5778 5747/5692/5796 5748/5693/5797
f 5729/5674/5778 5748/5693/5797 5730/5675/5779
f 5730/5675/5779 5748/5693/5797 5731/5676/5780
f 5730/5675/5779 5731/5676/5780 5713/5658/5762
f 5731/5676/5780 5749/5676/5708 5750/5677/5711
f 5731/5676/5780 5750/5677/5711 5732/5677/5781
f 5732/5677/5781 5750/5677/5711 5751/5678/5713
f 5732/5677/5781 5751/5678/5713 5733/5678/5782
f 5733/5678/5782 5751/5678/5713 5752/5679/5715
f 5733/5678/5782 5752/5679/5715 5734/5679/5783
f 5734/5679/5783 5752/5679/5715 5753/5680/5798
f 5734/5679/5783 5753/5680/5798 5735/5680/5784
f 5735/5680/5784 5753/5680/5798 5754/5681/5799
f 5735/5680/5784 5754/5681/5799 5736/5681/5785
f 5736/5681/5785 5754/5681/5799 5755/5682/5721
f 5736/5681/5785 5755/5682/5721 5737/5682/5786
f 5737/5682/5786 5755/5682/5721 5756/5683/5723
f 5737/5682/5786 5756/5683/5723 5738/5683/5787
f 5738/5683/5787 5756/5683/5723 5757/5684/5725
f 5738/5683/5787 5757/5684/5725 5739/5684/5788
f 5739/5684/5788 5757/5684/5725 5758/5685/5727
f 5739/5684/5788 5758/5685/5727 5740/5685/5789
f 5740/5685/5789 5758/5685/5727 5759/5686/5729
f 5740/5685/5789 5759/5686/5729 5741/5686/5790
f 5741/5686/5790 5759/5686/5729 5760/5687/5731
f 5741/5686/5790 5760/5687/5731 5742/5687/5791
f 5742/5687/5791 5760/5687/5731 5761/5688/5733
f 5742/5687/5791 5761/5688/5733 5743/5688/5792
f 5743/5688/5792 5761/5688/5733 5762/5689/5800
f 5743/5688/5792 5762/5689/5800 5744/5689/5793
f 5744/5689/5793 5762/5689/5800 5763/5690/5801
f 5744/5689/5793 5763/5690/5801 5745/5690/5794
f 5745/5690/5794 5763/5690/5801 5764/5691/5739
f 5745/5690/5794 5764/5691/5739 5746/5691/5795
f 5746/5691/5795 5764/5691/5739 5765/5692/5741
f 5746/5691/5795 5765/5692/5741 5747/5692/5796
f 5747/5692/5796 5765/5692/5741 5766/5693/5743
f 5747/5692/5796 5766/5693/5743 5748/5693/5797
f 5748/5693/5797 5766/5693/5743 5749/5676/5708
f 5748/5693/5797 5749/5676/5708 5731/5676/5780
f 5767/5639/5802 5750/5677/5802 5749/5676/5802
f 5767/5639/5802 5751/5678/5802 5750/5677/5802
f 5767/5639/5802 5752/5679/5802 5751/5678/5802
f 5767/5639/5802 5753/5680/5802 5752/5679/5802
f 5767/5639/5802 5754/5681/5802 5753/5680/5802
f 5767/5639/5802 5755/5682/5802 5754/5681/5802
f 5767/5639/5802 5756/5683/5802 5755/5682/5802
f 5767/5639/5802 5757/5684/5802 5756/5683/5802
f 5767/5639/5802 5758/5685/5802 5757/5684/5802
f 5767/5639/5802 5759/5686/5802 5758/5685/5802
f 5767/5639/5802 5760/5687/5802 5759/5686/5802
f 5767/5639/5802 5761/5688/5802 5760/5687/5802
f 5767/5639/5802 5762/5689/5802 5761/5688/5802
f 5767/5639/5802 5763/5690/5802 5762/5689/5802
f 5767/5639/5802 5764/5691/5802 5763/5690/5802
f 5767/5639/5802 5765/5692/5802 5764/5691/5802
f 5767/5639/5802 5766/5693/5802 5765/5692/5802
f 5767/5639/5802 5749/5676/5802 5766/5693/5802
